packet_id,timestamp_ms,delivered_ms,src,dst,protocol,size_bytes,seq,session_id,ttl,integrity_ok,auth_ok,auth_failure,dropped_reason,true_src,label,attack_id
9,17,20.0,D3,D1,auth_request,152,3,,8,,True,,,D3,benign,
10,29,32.0,D2,D1,auth_request,152,2,,8,,True,,,D2,benign,
16,35,37.0,D1,D3,rl_broadcast,32,3,,8,,,,,D1,benign,
16,35,37.0,D1,D4,rl_broadcast,32,3,,8,,,,,D1,benign,
16,35,37.0,D1,D8,rl_broadcast,32,3,,8,,,,,D1,benign,
16,35,37.0,D1,D9,rl_broadcast,32,3,,8,,,,,D1,benign,
15,35,38.0,D1,D3,auth_response,152,2,,8,,True,,,D1,benign,
16,35,38.0,D1,D2,rl_broadcast,32,3,,8,,,,,D1,benign,
16,35,38.0,D1,D6,rl_broadcast,32,3,,8,,,,,D1,benign,
16,35,38.0,D1,D7,rl_broadcast,32,3,,8,,,,,D1,benign,
16,35,38.0,D1,D10,rl_broadcast,32,3,,8,,,,,D1,benign,
4,38,42.0,D3,D1,telemetry,100,2,0cbace0af2b46d66,8,True,,,,D3,benign,
18,47,49.0,D1,D2,rl_broadcast,32,5,,8,,,,,D1,benign,
18,47,49.0,D1,D3,rl_broadcast,32,5,,8,,,,,D1,benign,
18,47,49.0,D1,D4,rl_broadcast,32,5,,8,,,,,D1,benign,
18,47,49.0,D1,D7,rl_broadcast,32,5,,8,,,,,D1,benign,
18,47,49.0,D1,D10,rl_broadcast,32,5,,8,,,,,D1,benign,
17,47,50.0,D1,D2,auth_response,152,4,,8,,True,,,D1,benign,
18,47,50.0,D1,D6,rl_broadcast,32,5,,8,,,,,D1,benign,
18,47,50.0,D1,D8,rl_broadcast,32,5,,8,,,,,D1,benign,
18,47,50.0,D1,D9,rl_broadcast,32,5,,8,,,,,D1,benign,
2,50,53.0,D2,D1,telemetry,116,1,7aae7a6717b3474d,8,True,,,,D2,benign,
11,52,55.0,D10,D1,auth_request,152,2,,8,,True,,,D10,benign,
20,70,72.0,D1,D9,rl_broadcast,32,7,,8,,,,,D1,benign,
20,70,72.0,D1,D10,rl_broadcast,32,7,,8,,,,,D1,benign,
19,70,73.0,D1,D10,auth_response,152,6,,8,,True,,,D1,benign,
20,70,73.0,D1,D2,rl_broadcast,32,7,,8,,,,,D1,benign,
20,70,73.0,D1,D4,rl_broadcast,32,7,,8,,,,,D1,benign,
20,70,73.0,D1,D6,rl_broadcast,32,7,,8,,,,,D1,benign,
20,70,73.0,D1,D7,rl_broadcast,32,7,,8,,,,,D1,benign,
20,70,73.0,D1,D8,rl_broadcast,32,7,,8,,,,,D1,benign,
20,70,75.0,D1,D3,rl_broadcast,32,7,,8,,,,,D1,benign,
8,73,75.0,D10,D1,telemetry,120,1,a2705d9e0eeb48ee,8,True,,,,D10,benign,
1,97,99.0,D1,D2,heartbeat,41,1,,8,,,,,D1,benign,
1,97,99.0,D1,D8,heartbeat,41,1,,8,,,,,D1,benign,
1,97,99.0,D1,D9,heartbeat,41,1,,8,,,,,D1,benign,
1,97,99.0,D1,D10,heartbeat,41,1,,8,,,,,D1,benign,
1,97,100.0,D1,D3,heartbeat,41,1,,8,,,,,D1,benign,
1,97,100.0,D1,D4,heartbeat,41,1,,8,,,,,D1,benign,
1,97,100.0,D1,D6,heartbeat,41,1,,8,,,,,D1,benign,
1,97,100.0,D1,D7,heartbeat,41,1,,8,,,,,D1,benign,
3,98,100.0,D3,D2,heartbeat,33,1,,8,,,,,D3,benign,
12,99,101.0,D4,D1,auth_request,152,2,,8,,True,,,D4,benign,
3,98,101.0,D3,D1,heartbeat,33,1,,8,,,,,D3,benign,
3,98,101.0,D3,D4,heartbeat,33,1,,8,,,,,D3,benign,
3,98,101.0,D3,D5,heartbeat,33,1,,8,,,,,D3,benign,
3,98,101.0,D3,D6,heartbeat,33,1,,8,,,,,D3,benign,
3,98,101.0,D3,D7,heartbeat,33,1,,8,,,,,D3,benign,
3,98,101.0,D3,D8,heartbeat,33,1,,8,,,,,D3,benign,
3,98,101.0,D3,D9,heartbeat,33,1,,8,,,,,D3,benign,
3,98,101.0,D3,D10,heartbeat,33,1,,8,,,,,D3,benign,
13,100,103.0,D8,D1,auth_request,152,2,,8,,True,,,D8,benign,
14,112,114.0,D6,D1,auth_request,152,2,,8,,True,,,D6,benign,
28,116,118.0,D1,D4,auth_response,152,8,,8,,True,,,D1,benign,
29,116,118.0,D1,D2,rl_broadcast,32,9,,8,,,,,D1,benign,
29,116,118.0,D1,D3,rl_broadcast,32,9,,8,,,,,D1,benign,
29,116,118.0,D1,D4,rl_broadcast,32,9,,8,,,,,D1,benign,
29,116,118.0,D1,D10,rl_broadcast,32,9,,8,,,,,D1,benign,
29,116,119.0,D1,D7,rl_broadcast,32,9,,8,,,,,D1,benign,
29,116,119.0,D1,D8,rl_broadcast,32,9,,8,,,,,D1,benign,
29,116,119.0,D1,D9,rl_broadcast,32,9,,8,,,,,D1,benign,
29,116,120.0,D1,D6,rl_broadcast,32,9,,8,,,,,D1,benign,
31,118,120.0,D1,D2,rl_broadcast,32,11,,8,,,,,D1,benign,
31,118,120.0,D1,D4,rl_broadcast,32,11,,8,,,,,D1,benign,
31,118,120.0,D1,D7,rl_broadcast,32,11,,8,,,,,D1,benign,
31,118,120.0,D1,D8,rl_broadcast,32,11,,8,,,,,D1,benign,
31,118,120.0,D1,D10,rl_broadcast,32,11,,8,,,,,D1,benign,
30,118,121.0,D1,D8,auth_response,152,10,,8,,True,,,D1,benign,
31,118,121.0,D1,D3,rl_broadcast,32,11,,8,,,,,D1,benign,
31,118,121.0,D1,D9,rl_broadcast,32,11,,8,,,,,D1,benign,
5,118,121.0,D4,D1,telemetry,112,1,1d9cc43ff067d377,8,True,,,,D4,benign,
31,118,123.0,D1,D6,rl_broadcast,32,11,,8,,,,,D1,benign,
7,121,123.0,D8,D1,telemetry,105,1,cfefd62ad48a30c7,8,True,,,,D8,benign,
33,129,131.0,D1,D3,rl_broadcast,32,13,,8,,,,,D1,benign,
33,129,131.0,D1,D4,rl_broadcast,32,13,,8,,,,,D1,benign,
33,129,131.0,D1,D6,rl_broadcast,32,13,,8,,,,,D1,benign,
33,129,131.0,D1,D7,rl_broadcast,32,13,,8,,,,,D1,benign,
33,129,131.0,D1,D10,rl_broadcast,32,13,,8,,,,,D1,benign,
32,129,132.0,D1,D6,auth_response,152,12,,8,,True,,,D1,benign,
33,129,132.0,D1,D2,rl_broadcast,32,13,,8,,,,,D1,benign,
33,129,132.0,D1,D9,rl_broadcast,32,13,,8,,,,,D1,benign,
33,129,133.0,D1,D8,rl_broadcast,32,13,,8,,,,,D1,benign,
6,132,134.0,D6,D1,telemetry,112,1,6bb52aad6e625485,8,True,,,,D6,benign,
26,149,151.0,D9,D1,auth_request,152,2,,8,,True,,,D9,benign,
21,155,157.0,D2,D5,heartbeat,43,3,,8,,,,,D2,benign,
21,155,157.0,D2,D7,heartbeat,43,3,,8,,,,,D2,benign,
21,155,157.0,D2,D8,heartbeat,43,3,,8,,,,,D2,benign,
21,155,158.0,D2,D1,heartbeat,43,3,,8,,,,,D2,benign,
21,155,158.0,D2,D3,heartbeat,43,3,,8,,,,,D2,benign,
21,155,158.0,D2,D4,heartbeat,43,3,,8,,,,,D2,benign,
21,155,158.0,D2,D6,heartbeat,43,3,,8,,,,,D2,benign,
21,155,158.0,D2,D9,heartbeat,43,3,,8,,,,,D2,benign,
21,155,158.0,D2,D10,heartbeat,43,3,,8,,,,,D2,benign,
35,166,168.0,D1,D3,rl_broadcast,32,15,,8,,,,,D1,benign,
35,166,168.0,D1,D4,rl_broadcast,32,15,,8,,,,,D1,benign,
35,166,168.0,D1,D6,rl_broadcast,32,15,,8,,,,,D1,benign,
35,166,168.0,D1,D7,rl_broadcast,32,15,,8,,,,,D1,benign,
35,166,168.0,D1,D9,rl_broadcast,32,15,,8,,,,,D1,benign,
34,166,169.0,D1,D9,auth_response,152,14,,8,,True,,,D1,benign,
35,166,169.0,D1,D2,rl_broadcast,32,15,,8,,,,,D1,benign,
35,166,169.0,D1,D8,rl_broadcast,32,15,,8,,,,,D1,benign,
35,166,169.0,D1,D10,rl_broadcast,32,15,,8,,,,,D1,benign,
25,169,172.0,D9,D1,telemetry,113,1,3703b933b94a2421,8,True,,,,D9,benign,
27,173,175.0,D7,D1,auth_request,152,2,,8,,True,,,D7,benign,
22,186,189.0,D2,D1,telemetry,116,4,7aae7a6717b3474d,8,True,,,,D2,benign,
23,190,192.0,D3,D1,telemetry,112,4,0cbace0af2b46d66,8,True,,,,D3,benign,
37,190,192.0,D1,D2,rl_broadcast,32,17,,8,,,,,D1,benign,
37,190,192.0,D1,D4,rl_broadcast,32,17,,8,,,,,D1,benign,
37,190,192.0,D1,D7,rl_broadcast,32,17,,8,,,,,D1,benign,
37,190,192.0,D1,D8,rl_broadcast,32,17,,8,,,,,D1,benign,
36,190,193.0,D1,D7,auth_response,152,16,,8,,True,,,D1,benign,
37,190,193.0,D1,D3,rl_broadcast,32,17,,8,,,,,D1,benign,
37,190,193.0,D1,D9,rl_broadcast,32,17,,8,,,,,D1,benign,
37,190,193.0,D1,D10,rl_broadcast,32,17,,8,,,,,D1,benign,
37,190,194.0,D1,D6,rl_broadcast,32,17,,8,,,,,D1,benign,
24,193,195.0,D7,D1,telemetry,125,1,c65fcf7bebefb46f,8,True,,,,D7,benign,
42,216,,D5,D3,auth_request,152,2,,8,,,,channel_loss,D5,benign,
41,209,212.0,D10,D1,telemetry,130,3,a2705d9e0eeb48ee,8,True,,,,D10,benign,
40,270,273.0,D8,D1,telemetry,101,3,cfefd62ad48a30c7,8,True,,,,D8,benign,
38,274,277.0,D4,D1,telemetry,119,3,1d9cc43ff067d377,8,True,,,,D4,benign,
49,325,,D9,D1,telemetry,121,3,3703b933b94a2421,8,,,,channel_loss,D9,benign,
46,326,328.0,D7,D1,telemetry,141,3,c65fcf7bebefb46f,8,True,,,,D7,benign,
45,329,331.0,D6,D1,telemetry,105,3,6bb52aad6e625485,8,True,,,,D6,benign,
47,369,372.0,D7,D1,video,1120,4,c65fcf7bebefb46f,8,True,,,,D7,benign,
43,371,373.0,D2,D1,telemetry,121,5,7aae7a6717b3474d,8,True,,,,D2,benign,
44,372,375.0,D3,D1,telemetry,119,5,0cbace0af2b46d66,8,True,,,,D3,benign,
50,385,389.0,D10,D1,telemetry,118,4,a2705d9e0eeb48ee,8,True,,,,D10,benign,
48,388,392.0,D7,D1,video,1100,5,c65fcf7bebefb46f,8,True,,,,D7,benign,
54,402,405.0,D7,D1,video,1131,6,c65fcf7bebefb46f,8,True,,,,D7,benign,
57,407,409.0,D8,D2,heartbeat,42,4,,8,,,,,D8,benign,
57,407,410.0,D8,D1,heartbeat,42,4,,8,,,,,D8,benign,
57,407,410.0,D8,D3,heartbeat,42,4,,8,,,,,D8,benign,
57,407,410.0,D8,D4,heartbeat,42,4,,8,,,,,D8,benign,
57,407,410.0,D8,D5,heartbeat,42,4,,8,,,,,D8,benign,
57,407,410.0,D8,D6,heartbeat,42,4,,8,,,,,D8,benign,
57,407,410.0,D8,D7,heartbeat,42,4,,8,,,,,D8,benign,
57,407,410.0,D8,D9,heartbeat,42,4,,8,,,,,D8,benign,
55,428,432.0,D7,D1,video,1094,7,c65fcf7bebefb46f,8,True,,,,D7,benign,
52,459,461.0,D5,D2,heartbeat,39,3,,8,,,,,D5,benign,
52,459,461.0,D5,D3,heartbeat,39,3,,8,,,,,D5,benign,
52,459,461.0,D5,D8,heartbeat,39,3,,8,,,,,D5,benign,
52,459,461.0,D5,D9,heartbeat,39,3,,8,,,,,D5,benign,
52,459,462.0,D5,D6,heartbeat,39,3,,8,,,,,D5,benign,
52,459,462.0,D5,D7,heartbeat,39,3,,8,,,,,D5,benign,
51,460,462.0,D4,D1,telemetry,100,4,1d9cc43ff067d377,8,True,,,,D4,benign,
58,466,468.0,D8,D1,telemetry,110,5,cfefd62ad48a30c7,8,True,,,,D8,benign,
56,499,503.0,D7,D1,video,1162,8,c65fcf7bebefb46f,8,True,,,,D7,benign,
66,508,510.0,D9,D1,telemetry,117,4,3703b933b94a2421,8,True,,,,D9,benign,
62,511,516.0,D7,D1,telemetry,124,9,c65fcf7bebefb46f,8,True,,,,D7,benign,
63,543,545.0,D7,D1,video,957,10,c65fcf7bebefb46f,8,True,,,,D7,benign,
67,547,549.0,D10,D1,telemetry,119,5,a2705d9e0eeb48ee,8,True,,,,D10,benign,
64,550,553.0,D7,D1,video,986,11,c65fcf7bebefb46f,8,True,,,,D7,benign,
59,557,560.0,D2,D1,telemetry,115,6,7aae7a6717b3474d,8,True,,,,D2,benign,
60,558,561.0,D3,D1,telemetry,98,6,0cbace0af2b46d66,8,True,,,,D3,benign,
61,564,568.0,D6,D1,telemetry,114,4,6bb52aad6e625485,8,True,,,,D6,benign,
65,584,587.0,D7,D1,video,1154,12,c65fcf7bebefb46f,8,True,,,,D7,benign,
68,636,640.0,D4,D1,telemetry,113,5,1d9cc43ff067d377,8,True,,,,D4,benign,
73,651,653.0,D8,D1,telemetry,117,6,cfefd62ad48a30c7,8,True,,,,D8,benign,
74,653,655.0,D9,D2,heartbeat,47,5,,8,,,,,D9,benign,
74,653,655.0,D9,D3,heartbeat,47,5,,8,,,,,D9,benign,
74,653,655.0,D9,D6,heartbeat,47,5,,8,,,,,D9,benign,
74,653,655.0,D9,D7,heartbeat,47,5,,8,,,,,D9,benign,
74,653,655.0,D9,D8,heartbeat,47,5,,8,,,,,D9,benign,
74,653,656.0,D9,D1,heartbeat,47,5,,8,,,,,D9,benign,
74,653,656.0,D9,D4,heartbeat,47,5,,8,,,,,D9,benign,
74,653,657.0,D9,D5,heartbeat,47,5,,8,,,,,D9,benign,
74,653,657.0,D9,D10,heartbeat,47,5,,8,,,,,D9,benign,
71,654,658.0,D7,D1,video,1007,14,c65fcf7bebefb46f,8,True,,,,D7,benign,
76,663,665.0,D10,D3,heartbeat,36,6,,8,,,,,D10,benign,
76,663,665.0,D10,D7,heartbeat,36,6,,8,,,,,D10,benign,
76,663,666.0,D10,D1,heartbeat,36,6,,8,,,,,D10,benign,
76,663,666.0,D10,D4,heartbeat,36,6,,8,,,,,D10,benign,
76,663,666.0,D10,D6,heartbeat,36,6,,8,,,,,D10,benign,
76,663,666.0,D10,D9,heartbeat,36,6,,8,,,,,D10,benign,
76,663,667.0,D10,D2,heartbeat,36,6,,8,,,,,D10,benign,
72,684,688.0,D7,D1,video,1080,15,c65fcf7bebefb46f,8,True,,,,D7,benign,
70,688,691.0,D7,D1,telemetry,118,13,c65fcf7bebefb46f,8,True,,,,D7,benign,
75,690,694.0,D9,D1,telemetry,132,6,3703b933b94a2421,8,True,,,,D9,benign,
79,763,,D6,D9,heartbeat,43,5,,8,,,,channel_loss,D6,benign,
79,763,,D6,D10,heartbeat,43,5,,8,,,,channel_loss,D6,benign,
82,703,707.0,D7,D1,video,992,17,c65fcf7bebefb46f,8,True,,,,D7,benign,
81,710,712.0,D7,D1,heartbeat,38,16,,8,,,,,D7,benign,
81,710,712.0,D7,D4,heartbeat,38,16,,8,,,,,D7,benign,
81,710,712.0,D7,D5,heartbeat,38,16,,8,,,,,D7,benign,
81,710,712.0,D7,D6,heartbeat,38,16,,8,,,,,D7,benign,
81,710,712.0,D7,D9,heartbeat,38,16,,8,,,,,D7,benign,
81,710,712.0,D7,D10,heartbeat,38,16,,8,,,,,D7,benign,
81,710,713.0,D7,D2,heartbeat,38,16,,8,,,,,D7,benign,
81,710,713.0,D7,D3,heartbeat,38,16,,8,,,,,D7,benign,
81,710,713.0,D7,D8,heartbeat,38,16,,8,,,,,D7,benign,
85,714,717.0,D10,D1,telemetry,121,7,a2705d9e0eeb48ee,8,True,,,,D10,benign,
83,727,730.0,D7,D1,video,1190,18,c65fcf7bebefb46f,8,True,,,,D7,benign,
77,734,737.0,D2,D1,telemetry,135,7,7aae7a6717b3474d,8,True,,,,D2,benign,
78,747,749.0,D3,D1,telemetry,140,7,0cbace0af2b46d66,8,True,,,,D3,benign,
79,763,765.0,D6,D1,heartbeat,43,5,,8,,,,,D6,benign,
79,763,765.0,D6,D7,heartbeat,43,5,,8,,,,,D6,benign,
79,763,766.0,D6,D3,heartbeat,43,5,,8,,,,,D6,benign,
79,763,766.0,D6,D4,heartbeat,43,5,,8,,,,,D6,benign,
79,763,766.0,D6,D5,heartbeat,43,5,,8,,,,,D6,benign,
79,763,766.0,D6,D8,heartbeat,43,5,,8,,,,,D6,benign,
79,763,767.0,D6,D2,heartbeat,43,5,,8,,,,,D6,benign,
80,795,797.0,D6,D1,telemetry,102,6,6bb52aad6e625485,8,True,,,,D6,benign,
84,796,799.0,D7,D1,video,1294,19,c65fcf7bebefb46f,8,True,,,,D7,benign,
86,814,817.0,D4,D1,telemetry,106,6,1d9cc43ff067d377,8,True,,,,D4,benign,
91,831,834.0,D8,D1,telemetry,102,7,cfefd62ad48a30c7,8,True,,,,D8,benign,
89,840,843.0,D7,D1,video,966,21,c65fcf7bebefb46f,8,True,,,,D7,benign,
88,861,863.0,D7,D1,telemetry,125,20,c65fcf7bebefb46f,8,True,,,,D7,benign,
92,881,885.0,D9,D1,telemetry,90,7,3703b933b94a2421,8,True,,,,D9,benign,
93,883,887.0,D10,D1,telemetry,144,8,a2705d9e0eeb48ee,8,True,,,,D10,benign,
90,888,891.0,D7,D1,video,1182,22,c65fcf7bebefb46f,8,True,,,,D7,benign,
94,914,917.0,D2,D1,telemetry,120,8,7aae7a6717b3474d,8,True,,,,D2,benign,
98,918,922.0,D7,D1,video,1023,23,c65fcf7bebefb46f,8,True,,,,D7,benign,
96,921,923.0,D4,D6,heartbeat,37,7,,8,,,,,D4,benign,
96,921,924.0,D4,D2,heartbeat,37,7,,8,,,,,D4,benign,
96,921,924.0,D4,D3,heartbeat,37,7,,8,,,,,D4,benign,
96,921,924.0,D4,D8,heartbeat,37,7,,8,,,,,D4,benign,
96,921,924.0,D4,D9,heartbeat,37,7,,8,,,,,D4,benign,
96,921,925.0,D4,D1,heartbeat,37,7,,8,,,,,D4,benign,
96,921,925.0,D4,D7,heartbeat,37,7,,8,,,,,D4,benign,
96,921,925.0,D4,D10,heartbeat,37,7,,8,,,,,D4,benign,
99,926,929.0,D7,D1,video,1235,24,c65fcf7bebefb46f,8,True,,,,D7,benign,
95,935,939.0,D3,D1,telemetry,119,8,0cbace0af2b46d66,8,True,,,,D3,benign,
100,954,957.0,D7,D1,video,1123,25,c65fcf7bebefb46f,8,True,,,,D7,benign,
97,989,991.0,D4,D1,telemetry,114,8,1d9cc43ff067d377,8,True,,,,D4,benign,
101,995,998.0,D7,D1,video,872,26,c65fcf7bebefb46f,8,True,,,,D7,benign,
110,1017,1021.0,D8,D1,telemetry,122,8,cfefd62ad48a30c7,8,True,,,,D8,benign,
105,1024,1027.0,D6,D1,telemetry,143,7,6bb52aad6e625485,8,True,,,,D6,benign,
106,1032,1036.0,D7,D1,telemetry,129,27,c65fcf7bebefb46f,8,True,,,,D7,benign,
107,1036,1040.0,D7,D1,video,1057,28,c65fcf7bebefb46f,8,True,,,,D7,benign,
108,1040,1044.0,D7,D1,video,1171,29,c65fcf7bebefb46f,8,True,,,,D7,benign,
109,1045,1048.0,D7,D1,video,1024,30,c65fcf7bebefb46f,8,True,,,,D7,benign,
112,1047,1050.0,D10,D1,telemetry,118,9,a2705d9e0eeb48ee,8,True,,,,D10,benign,
111,1061,1064.0,D9,D1,telemetry,147,8,3703b933b94a2421,8,True,,,,D9,benign,
103,1065,1067.0,D3,D6,heartbeat,41,9,,8,,,,,D3,benign,
103,1065,1068.0,D3,D1,heartbeat,41,9,,8,,,,,D3,benign,
103,1065,1068.0,D3,D4,heartbeat,41,9,,8,,,,,D3,benign,
103,1065,1068.0,D3,D5,heartbeat,41,9,,8,,,,,D3,benign,
103,1065,1068.0,D3,D8,heartbeat,41,9,,8,,,,,D3,benign,
103,1065,1068.0,D3,D9,heartbeat,41,9,,8,,,,,D3,benign,
103,1065,1068.0,D3,D10,heartbeat,41,9,,8,,,,,D3,benign,
103,1065,1069.0,D3,D2,heartbeat,41,9,,8,,,,,D3,benign,
103,1065,1069.0,D3,D7,heartbeat,41,9,,8,,,,,D3,benign,
102,1098,1100.0,D2,D1,telemetry,114,9,7aae7a6717b3474d,8,True,,,,D2,benign,
117,1115,,D5,D1,auth_request,152,9,,8,,,,out_of_range,D5,benign,
118,1100,,D6,D1,trust_report,136,8,6bb52aad6e625485,8,,,,channel_loss,D6,benign,
123,1136,,D1,D9,heartbeat,42,18,,8,,,,channel_loss,D1,benign,
113,1100,1102.0,D2,D1,trust_report,136,10,7aae7a6717b3474d,8,True,,,,D2,benign,
114,1100,1102.0,D3,D1,trust_report,136,10,0cbace0af2b46d66,8,True,,,,D3,benign,
115,1100,1102.0,D4,D1,trust_report,136,9,1d9cc43ff067d377,8,True,,,,D4,benign,
122,1100,1102.0,D10,D1,trust_report,136,10,a2705d9e0eeb48ee,8,True,,,,D10,benign,
119,1100,1103.0,D7,D1,trust_report,136,31,c65fcf7bebefb46f,8,True,,,,D7,benign,
120,1100,1103.0,D8,D1,trust_report,136,9,cfefd62ad48a30c7,8,True,,,,D8,benign,
121,1100,1103.0,D9,D1,trust_report,136,9,3703b933b94a2421,8,True,,,,D9,benign,
127,1120,1124.0,D7,D1,video,1062,32,c65fcf7bebefb46f,8,True,,,,D7,benign,
125,1131,1133.0,D3,D1,telemetry,108,11,0cbace0af2b46d66,8,True,,,,D3,benign,
123,1136,1138.0,D1,D3,heartbeat,42,18,,8,,,,,D1,benign,
123,1136,1139.0,D1,D2,heartbeat,42,18,,8,,,,,D1,benign,
123,1136,1139.0,D1,D4,heartbeat,42,18,,8,,,,,D1,benign,
123,1136,1139.0,D1,D5,heartbeat,42,18,,8,,,,,D1,benign,
123,1136,1139.0,D1,D6,heartbeat,42,18,,8,,,,,D1,benign,
123,1136,1139.0,D1,D8,heartbeat,42,18,,8,,,,,D1,benign,
123,1136,1139.0,D1,D10,heartbeat,42,18,,8,,,,,D1,benign,
123,1136,1140.0,D1,D7,heartbeat,42,18,,8,,,,,D1,benign,
128,1158,1161.0,D7,D1,video,1207,33,c65fcf7bebefb46f,8,True,,,,D7,benign,
126,1170,1172.0,D4,D1,telemetry,122,10,1d9cc43ff067d377,8,True,,,,D4,benign,
124,1186,1188.0,D2,D4,heartbeat,46,11,,8,,,,,D2,benign,
124,1186,1188.0,D2,D5,heartbeat,46,11,,8,,,,,D2,benign,
124,1186,1188.0,D2,D10,heartbeat,46,11,,8,,,,,D2,benign,
124,1186,1189.0,D2,D1,heartbeat,46,11,,8,,,,,D2,benign,
124,1186,1189.0,D2,D3,heartbeat,46,11,,8,,,,,D2,benign,
124,1186,1189.0,D2,D6,heartbeat,46,11,,8,,,,,D2,benign,
124,1186,1189.0,D2,D9,heartbeat,46,11,,8,,,,,D2,benign,
124,1186,1190.0,D2,D7,heartbeat,46,11,,8,,,,,D2,benign,
124,1186,1190.0,D2,D8,heartbeat,46,11,,8,,,,,D2,benign,
133,1203,1206.0,D7,D1,video,1024,35,c65fcf7bebefb46f,8,True,,,,D7,benign,
132,1205,1207.0,D7,D1,telemetry,129,34,c65fcf7bebefb46f,8,True,,,,D7,benign,
137,1208,1211.0,D10,D1,telemetry,99,11,a2705d9e0eeb48ee,8,True,,,,D10,benign,
135,1213,1216.0,D8,D1,telemetry,125,10,cfefd62ad48a30c7,8,True,,,,D8,benign,
136,1245,1247.0,D9,D1,telemetry,117,10,3703b933b94a2421,8,True,,,,D9,benign,
131,1255,1259.0,D6,D1,telemetry,135,9,6bb52aad6e625485,8,True,,,,D6,benign,
129,1270,1273.0,D2,D1,telemetry,95,12,7aae7a6717b3474d,8,True,,,,D2,benign,
134,1274,1277.0,D7,D1,video,800,36,c65fcf7bebefb46f,8,True,,,,D7,benign,
139,1316,1318.0,D3,D1,telemetry,124,12,0cbace0af2b46d66,8,True,,,,D3,benign,
142,1335,1339.0,D7,D1,video,1162,38,c65fcf7bebefb46f,8,True,,,,D7,benign,
140,1347,1349.0,D4,D1,telemetry,125,11,1d9cc43ff067d377,8,True,,,,D4,benign,
138,1358,1361.0,D1,D3,command,81,19,0cbace0af2b46d66,8,True,,,,D1,benign,
143,1358,1361.0,D7,D1,video,975,39,c65fcf7bebefb46f,8,True,,,,D7,benign,
144,1362,1366.0,D7,D1,video,1111,40,c65fcf7bebefb46f,8,True,,,,D7,benign,
145,1375,1379.0,D10,D1,telemetry,119,12,a2705d9e0eeb48ee,8,True,,,,D10,benign,
141,1388,1391.0,D7,D1,telemetry,124,37,c65fcf7bebefb46f,8,True,,,,D7,benign,
152,1403,1407.0,D8,D1,telemetry,110,12,cfefd62ad48a30c7,8,True,,,,D8,benign,
153,1430,1435.0,D9,D1,telemetry,119,11,3703b933b94a2421,8,True,,,,D9,benign,
151,1438,1440.0,D8,D6,heartbeat,44,11,,8,,,,,D8,benign,
151,1438,1440.0,D8,D7,heartbeat,44,11,,8,,,,,D8,benign,
151,1438,1440.0,D8,D9,heartbeat,44,11,,8,,,,,D8,benign,
151,1438,1441.0,D8,D1,heartbeat,44,11,,8,,,,,D8,benign,
151,1438,1441.0,D8,D4,heartbeat,44,11,,8,,,,,D8,benign,
151,1438,1441.0,D8,D10,heartbeat,44,11,,8,,,,,D8,benign,
151,1438,1442.0,D8,D2,heartbeat,44,11,,8,,,,,D8,benign,
151,1438,1442.0,D8,D3,heartbeat,44,11,,8,,,,,D8,benign,
151,1438,1443.0,D8,D5,heartbeat,44,11,,8,,,,,D8,benign,
146,1453,1455.0,D2,D1,telemetry,134,13,7aae7a6717b3474d,8,True,,,,D2,benign,
150,1461,1464.0,D7,D1,video,1203,41,c65fcf7bebefb46f,8,True,,,,D7,benign,
149,1484,1486.0,D6,D1,telemetry,119,10,6bb52aad6e625485,8,True,,,,D6,benign,
147,1490,1492.0,D5,D1,heartbeat,38,11,,8,,,,,D5,benign,
147,1490,1492.0,D5,D3,heartbeat,38,11,,8,,,,,D5,benign,
147,1490,1492.0,D5,D9,heartbeat,38,11,,8,,,,,D5,benign,
147,1490,1493.0,D5,D2,heartbeat,38,11,,8,,,,,D5,benign,
147,1490,1493.0,D5,D6,heartbeat,38,11,,8,,,,,D5,benign,
147,1490,1493.0,D5,D7,heartbeat,38,11,,8,,,,,D5,benign,
147,1490,1493.0,D5,D8,heartbeat,38,11,,8,,,,,D5,benign,
157,1513,,D7,D1,video,1194,43,c65fcf7bebefb46f,8,,,,channel_loss,D7,benign,
154,1513,1516.0,D3,D1,telemetry,142,13,0cbace0af2b46d66,8,True,,,,D3,benign,
158,1519,1522.0,D7,D1,video,1154,44,c65fcf7bebefb46f,8,True,,,,D7,benign,
155,1529,1532.0,D4,D1,telemetry,127,12,1d9cc43ff067d377,8,True,,,,D4,benign,
164,1548,1550.0,D10,D1,telemetry,116,13,a2705d9e0eeb48ee,8,True,,,,D10,benign,
159,1549,1552.0,D7,D1,video,1078,45,c65fcf7bebefb46f,8,True,,,,D7,benign,
160,1565,1568.0,D7,D1,video,1095,46,c65fcf7bebefb46f,8,True,,,,D7,benign,
156,1567,1570.0,D7,D1,telemetry,103,42,c65fcf7bebefb46f,8,True,,,,D7,benign,
161,1582,1585.0,D7,D1,video,996,47,c65fcf7bebefb46f,8,True,,,,D7,benign,
162,1595,1599.0,D7,D1,video,1015,48,c65fcf7bebefb46f,8,True,,,,D7,benign,
163,1595,1599.0,D8,D1,telemetry,128,13,cfefd62ad48a30c7,8,True,,,,D8,benign,
171,1631,,D7,D1,video,1274,52,c65fcf7bebefb46f,8,,,,channel_loss,D7,benign,
169,1607,1610.0,D7,D1,video,1180,50,c65fcf7bebefb46f,8,True,,,,D7,benign,
174,1612,1614.0,D9,D1,telemetry,118,13,3703b933b94a2421,8,True,,,,D9,benign,
170,1625,1629.0,D7,D1,video,1122,51,c65fcf7bebefb46f,8,True,,,,D7,benign,
165,1629,1631.0,D2,D1,telemetry,114,14,7aae7a6717b3474d,8,True,,,,D2,benign,
175,1642,1644.0,D10,D3,heartbeat,37,14,,8,,,,,D10,benign,
175,1642,1644.0,D10,D6,heartbeat,37,14,,8,,,,,D10,benign,
175,1642,1644.0,D10,D8,heartbeat,37,14,,8,,,,,D10,benign,
175,1642,1645.0,D10,D1,heartbeat,37,14,,8,,,,,D10,benign,
175,1642,1645.0,D10,D2,heartbeat,37,14,,8,,,,,D10,benign,
175,1642,1645.0,D10,D4,heartbeat,37,14,,8,,,,,D10,benign,
175,1642,1645.0,D10,D9,heartbeat,37,14,,8,,,,,D10,benign,
175,1642,1646.0,D10,D7,heartbeat,37,14,,8,,,,,D10,benign,
172,1672,1675.0,D7,D1,video,1066,53,c65fcf7bebefb46f,8,True,,,,D7,benign,
173,1680,1682.0,D9,D5,heartbeat,36,12,,8,,,,,D9,benign,
173,1680,1682.0,D9,D6,heartbeat,36,12,,8,,,,,D9,benign,
173,1680,1682.0,D9,D7,heartbeat,36,12,,8,,,,,D9,benign,
173,1680,1682.0,D9,D10,heartbeat,36,12,,8,,,,,D9,benign,
173,1680,1683.0,D9,D1,heartbeat,36,12,,8,,,,,D9,benign,
173,1680,1683.0,D9,D3,heartbeat,36,12,,8,,,,,D9,benign,
173,1680,1683.0,D9,D4,heartbeat,36,12,,8,,,,,D9,benign,
173,1680,1683.0,D9,D8,heartbeat,36,12,,8,,,,,D9,benign,
173,1680,1684.0,D9,D2,heartbeat,36,12,,8,,,,,D9,benign,
168,1690,1692.0,D7,D8,heartbeat,35,49,,8,,,,,D7,benign,
168,1690,1692.0,D7,D9,heartbeat,35,49,,8,,,,,D7,benign,
168,1690,1692.0,D7,D10,heartbeat,35,49,,8,,,,,D7,benign,
168,1690,1693.0,D7,D1,heartbeat,35,49,,8,,,,,D7,benign,
168,1690,1693.0,D7,D2,heartbeat,35,49,,8,,,,,D7,benign,
168,1690,1693.0,D7,D3,heartbeat,35,49,,8,,,,,D7,benign,
168,1690,1693.0,D7,D4,heartbeat,35,49,,8,,,,,D7,benign,
168,1690,1693.0,D7,D5,heartbeat,35,49,,8,,,,,D7,benign,
168,1690,1693.0,D7,D6,heartbeat,35,49,,8,,,,,D7,benign,
178,1729,,D6,D1,telemetry,99,12,6bb52aad6e625485,8,,,,channel_loss,D6,benign,
166,1697,1701.0,D3,D1,telemetry,127,14,0cbace0af2b46d66,8,True,,,,D3,benign,
180,1702,1705.0,D7,D1,video,1246,55,c65fcf7bebefb46f,8,True,,,,D7,benign,
183,1710,1713.0,D10,D1,telemetry,116,15,a2705d9e0eeb48ee,8,True,,,,D10,benign,
176,1722,1725.0,D4,D1,telemetry,104,13,1d9cc43ff067d377,8,True,,,,D4,benign,
181,1732,1735.0,D7,D1,video,1014,56,c65fcf7bebefb46f,8,True,,,,D7,benign,
179,1745,1747.0,D7,D1,telemetry,126,54,c65fcf7bebefb46f,8,True,,,,D7,benign,
177,1768,1770.0,D6,D1,heartbeat,45,11,,8,,,,,D6,benign,
177,1768,1770.0,D6,D3,heartbeat,45,11,,8,,,,,D6,benign,
177,1768,1770.0,D6,D7,heartbeat,45,11,,8,,,,,D6,benign,
177,1768,1770.0,D6,D10,heartbeat,45,11,,8,,,,,D6,benign,
177,1768,1771.0,D6,D2,heartbeat,45,11,,8,,,,,D6,benign,
177,1768,1771.0,D6,D4,heartbeat,45,11,,8,,,,,D6,benign,
177,1768,1771.0,D6,D5,heartbeat,45,11,,8,,,,,D6,benign,
177,1768,1771.0,D6,D8,heartbeat,45,11,,8,,,,,D6,benign,
177,1768,1771.0,D6,D9,heartbeat,45,11,,8,,,,,D6,benign,
182,1785,1788.0,D8,D1,telemetry,141,14,cfefd62ad48a30c7,8,True,,,,D8,benign,
184,1801,1804.0,D2,D1,telemetry,114,15,7aae7a6717b3474d,8,True,,,,D2,benign,
190,1807,1809.0,D9,D1,telemetry,124,14,3703b933b94a2421,8,True,,,,D9,benign,
187,1807,1810.0,D7,D1,video,1089,57,c65fcf7bebefb46f,8,True,,,,D7,benign,
188,1823,1826.0,D7,D1,video,1019,58,c65fcf7bebefb46f,8,True,,,,D7,benign,
189,1853,1856.0,D7,D1,video,1294,59,c65fcf7bebefb46f,8,True,,,,D7,benign,
191,1888,1890.0,D10,D1,telemetry,107,16,a2705d9e0eeb48ee,8,True,,,,D10,benign,
185,1893,1897.0,D3,D1,telemetry,122,15,0cbace0af2b46d66,8,True,,,,D3,benign,
194,1911,1914.0,D4,D1,telemetry,137,15,1d9cc43ff067d377,8,True,,,,D4,benign,
196,1917,1920.0,D7,D1,telemetry,121,60,c65fcf7bebefb46f,8,True,,,,D7,benign,
197,1919,1922.0,D7,D1,video,1249,61,c65fcf7bebefb46f,8,True,,,,D7,benign,
193,1925,1927.0,D4,D3,heartbeat,45,14,,8,,,,,D4,benign,
193,1925,1927.0,D4,D8,heartbeat,45,14,,8,,,,,D4,benign,
193,1925,1928.0,D4,D2,heartbeat,45,14,,8,,,,,D4,benign,
193,1925,1928.0,D4,D6,heartbeat,45,14,,8,,,,,D4,benign,
193,1925,1928.0,D4,D7,heartbeat,45,14,,8,,,,,D4,benign,
193,1925,1928.0,D4,D9,heartbeat,45,14,,8,,,,,D4,benign,
193,1925,1928.0,D4,D10,heartbeat,45,14,,8,,,,,D4,benign,
193,1925,1929.0,D4,D1,heartbeat,45,14,,8,,,,,D4,benign,
195,1968,1970.0,D6,D1,telemetry,129,13,6bb52aad6e625485,8,True,,,,D6,benign,
198,1971,1974.0,D7,D1,video,1041,62,c65fcf7bebefb46f,8,True,,,,D7,benign,
199,1976,1979.0,D8,D1,telemetry,141,15,cfefd62ad48a30c7,8,True,,,,D8,benign,
192,1980,1983.0,D2,D1,telemetry,124,16,7aae7a6717b3474d,8,True,,,,D2,benign,
200,1989,1992.0,D9,D1,telemetry,130,15,3703b933b94a2421,8,True,,,,D9,benign,
206,2043,2046.0,D7,D1,video,1089,64,c65fcf7bebefb46f,8,True,,,,D7,benign,
209,2059,2062.0,D10,D1,telemetry,127,17,a2705d9e0eeb48ee,8,True,,,,D10,benign,
201,2084,2086.0,D3,D4,heartbeat,37,16,,8,,,,,D3,benign,
201,2084,2086.0,D3,D7,heartbeat,37,16,,8,,,,,D3,benign,
201,2084,2087.0,D3,D1,heartbeat,37,16,,8,,,,,D3,benign,
201,2084,2087.0,D3,D2,heartbeat,37,16,,8,,,,,D3,benign,
201,2084,2087.0,D3,D5,heartbeat,37,16,,8,,,,,D3,benign,
201,2084,2087.0,D3,D8,heartbeat,37,16,,8,,,,,D3,benign,
201,2084,2087.0,D3,D10,heartbeat,37,16,,8,,,,,D3,benign,
201,2084,2088.0,D3,D6,heartbeat,37,16,,8,,,,,D3,benign,
201,2084,2088.0,D3,D9,heartbeat,37,16,,8,,,,,D3,benign,
207,2087,2090.0,D7,D1,video,1103,65,c65fcf7bebefb46f,8,True,,,,D7,benign,
202,2089,2092.0,D3,D1,telemetry,134,17,0cbace0af2b46d66,8,True,,,,D3,benign,
205,2090,2093.0,D7,D1,telemetry,131,63,c65fcf7bebefb46f,8,True,,,,D7,benign,
208,2095,2098.0,D7,D1,video,1104,66,c65fcf7bebefb46f,8,True,,,,D7,benign,
203,2097,2100.0,D4,D1,telemetry,115,16,1d9cc43ff067d377,8,True,,,,D4,benign,
210,2100,2102.0,D2,D1,trust_report,136,17,7aae7a6717b3474d,8,True,,,,D2,benign,
211,2100,2102.0,D3,D1,trust_report,136,18,0cbace0af2b46d66,8,True,,,,D3,benign,
214,2100,2102.0,D6,D1,trust_report,136,14,6bb52aad6e625485,8,True,,,,D6,benign,
216,2100,2102.0,D8,D1,trust_report,136,16,cfefd62ad48a30c7,8,True,,,,D8,benign,
218,2100,2102.0,D10,D1,trust_report,136,18,a2705d9e0eeb48ee,8,True,,,,D10,benign,
212,2100,2103.0,D4,D1,trust_report,136,17,1d9cc43ff067d377,8,True,,,,D4,benign,
215,2100,2103.0,D7,D1,trust_report,136,67,c65fcf7bebefb46f,8,True,,,,D7,benign,
217,2100,2105.0,D9,D1,trust_report,136,16,3703b933b94a2421,8,True,,,,D9,benign,
220,2158,2161.0,D2,D1,telemetry,110,18,7aae7a6717b3474d,8,True,,,,D2,benign,
223,2165,2169.0,D8,D1,telemetry,120,17,cfefd62ad48a30c7,8,True,,,,D8,benign,
221,2170,2173.0,D7,D1,video,1310,68,c65fcf7bebefb46f,8,True,,,,D7,benign,
219,2171,2173.0,D1,D5,heartbeat,43,20,,8,,,,,D1,benign,
219,2171,2173.0,D1,D8,heartbeat,43,20,,8,,,,,D1,benign,
219,2171,2174.0,D1,D2,heartbeat,43,20,,8,,,,,D1,benign,
219,2171,2174.0,D1,D3,heartbeat,43,20,,8,,,,,D1,benign,
219,2171,2174.0,D1,D6,heartbeat,43,20,,8,,,,,D1,benign,
219,2171,2174.0,D1,D7,heartbeat,43,20,,8,,,,,D1,benign,
219,2171,2175.0,D1,D4,heartbeat,43,20,,8,,,,,D1,benign,
219,2171,2175.0,D1,D10,heartbeat,43,20,,8,,,,,D1,benign,
219,2171,2176.0,D1,D9,heartbeat,43,20,,8,,,,,D1,benign,
224,2178,2181.0,D9,D1,telemetry,94,17,3703b933b94a2421,8,True,,,,D9,benign,
222,2189,2192.0,D7,D1,video,1254,69,c65fcf7bebefb46f,8,True,,,,D7,benign,
229,2206,2208.0,D6,D1,telemetry,107,15,6bb52aad6e625485,8,True,,,,D6,benign,
225,2222,2224.0,D2,D1,heartbeat,34,19,,8,,,,,D2,benign,
225,2222,2224.0,D2,D4,heartbeat,34,19,,8,,,,,D2,benign,
225,2222,2224.0,D2,D7,heartbeat,34,19,,8,,,,,D2,benign,
225,2222,2224.0,D2,D8,heartbeat,34,19,,8,,,,,D2,benign,
225,2222,2224.0,D2,D10,heartbeat,34,19,,8,,,,,D2,benign,
225,2222,2225.0,D2,D3,heartbeat,34,19,,8,,,,,D2,benign,
225,2222,2225.0,D2,D5,heartbeat,34,19,,8,,,,,D2,benign,
225,2222,2225.0,D2,D6,heartbeat,34,19,,8,,,,,D2,benign,
225,2222,2225.0,D2,D9,heartbeat,34,19,,8,,,,,D2,benign,
233,2222,2225.0,D10,D1,telemetry,120,19,a2705d9e0eeb48ee,8,True,,,,D10,benign,
231,2267,2270.0,D7,D1,video,1061,71,c65fcf7bebefb46f,8,True,,,,D7,benign,
230,2271,2274.0,D7,D1,telemetry,117,70,c65fcf7bebefb46f,8,True,,,,D7,benign,
227,2275,2277.0,D4,D1,telemetry,123,18,1d9cc43ff067d377,8,True,,,,D4,benign,
226,2275,2279.0,D3,D1,telemetry,139,19,0cbace0af2b46d66,8,True,,,,D3,benign,
235,2315,,D7,D1,video,1254,73,c65fcf7bebefb46f,8,,,,channel_loss,D7,benign,
232,2300,2303.0,D7,D1,video,1235,72,c65fcf7bebefb46f,8,True,,,,D7,benign,
236,2321,2324.0,D7,D1,video,1169,74,c65fcf7bebefb46f,8,True,,,,D7,benign,
234,2348,2350.0,D2,D1,telemetry,117,20,7aae7a6717b3474d,8,True,,,,D2,benign,
240,2348,2351.0,D8,D1,telemetry,127,18,cfefd62ad48a30c7,8,True,,,,D8,benign,
237,2361,2364.0,D7,D1,video,1005,75,c65fcf7bebefb46f,8,True,,,,D7,benign,
241,2371,2374.0,D9,D1,telemetry,102,18,3703b933b94a2421,8,True,,,,D9,benign,
238,2375,2378.0,D7,D1,video,1115,76,c65fcf7bebefb46f,8,True,,,,D7,benign,
239,2376,2379.0,D7,D1,video,1059,77,c65fcf7bebefb46f,8,True,,,,D7,benign,
242,2390,2394.0,D10,D1,telemetry,139,20,a2705d9e0eeb48ee,8,True,,,,D10,benign,
250,2403,2405.0,D8,D3,heartbeat,40,19,,8,,,,,D8,benign,
250,2403,2405.0,D8,D4,heartbeat,40,19,,8,,,,,D8,benign,
250,2403,2405.0,D8,D5,heartbeat,40,19,,8,,,,,D8,benign,
250,2403,2405.0,D8,D9,heartbeat,40,19,,8,,,,,D8,benign,
250,2403,2406.0,D8,D1,heartbeat,40,19,,8,,,,,D8,benign,
250,2403,2406.0,D8,D2,heartbeat,40,19,,8,,,,,D8,benign,
250,2403,2406.0,D8,D6,heartbeat,40,19,,8,,,,,D8,benign,
250,2403,2407.0,D8,D7,heartbeat,40,19,,8,,,,,D8,benign,
250,2403,2407.0,D8,D10,heartbeat,40,19,,8,,,,,D8,benign,
247,2435,2438.0,D6,D1,telemetry,118,16,6bb52aad6e625485,8,True,,,,D6,benign,
249,2437,2440.0,D7,D1,video,1108,79,c65fcf7bebefb46f,8,True,,,,D7,benign,
245,2454,2456.0,D5,D2,heartbeat,32,18,,8,,,,,D5,benign,
245,2454,2456.0,D5,D3,heartbeat,32,18,,8,,,,,D5,benign,
245,2454,2456.0,D5,D7,heartbeat,32,18,,8,,,,,D5,benign,
245,2454,2456.0,D5,D8,heartbeat,32,18,,8,,,,,D5,benign,
245,2454,2457.0,D5,D1,heartbeat,32,18,,8,,,,,D5,benign,
245,2454,2457.0,D5,D4,heartbeat,32,18,,8,,,,,D5,benign,
245,2454,2457.0,D5,D6,heartbeat,32,18,,8,,,,,D5,benign,
248,2454,2457.0,D7,D1,telemetry,118,78,c65fcf7bebefb46f,8,True,,,,D7,benign,
245,2454,2458.0,D5,D9,heartbeat,32,18,,8,,,,,D5,benign,
244,2465,2469.0,D4,D1,telemetry,107,19,1d9cc43ff067d377,8,True,,,,D4,benign,
243,2473,2476.0,D3,D1,telemetry,122,20,0cbace0af2b46d66,8,True,,,,D3,benign,
251,2530,,D2,D1,telemetry,143,21,7aae7a6717b3474d,8,,,,channel_loss,D2,benign,
252,2502,2505.0,D7,D1,video,1016,80,c65fcf7bebefb46f,8,True,,,,D7,benign,
253,2502,2505.0,D7,D1,video,1001,81,c65fcf7bebefb46f,8,True,,,,D7,benign,
254,2512,2515.0,D7,D1,video,1108,82,c65fcf7bebefb46f,8,True,,,,D7,benign,
257,2529,2531.0,D8,D1,telemetry,117,20,cfefd62ad48a30c7,8,True,,,,D8,benign,
255,2547,2550.0,D7,D1,video,1075,83,c65fcf7bebefb46f,8,True,,,,D7,benign,
256,2548,2550.0,D7,D1,video,875,84,c65fcf7bebefb46f,8,True,,,,D7,benign,
259,2559,2561.0,D10,D1,telemetry,109,21,a2705d9e0eeb48ee,8,True,,,,D10,benign,
258,2562,2564.0,D9,D1,telemetry,125,19,3703b933b94a2421,8,True,,,,D9,benign,
266,2615,2618.0,D7,D1,video,1177,87,c65fcf7bebefb46f,8,True,,,,D7,benign,
265,2624,2626.0,D7,D1,telemetry,133,86,c65fcf7bebefb46f,8,True,,,,D7,benign,
264,2643,2645.0,D7,D1,heartbeat,41,85,,8,,,,,D7,benign,
264,2643,2645.0,D7,D3,heartbeat,41,85,,8,,,,,D7,benign,
264,2643,2646.0,D7,D2,heartbeat,41,85,,8,,,,,D7,benign,
264,2643,2646.0,D7,D4,heartbeat,41,85,,8,,,,,D7,benign,
264,2643,2646.0,D7,D6,heartbeat,41,85,,8,,,,,D7,benign,
264,2643,2646.0,D7,D8,heartbeat,41,85,,8,,,,,D7,benign,
264,2643,2646.0,D7,D9,heartbeat,41,85,,8,,,,,D7,benign,
264,2643,2646.0,D7,D10,heartbeat,41,85,,8,,,,,D7,benign,
264,2643,2647.0,D7,D5,heartbeat,41,85,,8,,,,,D7,benign,
261,2647,2650.0,D4,D1,telemetry,109,20,1d9cc43ff067d377,8,True,,,,D4,benign,
268,2651,2653.0,D9,D3,heartbeat,40,20,,8,,,,,D9,benign,
268,2651,2653.0,D9,D7,heartbeat,40,20,,8,,,,,D9,benign,
268,2651,2653.0,D9,D10,heartbeat,40,20,,8,,,,,D9,benign,
268,2651,2654.0,D9,D1,heartbeat,40,20,,8,,,,,D9,benign,
268,2651,2654.0,D9,D2,heartbeat,40,20,,8,,,,,D9,benign,
268,2651,2654.0,D9,D4,heartbeat,40,20,,8,,,,,D9,benign,
268,2651,2654.0,D9,D8,heartbeat,40,20,,8,,,,,D9,benign,
268,2651,2655.0,D9,D6,heartbeat,40,20,,8,,,,,D9,benign,
268,2651,2656.0,D9,D5,heartbeat,40,20,,8,,,,,D9,benign,
260,2656,2659.0,D3,D1,telemetry,115,21,0cbace0af2b46d66,8,True,,,,D3,benign,
263,2663,2666.0,D6,D1,telemetry,127,17,6bb52aad6e625485,8,True,,,,D6,benign,
267,2674,2678.0,D7,D1,video,1406,88,c65fcf7bebefb46f,8,True,,,,D7,benign,
269,2685,2687.0,D10,D4,heartbeat,38,22,,8,,,,,D10,benign,
269,2685,2687.0,D10,D8,heartbeat,38,22,,8,,,,,D10,benign,
269,2685,2687.0,D10,D9,heartbeat,38,22,,8,,,,,D10,benign,
269,2685,2688.0,D10,D1,heartbeat,38,22,,8,,,,,D10,benign,
269,2685,2688.0,D10,D2,heartbeat,38,22,,8,,,,,D10,benign,
269,2685,2688.0,D10,D3,heartbeat,38,22,,8,,,,,D10,benign,
269,2685,2688.0,D10,D6,heartbeat,38,22,,8,,,,,D10,benign,
269,2685,2688.0,D10,D7,heartbeat,38,22,,8,,,,,D10,benign,
270,2713,2715.0,D2,D1,telemetry,114,22,7aae7a6717b3474d,8,True,,,,D2,benign,
274,2722,2724.0,D10,D1,telemetry,110,23,a2705d9e0eeb48ee,8,True,,,,D10,benign,
272,2727,2729.0,D8,D1,telemetry,134,21,cfefd62ad48a30c7,8,True,,,,D8,benign,
273,2739,2742.0,D9,D1,telemetry,104,21,3703b933b94a2421,8,True,,,,D9,benign,
271,2749,2751.0,D6,D3,heartbeat,34,18,,8,,,,,D6,benign,
271,2749,2751.0,D6,D4,heartbeat,34,18,,8,,,,,D6,benign,
271,2749,2751.0,D6,D9,heartbeat,34,18,,8,,,,,D6,benign,
271,2749,2752.0,D6,D2,heartbeat,34,18,,8,,,,,D6,benign,
271,2749,2752.0,D6,D5,heartbeat,34,18,,8,,,,,D6,benign,
271,2749,2752.0,D6,D8,heartbeat,34,18,,8,,,,,D6,benign,
271,2749,2752.0,D6,D10,heartbeat,34,18,,8,,,,,D6,benign,
271,2749,2753.0,D6,D1,heartbeat,34,18,,8,,,,,D6,benign,
271,2749,2753.0,D6,D7,heartbeat,34,18,,8,,,,,D6,benign,
280,2803,2806.0,D7,D1,video,1119,90,c65fcf7bebefb46f,8,True,,,,D7,benign,
279,2807,2810.0,D7,D1,telemetry,104,89,c65fcf7bebefb46f,8,True,,,,D7,benign,
277,2841,2843.0,D4,D1,telemetry,134,21,1d9cc43ff067d377,8,True,,,,D4,benign,
276,2855,2857.0,D3,D1,telemetry,110,22,0cbace0af2b46d66,8,True,,,,D3,benign,
281,2856,2859.0,D7,D1,video,1080,91,c65fcf7bebefb46f,8,True,,,,D7,benign,
282,2884,2886.0,D10,D1,telemetry,113,24,a2705d9e0eeb48ee,8,True,,,,D10,benign,
278,2888,2892.0,D6,D1,telemetry,120,19,6bb52aad6e625485,8,True,,,,D6,benign,
275,2900,2902.0,D2,D1,telemetry,138,23,7aae7a6717b3474d,8,True,,,,D2,benign,
283,2909,2911.0,D4,D7,heartbeat,37,22,,8,,,,,D4,benign,
283,2909,2911.0,D4,D10,heartbeat,37,22,,8,,,,,D4,benign,
283,2909,2912.0,D4,D1,heartbeat,37,22,,8,,,,,D4,benign,
283,2909,2912.0,D4,D2,heartbeat,37,22,,8,,,,,D4,benign,
283,2909,2912.0,D4,D3,heartbeat,37,22,,8,,,,,D4,benign,
283,2909,2912.0,D4,D5,heartbeat,37,22,,8,,,,,D4,benign,
283,2909,2912.0,D4,D6,heartbeat,37,22,,8,,,,,D4,benign,
283,2909,2912.0,D4,D8,heartbeat,37,22,,8,,,,,D4,benign,
283,2909,2912.0,D4,D9,heartbeat,37,22,,8,,,,,D4,benign,
287,2914,2916.0,D8,D1,telemetry,98,22,cfefd62ad48a30c7,8,True,,,,D8,benign,
288,2917,2920.0,D9,D1,telemetry,131,22,3703b933b94a2421,8,True,,,,D9,benign,
286,2982,2985.0,D7,D1,video,1120,93,c65fcf7bebefb46f,8,True,,,,D7,benign,
285,2987,2990.0,D7,D1,telemetry,114,92,c65fcf7bebefb46f,8,True,,,,D7,benign,
292,3022,3024.0,D4,D1,telemetry,107,23,1d9cc43ff067d377,8,True,,,,D4,benign,
290,3035,3037.0,D3,D1,heartbeat,39,23,,8,,,,,D3,benign,
290,3035,3037.0,D3,D4,heartbeat,39,23,,8,,,,,D3,benign,
290,3035,3038.0,D3,D2,heartbeat,39,23,,8,,,,,D3,benign,
290,3035,3038.0,D3,D6,heartbeat,39,23,,8,,,,,D3,benign,
290,3035,3038.0,D3,D7,heartbeat,39,23,,8,,,,,D3,benign,
290,3035,3038.0,D3,D8,heartbeat,39,23,,8,,,,,D3,benign,
290,3035,3038.0,D3,D9,heartbeat,39,23,,8,,,,,D3,benign,
290,3035,3039.0,D3,D5,heartbeat,39,23,,8,,,,,D3,benign,
290,3035,3039.0,D3,D10,heartbeat,39,23,,8,,,,,D3,benign,
294,3037,3041.0,D7,D1,video,1121,94,c65fcf7bebefb46f,8,True,,,,D7,benign,
295,3049,3052.0,D7,D1,video,1139,95,c65fcf7bebefb46f,8,True,,,,D7,benign,
291,3052,3055.0,D3,D1,telemetry,126,24,0cbace0af2b46d66,8,True,,,,D3,benign,
296,3052,3055.0,D10,D1,telemetry,119,25,a2705d9e0eeb48ee,8,True,,,,D10,benign,
289,3088,3091.0,D2,D1,telemetry,141,24,7aae7a6717b3474d,8,True,,,,D2,benign,
297,3100,3102.0,D2,D1,trust_report,136,25,7aae7a6717b3474d,8,True,,,,D2,benign,
298,3100,3102.0,D3,D1,trust_report,136,25,0cbace0af2b46d66,8,True,,,,D3,benign,
302,3100,3102.0,D7,D1,trust_report,136,96,c65fcf7bebefb46f,8,True,,,,D7,benign,
304,3100,3102.0,D9,D1,trust_report,136,23,3703b933b94a2421,8,True,,,,D9,benign,
301,3100,3103.0,D6,D1,trust_report,136,20,6bb52aad6e625485,8,True,,,,D6,benign,
303,3100,3103.0,D8,D1,trust_report,136,23,cfefd62ad48a30c7,8,True,,,,D8,benign,
305,3100,3103.0,D10,D1,trust_report,136,26,a2705d9e0eeb48ee,8,True,,,,D10,benign,
299,3100,3105.0,D4,D1,trust_report,136,24,1d9cc43ff067d377,8,True,,,,D4,benign,
312,3102,3105.0,D8,D1,telemetry,131,24,cfefd62ad48a30c7,8,True,,,,D8,benign,
309,3106,3109.0,D7,D1,video,1032,98,c65fcf7bebefb46f,8,True,,,,D7,benign,
313,3112,3115.0,D9,D1,telemetry,128,24,3703b933b94a2421,8,True,,,,D9,benign,
307,3115,3118.0,D6,D1,telemetry,109,21,6bb52aad6e625485,8,True,,,,D6,benign,
308,3168,3171.0,D7,D1,telemetry,132,97,c65fcf7bebefb46f,8,True,,,,D7,benign,
306,3171,3173.0,D1,D3,heartbeat,40,21,,8,,,,,D1,benign,
306,3171,3173.0,D1,D7,heartbeat,40,21,,8,,,,,D1,benign,
306,3171,3174.0,D1,D2,heartbeat,40,21,,8,,,,,D1,benign,
306,3171,3174.0,D1,D4,heartbeat,40,21,,8,,,,,D1,benign,
306,3171,3174.0,D1,D9,heartbeat,40,21,,8,,,,,D1,benign,
306,3171,3174.0,D1,D10,heartbeat,40,21,,8,,,,,D1,benign,
306,3171,3175.0,D1,D6,heartbeat,40,21,,8,,,,,D1,benign,
306,3171,3175.0,D1,D8,heartbeat,40,21,,8,,,,,D1,benign,
306,3171,3176.0,D1,D5,heartbeat,40,21,,8,,,,,D1,benign,
310,3174,3177.0,D7,D1,video,1017,99,c65fcf7bebefb46f,8,True,,,,D7,benign,
311,3182,3186.0,D7,D1,video,1032,100,c65fcf7bebefb46f,8,True,,,,D7,benign,
314,3206,,D2,D4,heartbeat,45,26,,8,,,,channel_loss,D2,benign,
314,3206,3208.0,D2,D10,heartbeat,45,26,,8,,,,,D2,benign,
314,3206,3209.0,D2,D1,heartbeat,45,26,,8,,,,,D2,benign,
314,3206,3209.0,D2,D3,heartbeat,45,26,,8,,,,,D2,benign,
314,3206,3209.0,D2,D5,heartbeat,45,26,,8,,,,,D2,benign,
314,3206,3209.0,D2,D6,heartbeat,45,26,,8,,,,,D2,benign,
314,3206,3209.0,D2,D7,heartbeat,45,26,,8,,,,,D2,benign,
314,3206,3209.0,D2,D8,heartbeat,45,26,,8,,,,,D2,benign,
314,3206,3209.0,D2,D9,heartbeat,45,26,,8,,,,,D2,benign,
317,3206,3209.0,D4,D1,telemetry,122,25,1d9cc43ff067d377,8,True,,,,D4,benign,
318,3208,3211.0,D7,D1,video,1209,101,c65fcf7bebefb46f,8,True,,,,D7,benign,
322,3226,3229.0,D10,D1,telemetry,122,27,a2705d9e0eeb48ee,8,True,,,,D10,benign,
316,3249,3252.0,D3,D1,telemetry,115,26,0cbace0af2b46d66,8,True,,,,D3,benign,
315,3272,3275.0,D2,D1,telemetry,109,27,7aae7a6717b3474d,8,True,,,,D2,benign,
319,3277,3280.0,D7,D1,video,1327,102,c65fcf7bebefb46f,8,True,,,,D7,benign,
321,3288,3290.0,D8,D1,telemetry,114,25,cfefd62ad48a30c7,8,True,,,,D8,benign,
320,3299,3302.0,D7,D1,video,956,103,c65fcf7bebefb46f,8,True,,,,D7,benign,
330,3307,3309.0,D9,D1,telemetry,155,25,3703b933b94a2421,8,True,,,,D9,benign,
327,3314,3317.0,D7,D1,video,969,105,c65fcf7bebefb46f,8,True,,,,D7,benign,
328,3329,3332.0,D7,D1,video,1243,106,c65fcf7bebefb46f,8,True,,,,D7,benign,
326,3348,3351.0,D7,D1,telemetry,127,104,c65fcf7bebefb46f,8,True,,,,D7,benign,
325,3360,3363.0,D6,D1,telemetry,99,22,6bb52aad6e625485,8,True,,,,D6,benign,
329,3374,3378.0,D7,D1,video,1169,107,c65fcf7bebefb46f,8,True,,,,D7,benign,
331,3390,3393.0,D10,D1,telemetry,138,28,a2705d9e0eeb48ee,8,True,,,,D10,benign,
323,3400,3403.0,D4,D1,telemetry,112,26,1d9cc43ff067d377,8,True,,,,D4,benign,
334,3410,3412.0,D5,D1,heartbeat,46,25,,8,,,,,D5,benign,
334,3410,3412.0,D5,D4,heartbeat,46,25,,8,,,,,D5,benign,
334,3410,3412.0,D5,D6,heartbeat,46,25,,8,,,,,D5,benign,
334,3410,3412.0,D5,D8,heartbeat,46,25,,8,,,,,D5,benign,
334,3410,3413.0,D5,D2,heartbeat,46,25,,8,,,,,D5,benign,
334,3410,3413.0,D5,D9,heartbeat,46,25,,8,,,,,D5,benign,
334,3410,3414.0,D5,D3,heartbeat,46,25,,8,,,,,D5,benign,
334,3410,3414.0,D5,D7,heartbeat,46,25,,8,,,,,D5,benign,
336,3429,3431.0,D8,D2,heartbeat,38,26,,8,,,,,D8,benign,
336,3429,3431.0,D8,D3,heartbeat,38,26,,8,,,,,D8,benign,
336,3429,3431.0,D8,D4,heartbeat,38,26,,8,,,,,D8,benign,
336,3429,3431.0,D8,D5,heartbeat,38,26,,8,,,,,D8,benign,
336,3429,3431.0,D8,D6,heartbeat,38,26,,8,,,,,D8,benign,
336,3429,3432.0,D8,D1,heartbeat,38,26,,8,,,,,D8,benign,
336,3429,3432.0,D8,D7,heartbeat,38,26,,8,,,,,D8,benign,
336,3429,3432.0,D8,D10,heartbeat,38,26,,8,,,,,D8,benign,
336,3429,3433.0,D8,D9,heartbeat,38,26,,8,,,,,D8,benign,
333,3433,3435.0,D3,D1,telemetry,107,27,0cbace0af2b46d66,8,True,,,,D3,benign,
332,3459,3461.0,D2,D1,telemetry,124,28,7aae7a6717b3474d,8,True,,,,D2,benign,
337,3470,3472.0,D8,D1,telemetry,128,27,cfefd62ad48a30c7,8,True,,,,D8,benign,
335,3482,3485.0,D7,D1,video,1077,108,c65fcf7bebefb46f,8,True,,,,D7,benign,
338,3491,3493.0,D9,D1,telemetry,117,26,3703b933b94a2421,8,True,,,,D9,benign,
341,3520,3523.0,D7,D1,telemetry,134,109,c65fcf7bebefb46f,8,True,,,,D7,benign,
344,3560,3564.0,D10,D1,telemetry,138,29,a2705d9e0eeb48ee,8,True,,,,D10,benign,
342,3568,3571.0,D7,D1,video,1035,110,c65fcf7bebefb46f,8,True,,,,D7,benign,
343,3571,3573.0,D7,D1,video,1119,111,c65fcf7bebefb46f,8,True,,,,D7,benign,
339,3589,3591.0,D4,D1,telemetry,107,27,1d9cc43ff067d377,8,True,,,,D4,benign,
349,3604,3607.0,D6,D1,telemetry,135,23,6bb52aad6e625485,8,True,,,,D6,benign,
350,3618,3620.0,D7,D4,heartbeat,43,112,,8,,,,,D7,benign,
350,3618,3620.0,D7,D6,heartbeat,43,112,,8,,,,,D7,benign,
350,3618,3620.0,D7,D8,heartbeat,43,112,,8,,,,,D7,benign,
350,3618,3620.0,D7,D10,heartbeat,43,112,,8,,,,,D7,benign,
350,3618,3622.0,D7,D1,heartbeat,43,112,,8,,,,,D7,benign,
350,3618,3622.0,D7,D2,heartbeat,43,112,,8,,,,,D7,benign,
350,3618,3622.0,D7,D3,heartbeat,43,112,,8,,,,,D7,benign,
350,3618,3622.0,D7,D5,heartbeat,43,112,,8,,,,,D7,benign,
350,3618,3622.0,D7,D9,heartbeat,43,112,,8,,,,,D7,benign,
354,3621,3623.0,D9,D2,heartbeat,40,27,,8,,,,,D9,benign,
354,3621,3623.0,D9,D4,heartbeat,40,27,,8,,,,,D9,benign,
354,3621,3623.0,D9,D6,heartbeat,40,27,,8,,,,,D9,benign,
354,3621,3623.0,D9,D7,heartbeat,40,27,,8,,,,,D9,benign,
354,3621,3623.0,D9,D10,heartbeat,40,27,,8,,,,,D9,benign,
351,3620,3624.0,D7,D1,video,1045,113,c65fcf7bebefb46f,8,True,,,,D7,benign,
354,3621,3624.0,D9,D3,heartbeat,40,27,,8,,,,,D9,benign,
354,3621,3624.0,D9,D5,heartbeat,40,27,,8,,,,,D9,benign,
354,3621,3624.0,D9,D8,heartbeat,40,27,,8,,,,,D9,benign,
354,3621,3625.0,D9,D1,heartbeat,40,27,,8,,,,,D9,benign,
346,3623,3626.0,D3,D1,telemetry,103,28,0cbace0af2b46d66,8,True,,,,D3,benign,
356,3637,3639.0,D10,D1,heartbeat,35,30,,8,,,,,D10,benign,
356,3637,3639.0,D10,D3,heartbeat,35,30,,8,,,,,D10,benign,
356,3637,3639.0,D10,D9,heartbeat,35,30,,8,,,,,D10,benign,
356,3637,3640.0,D10,D2,heartbeat,35,30,,8,,,,,D10,benign,
356,3637,3640.0,D10,D4,heartbeat,35,30,,8,,,,,D10,benign,
356,3637,3640.0,D10,D7,heartbeat,35,30,,8,,,,,D10,benign,
356,3637,3640.0,D10,D8,heartbeat,35,30,,8,,,,,D10,benign,
356,3637,3641.0,D10,D6,heartbeat,35,30,,8,,,,,D10,benign,
345,3639,3642.0,D2,D1,telemetry,126,29,7aae7a6717b3474d,8,True,,,,D2,benign,
353,3661,3664.0,D8,D1,telemetry,127,28,cfefd62ad48a30c7,8,True,,,,D8,benign,
355,3683,3685.0,D9,D1,telemetry,112,28,3703b933b94a2421,8,True,,,,D9,benign,
352,3688,3691.0,D7,D1,video,1145,114,c65fcf7bebefb46f,8,True,,,,D7,benign,
362,3703,3705.0,D7,D1,telemetry,113,115,c65fcf7bebefb46f,8,True,,,,D7,benign,
366,3722,3725.0,D10,D1,telemetry,122,31,a2705d9e0eeb48ee,8,True,,,,D10,benign,
363,3755,3758.0,D7,D1,video,1066,116,c65fcf7bebefb46f,8,True,,,,D7,benign,
364,3767,3770.0,D7,D1,video,900,117,c65fcf7bebefb46f,8,True,,,,D7,benign,
357,3769,3772.0,D4,D1,telemetry,95,28,1d9cc43ff067d377,8,True,,,,D4,benign,
361,3771,3773.0,D6,D1,heartbeat,33,24,,8,,,,,D6,benign,
361,3771,3773.0,D6,D4,heartbeat,33,24,,8,,,,,D6,benign,
361,3771,3773.0,D6,D5,heartbeat,33,24,,8,,,,,D6,benign,
361,3771,3774.0,D6,D2,heartbeat,33,24,,8,,,,,D6,benign,
361,3771,3774.0,D6,D7,heartbeat,33,24,,8,,,,,D6,benign,
361,3771,3774.0,D6,D8,heartbeat,33,24,,8,,,,,D6,benign,
361,3771,3774.0,D6,D9,heartbeat,33,24,,8,,,,,D6,benign,
361,3771,3774.0,D6,D10,heartbeat,33,24,,8,,,,,D6,benign,
361,3771,3775.0,D6,D3,heartbeat,33,24,,8,,,,,D6,benign,
365,3789,3792.0,D7,D1,video,1116,118,c65fcf7bebefb46f,8,True,,,,D7,benign,
367,3816,3819.0,D2,D1,telemetry,114,30,7aae7a6717b3474d,8,True,,,,D2,benign,
368,3820,3823.0,D3,D1,telemetry,102,29,0cbace0af2b46d66,8,True,,,,D3,benign,
371,3836,3838.0,D6,D1,telemetry,125,25,6bb52aad6e625485,8,True,,,,D6,benign,
373,3844,3850.0,D8,D1,telemetry,125,29,cfefd62ad48a30c7,8,True,,,,D8,benign,
374,3865,3868.0,D9,D1,telemetry,119,29,3703b933b94a2421,8,True,,,,D9,benign,
375,3883,3885.0,D10,D1,telemetry,133,32,a2705d9e0eeb48ee,8,True,,,,D10,benign,
372,3888,3890.0,D7,D1,telemetry,115,119,c65fcf7bebefb46f,8,True,,,,D7,benign,
382,3918,3922.0,D7,D1,video,1221,120,c65fcf7bebefb46f,8,True,,,,D7,benign,
377,3951,3953.0,D4,D2,heartbeat,42,29,,8,,,,,D4,benign,
377,3951,3953.0,D4,D3,heartbeat,42,29,,8,,,,,D4,benign,
377,3951,3953.0,D4,D9,heartbeat,42,29,,8,,,,,D4,benign,
377,3951,3954.0,D4,D1,heartbeat,42,29,,8,,,,,D4,benign,
377,3951,3954.0,D4,D5,heartbeat,42,29,,8,,,,,D4,benign,
377,3951,3954.0,D4,D7,heartbeat,42,29,,8,,,,,D4,benign,
377,3951,3954.0,D4,D8,heartbeat,42,29,,8,,,,,D4,benign,
377,3951,3954.0,D4,D10,heartbeat,42,29,,8,,,,,D4,benign,
377,3951,3955.0,D4,D6,heartbeat,42,29,,8,,,,,D4,benign,
378,3955,3958.0,D4,D1,telemetry,125,30,1d9cc43ff067d377,8,True,,,,D4,benign,
376,3995,3998.0,D2,D1,telemetry,120,31,7aae7a6717b3474d,8,True,,,,D2,benign,
384,4014,4016.0,D3,D1,telemetry,111,31,0cbace0af2b46d66,8,True,,,,D3,benign,
389,4034,4036.0,D8,D1,telemetry,116,30,cfefd62ad48a30c7,8,True,,,,D8,benign,
387,4045,4048.0,D7,D1,video,1126,122,c65fcf7bebefb46f,8,True,,,,D7,benign,
394,4052,4054.0,D10,D1,telemetry,137,33,a2705d9e0eeb48ee,8,True,,,,D10,benign,
393,4051,4055.0,D9,D1,telemetry,134,30,3703b933b94a2421,8,True,,,,D9,benign,
383,4062,4064.0,D3,D4,heartbeat,41,30,,8,,,,,D3,benign,
383,4062,4064.0,D3,D8,heartbeat,41,30,,8,,,,,D3,benign,
383,4062,4064.0,D3,D10,heartbeat,41,30,,8,,,,,D3,benign,
383,4062,4065.0,D3,D1,heartbeat,41,30,,8,,,,,D3,benign,
383,4062,4065.0,D3,D2,heartbeat,41,30,,8,,,,,D3,benign,
383,4062,4065.0,D3,D5,heartbeat,41,30,,8,,,,,D3,benign,
383,4062,4065.0,D3,D6,heartbeat,41,30,,8,,,,,D3,benign,
383,4062,4065.0,D3,D7,heartbeat,41,30,,8,,,,,D3,benign,
383,4062,4065.0,D3,D9,heartbeat,41,30,,8,,,,,D3,benign,
386,4063,4066.0,D7,D1,telemetry,129,121,c65fcf7bebefb46f,8,True,,,,D7,benign,
390,4068,4072.0,D8,D1,video,1002,31,cfefd62ad48a30c7,8,True,,,,D8,benign,
385,4071,4073.0,D6,D1,telemetry,109,26,6bb52aad6e625485,8,True,,,,D6,benign,
388,4085,4089.0,D7,D1,video,1264,123,c65fcf7bebefb46f,8,True,,,,D7,benign,
391,4092,4095.0,D8,D1,video,1089,32,cfefd62ad48a30c7,8,True,,,,D8,benign,
414,4164,,D8,D1,video,1079,37,cfefd62ad48a30c7,8,,,,channel_loss,D8,benign,
415,4165,,D8,D1,video,1089,38,cfefd62ad48a30c7,8,,,,channel_loss,D8,benign,
392,4099,4102.0,D8,D1,video,1152,33,cfefd62ad48a30c7,8,True,,,,D8,benign,
395,4100,4102.0,D2,D1,trust_report,136,32,7aae7a6717b3474d,8,True,,,,D2,benign,
403,4100,4102.0,D10,D1,trust_report,136,34,a2705d9e0eeb48ee,8,True,,,,D10,benign,
396,4100,4103.0,D3,D1,trust_report,136,32,0cbace0af2b46d66,8,True,,,,D3,benign,
397,4100,4103.0,D4,D1,trust_report,136,31,1d9cc43ff067d377,8,True,,,,D4,benign,
399,4100,4103.0,D6,D1,trust_report,136,27,6bb52aad6e625485,8,True,,,,D6,benign,
400,4100,4103.0,D7,D1,trust_report,136,124,c65fcf7bebefb46f,8,True,,,,D7,benign,
401,4100,4103.0,D8,D1,trust_report,136,34,cfefd62ad48a30c7,8,True,,,,D8,benign,
402,4100,4103.0,D9,D1,trust_report,136,31,3703b933b94a2421,8,True,,,,D9,benign,
412,4121,4124.0,D8,D1,video,1291,35,cfefd62ad48a30c7,8,True,,,,D8,benign,
413,4128,4131.0,D8,D1,video,1137,36,cfefd62ad48a30c7,8,True,,,,D8,benign,
406,4138,4140.0,D4,D1,telemetry,109,32,1d9cc43ff067d377,8,True,,,,D4,benign,
404,4151,4153.0,D1,D6,heartbeat,38,22,,8,,,,,D1,benign,
404,4151,4153.0,D1,D7,heartbeat,38,22,,8,,,,,D1,benign,
404,4151,4153.0,D1,D10,heartbeat,38,22,,8,,,,,D1,benign,
404,4151,4154.0,D1,D2,heartbeat,38,22,,8,,,,,D1,benign,
404,4151,4154.0,D1,D3,heartbeat,38,22,,8,,,,,D1,benign,
404,4151,4154.0,D1,D4,heartbeat,38,22,,8,,,,,D1,benign,
404,4151,4154.0,D1,D8,heartbeat,38,22,,8,,,,,D1,benign,
404,4151,4154.0,D1,D9,heartbeat,38,22,,8,,,,,D1,benign,
404,4151,4155.0,D1,D5,heartbeat,38,22,,8,,,,,D1,benign,
408,4155,4160.0,D7,D1,video,1191,125,c65fcf7bebefb46f,8,True,,,,D7,benign,
405,4175,4179.0,D2,D1,telemetry,117,33,7aae7a6717b3474d,8,True,,,,D2,benign,
409,4178,4181.0,D7,D1,video,1170,126,c65fcf7bebefb46f,8,True,,,,D7,benign,
410,4187,4191.0,D7,D1,video,968,127,c65fcf7bebefb46f,8,True,,,,D7,benign,
417,4207,,D3,D1,telemetry,119,33,0cbace0af2b46d66,8,,,,channel_loss,D3,benign,
419,4235,,D7,D1,video,775,130,c65fcf7bebefb46f,8,,,,channel_loss,D7,benign,
411,4198,4201.0,D7,D1,video,1182,128,c65fcf7bebefb46f,8,True,,,,D7,benign,
426,4214,4217.0,D10,D1,telemetry,134,35,a2705d9e0eeb48ee,8,True,,,,D10,benign,
421,4231,4233.0,D8,D1,telemetry,120,39,cfefd62ad48a30c7,8,True,,,,D8,benign,
422,4231,4234.0,D8,D1,video,1061,40,cfefd62ad48a30c7,8,True,,,,D8,benign,
425,4233,4236.0,D9,D1,telemetry,128,32,3703b933b94a2421,8,True,,,,D9,benign,
416,4240,4242.0,D2,D3,heartbeat,40,34,,8,,,,,D2,benign,
416,4240,4242.0,D2,D4,heartbeat,40,34,,8,,,,,D2,benign,
416,4240,4242.0,D2,D9,heartbeat,40,34,,8,,,,,D2,benign,
416,4240,4242.0,D2,D10,heartbeat,40,34,,8,,,,,D2,benign,
416,4240,4243.0,D2,D1,heartbeat,40,34,,8,,,,,D2,benign,
416,4240,4243.0,D2,D5,heartbeat,40,34,,8,,,,,D2,benign,
416,4240,4243.0,D2,D6,heartbeat,40,34,,8,,,,,D2,benign,
416,4240,4243.0,D2,D7,heartbeat,40,34,,8,,,,,D2,benign,
416,4240,4244.0,D2,D8,heartbeat,40,34,,8,,,,,D2,benign,
418,4247,4249.0,D7,D1,telemetry,111,129,c65fcf7bebefb46f,8,True,,,,D7,benign,
420,4257,4260.0,D7,D1,video,987,131,c65fcf7bebefb46f,8,True,,,,D7,benign,
423,4268,4272.0,D8,D1,video,1059,41,cfefd62ad48a30c7,8,True,,,,D8,benign,
424,4285,4288.0,D8,D1,video,1229,42,cfefd62ad48a30c7,8,True,,,,D8,benign,
431,4311,4314.0,D6,D1,telemetry,115,28,6bb52aad6e625485,8,True,,,,D6,benign,
432,4313,4317.0,D7,D1,video,1182,132,c65fcf7bebefb46f,8,True,,,,D7,benign,
435,4314,4317.0,D8,D1,video,1030,43,cfefd62ad48a30c7,8,True,,,,D8,benign,
429,4326,4329.0,D4,D1,telemetry,94,33,1d9cc43ff067d377,8,True,,,,D4,benign,
427,4346,4348.0,D2,D1,telemetry,107,35,7aae7a6717b3474d,8,True,,,,D2,benign,
437,4364,4366.0,D5,D1,auth_request,152,40,,8,,True,,,D5,benign,
439,4381,4383.0,D1,D4,rl_broadcast,32,24,,8,,,,,D1,benign,
439,4381,4383.0,D1,D7,rl_broadcast,32,24,,8,,,,,D1,benign,
439,4381,4383.0,D1,D8,rl_broadcast,32,24,,8,,,,,D1,benign,
438,4381,4384.0,D1,D5,auth_response,152,23,,8,,True,,,D1,benign,
439,4381,4384.0,D1,D2,rl_broadcast,32,24,,8,,,,,D1,benign,
439,4381,4384.0,D1,D3,rl_broadcast,32,24,,8,,,,,D1,benign,
439,4381,4384.0,D1,D5,rl_broadcast,32,24,,8,,,,,D1,benign,
439,4381,4384.0,D1,D9,rl_broadcast,32,24,,8,,,,,D1,benign,
439,4381,4384.0,D1,D10,rl_broadcast,32,24,,8,,,,,D1,benign,
439,4381,4385.0,D1,D6,rl_broadcast,32,24,,8,,,,,D1,benign,
430,4384,4386.0,D5,D1,telemetry,133,39,9553ccf1ec537ad8,8,True,,,,D5,benign,
428,4389,4392.0,D3,D1,telemetry,126,34,0cbace0af2b46d66,8,True,,,,D3,benign,
436,4391,4393.0,D10,D1,telemetry,126,36,a2705d9e0eeb48ee,8,True,,,,D10,benign,
433,4394,4397.0,D7,D1,video,865,133,c65fcf7bebefb46f,8,True,,,,D7,benign,
434,4396,4399.0,D7,D1,video,1153,134,c65fcf7bebefb46f,8,True,,,,D7,benign,
451,4428,,D8,D1,video,1203,46,cfefd62ad48a30c7,8,,,,channel_loss,D8,benign,
456,4416,4419.0,D9,D1,telemetry,123,33,3703b933b94a2421,8,True,,,,D9,benign,
450,4428,4431.0,D8,D1,telemetry,134,45,cfefd62ad48a30c7,8,True,,,,D8,benign,
442,4429,4432.0,D7,D1,video,1225,136,c65fcf7bebefb46f,8,True,,,,D7,benign,
441,4430,4432.0,D7,D1,telemetry,144,135,c65fcf7bebefb46f,8,True,,,,D7,benign,
443,4430,4433.0,D7,D1,video,1061,137,c65fcf7bebefb46f,8,True,,,,D7,benign,
452,4431,4434.0,D8,D1,video,940,47,cfefd62ad48a30c7,8,True,,,,D8,benign,
440,4450,4452.0,D5,D2,heartbeat,40,41,,8,,,,,D5,benign,
440,4450,4452.0,D5,D3,heartbeat,40,41,,8,,,,,D5,benign,
440,4450,4452.0,D5,D4,heartbeat,40,41,,8,,,,,D5,benign,
440,4450,4453.0,D5,D1,heartbeat,40,41,,8,,,,,D5,benign,
440,4450,4453.0,D5,D6,heartbeat,40,41,,8,,,,,D5,benign,
440,4450,4453.0,D5,D8,heartbeat,40,41,,8,,,,,D5,benign,
440,4450,4453.0,D5,D9,heartbeat,40,41,,8,,,,,D5,benign,
453,4450,4453.0,D8,D1,video,1196,48,cfefd62ad48a30c7,8,True,,,,D8,benign,
440,4450,4454.0,D5,D7,heartbeat,40,41,,8,,,,,D5,benign,
444,4455,4459.0,D7,D1,video,1021,138,c65fcf7bebefb46f,8,True,,,,D7,benign,
454,4460,4464.0,D8,D1,video,1067,49,cfefd62ad48a30c7,8,True,,,,D8,benign,
445,4469,4473.0,D7,D1,video,1169,139,c65fcf7bebefb46f,8,True,,,,D7,benign,
449,4471,4473.0,D8,D1,heartbeat,37,44,,8,,,,,D8,benign,
449,4471,4473.0,D8,D3,heartbeat,37,44,,8,,,,,D8,benign,
449,4471,4473.0,D8,D6,heartbeat,37,44,,8,,,,,D8,benign,
449,4471,4473.0,D8,D7,heartbeat,37,44,,8,,,,,D8,benign,
449,4471,4474.0,D8,D2,heartbeat,37,44,,8,,,,,D8,benign,
449,4471,4474.0,D8,D4,heartbeat,37,44,,8,,,,,D8,benign,
449,4471,4474.0,D8,D5,heartbeat,37,44,,8,,,,,D8,benign,
449,4471,4474.0,D8,D9,heartbeat,37,44,,8,,,,,D8,benign,
449,4471,4474.0,D8,D10,heartbeat,37,44,,8,,,,,D8,benign,
446,4472,4475.0,D7,D1,video,1216,140,c65fcf7bebefb46f,8,True,,,,D7,benign,
447,4474,4477.0,D7,D1,video,999,141,c65fcf7bebefb46f,8,True,,,,D7,benign,
448,4478,4480.0,D7,D1,video,860,142,c65fcf7bebefb46f,8,True,,,,D7,benign,
455,4500,4503.0,D8,D1,video,943,50,cfefd62ad48a30c7,8,True,,,,D8,benign,
459,4503,4506.0,D4,D1,telemetry,109,34,1d9cc43ff067d377,8,True,,,,D4,benign,
457,4520,4524.0,D2,D1,telemetry,119,36,7aae7a6717b3474d,8,True,,,,D2,benign,
463,4537,4540.0,D7,D1,video,1090,144,c65fcf7bebefb46f,8,True,,,,D7,benign,
461,4545,4547.0,D6,D1,telemetry,110,29,6bb52aad6e625485,8,True,,,,D6,benign,
464,4546,4549.0,D7,D1,video,1142,145,c65fcf7bebefb46f,8,True,,,,D7,benign,
466,4558,4561.0,D8,D1,video,1040,51,cfefd62ad48a30c7,8,True,,,,D8,benign,
460,4561,4563.0,D5,D1,telemetry,120,42,9553ccf1ec537ad8,8,True,,,,D5,benign,
470,4565,4568.0,D10,D1,telemetry,119,37,a2705d9e0eeb48ee,8,True,,,,D10,benign,
468,4574,4576.0,D9,D3,heartbeat,39,34,,8,,,,,D9,benign,
468,4574,4576.0,D9,D4,heartbeat,39,34,,8,,,,,D9,benign,
468,4574,4576.0,D9,D5,heartbeat,39,34,,8,,,,,D9,benign,
458,4574,4577.0,D3,D1,telemetry,134,35,0cbace0af2b46d66,8,True,,,,D3,benign,
468,4574,4577.0,D9,D1,heartbeat,39,34,,8,,,,,D9,benign,
468,4574,4577.0,D9,D2,heartbeat,39,34,,8,,,,,D9,benign,
468,4574,4577.0,D9,D6,heartbeat,39,34,,8,,,,,D9,benign,
468,4574,4577.0,D9,D7,heartbeat,39,34,,8,,,,,D9,benign,
468,4574,4577.0,D9,D8,heartbeat,39,34,,8,,,,,D9,benign,
468,4574,4577.0,D9,D10,heartbeat,39,34,,8,,,,,D9,benign,
465,4581,4584.0,D7,D1,video,1053,146,c65fcf7bebefb46f,8,True,,,,D7,benign,
467,4583,4586.0,D8,D1,video,1136,52,cfefd62ad48a30c7,8,True,,,,D8,benign,
469,4595,4598.0,D9,D1,telemetry,95,35,3703b933b94a2421,8,True,,,,D9,benign,
462,4598,4601.0,D7,D1,telemetry,111,143,c65fcf7bebefb46f,8,True,,,,D7,benign,
476,4607,4610.0,D8,D1,telemetry,109,53,cfefd62ad48a30c7,8,True,,,,D8,benign,
472,4614,4616.0,D7,D3,heartbeat,34,147,,8,,,,,D7,benign,
472,4614,4616.0,D7,D5,heartbeat,34,147,,8,,,,,D7,benign,
472,4614,4616.0,D7,D8,heartbeat,34,147,,8,,,,,D7,benign,
472,4614,4616.0,D7,D9,heartbeat,34,147,,8,,,,,D7,benign,
472,4614,4617.0,D7,D2,heartbeat,34,147,,8,,,,,D7,benign,
472,4614,4617.0,D7,D4,heartbeat,34,147,,8,,,,,D7,benign,
472,4614,4617.0,D7,D6,heartbeat,34,147,,8,,,,,D7,benign,
472,4614,4618.0,D7,D1,heartbeat,34,147,,8,,,,,D7,benign,
472,4614,4618.0,D7,D10,heartbeat,34,147,,8,,,,,D7,benign,
477,4634,4638.0,D8,D1,video,995,54,cfefd62ad48a30c7,8,True,,,,D8,benign,
473,4645,4648.0,D7,D1,video,1328,148,c65fcf7bebefb46f,8,True,,,,D7,benign,
478,4657,4660.0,D8,D1,video,1148,55,cfefd62ad48a30c7,8,True,,,,D8,benign,
479,4662,4664.0,D10,D6,heartbeat,46,38,,8,,,,,D10,benign,
479,4662,4664.0,D10,D7,heartbeat,46,38,,8,,,,,D10,benign,
479,4662,4664.0,D10,D8,heartbeat,46,38,,8,,,,,D10,benign,
479,4662,4664.0,D10,D9,heartbeat,46,38,,8,,,,,D10,benign,
479,4662,4665.0,D10,D1,heartbeat,46,38,,8,,,,,D10,benign,
479,4662,4665.0,D10,D2,heartbeat,46,38,,8,,,,,D10,benign,
479,4662,4665.0,D10,D3,heartbeat,46,38,,8,,,,,D10,benign,
479,4662,4665.0,D10,D4,heartbeat,46,38,,8,,,,,D10,benign,
474,4673,4676.0,D7,D1,video,958,149,c65fcf7bebefb46f,8,True,,,,D7,benign,
471,4685,4688.0,D4,D1,telemetry,129,35,1d9cc43ff067d377,8,True,,,,D4,benign,
475,4691,4695.0,D7,D1,video,1068,150,c65fcf7bebefb46f,8,True,,,,D7,benign,
480,4702,4707.0,D2,D1,telemetry,139,37,7aae7a6717b3474d,8,True,,,,D2,benign,
486,4720,4724.0,D7,D1,video,1074,152,c65fcf7bebefb46f,8,True,,,,D7,benign,
483,4725,4727.0,D6,D3,heartbeat,39,30,,8,,,,,D6,benign,
483,4725,4727.0,D6,D4,heartbeat,39,30,,8,,,,,D6,benign,
483,4725,4727.0,D6,D7,heartbeat,39,30,,8,,,,,D6,benign,
483,4725,4727.0,D6,D9,heartbeat,39,30,,8,,,,,D6,benign,
483,4725,4727.0,D6,D10,heartbeat,39,30,,8,,,,,D6,benign,
483,4725,4728.0,D6,D1,heartbeat,39,30,,8,,,,,D6,benign,
483,4725,4728.0,D6,D2,heartbeat,39,30,,8,,,,,D6,benign,
483,4725,4728.0,D6,D5,heartbeat,39,30,,8,,,,,D6,benign,
483,4725,4728.0,D6,D8,heartbeat,39,30,,8,,,,,D6,benign,
492,4726,4728.0,D10,D1,telemetry,132,39,a2705d9e0eeb48ee,8,True,,,,D10,benign,
487,4739,4742.0,D7,D1,video,1088,153,c65fcf7bebefb46f,8,True,,,,D7,benign,
488,4750,4754.0,D7,D1,video,1171,154,c65fcf7bebefb46f,8,True,,,,D7,benign,
481,4764,4767.0,D3,D1,telemetry,109,36,0cbace0af2b46d66,8,True,,,,D3,benign,
482,4770,4773.0,D5,D1,telemetry,93,43,9553ccf1ec537ad8,8,True,,,,D5,benign,
484,4774,4777.0,D6,D1,telemetry,112,31,6bb52aad6e625485,8,True,,,,D6,benign,
491,4781,4783.0,D9,D1,telemetry,125,36,3703b933b94a2421,8,True,,,,D9,benign,
485,4783,4785.0,D7,D1,telemetry,98,151,c65fcf7bebefb46f,8,True,,,,D7,benign,
489,4786,4789.0,D8,D1,telemetry,122,56,cfefd62ad48a30c7,8,True,,,,D8,benign,
490,4798,4800.0,D8,D1,video,1012,57,cfefd62ad48a30c7,8,True,,,,D8,benign,
497,4802,4806.0,D8,D1,video,1115,58,cfefd62ad48a30c7,8,True,,,,D8,benign,
498,4831,4835.0,D8,D1,video,1220,59,cfefd62ad48a30c7,8,True,,,,D8,benign,
495,4836,4839.0,D7,D1,video,1140,155,c65fcf7bebefb46f,8,True,,,,D7,benign,
499,4838,4842.0,D8,D1,video,1070,60,cfefd62ad48a30c7,8,True,,,,D8,benign,
500,4846,4850.0,D8,D1,video,1072,61,cfefd62ad48a30c7,8,True,,,,D8,benign,
501,4859,4862.0,D8,D1,video,994,62,cfefd62ad48a30c7,8,True,,,,D8,benign,
496,4863,4867.0,D7,D1,video,1019,156,c65fcf7bebefb46f,8,True,,,,D7,benign,
494,4874,4878.0,D4,D1,telemetry,115,36,1d9cc43ff067d377,8,True,,,,D4,benign,
493,4886,4888.0,D2,D1,telemetry,121,38,7aae7a6717b3474d,8,True,,,,D2,benign,
502,4890,4894.0,D8,D1,video,1225,63,cfefd62ad48a30c7,8,True,,,,D8,benign,
514,4901,4904.0,D10,D1,telemetry,98,40,a2705d9e0eeb48ee,8,True,,,,D10,benign,
511,4919,4922.0,D8,D1,video,1098,65,cfefd62ad48a30c7,8,True,,,,D8,benign,
507,4922,4925.0,D7,D1,video,884,158,c65fcf7bebefb46f,8,True,,,,D7,benign,
504,4923,4925.0,D4,D3,heartbeat,37,37,,8,,,,,D4,benign,
504,4923,4925.0,D4,D5,heartbeat,37,37,,8,,,,,D4,benign,
504,4923,4925.0,D4,D8,heartbeat,37,37,,8,,,,,D4,benign,
504,4923,4926.0,D4,D2,heartbeat,37,37,,8,,,,,D4,benign,
504,4923,4926.0,D4,D6,heartbeat,37,37,,8,,,,,D4,benign,
504,4923,4926.0,D4,D7,heartbeat,37,37,,8,,,,,D4,benign,
504,4923,4926.0,D4,D9,heartbeat,37,37,,8,,,,,D4,benign,
504,4923,4926.0,D4,D10,heartbeat,37,37,,8,,,,,D4,benign,
504,4923,4927.0,D4,D1,heartbeat,37,37,,8,,,,,D4,benign,
508,4936,4940.0,D7,D1,video,1028,159,c65fcf7bebefb46f,8,True,,,,D7,benign,
503,4951,4955.0,D3,D1,telemetry,109,37,0cbace0af2b46d66,8,True,,,,D3,benign,
509,4952,4956.0,D7,D1,video,1056,160,c65fcf7bebefb46f,8,True,,,,D7,benign,
506,4954,4957.0,D7,D1,telemetry,116,157,c65fcf7bebefb46f,8,True,,,,D7,benign,
512,4970,4973.0,D8,D1,video,1189,66,cfefd62ad48a30c7,8,True,,,,D8,benign,
505,4971,4974.0,D5,D1,telemetry,111,44,9553ccf1ec537ad8,8,True,,,,D5,benign,
510,4974,4976.0,D8,D1,telemetry,127,64,cfefd62ad48a30c7,8,True,,,,D8,benign,
513,4974,4976.0,D9,D1,telemetry,119,37,3703b933b94a2421,8,True,,,,D9,benign,
518,5012,5015.0,D6,D1,telemetry,120,32,6bb52aad6e625485,8,True,,,,D6,benign,
520,5022,5025.0,D8,D1,video,1120,67,cfefd62ad48a30c7,8,True,,,,D8,benign,
521,5030,5033.0,D8,D1,video,1020,68,cfefd62ad48a30c7,8,True,,,,D8,benign,
522,5031,5034.0,D8,D1,video,1096,69,cfefd62ad48a30c7,8,True,,,,D8,benign,
517,5059,5061.0,D4,D1,telemetry,130,38,1d9cc43ff067d377,8,True,,,,D4,benign,
516,5060,5062.0,D3,D1,heartbeat,37,38,,8,,,,,D3,benign,
516,5060,5062.0,D3,D2,heartbeat,37,38,,8,,,,,D3,benign,
516,5060,5062.0,D3,D7,heartbeat,37,38,,8,,,,,D3,benign,
516,5060,5062.0,D3,D8,heartbeat,37,38,,8,,,,,D3,benign,
516,5060,5062.0,D3,D10,heartbeat,37,38,,8,,,,,D3,benign,
516,5060,5063.0,D3,D5,heartbeat,37,38,,8,,,,,D3,benign,
516,5060,5063.0,D3,D6,heartbeat,37,38,,8,,,,,D3,benign,
516,5060,5063.0,D3,D9,heartbeat,37,38,,8,,,,,D3,benign,
516,5060,5064.0,D3,D4,heartbeat,37,38,,8,,,,,D3,benign,
515,5070,5075.0,D2,D1,telemetry,118,39,7aae7a6717b3474d,8,True,,,,D2,benign,
524,5075,5077.0,D10,D1,telemetry,129,41,a2705d9e0eeb48ee,8,True,,,,D10,benign,
523,5075,5078.0,D8,D1,video,1132,70,cfefd62ad48a30c7,8,True,,,,D8,benign,
519,5084,5087.0,D7,D1,video,975,161,c65fcf7bebefb46f,8,True,,,,D7,benign,
525,5100,5102.0,D2,D1,trust_report,136,40,7aae7a6717b3474d,8,True,,,,D2,benign,
526,5100,5102.0,D3,D1,trust_report,136,39,0cbace0af2b46d66,8,True,,,,D3,benign,
527,5100,5102.0,D4,D1,trust_report,136,39,1d9cc43ff067d377,8,True,,,,D4,benign,
528,5100,5102.0,D5,D1,trust_report,136,45,9553ccf1ec537ad8,8,True,,,,D5,benign,
529,5100,5102.0,D6,D1,trust_report,136,33,6bb52aad6e625485,8,True,,,,D6,benign,
530,5100,5102.0,D7,D1,trust_report,136,162,c65fcf7bebefb46f,8,True,,,,D7,benign,
532,5100,5102.0,D9,D1,trust_report,136,38,3703b933b94a2421,8,True,,,,D9,benign,
533,5100,5104.0,D10,D1,trust_report,136,42,a2705d9e0eeb48ee,8,True,,,,D10,benign,
531,5100,5105.0,D8,D1,trust_report,136,71,cfefd62ad48a30c7,8,True,,,,D8,benign,
541,5107,5110.0,D8,D1,video,933,73,cfefd62ad48a30c7,8,True,,,,D8,benign,
542,5119,5122.0,D8,D1,video,1007,74,cfefd62ad48a30c7,8,True,,,,D8,benign,
535,5133,5136.0,D3,D1,telemetry,135,40,0cbace0af2b46d66,8,True,,,,D3,benign,
537,5134,5137.0,D7,D1,telemetry,120,163,c65fcf7bebefb46f,8,True,,,,D7,benign,
543,5156,5158.0,D9,D1,telemetry,109,39,3703b933b94a2421,8,True,,,,D9,benign,
538,5158,5160.0,D7,D1,video,1033,164,c65fcf7bebefb46f,8,True,,,,D7,benign,
540,5160,5162.0,D8,D1,telemetry,115,72,cfefd62ad48a30c7,8,True,,,,D8,benign,
534,5179,5181.0,D1,D2,heartbeat,45,25,,8,,,,,D1,benign,
534,5179,5181.0,D1,D4,heartbeat,45,25,,8,,,,,D1,benign,
534,5179,5181.0,D1,D10,heartbeat,45,25,,8,,,,,D1,benign,
534,5179,5182.0,D1,D6,heartbeat,45,25,,8,,,,,D1,benign,
534,5179,5182.0,D1,D8,heartbeat,45,25,,8,,,,,D1,benign,
534,5179,5182.0,D1,D9,heartbeat,45,25,,8,,,,,D1,benign,
534,5179,5183.0,D1,D3,heartbeat,45,25,,8,,,,,D1,benign,
534,5179,5183.0,D1,D5,heartbeat,45,25,,8,,,,,D1,benign,
534,5179,5183.0,D1,D7,heartbeat,45,25,,8,,,,,D1,benign,
536,5187,5189.0,D5,D1,telemetry,127,46,9553ccf1ec537ad8,8,True,,,,D5,benign,
544,5278,,D2,D4,heartbeat,42,41,,8,,,,channel_loss,D2,benign,
544,5278,,D2,D10,heartbeat,42,41,,8,,,,channel_loss,D2,benign,
539,5200,5203.0,D7,D1,video,837,165,c65fcf7bebefb46f,8,True,,,,D7,benign,
555,5206,5209.0,D8,D1,video,952,75,cfefd62ad48a30c7,8,True,,,,D8,benign,
548,5222,5225.0,D7,D1,video,965,166,c65fcf7bebefb46f,8,True,,,,D7,benign,
556,5229,5233.0,D8,D1,video,1201,76,cfefd62ad48a30c7,8,True,,,,D8,benign,
546,5234,5238.0,D4,D1,telemetry,123,40,1d9cc43ff067d377,8,True,,,,D4,benign,
549,5238,5241.0,D7,D1,video,995,167,c65fcf7bebefb46f,8,True,,,,D7,benign,
557,5239,5242.0,D8,D1,video,1062,77,cfefd62ad48a30c7,8,True,,,,D8,benign,
550,5241,5244.0,D7,D1,video,924,168,c65fcf7bebefb46f,8,True,,,,D7,benign,
545,5247,5249.0,D2,D1,telemetry,112,42,7aae7a6717b3474d,8,True,,,,D2,benign,
547,5247,5249.0,D6,D1,telemetry,148,34,6bb52aad6e625485,8,True,,,,D6,benign,
558,5248,5251.0,D8,D1,video,1126,78,cfefd62ad48a30c7,8,True,,,,D8,benign,
560,5253,5256.0,D10,D1,telemetry,156,43,a2705d9e0eeb48ee,8,True,,,,D10,benign,
551,5266,5269.0,D7,D1,video,1094,169,c65fcf7bebefb46f,8,True,,,,D7,benign,
552,5273,5276.0,D7,D1,video,1065,170,c65fcf7bebefb46f,8,True,,,,D7,benign,
544,5278,5280.0,D2,D1,heartbeat,42,41,,8,,,,,D2,benign,
544,5278,5280.0,D2,D6,heartbeat,42,41,,8,,,,,D2,benign,
544,5278,5281.0,D2,D3,heartbeat,42,41,,8,,,,,D2,benign,
544,5278,5281.0,D2,D5,heartbeat,42,41,,8,,,,,D2,benign,
544,5278,5281.0,D2,D7,heartbeat,42,41,,8,,,,,D2,benign,
544,5278,5281.0,D2,D8,heartbeat,42,41,,8,,,,,D2,benign,
544,5278,5282.0,D2,D9,heartbeat,42,41,,8,,,,,D2,benign,
553,5284,5287.0,D7,D1,video,1098,171,c65fcf7bebefb46f,8,True,,,,D7,benign,
554,5286,5290.0,D7,D1,video,1279,172,c65fcf7bebefb46f,8,True,,,,D7,benign,
559,5294,5298.0,D8,D1,video,1022,79,cfefd62ad48a30c7,8,True,,,,D8,benign,
563,5311,5315.0,D7,D1,telemetry,113,173,c65fcf7bebefb46f,8,True,,,,D7,benign,
561,5316,5318.0,D3,D1,telemetry,119,41,0cbace0af2b46d66,8,True,,,,D3,benign,
567,5319,5322.0,D8,D1,video,1025,81,cfefd62ad48a30c7,8,True,,,,D8,benign,
564,5327,5330.0,D7,D1,video,1250,174,c65fcf7bebefb46f,8,True,,,,D7,benign,
565,5332,5335.0,D7,D1,video,1226,175,c65fcf7bebefb46f,8,True,,,,D7,benign,
566,5341,5343.0,D8,D1,telemetry,118,80,cfefd62ad48a30c7,8,True,,,,D8,benign,
571,5349,5352.0,D9,D1,telemetry,122,40,3703b933b94a2421,8,True,,,,D9,benign,
568,5351,5356.0,D8,D1,video,1162,82,cfefd62ad48a30c7,8,True,,,,D8,benign,
569,5373,5376.0,D8,D1,video,1236,83,cfefd62ad48a30c7,8,True,,,,D8,benign,
570,5397,5400.0,D8,D1,video,1154,84,cfefd62ad48a30c7,8,True,,,,D8,benign,
562,5399,5401.0,D5,D1,telemetry,124,47,9553ccf1ec537ad8,8,True,,,,D5,benign,
575,5409,5411.0,D5,D2,heartbeat,41,48,,8,,,,,D5,benign,
575,5409,5411.0,D5,D3,heartbeat,41,48,,8,,,,,D5,benign,
575,5409,5412.0,D5,D4,heartbeat,41,48,,8,,,,,D5,benign,
575,5409,5412.0,D5,D6,heartbeat,41,48,,8,,,,,D5,benign,
575,5409,5412.0,D5,D7,heartbeat,41,48,,8,,,,,D5,benign,
575,5409,5412.0,D5,D8,heartbeat,41,48,,8,,,,,D5,benign,
575,5409,5412.0,D5,D9,heartbeat,41,48,,8,,,,,D5,benign,
575,5409,5413.0,D5,D1,heartbeat,41,48,,8,,,,,D5,benign,
578,5410,5413.0,D7,D1,video,999,177,c65fcf7bebefb46f,8,True,,,,D7,benign,
572,5420,5424.0,D2,D1,telemetry,101,43,7aae7a6717b3474d,8,True,,,,D2,benign,
574,5422,5424.0,D4,D1,telemetry,122,41,1d9cc43ff067d377,8,True,,,,D4,benign,
581,5424,5427.0,D10,D1,telemetry,105,44,a2705d9e0eeb48ee,8,True,,,,D10,benign,
579,5426,5428.0,D8,D7,heartbeat,40,85,,8,,,,,D8,benign,
579,5426,5428.0,D8,D9,heartbeat,40,85,,8,,,,,D8,benign,
579,5426,5429.0,D8,D1,heartbeat,40,85,,8,,,,,D8,benign,
579,5426,5429.0,D8,D2,heartbeat,40,85,,8,,,,,D8,benign,
579,5426,5429.0,D8,D3,heartbeat,40,85,,8,,,,,D8,benign,
579,5426,5429.0,D8,D4,heartbeat,40,85,,8,,,,,D8,benign,
579,5426,5429.0,D8,D5,heartbeat,40,85,,8,,,,,D8,benign,
579,5426,5429.0,D8,D6,heartbeat,40,85,,8,,,,,D8,benign,
579,5426,5430.0,D8,D10,heartbeat,40,85,,8,,,,,D8,benign,
580,5466,5469.0,D8,D1,video,1061,86,cfefd62ad48a30c7,8,True,,,,D8,benign,
576,5481,5484.0,D6,D1,telemetry,128,35,6bb52aad6e625485,8,True,,,,D6,benign,
577,5483,5486.0,D7,D1,telemetry,109,176,c65fcf7bebefb46f,8,True,,,,D7,benign,
573,5500,5502.0,D3,D1,telemetry,120,42,0cbace0af2b46d66,8,True,,,,D3,benign,
591,5511,5514.0,D8,D1,video,1092,88,cfefd62ad48a30c7,8,True,,,,D8,benign,
586,5516,5520.0,D7,D1,video,936,179,c65fcf7bebefb46f,8,True,,,,D7,benign,
587,5517,5520.0,D7,D1,video,894,180,c65fcf7bebefb46f,8,True,,,,D7,benign,
592,5522,5525.0,D8,D1,video,1170,89,cfefd62ad48a30c7,8,True,,,,D8,benign,
590,5524,5526.0,D8,D1,telemetry,128,87,cfefd62ad48a30c7,8,True,,,,D8,benign,
588,5525,5528.0,D7,D1,video,961,181,c65fcf7bebefb46f,8,True,,,,D7,benign,
596,5537,5539.0,D9,D1,heartbeat,54,41,,8,,,,,D9,benign,
596,5537,5539.0,D9,D2,heartbeat,54,41,,8,,,,,D9,benign,
596,5537,5539.0,D9,D5,heartbeat,54,41,,8,,,,,D9,benign,
596,5537,5539.0,D9,D6,heartbeat,54,41,,8,,,,,D9,benign,
596,5537,5539.0,D9,D7,heartbeat,54,41,,8,,,,,D9,benign,
596,5537,5540.0,D9,D3,heartbeat,54,41,,8,,,,,D9,benign,
596,5537,5540.0,D9,D4,heartbeat,54,41,,8,,,,,D9,benign,
596,5537,5540.0,D9,D10,heartbeat,54,41,,8,,,,,D9,benign,
596,5537,5541.0,D9,D8,heartbeat,54,41,,8,,,,,D9,benign,
589,5539,5542.0,D7,D1,video,1111,182,c65fcf7bebefb46f,8,True,,,,D7,benign,
597,5544,5547.0,D9,D1,telemetry,92,42,3703b933b94a2421,8,True,,,,D9,benign,
593,5551,5554.0,D8,D1,video,1117,90,cfefd62ad48a30c7,8,True,,,,D8,benign,
594,5576,5578.0,D8,D1,video,1100,91,cfefd62ad48a30c7,8,True,,,,D8,benign,
595,5589,5592.0,D8,D1,video,1219,92,cfefd62ad48a30c7,8,True,,,,D8,benign,
598,5591,5594.0,D10,D1,telemetry,131,45,a2705d9e0eeb48ee,8,True,,,,D10,benign,
583,5598,5600.0,D4,D1,telemetry,130,42,1d9cc43ff067d377,8,True,,,,D4,benign,
585,5598,5600.0,D7,D1,heartbeat,43,178,,8,,,,,D7,benign,
585,5598,5600.0,D7,D10,heartbeat,43,178,,8,,,,,D7,benign,
606,5653,,D8,D1,video,1082,95,cfefd62ad48a30c7,8,,,,channel_loss,D8,benign,
582,5596,5601.0,D2,D1,telemetry,91,44,7aae7a6717b3474d,8,True,,,,D2,benign,
585,5598,5601.0,D7,D2,heartbeat,43,178,,8,,,,,D7,benign,
585,5598,5601.0,D7,D3,heartbeat,43,178,,8,,,,,D7,benign,
585,5598,5601.0,D7,D8,heartbeat,43,178,,8,,,,,D7,benign,
585,5598,5601.0,D7,D9,heartbeat,43,178,,8,,,,,D7,benign,
585,5598,5602.0,D7,D4,heartbeat,43,178,,8,,,,,D7,benign,
585,5598,5602.0,D7,D6,heartbeat,43,178,,8,,,,,D7,benign,
585,5598,5603.0,D7,D5,heartbeat,43,178,,8,,,,,D7,benign,
584,5600,5603.0,D5,D1,telemetry,119,49,9553ccf1ec537ad8,8,True,,,,D5,benign,
602,5613,5617.0,D7,D1,video,1056,184,c65fcf7bebefb46f,8,True,,,,D7,benign,
604,5635,5638.0,D8,D1,video,987,93,cfefd62ad48a30c7,8,True,,,,D8,benign,
605,5648,5651.0,D8,D1,video,923,94,cfefd62ad48a30c7,8,True,,,,D8,benign,
601,5660,5664.0,D7,D1,telemetry,128,183,c65fcf7bebefb46f,8,True,,,,D7,benign,
607,5667,5670.0,D8,D1,video,1215,96,cfefd62ad48a30c7,8,True,,,,D8,benign,
603,5676,5680.0,D7,D1,video,1143,185,c65fcf7bebefb46f,8,True,,,,D7,benign,
599,5686,5690.0,D3,D1,telemetry,126,43,0cbace0af2b46d66,8,True,,,,D3,benign,
600,5692,5694.0,D6,D2,heartbeat,37,36,,8,,,,,D6,benign,
600,5692,5694.0,D6,D3,heartbeat,37,36,,8,,,,,D6,benign,
600,5692,5694.0,D6,D10,heartbeat,37,36,,8,,,,,D6,benign,
600,5692,5695.0,D6,D1,heartbeat,37,36,,8,,,,,D6,benign,
600,5692,5695.0,D6,D4,heartbeat,37,36,,8,,,,,D6,benign,
600,5692,5695.0,D6,D5,heartbeat,37,36,,8,,,,,D6,benign,
600,5692,5695.0,D6,D7,heartbeat,37,36,,8,,,,,D6,benign,
600,5692,5695.0,D6,D8,heartbeat,37,36,,8,,,,,D6,benign,
600,5692,5695.0,D6,D9,heartbeat,37,36,,8,,,,,D6,benign,
621,5711,,D10,D5,heartbeat,30,46,,8,,,,channel_loss,D10,benign,
608,5698,5702.0,D8,D1,video,1281,97,cfefd62ad48a30c7,8,True,,,,D8,benign,
618,5707,5710.0,D8,D1,telemetry,126,98,cfefd62ad48a30c7,8,True,,,,D8,benign,
621,5711,5713.0,D10,D1,heartbeat,30,46,,8,,,,,D10,benign,
621,5711,5713.0,D10,D2,heartbeat,30,46,,8,,,,,D10,benign,
621,5711,5713.0,D10,D3,heartbeat,30,46,,8,,,,,D10,benign,
621,5711,5714.0,D10,D4,heartbeat,30,46,,8,,,,,D10,benign,
621,5711,5714.0,D10,D7,heartbeat,30,46,,8,,,,,D10,benign,
621,5711,5714.0,D10,D9,heartbeat,30,46,,8,,,,,D10,benign,
621,5711,5715.0,D10,D6,heartbeat,30,46,,8,,,,,D10,benign,
621,5711,5715.0,D10,D8,heartbeat,30,46,,8,,,,,D10,benign,
612,5717,5721.0,D7,D1,video,1202,186,c65fcf7bebefb46f,8,True,,,,D7,benign,
611,5719,5723.0,D6,D1,telemetry,106,37,6bb52aad6e625485,8,True,,,,D6,benign,
620,5729,5732.0,D9,D1,telemetry,128,43,3703b933b94a2421,8,True,,,,D9,benign,
613,5740,5744.0,D7,D1,video,1017,187,c65fcf7bebefb46f,8,True,,,,D7,benign,
614,5747,5750.0,D7,D1,video,1072,188,c65fcf7bebefb46f,8,True,,,,D7,benign,
615,5760,5763.0,D7,D1,video,1047,189,c65fcf7bebefb46f,8,True,,,,D7,benign,
622,5768,5770.0,D10,D1,telemetry,111,47,a2705d9e0eeb48ee,8,True,,,,D10,benign,
619,5772,5775.0,D8,D1,video,1128,99,cfefd62ad48a30c7,8,True,,,,D8,benign,
609,5782,5784.0,D2,D1,telemetry,138,45,7aae7a6717b3474d,8,True,,,,D2,benign,
610,5782,5784.0,D4,D1,telemetry,89,43,1d9cc43ff067d377,8,True,,,,D4,benign,
616,5793,5798.0,D7,D1,video,931,190,c65fcf7bebefb46f,8,True,,,,D7,benign,
624,5801,5803.0,D5,D1,telemetry,111,50,9553ccf1ec537ad8,8,True,,,,D5,benign,
617,5800,5804.0,D7,D1,video,1240,191,c65fcf7bebefb46f,8,True,,,,D7,benign,
626,5802,5805.0,D7,D1,video,1228,193,c65fcf7bebefb46f,8,True,,,,D7,benign,
632,5827,5831.0,D8,D1,video,1035,101,cfefd62ad48a30c7,8,True,,,,D8,benign,
627,5832,5835.0,D7,D1,video,1077,194,c65fcf7bebefb46f,8,True,,,,D7,benign,
625,5841,5844.0,D7,D1,telemetry,117,192,c65fcf7bebefb46f,8,True,,,,D7,benign,
628,5861,5863.0,D7,D1,video,990,195,c65fcf7bebefb46f,8,True,,,,D7,benign,
633,5863,5867.0,D8,D1,video,1038,102,cfefd62ad48a30c7,8,True,,,,D8,benign,
629,5872,5875.0,D7,D1,video,1116,196,c65fcf7bebefb46f,8,True,,,,D7,benign,
630,5874,5877.0,D7,D1,video,910,197,c65fcf7bebefb46f,8,True,,,,D7,benign,
623,5884,5888.0,D3,D1,telemetry,117,44,0cbace0af2b46d66,8,True,,,,D3,benign,
631,5892,5895.0,D8,D1,telemetry,135,100,cfefd62ad48a30c7,8,True,,,,D8,benign,
646,5913,5916.0,D8,D1,video,1088,103,cfefd62ad48a30c7,8,True,,,,D8,benign,
643,5922,5925.0,D7,D1,video,1082,198,c65fcf7bebefb46f,8,True,,,,D7,benign,
650,5924,5928.0,D9,D1,telemetry,119,44,3703b933b94a2421,8,True,,,,D9,benign,
647,5928,5933.0,D8,D1,video,1150,104,cfefd62ad48a30c7,8,True,,,,D8,benign,
638,5931,5934.0,D5,D1,video,1175,52,9553ccf1ec537ad8,8,True,,,,D5,benign,
635,5934,5936.0,D4,D3,heartbeat,39,44,,8,,,,,D4,benign,
635,5934,5936.0,D4,D6,heartbeat,39,44,,8,,,,,D4,benign,
635,5934,5936.0,D4,D8,heartbeat,39,44,,8,,,,,D4,benign,
635,5934,5936.0,D4,D9,heartbeat,39,44,,8,,,,,D4,benign,
635,5934,5937.0,D4,D1,heartbeat,39,44,,8,,,,,D4,benign,
635,5934,5937.0,D4,D2,heartbeat,39,44,,8,,,,,D4,benign,
635,5934,5937.0,D4,D5,heartbeat,39,44,,8,,,,,D4,benign,
635,5934,5937.0,D4,D7,heartbeat,39,44,,8,,,,,D4,benign,
635,5934,5937.0,D4,D10,heartbeat,39,44,,8,,,,,D4,benign,
651,5945,5948.0,D10,D1,telemetry,117,48,a2705d9e0eeb48ee,8,True,,,,D10,benign,
634,5955,5959.0,D2,D1,telemetry,110,46,7aae7a6717b3474d,8,True,,,,D2,benign,
642,5956,5959.0,D6,D1,telemetry,123,38,6bb52aad6e625485,8,True,,,,D6,benign,
636,5958,5961.0,D4,D1,telemetry,132,45,1d9cc43ff067d377,8,True,,,,D4,benign,
648,5959,5963.0,D8,D1,video,1294,105,cfefd62ad48a30c7,8,True,,,,D8,benign,
639,5961,5965.0,D5,D1,video,1352,53,9553ccf1ec537ad8,8,True,,,,D5,benign,
649,5986,5989.0,D8,D1,video,1129,106,cfefd62ad48a30c7,8,True,,,,D8,benign,
644,5987,5991.0,D7,D1,video,1227,199,c65fcf7bebefb46f,8,True,,,,D7,benign,
640,5989,5992.0,D5,D1,video,1017,54,9553ccf1ec537ad8,8,True,,,,D5,benign,
645,5993,5996.0,D7,D1,video,1158,200,c65fcf7bebefb46f,8,True,,,,D7,benign,
641,5995,5999.0,D5,D1,video,1196,55,9553ccf1ec537ad8,8,True,,,,D5,benign,
662,6009,,D8,D1,video,1216,108,cfefd62ad48a30c7,8,,,,channel_loss,D8,benign,
655,6049,,D5,D1,video,912,57,9553ccf1ec537ad8,8,,,,channel_loss,D5,benign,
637,6000,6003.0,D5,D1,telemetry,126,51,9553ccf1ec537ad8,8,True,,,,D5,benign,
654,6001,6004.0,D5,D1,video,1092,56,9553ccf1ec537ad8,8,True,,,,D5,benign,
658,6009,6012.0,D7,D1,video,935,202,c65fcf7bebefb46f,8,True,,,,D7,benign,
657,6013,6016.0,D7,D1,telemetry,127,201,c65fcf7bebefb46f,8,True,,,,D7,benign,
663,6017,6019.0,D8,D1,video,969,109,cfefd62ad48a30c7,8,True,,,,D8,benign,
652,6038,6040.0,D3,D1,heartbeat,37,45,,8,,,,,D3,benign,
652,6038,6041.0,D3,D2,heartbeat,37,45,,8,,,,,D3,benign,
652,6038,6041.0,D3,D4,heartbeat,37,45,,8,,,,,D3,benign,
652,6038,6041.0,D3,D5,heartbeat,37,45,,8,,,,,D3,benign,
652,6038,6041.0,D3,D6,heartbeat,37,45,,8,,,,,D3,benign,
652,6038,6041.0,D3,D7,heartbeat,37,45,,8,,,,,D3,benign,
652,6038,6041.0,D3,D9,heartbeat,37,45,,8,,,,,D3,benign,
652,6038,6041.0,D3,D10,heartbeat,37,45,,8,,,,,D3,benign,
652,6038,6043.0,D3,D8,heartbeat,37,45,,8,,,,,D3,benign,
659,6043,6047.0,D7,D1,video,986,203,c65fcf7bebefb46f,8,True,,,,D7,benign,
660,6046,6049.0,D7,D1,video,1042,204,c65fcf7bebefb46f,8,True,,,,D7,benign,
656,6074,6077.0,D5,D1,video,1047,58,9553ccf1ec537ad8,8,True,,,,D5,benign,
661,6075,6077.0,D8,D1,telemetry,119,107,cfefd62ad48a30c7,8,True,,,,D8,benign,
653,6077,6079.0,D3,D1,telemetry,118,46,0cbace0af2b46d66,8,True,,,,D3,benign,
677,6133,,D5,D1,video,1168,61,9553ccf1ec537ad8,8,,,,channel_loss,D5,benign,
664,6100,6102.0,D2,D1,trust_report,136,47,7aae7a6717b3474d,8,True,,,,D2,benign,
669,6100,6102.0,D7,D1,trust_report,136,205,c65fcf7bebefb46f,8,True,,,,D7,benign,
670,6100,6102.0,D8,D1,trust_report,136,110,cfefd62ad48a30c7,8,True,,,,D8,benign,
672,6100,6102.0,D10,D1,trust_report,136,49,a2705d9e0eeb48ee,8,True,,,,D10,benign,
665,6100,6103.0,D3,D1,trust_report,136,47,0cbace0af2b46d66,8,True,,,,D3,benign,
666,6100,6103.0,D4,D1,trust_report,136,46,1d9cc43ff067d377,8,True,,,,D4,benign,
667,6100,6103.0,D5,D1,trust_report,136,59,9553ccf1ec537ad8,8,True,,,,D5,benign,
671,6100,6103.0,D9,D1,trust_report,136,45,3703b933b94a2421,8,True,,,,D9,benign,
668,6100,6104.0,D6,D1,trust_report,136,39,6bb52aad6e625485,8,True,,,,D6,benign,
685,6108,6111.0,D8,D1,video,1119,111,cfefd62ad48a30c7,8,True,,,,D8,benign,
689,6108,6111.0,D10,D1,telemetry,105,50,a2705d9e0eeb48ee,8,True,,,,D10,benign,
688,6119,6121.0,D9,D1,telemetry,90,46,3703b933b94a2421,8,True,,,,D9,benign,
680,6130,6133.0,D7,D1,video,1265,207,c65fcf7bebefb46f,8,True,,,,D7,benign,
674,6138,6140.0,D2,D1,telemetry,112,48,7aae7a6717b3474d,8,True,,,,D2,benign,
681,6146,6150.0,D7,D1,video,1274,208,c65fcf7bebefb46f,8,True,,,,D7,benign,
675,6148,6151.0,D4,D1,telemetry,126,47,1d9cc43ff067d377,8,True,,,,D4,benign,
673,6154,6156.0,D1,D10,heartbeat,38,26,,8,,,,,D1,benign,
673,6154,6157.0,D1,D2,heartbeat,38,26,,8,,,,,D1,benign,
673,6154,6157.0,D1,D3,heartbeat,38,26,,8,,,,,D1,benign,
673,6154,6157.0,D1,D4,heartbeat,38,26,,8,,,,,D1,benign,
673,6154,6157.0,D1,D5,heartbeat,38,26,,8,,,,,D1,benign,
673,6154,6157.0,D1,D6,heartbeat,38,26,,8,,,,,D1,benign,
673,6154,6157.0,D1,D8,heartbeat,38,26,,8,,,,,D1,benign,
673,6154,6157.0,D1,D9,heartbeat,38,26,,8,,,,,D1,benign,
673,6154,6158.0,D1,D7,heartbeat,38,26,,8,,,,,D1,benign,
682,6162,6165.0,D7,D1,video,1141,209,c65fcf7bebefb46f,8,True,,,,D7,benign,
683,6174,6177.0,D7,D1,video,1042,210,c65fcf7bebefb46f,8,True,,,,D7,benign,
684,6182,6185.0,D7,D1,video,1086,211,c65fcf7bebefb46f,8,True,,,,D7,benign,
679,6183,6186.0,D7,D1,telemetry,117,206,c65fcf7bebefb46f,8,True,,,,D7,benign,
686,6190,6192.0,D8,D1,video,1045,112,cfefd62ad48a30c7,8,True,,,,D8,benign,
687,6191,6194.0,D8,D1,video,1383,113,cfefd62ad48a30c7,8,True,,,,D8,benign,
678,6192,6195.0,D6,D1,telemetry,119,40,6bb52aad6e625485,8,True,,,,D6,benign,
676,6196,6198.0,D5,D1,telemetry,118,60,9553ccf1ec537ad8,8,True,,,,D5,benign,
692,6240,,D5,D1,video,1293,62,9553ccf1ec537ad8,8,,,,channel_loss,D5,benign,
695,6233,6236.0,D7,D1,video,1092,212,c65fcf7bebefb46f,8,True,,,,D7,benign,
690,6254,6256.0,D2,D9,heartbeat,37,49,,8,,,,,D2,benign,
690,6254,6257.0,D2,D3,heartbeat,37,49,,8,,,,,D2,benign,
690,6254,6257.0,D2,D4,heartbeat,37,49,,8,,,,,D2,benign,
690,6254,6257.0,D2,D5,heartbeat,37,49,,8,,,,,D2,benign,
690,6254,6257.0,D2,D6,heartbeat,37,49,,8,,,,,D2,benign,
690,6254,6257.0,D2,D7,heartbeat,37,49,,8,,,,,D2,benign,
690,6254,6257.0,D2,D8,heartbeat,37,49,,8,,,,,D2,benign,
690,6254,6257.0,D2,D10,heartbeat,37,49,,8,,,,,D2,benign,
690,6254,6258.0,D2,D1,heartbeat,37,49,,8,,,,,D2,benign,
698,6258,6261.0,D8,D1,video,1133,115,cfefd62ad48a30c7,8,True,,,,D8,benign,
696,6262,6265.0,D7,D1,video,836,213,c65fcf7bebefb46f,8,True,,,,D7,benign,
697,6267,6270.0,D8,D1,telemetry,119,114,cfefd62ad48a30c7,8,True,,,,D8,benign,
691,6269,6272.0,D3,D1,telemetry,134,48,0cbace0af2b46d66,8,True,,,,D3,benign,
701,6270,6273.0,D10,D1,telemetry,124,51,a2705d9e0eeb48ee,8,True,,,,D10,benign,
699,6275,6278.0,D8,D1,video,867,116,cfefd62ad48a30c7,8,True,,,,D8,benign,
700,6277,6280.0,D8,D1,video,1181,117,cfefd62ad48a30c7,8,True,,,,D8,benign,
693,6292,6295.0,D5,D1,video,1287,63,9553ccf1ec537ad8,8,True,,,,D5,benign,
694,6295,6300.0,D5,D1,video,959,64,9553ccf1ec537ad8,8,True,,,,D5,benign,
713,6306,6310.0,D9,D1,telemetry,101,47,3703b933b94a2421,8,True,,,,D9,benign,
702,6311,6314.0,D2,D1,telemetry,111,50,7aae7a6717b3474d,8,True,,,,D2,benign,
711,6317,6320.0,D8,D1,video,1209,119,cfefd62ad48a30c7,8,True,,,,D8,benign,
712,6320,6323.0,D8,D1,video,1140,120,cfefd62ad48a30c7,8,True,,,,D8,benign,
703,6324,6326.0,D4,D1,telemetry,121,48,1d9cc43ff067d377,8,True,,,,D4,benign,
709,6341,6345.0,D7,D1,video,1093,215,c65fcf7bebefb46f,8,True,,,,D7,benign,
708,6356,6358.0,D7,D1,telemetry,114,214,c65fcf7bebefb46f,8,True,,,,D7,benign,
704,6380,6382.0,D5,D3,heartbeat,43,65,,8,,,,,D5,benign,
704,6380,6382.0,D5,D4,heartbeat,43,65,,8,,,,,D5,benign,
704,6380,6382.0,D5,D8,heartbeat,43,65,,8,,,,,D5,benign,
704,6380,6383.0,D5,D1,heartbeat,43,65,,8,,,,,D5,benign,
704,6380,6383.0,D5,D2,heartbeat,43,65,,8,,,,,D5,benign,
704,6380,6383.0,D5,D6,heartbeat,43,65,,8,,,,,D5,benign,
704,6380,6383.0,D5,D9,heartbeat,43,65,,8,,,,,D5,benign,
706,6380,6383.0,D5,D1,video,975,67,9553ccf1ec537ad8,8,True,,,,D5,benign,
704,6380,6384.0,D5,D7,heartbeat,43,65,,8,,,,,D5,benign,
704,6380,6384.0,D5,D10,heartbeat,43,65,,8,,,,,D5,benign,
710,6391,6393.0,D8,D1,heartbeat,39,118,,8,,,,,D8,benign,
710,6391,6393.0,D8,D3,heartbeat,39,118,,8,,,,,D8,benign,
710,6391,6393.0,D8,D4,heartbeat,39,118,,8,,,,,D8,benign,
710,6391,6394.0,D8,D2,heartbeat,39,118,,8,,,,,D8,benign,
710,6391,6394.0,D8,D5,heartbeat,39,118,,8,,,,,D8,benign,
710,6391,6394.0,D8,D7,heartbeat,39,118,,8,,,,,D8,benign,
710,6391,6394.0,D8,D10,heartbeat,39,118,,8,,,,,D8,benign,
710,6391,6395.0,D8,D6,heartbeat,39,118,,8,,,,,D8,benign,
710,6391,6395.0,D8,D9,heartbeat,39,118,,8,,,,,D8,benign,
707,6394,6398.0,D5,D1,video,1054,68,9553ccf1ec537ad8,8,True,,,,D5,benign,
705,6398,6400.0,D5,D1,telemetry,118,66,9553ccf1ec537ad8,8,True,,,,D5,benign,
716,6410,6414.0,D5,D1,video,965,69,9553ccf1ec537ad8,8,True,,,,D5,benign,
724,6411,6414.0,D8,D1,video,989,122,cfefd62ad48a30c7,8,True,,,,D8,benign,
720,6417,6420.0,D6,D1,telemetry,124,41,6bb52aad6e625485,8,True,,,,D6,benign,
725,6426,6429.0,D8,D1,video,1116,123,cfefd62ad48a30c7,8,True,,,,D8,benign,
717,6431,6434.0,D5,D1,video,1137,70,9553ccf1ec537ad8,8,True,,,,D5,benign,
729,6431,6435.0,D10,D1,telemetry,131,52,a2705d9e0eeb48ee,8,True,,,,D10,benign,
721,6447,6450.0,D7,D1,video,953,216,c65fcf7bebefb46f,8,True,,,,D7,benign,
718,6453,6457.0,D5,D1,video,955,71,9553ccf1ec537ad8,8,True,,,,D5,benign,
715,6458,6461.0,D3,D1,telemetry,118,49,0cbace0af2b46d66,8,True,,,,D3,benign,
723,6464,6467.0,D8,D1,telemetry,123,121,cfefd62ad48a30c7,8,True,,,,D8,benign,
726,6472,6475.0,D8,D1,video,1175,124,cfefd62ad48a30c7,8,True,,,,D8,benign,
727,6475,6478.0,D8,D1,video,990,125,cfefd62ad48a30c7,8,True,,,,D8,benign,
722,6484,6487.0,D7,D1,video,1118,217,c65fcf7bebefb46f,8,True,,,,D7,benign,
714,6488,6490.0,D2,D1,telemetry,119,51,7aae7a6717b3474d,8,True,,,,D2,benign,
728,6490,6493.0,D9,D1,telemetry,112,48,3703b933b94a2421,8,True,,,,D9,benign,
719,6493,6496.0,D5,D1,video,1321,72,9553ccf1ec537ad8,8,True,,,,D5,benign,
738,6506,6509.0,D7,D1,video,1069,219,c65fcf7bebefb46f,8,True,,,,D7,benign,
732,6513,6516.0,D5,D1,video,961,74,9553ccf1ec537ad8,8,True,,,,D5,benign,
730,6516,6518.0,D4,D1,telemetry,108,49,1d9cc43ff067d377,8,True,,,,D4,benign,
743,6516,6519.0,D8,D1,video,1180,126,cfefd62ad48a30c7,8,True,,,,D8,benign,
733,6521,6524.0,D5,D1,video,1095,75,9553ccf1ec537ad8,8,True,,,,D5,benign,
737,6526,6528.0,D7,D1,telemetry,113,218,c65fcf7bebefb46f,8,True,,,,D7,benign,
739,6526,6529.0,D7,D1,video,1059,220,c65fcf7bebefb46f,8,True,,,,D7,benign,
746,6541,6543.0,D9,D10,heartbeat,44,49,,8,,,,,D9,benign,
734,6541,6544.0,D5,D1,video,996,76,9553ccf1ec537ad8,8,True,,,,D5,benign,
746,6541,6544.0,D9,D1,heartbeat,44,49,,8,,,,,D9,benign,
746,6541,6544.0,D9,D2,heartbeat,44,49,,8,,,,,D9,benign,
746,6541,6544.0,D9,D3,heartbeat,44,49,,8,,,,,D9,benign,
746,6541,6544.0,D9,D4,heartbeat,44,49,,8,,,,,D9,benign,
746,6541,6544.0,D9,D6,heartbeat,44,49,,8,,,,,D9,benign,
746,6541,6544.0,D9,D7,heartbeat,44,49,,8,,,,,D9,benign,
746,6541,6544.0,D9,D8,heartbeat,44,49,,8,,,,,D9,benign,
746,6541,6545.0,D9,D5,heartbeat,44,49,,8,,,,,D9,benign,
740,6555,6560.0,D7,D1,video,1171,221,c65fcf7bebefb46f,8,True,,,,D7,benign,
741,6564,6567.0,D7,D1,video,1149,222,c65fcf7bebefb46f,8,True,,,,D7,benign,
742,6568,6572.0,D7,D1,video,1058,223,c65fcf7bebefb46f,8,True,,,,D7,benign,
744,6570,6574.0,D8,D1,video,1179,127,cfefd62ad48a30c7,8,True,,,,D8,benign,
745,6574,6577.0,D8,D1,video,1092,128,cfefd62ad48a30c7,8,True,,,,D8,benign,
735,6579,6582.0,D5,D1,video,1218,77,9553ccf1ec537ad8,8,True,,,,D5,benign,
736,6593,6596.0,D5,D1,video,1187,78,9553ccf1ec537ad8,8,True,,,,D5,benign,
731,6595,6597.0,D5,D1,telemetry,126,73,9553ccf1ec537ad8,8,True,,,,D5,benign,
747,6598,6600.0,D10,D1,telemetry,106,53,a2705d9e0eeb48ee,8,True,,,,D10,benign,
759,6609,6613.0,D8,D1,video,1187,130,cfefd62ad48a30c7,8,True,,,,D8,benign,
760,6611,6614.0,D8,D1,video,1165,131,cfefd62ad48a30c7,8,True,,,,D8,benign,
753,6636,6638.0,D7,D1,heartbeat,38,224,,8,,,,,D7,benign,
753,6636,6638.0,D7,D8,heartbeat,38,224,,8,,,,,D7,benign,
753,6636,6638.0,D7,D10,heartbeat,38,224,,8,,,,,D7,benign,
753,6636,6639.0,D7,D2,heartbeat,38,224,,8,,,,,D7,benign,
753,6636,6639.0,D7,D3,heartbeat,38,224,,8,,,,,D7,benign,
753,6636,6639.0,D7,D6,heartbeat,38,224,,8,,,,,D7,benign,
753,6636,6640.0,D7,D4,heartbeat,38,224,,8,,,,,D7,benign,
753,6636,6640.0,D7,D5,heartbeat,38,224,,8,,,,,D7,benign,
753,6636,6640.0,D7,D9,heartbeat,38,224,,8,,,,,D7,benign,
755,6644,6647.0,D7,D1,video,1194,226,c65fcf7bebefb46f,8,True,,,,D7,benign,
749,6655,6658.0,D3,D1,telemetry,117,50,0cbace0af2b46d66,8,True,,,,D3,benign,
750,6656,6659.0,D5,D1,video,1019,79,9553ccf1ec537ad8,8,True,,,,D5,benign,
758,6658,6661.0,D8,D1,telemetry,113,129,cfefd62ad48a30c7,8,True,,,,D8,benign,
752,6659,6661.0,D6,D1,telemetry,126,42,6bb52aad6e625485,8,True,,,,D6,benign,
756,6665,6668.0,D7,D1,video,1090,227,c65fcf7bebefb46f,8,True,,,,D7,benign,
748,6670,6673.0,D2,D1,telemetry,126,52,7aae7a6717b3474d,8,True,,,,D2,benign,
763,6675,6677.0,D9,D1,telemetry,117,50,3703b933b94a2421,8,True,,,,D9,benign,
757,6675,6678.0,D7,D1,video,1051,228,c65fcf7bebefb46f,8,True,,,,D7,benign,
751,6678,6681.0,D5,D1,video,1248,80,9553ccf1ec537ad8,8,True,,,,D5,benign,
761,6678,6681.0,D8,D1,video,994,132,cfefd62ad48a30c7,8,True,,,,D8,benign,
762,6689,6692.0,D8,D1,video,1166,133,cfefd62ad48a30c7,8,True,,,,D8,benign,
766,6737,,D6,D5,heartbeat,39,43,,8,,,,channel_loss,D6,benign,
754,6699,6702.0,D7,D1,telemetry,131,225,c65fcf7bebefb46f,8,True,,,,D7,benign,
764,6708,6711.0,D4,D1,telemetry,124,50,1d9cc43ff067d377,8,True,,,,D4,benign,
767,6720,6723.0,D7,D1,video,1171,229,c65fcf7bebefb46f,8,True,,,,D7,benign,
773,6729,6731.0,D10,D4,heartbeat,42,54,,8,,,,,D10,benign,
773,6729,6731.0,D10,D5,heartbeat,42,54,,8,,,,,D10,benign,
773,6729,6731.0,D10,D6,heartbeat,42,54,,8,,,,,D10,benign,
773,6729,6731.0,D10,D8,heartbeat,42,54,,8,,,,,D10,benign,
773,6729,6731.0,D10,D9,heartbeat,42,54,,8,,,,,D10,benign,
773,6729,6732.0,D10,D2,heartbeat,42,54,,8,,,,,D10,benign,
773,6729,6733.0,D10,D1,heartbeat,42,54,,8,,,,,D10,benign,
773,6729,6733.0,D10,D3,heartbeat,42,54,,8,,,,,D10,benign,
773,6729,6733.0,D10,D7,heartbeat,42,54,,8,,,,,D10,benign,
765,6731,6735.0,D5,D1,video,1036,81,9553ccf1ec537ad8,8,True,,,,D5,benign,
766,6737,6739.0,D6,D10,heartbeat,39,43,,8,,,,,D6,benign,
766,6737,6740.0,D6,D4,heartbeat,39,43,,8,,,,,D6,benign,
766,6737,6740.0,D6,D7,heartbeat,39,43,,8,,,,,D6,benign,
766,6737,6740.0,D6,D8,heartbeat,39,43,,8,,,,,D6,benign,
766,6737,6741.0,D6,D1,heartbeat,39,43,,8,,,,,D6,benign,
766,6737,6741.0,D6,D2,heartbeat,39,43,,8,,,,,D6,benign,
766,6737,6741.0,D6,D3,heartbeat,39,43,,8,,,,,D6,benign,
771,6738,6741.0,D8,D1,video,1168,134,cfefd62ad48a30c7,8,True,,,,D8,benign,
766,6737,6742.0,D6,D9,heartbeat,39,43,,8,,,,,D6,benign,
768,6762,6765.0,D7,D1,video,1353,230,c65fcf7bebefb46f,8,True,,,,D7,benign,
774,6762,6765.0,D10,D1,telemetry,124,55,a2705d9e0eeb48ee,8,True,,,,D10,benign,
772,6774,6778.0,D8,D1,video,1223,135,cfefd62ad48a30c7,8,True,,,,D8,benign,
769,6785,6789.0,D7,D1,video,1072,231,c65fcf7bebefb46f,8,True,,,,D7,benign,
770,6796,6800.0,D7,D1,video,1114,232,c65fcf7bebefb46f,8,True,,,,D7,benign,
778,6810,6813.0,D5,D1,telemetry,116,82,9553ccf1ec537ad8,8,True,,,,D5,benign,
785,6825,6829.0,D8,D1,video,1024,137,cfefd62ad48a30c7,8,True,,,,D8,benign,
776,6837,6840.0,D3,D1,telemetry,116,51,0cbace0af2b46d66,8,True,,,,D3,benign,
779,6843,6845.0,D5,D1,video,1048,83,9553ccf1ec537ad8,8,True,,,,D5,benign,
784,6848,6850.0,D8,D1,telemetry,112,136,cfefd62ad48a30c7,8,True,,,,D8,benign,
782,6849,6852.0,D7,D1,video,1337,234,c65fcf7bebefb46f,8,True,,,,D7,benign,
787,6851,6853.0,D9,D1,telemetry,107,51,3703b933b94a2421,8,True,,,,D9,benign,
783,6856,6859.0,D7,D1,video,965,235,c65fcf7bebefb46f,8,True,,,,D7,benign,
775,6860,6862.0,D2,D1,telemetry,120,53,7aae7a6717b3474d,8,True,,,,D2,benign,
786,6873,6877.0,D8,D1,video,1285,138,cfefd62ad48a30c7,8,True,,,,D8,benign,
781,6883,6886.0,D7,D1,telemetry,125,233,c65fcf7bebefb46f,8,True,,,,D7,benign,
777,6884,6887.0,D4,D1,telemetry,127,51,1d9cc43ff067d377,8,True,,,,D4,benign,
780,6890,6893.0,D6,D1,telemetry,122,44,6bb52aad6e625485,8,True,,,,D6,benign,
791,6901,6904.0,D7,D1,video,794,236,c65fcf7bebefb46f,8,True,,,,D7,benign,
794,6907,6910.0,D8,D1,video,1113,139,cfefd62ad48a30c7,8,True,,,,D8,benign,
795,6908,6911.0,D8,D1,video,932,140,cfefd62ad48a30c7,8,True,,,,D8,benign,
799,6933,6935.0,D10,D1,telemetry,121,56,a2705d9e0eeb48ee,8,True,,,,D10,benign,
796,6934,6938.0,D8,D1,video,1004,141,cfefd62ad48a30c7,8,True,,,,D8,benign,
797,6935,6938.0,D8,D1,video,1143,142,cfefd62ad48a30c7,8,True,,,,D8,benign,
790,6974,6976.0,D4,D3,heartbeat,36,52,,8,,,,,D4,benign,
790,6974,6976.0,D4,D6,heartbeat,36,52,,8,,,,,D4,benign,
790,6974,6976.0,D4,D8,heartbeat,36,52,,8,,,,,D4,benign,
790,6974,6976.0,D4,D10,heartbeat,36,52,,8,,,,,D4,benign,
790,6974,6977.0,D4,D1,heartbeat,36,52,,8,,,,,D4,benign,
790,6974,6977.0,D4,D2,heartbeat,36,52,,8,,,,,D4,benign,
790,6974,6977.0,D4,D5,heartbeat,36,52,,8,,,,,D4,benign,
790,6974,6977.0,D4,D9,heartbeat,36,52,,8,,,,,D4,benign,
790,6974,6978.0,D4,D7,heartbeat,36,52,,8,,,,,D4,benign,
788,6975,6978.0,D1,D10,command,86,27,a2705d9e0eeb48ee,8,True,,,,D1,benign,
792,6976,6979.0,D7,D1,video,995,237,c65fcf7bebefb46f,8,True,,,,D7,benign,
793,6985,6988.0,D7,D1,video,1255,238,c65fcf7bebefb46f,8,True,,,,D7,benign,
798,6994,6997.0,D8,D1,video,1100,143,cfefd62ad48a30c7,8,True,,,,D8,benign,
789,6999,7001.0,D3,D2,heartbeat,30,52,,8,,,,,D3,benign,
789,6999,7001.0,D3,D4,heartbeat,30,52,,8,,,,,D3,benign,
789,6999,7001.0,D3,D5,heartbeat,30,52,,8,,,,,D3,benign,
789,6999,7001.0,D3,D6,heartbeat,30,52,,8,,,,,D3,benign,
789,6999,7001.0,D3,D8,heartbeat,30,52,,8,,,,,D3,benign,
789,6999,7001.0,D3,D10,heartbeat,30,52,,8,,,,,D3,benign,
789,6999,7002.0,D3,D1,heartbeat,30,52,,8,,,,,D3,benign,
789,6999,7002.0,D3,D7,heartbeat,30,52,,8,,,,,D3,benign,
789,6999,7003.0,D3,D9,heartbeat,30,52,,8,,,,,D3,benign,
802,7025,7028.0,D3,D1,telemetry,121,53,0cbace0af2b46d66,8,True,,,,D3,benign,
804,7026,7029.0,D5,D1,telemetry,123,84,9553ccf1ec537ad8,8,True,,,,D5,benign,
811,7026,7029.0,D8,D1,video,1001,145,cfefd62ad48a30c7,8,True,,,,D8,benign,
805,7029,7033.0,D5,D1,video,1054,85,9553ccf1ec537ad8,8,True,,,,D5,benign,
801,7035,7038.0,D2,D1,telemetry,134,54,7aae7a6717b3474d,8,True,,,,D2,benign,
816,7039,7041.0,D9,D1,telemetry,135,52,3703b933b94a2421,8,True,,,,D9,benign,
806,7043,7046.0,D5,D1,video,1022,86,9553ccf1ec537ad8,8,True,,,,D5,benign,
810,7045,7047.0,D8,D1,telemetry,112,144,cfefd62ad48a30c7,8,True,,,,D8,benign,
803,7059,7061.0,D4,D1,telemetry,110,53,1d9cc43ff067d377,8,True,,,,D4,benign,
808,7059,7063.0,D7,D1,telemetry,112,239,c65fcf7bebefb46f,8,True,,,,D7,benign,
812,7063,7067.0,D8,D1,video,1217,146,cfefd62ad48a30c7,8,True,,,,D8,benign,
807,7065,7068.0,D5,D1,video,1112,87,9553ccf1ec537ad8,8,True,,,,D5,benign,
800,7070,7073.0,D1,D2,command,82,28,7aae7a6717b3474d,8,True,,,,D1,benign,
809,7070,7073.0,D7,D1,video,1109,240,c65fcf7bebefb46f,8,True,,,,D7,benign,
813,7083,7086.0,D8,D1,video,1185,147,cfefd62ad48a30c7,8,True,,,,D8,benign,
814,7085,7088.0,D8,D1,video,1118,148,cfefd62ad48a30c7,8,True,,,,D8,benign,
815,7096,7100.0,D8,D1,video,1222,149,cfefd62ad48a30c7,8,True,,,,D8,benign,
826,7174,,D1,D5,heartbeat,47,29,,8,,,,channel_loss,D1,benign,
820,7100,7102.0,D5,D1,trust_report,136,88,9553ccf1ec537ad8,8,True,,,,D5,benign,
822,7100,7102.0,D7,D1,trust_report,136,241,c65fcf7bebefb46f,8,True,,,,D7,benign,
823,7100,7102.0,D8,D1,trust_report,136,150,cfefd62ad48a30c7,8,True,,,,D8,benign,
824,7100,7102.0,D9,D1,trust_report,136,53,3703b933b94a2421,8,True,,,,D9,benign,
825,7100,7102.0,D10,D1,trust_report,136,57,a2705d9e0eeb48ee,8,True,,,,D10,benign,
817,7100,7103.0,D2,D1,trust_report,136,55,7aae7a6717b3474d,8,True,,,,D2,benign,
818,7100,7103.0,D3,D1,trust_report,136,54,0cbace0af2b46d66,8,True,,,,D3,benign,
819,7100,7103.0,D4,D1,trust_report,136,54,1d9cc43ff067d377,8,True,,,,D4,benign,
821,7100,7103.0,D6,D1,trust_report,136,45,6bb52aad6e625485,8,True,,,,D6,benign,
835,7108,7111.0,D10,D1,telemetry,128,58,a2705d9e0eeb48ee,8,True,,,,D10,benign,
827,7118,7122.0,D5,D1,video,1009,89,9553ccf1ec537ad8,8,True,,,,D5,benign,
830,7123,7125.0,D6,D1,telemetry,123,46,6bb52aad6e625485,8,True,,,,D6,benign,
834,7137,7140.0,D8,D1,video,1176,151,cfefd62ad48a30c7,8,True,,,,D8,benign,
828,7140,7143.0,D5,D1,video,1075,90,9553ccf1ec537ad8,8,True,,,,D5,benign,
831,7140,7144.0,D7,D1,video,1167,242,c65fcf7bebefb46f,8,True,,,,D7,benign,
832,7149,7153.0,D7,D1,video,940,243,c65fcf7bebefb46f,8,True,,,,D7,benign,
829,7166,7169.0,D5,D1,video,1256,91,9553ccf1ec537ad8,8,True,,,,D5,benign,
826,7174,7176.0,D1,D2,heartbeat,47,29,,8,,,,,D1,benign,
826,7174,7176.0,D1,D7,heartbeat,47,29,,8,,,,,D1,benign,
826,7174,7176.0,D1,D8,heartbeat,47,29,,8,,,,,D1,benign,
826,7174,7177.0,D1,D3,heartbeat,47,29,,8,,,,,D1,benign,
826,7174,7177.0,D1,D9,heartbeat,47,29,,8,,,,,D1,benign,
826,7174,7178.0,D1,D4,heartbeat,47,29,,8,,,,,D1,benign,
826,7174,7178.0,D1,D6,heartbeat,47,29,,8,,,,,D1,benign,
826,7174,7179.0,D1,D10,heartbeat,47,29,,8,,,,,D1,benign,
833,7187,7190.0,D7,D1,video,1273,244,c65fcf7bebefb46f,8,True,,,,D7,benign,
843,7227,,D5,D1,video,1121,95,9553ccf1ec537ad8,8,,,,channel_loss,D5,benign,
846,7215,7218.0,D7,D1,video,1078,246,c65fcf7bebefb46f,8,True,,,,D7,benign,
837,7216,7220.0,D2,D1,telemetry,110,57,7aae7a6717b3474d,8,True,,,,D2,benign,
841,7217,7220.0,D5,D1,video,1074,93,9553ccf1ec537ad8,8,True,,,,D5,benign,
842,7218,7221.0,D5,D1,video,1136,94,9553ccf1ec537ad8,8,True,,,,D5,benign,
852,7223,7226.0,D9,D1,telemetry,108,54,3703b933b94a2421,8,True,,,,D9,benign,
840,7224,7227.0,D5,D1,telemetry,118,92,9553ccf1ec537ad8,8,True,,,,D5,benign,
838,7224,7228.0,D3,D1,telemetry,147,55,0cbace0af2b46d66,8,True,,,,D3,benign,
845,7237,7240.0,D7,D1,telemetry,139,245,c65fcf7bebefb46f,8,True,,,,D7,benign,
847,7238,7241.0,D7,D1,video,1092,247,c65fcf7bebefb46f,8,True,,,,D7,benign,
849,7238,7241.0,D8,D1,telemetry,128,152,cfefd62ad48a30c7,8,True,,,,D8,benign,
848,7244,7247.0,D7,D1,video,1046,248,c65fcf7bebefb46f,8,True,,,,D7,benign,
839,7246,7249.0,D4,D1,telemetry,91,55,1d9cc43ff067d377,8,True,,,,D4,benign,
850,7251,7254.0,D8,D1,video,1098,153,cfefd62ad48a30c7,8,True,,,,D8,benign,
836,7263,7265.0,D2,D1,heartbeat,36,56,,8,,,,,D2,benign,
836,7263,7265.0,D2,D3,heartbeat,36,56,,8,,,,,D2,benign,
836,7263,7265.0,D2,D4,heartbeat,36,56,,8,,,,,D2,benign,
836,7263,7265.0,D2,D6,heartbeat,36,56,,8,,,,,D2,benign,
836,7263,7265.0,D2,D8,heartbeat,36,56,,8,,,,,D2,benign,
836,7263,7265.0,D2,D10,heartbeat,36,56,,8,,,,,D2,benign,
836,7263,7266.0,D2,D5,heartbeat,36,56,,8,,,,,D2,benign,
836,7263,7266.0,D2,D7,heartbeat,36,56,,8,,,,,D2,benign,
836,7263,7266.0,D2,D9,heartbeat,36,56,,8,,,,,D2,benign,
853,7273,7275.0,D10,D1,telemetry,115,59,a2705d9e0eeb48ee,8,True,,,,D10,benign,
851,7281,7285.0,D8,D1,video,1183,154,cfefd62ad48a30c7,8,True,,,,D8,benign,
844,7282,7286.0,D5,D1,video,1043,96,9553ccf1ec537ad8,8,True,,,,D5,benign,
859,7313,7317.0,D8,D1,video,1063,155,cfefd62ad48a30c7,8,True,,,,D8,benign,
855,7334,7336.0,D5,D1,heartbeat,41,97,,8,,,,,D5,benign,
855,7334,7336.0,D5,D7,heartbeat,41,97,,8,,,,,D5,benign,
855,7334,7337.0,D5,D2,heartbeat,41,97,,8,,,,,D5,benign,
855,7334,7337.0,D5,D3,heartbeat,41,97,,8,,,,,D5,benign,
855,7334,7337.0,D5,D4,heartbeat,41,97,,8,,,,,D5,benign,
855,7334,7337.0,D5,D6,heartbeat,41,97,,8,,,,,D5,benign,
855,7334,7337.0,D5,D8,heartbeat,41,97,,8,,,,,D5,benign,
855,7334,7337.0,D5,D9,heartbeat,41,97,,8,,,,,D5,benign,
855,7334,7338.0,D5,D10,heartbeat,41,97,,8,,,,,D5,benign,
857,7339,7342.0,D7,D1,video,1138,249,c65fcf7bebefb46f,8,True,,,,D7,benign,
858,7356,7360.0,D7,D1,video,1210,250,c65fcf7bebefb46f,8,True,,,,D7,benign,
856,7359,7362.0,D6,D1,telemetry,121,47,6bb52aad6e625485,8,True,,,,D6,benign,
860,7362,7365.0,D8,D1,video,1212,156,cfefd62ad48a30c7,8,True,,,,D8,benign,
861,7379,7382.0,D8,D1,video,1062,157,cfefd62ad48a30c7,8,True,,,,D8,benign,
871,7409,,D8,D5,heartbeat,43,158,,8,,,,channel_loss,D8,benign,
866,7473,,D5,D1,video,1091,100,9553ccf1ec537ad8,8,,,,channel_loss,D5,benign,
854,7397,7401.0,D2,D1,telemetry,145,58,7aae7a6717b3474d,8,True,,,,D2,benign,
877,7406,7410.0,D9,D1,telemetry,121,55,3703b933b94a2421,8,True,,,,D9,benign,
871,7409,7411.0,D8,D2,heartbeat,43,158,,8,,,,,D8,benign,
871,7409,7411.0,D8,D4,heartbeat,43,158,,8,,,,,D8,benign,
871,7409,7411.0,D8,D6,heartbeat,43,158,,8,,,,,D8,benign,
871,7409,7412.0,D8,D1,heartbeat,43,158,,8,,,,,D8,benign,
871,7409,7412.0,D8,D3,heartbeat,43,158,,8,,,,,D8,benign,
871,7409,7412.0,D8,D7,heartbeat,43,158,,8,,,,,D8,benign,
871,7409,7412.0,D8,D10,heartbeat,43,158,,8,,,,,D8,benign,
871,7409,7413.0,D8,D9,heartbeat,43,158,,8,,,,,D8,benign,
862,7415,7418.0,D3,D1,telemetry,125,56,0cbace0af2b46d66,8,True,,,,D3,benign,
868,7416,7420.0,D7,D1,telemetry,116,251,c65fcf7bebefb46f,8,True,,,,D7,benign,
872,7420,7422.0,D8,D1,telemetry,136,159,cfefd62ad48a30c7,8,True,,,,D8,benign,
865,7420,7423.0,D5,D1,video,1057,99,9553ccf1ec537ad8,8,True,,,,D5,benign,
863,7431,7433.0,D4,D1,telemetry,119,56,1d9cc43ff067d377,8,True,,,,D4,benign,
869,7430,7435.0,D7,D1,video,1058,252,c65fcf7bebefb46f,8,True,,,,D7,benign,
873,7431,7435.0,D8,D1,video,976,160,cfefd62ad48a30c7,8,True,,,,D8,benign,
864,7433,7436.0,D5,D1,telemetry,107,98,9553ccf1ec537ad8,8,True,,,,D5,benign,
878,7434,7436.0,D10,D1,telemetry,103,60,a2705d9e0eeb48ee,8,True,,,,D10,benign,
874,7435,7438.0,D8,D1,video,1060,161,cfefd62ad48a30c7,8,True,,,,D8,benign,
870,7442,7445.0,D7,D1,video,997,253,c65fcf7bebefb46f,8,True,,,,D7,benign,
875,7465,7468.0,D8,D1,video,1022,162,cfefd62ad48a30c7,8,True,,,,D8,benign,
876,7479,7483.0,D8,D1,video,1073,163,cfefd62ad48a30c7,8,True,,,,D8,benign,
867,7486,7489.0,D5,D1,video,1148,101,9553ccf1ec537ad8,8,True,,,,D5,benign,
889,7505,7509.0,D8,D1,video,1081,164,cfefd62ad48a30c7,8,True,,,,D8,benign,
890,7512,7516.0,D8,D1,video,1046,165,cfefd62ad48a30c7,8,True,,,,D8,benign,
894,7514,7516.0,D9,D1,heartbeat,32,56,,8,,,,,D9,benign,
894,7514,7516.0,D9,D3,heartbeat,32,56,,8,,,,,D9,benign,
894,7514,7516.0,D9,D10,heartbeat,32,56,,8,,,,,D9,benign,
894,7514,7517.0,D9,D2,heartbeat,32,56,,8,,,,,D9,benign,
894,7514,7517.0,D9,D4,heartbeat,32,56,,8,,,,,D9,benign,
894,7514,7517.0,D9,D5,heartbeat,32,56,,8,,,,,D9,benign,
894,7514,7517.0,D9,D6,heartbeat,32,56,,8,,,,,D9,benign,
894,7514,7517.0,D9,D7,heartbeat,32,56,,8,,,,,D9,benign,
894,7514,7517.0,D9,D8,heartbeat,32,56,,8,,,,,D9,benign,
885,7527,7531.0,D7,D1,video,968,255,c65fcf7bebefb46f,8,True,,,,D7,benign,
886,7529,7533.0,D7,D1,video,1157,256,c65fcf7bebefb46f,8,True,,,,D7,benign,
887,7538,7541.0,D7,D1,video,1080,257,c65fcf7bebefb46f,8,True,,,,D7,benign,
880,7544,7547.0,D5,D1,video,1068,102,9553ccf1ec537ad8,8,True,,,,D5,benign,
888,7553,7557.0,D7,D1,video,1107,258,c65fcf7bebefb46f,8,True,,,,D7,benign,
881,7559,7562.0,D5,D1,video,1041,103,9553ccf1ec537ad8,8,True,,,,D5,benign,
891,7560,7563.0,D8,D1,video,1231,166,cfefd62ad48a30c7,8,True,,,,D8,benign,
892,7572,7575.0,D8,D1,video,1125,167,cfefd62ad48a30c7,8,True,,,,D8,benign,
879,7575,7578.0,D2,D1,telemetry,133,59,7aae7a6717b3474d,8,True,,,,D2,benign,
893,7589,7592.0,D8,D1,video,1126,168,cfefd62ad48a30c7,8,True,,,,D8,benign,
883,7592,7594.0,D6,D1,telemetry,108,48,6bb52aad6e625485,8,True,,,,D6,benign,
895,7592,7595.0,D9,D1,telemetry,137,57,3703b933b94a2421,8,True,,,,D9,benign,
896,7595,7598.0,D10,D1,telemetry,118,61,a2705d9e0eeb48ee,8,True,,,,D10,benign,
882,7597,7600.0,D5,D1,video,1151,104,9553ccf1ec537ad8,8,True,,,,D5,benign,
884,7598,7601.0,D7,D1,telemetry,120,254,c65fcf7bebefb46f,8,True,,,,D7,benign,
905,7609,7612.0,D8,D1,video,1045,170,cfefd62ad48a30c7,8,True,,,,D8,benign,
897,7611,7614.0,D3,D1,telemetry,114,57,0cbace0af2b46d66,8,True,,,,D3,benign,
898,7613,7616.0,D4,D1,telemetry,131,57,1d9cc43ff067d377,8,True,,,,D4,benign,
904,7618,7621.0,D8,D1,telemetry,121,169,cfefd62ad48a30c7,8,True,,,,D8,benign,
900,7622,7626.0,D5,D1,video,1167,106,9553ccf1ec537ad8,8,True,,,,D5,benign,
906,7627,7631.0,D8,D1,video,877,171,cfefd62ad48a30c7,8,True,,,,D8,benign,
907,7641,7644.0,D8,D1,video,1061,172,cfefd62ad48a30c7,8,True,,,,D8,benign,
899,7650,7653.0,D5,D1,telemetry,102,105,9553ccf1ec537ad8,8,True,,,,D5,benign,
901,7652,7654.0,D7,D2,heartbeat,44,259,,8,,,,,D7,benign,
901,7652,7654.0,D7,D3,heartbeat,44,259,,8,,,,,D7,benign,
901,7652,7654.0,D7,D4,heartbeat,44,259,,8,,,,,D7,benign,
901,7652,7654.0,D7,D5,heartbeat,44,259,,8,,,,,D7,benign,
901,7652,7654.0,D7,D8,heartbeat,44,259,,8,,,,,D7,benign,
901,7652,7654.0,D7,D10,heartbeat,44,259,,8,,,,,D7,benign,
901,7652,7655.0,D7,D6,heartbeat,44,259,,8,,,,,D7,benign,
901,7652,7656.0,D7,D1,heartbeat,44,259,,8,,,,,D7,benign,
901,7652,7656.0,D7,D9,heartbeat,44,259,,8,,,,,D7,benign,
902,7670,7673.0,D7,D1,video,1113,260,c65fcf7bebefb46f,8,True,,,,D7,benign,
903,7684,7687.0,D7,D1,video,1049,261,c65fcf7bebefb46f,8,True,,,,D7,benign,
908,7698,7701.0,D8,D1,video,1263,173,cfefd62ad48a30c7,8,True,,,,D8,benign,
911,7702,7705.0,D5,D1,video,1206,107,9553ccf1ec537ad8,8,True,,,,D5,benign,
914,7703,7705.0,D6,D8,heartbeat,44,49,,8,,,,,D6,benign,
914,7703,7705.0,D6,D9,heartbeat,44,49,,8,,,,,D6,benign,
914,7703,7706.0,D6,D2,heartbeat,44,49,,8,,,,,D6,benign,
914,7703,7706.0,D6,D3,heartbeat,44,49,,8,,,,,D6,benign,
914,7703,7706.0,D6,D4,heartbeat,44,49,,8,,,,,D6,benign,
914,7703,7706.0,D6,D5,heartbeat,44,49,,8,,,,,D6,benign,
914,7703,7706.0,D6,D7,heartbeat,44,49,,8,,,,,D6,benign,
914,7703,7706.0,D6,D10,heartbeat,44,49,,8,,,,,D6,benign,
914,7703,7707.0,D6,D1,heartbeat,44,49,,8,,,,,D6,benign,
912,7710,7713.0,D5,D1,video,1077,108,9553ccf1ec537ad8,8,True,,,,D5,benign,
917,7739,7743.0,D8,D1,video,1343,174,cfefd62ad48a30c7,8,True,,,,D8,benign,
920,7757,7759.0,D10,D1,telemetry,108,63,a2705d9e0eeb48ee,8,True,,,,D10,benign,
909,7759,7761.0,D2,D1,telemetry,120,60,7aae7a6717b3474d,8,True,,,,D2,benign,
913,7760,7763.0,D5,D1,video,1207,109,9553ccf1ec537ad8,8,True,,,,D5,benign,
916,7762,7765.0,D7,D1,video,1117,263,c65fcf7bebefb46f,8,True,,,,D7,benign,
919,7768,7770.0,D10,D1,heartbeat,41,62,,8,,,,,D10,benign,
919,7768,7770.0,D10,D3,heartbeat,41,62,,8,,,,,D10,benign,
919,7768,7770.0,D10,D4,heartbeat,41,62,,8,,,,,D10,benign,
919,7768,7770.0,D10,D7,heartbeat,41,62,,8,,,,,D10,benign,
919,7768,7771.0,D10,D6,heartbeat,41,62,,8,,,,,D10,benign,
919,7768,7771.0,D10,D8,heartbeat,41,62,,8,,,,,D10,benign,
919,7768,7771.0,D10,D9,heartbeat,41,62,,8,,,,,D10,benign,
919,7768,7772.0,D10,D2,heartbeat,41,62,,8,,,,,D10,benign,
919,7768,7772.0,D10,D5,heartbeat,41,62,,8,,,,,D10,benign,
915,7776,7779.0,D7,D1,telemetry,134,262,c65fcf7bebefb46f,8,True,,,,D7,benign,
918,7783,7785.0,D9,D1,telemetry,122,58,3703b933b94a2421,8,True,,,,D9,benign,
910,7800,7802.0,D4,D1,telemetry,95,58,1d9cc43ff067d377,8,True,,,,D4,benign,
921,7803,7806.0,D3,D1,telemetry,113,58,0cbace0af2b46d66,8,True,,,,D3,benign,
931,7808,7811.0,D8,D1,telemetry,138,175,cfefd62ad48a30c7,8,True,,,,D8,benign,
926,7818,7821.0,D7,D1,video,1198,264,c65fcf7bebefb46f,8,True,,,,D7,benign,
925,7820,7823.0,D6,D1,telemetry,129,50,6bb52aad6e625485,8,True,,,,D6,benign,
927,7833,7836.0,D7,D1,video,1306,265,c65fcf7bebefb46f,8,True,,,,D7,benign,
928,7837,7841.0,D7,D1,video,1155,266,c65fcf7bebefb46f,8,True,,,,D7,benign,
923,7840,7843.0,D5,D1,video,999,111,9553ccf1ec537ad8,8,True,,,,D5,benign,
922,7852,7854.0,D5,D1,telemetry,146,110,9553ccf1ec537ad8,8,True,,,,D5,benign,
929,7858,7862.0,D7,D1,video,1250,267,c65fcf7bebefb46f,8,True,,,,D7,benign,
924,7872,7875.0,D5,D1,video,1232,112,9553ccf1ec537ad8,8,True,,,,D5,benign,
930,7882,7886.0,D7,D1,video,1158,268,c65fcf7bebefb46f,8,True,,,,D7,benign,
934,7995,,D3,D6,heartbeat,41,59,,8,,,,channel_loss,D3,benign,
947,7901,7904.0,D8,D1,video,1147,176,cfefd62ad48a30c7,8,True,,,,D8,benign,
948,7903,7906.0,D8,D1,video,1043,177,cfefd62ad48a30c7,8,True,,,,D8,benign,
938,7904,7908.0,D5,D1,video,1137,113,9553ccf1ec537ad8,8,True,,,,D5,benign,
939,7906,7909.0,D5,D1,video,1064,114,9553ccf1ec537ad8,8,True,,,,D5,benign,
940,7914,7918.0,D5,D1,video,1100,115,9553ccf1ec537ad8,8,True,,,,D5,benign,
950,7918,7920.0,D10,D1,telemetry,98,64,a2705d9e0eeb48ee,8,True,,,,D10,benign,
941,7931,7934.0,D5,D1,video,944,116,9553ccf1ec537ad8,8,True,,,,D5,benign,
932,7937,7942.0,D1,D3,command,93,30,0cbace0af2b46d66,8,True,,,,D1,benign,
933,7940,7943.0,D2,D1,telemetry,112,61,7aae7a6717b3474d,8,True,,,,D2,benign,
942,7950,7952.0,D7,D1,telemetry,123,269,c65fcf7bebefb46f,8,True,,,,D7,benign,
943,7951,7954.0,D7,D1,video,944,270,c65fcf7bebefb46f,8,True,,,,D7,benign,
936,7959,7961.0,D4,D6,heartbeat,36,59,,8,,,,,D4,benign,
936,7959,7961.0,D4,D7,heartbeat,36,59,,8,,,,,D4,benign,
936,7959,7962.0,D4,D1,heartbeat,36,59,,8,,,,,D4,benign,
936,7959,7962.0,D4,D2,heartbeat,36,59,,8,,,,,D4,benign,
936,7959,7962.0,D4,D3,heartbeat,36,59,,8,,,,,D4,benign,
936,7959,7962.0,D4,D5,heartbeat,36,59,,8,,,,,D4,benign,
936,7959,7962.0,D4,D8,heartbeat,36,59,,8,,,,,D4,benign,
936,7959,7962.0,D4,D10,heartbeat,36,59,,8,,,,,D4,benign,
936,7959,7963.0,D4,D9,heartbeat,36,59,,8,,,,,D4,benign,
949,7962,7964.0,D9,D1,telemetry,131,59,3703b933b94a2421,8,True,,,,D9,benign,
944,7978,7981.0,D7,D1,video,1026,271,c65fcf7bebefb46f,8,True,,,,D7,benign,
945,7979,7982.0,D7,D1,video,1039,272,c65fcf7bebefb46f,8,True,,,,D7,benign,
937,7986,7989.0,D4,D1,telemetry,107,60,1d9cc43ff067d377,8,True,,,,D4,benign,
935,7991,7995.0,D3,D1,telemetry,131,60,0cbace0af2b46d66,8,True,,,,D3,benign,
946,7994,7997.0,D7,D1,video,1119,273,c65fcf7bebefb46f,8,True,,,,D7,benign,
934,7995,7997.0,D3,D8,heartbeat,41,59,,8,,,,,D3,benign,
934,7995,7997.0,D3,D9,heartbeat,41,59,,8,,,,,D3,benign,
934,7995,7997.0,D3,D10,heartbeat,41,59,,8,,,,,D3,benign,
934,7995,7998.0,D3,D1,heartbeat,41,59,,8,,,,,D3,benign,
934,7995,7998.0,D3,D2,heartbeat,41,59,,8,,,,,D3,benign,
934,7995,7998.0,D3,D4,heartbeat,41,59,,8,,,,,D3,benign,
934,7995,7999.0,D3,D5,heartbeat,41,59,,8,,,,,D3,benign,
934,7995,7999.0,D3,D7,heartbeat,41,59,,8,,,,,D3,benign,
952,8002,8005.0,D5,D1,video,1085,118,9553ccf1ec537ad8,8,True,,,,D5,benign,
958,8003,8005.0,D8,D1,telemetry,112,178,cfefd62ad48a30c7,8,True,,,,D8,benign,
956,8016,8019.0,D7,D1,video,1045,274,c65fcf7bebefb46f,8,True,,,,D7,benign,
953,8037,8040.0,D5,D1,video,1015,119,9553ccf1ec537ad8,8,True,,,,D5,benign,
955,8047,8050.0,D6,D1,telemetry,126,51,6bb52aad6e625485,8,True,,,,D6,benign,
951,8061,8064.0,D5,D1,telemetry,131,117,9553ccf1ec537ad8,8,True,,,,D5,benign,
954,8062,8066.0,D5,D1,video,1039,120,9553ccf1ec537ad8,8,True,,,,D5,benign,
959,8086,8089.0,D10,D1,telemetry,111,65,a2705d9e0eeb48ee,8,True,,,,D10,benign,
957,8089,8092.0,D7,D1,video,1367,275,c65fcf7bebefb46f,8,True,,,,D7,benign,
961,8100,8102.0,D3,D1,trust_report,136,61,0cbace0af2b46d66,8,True,,,,D3,benign,
965,8100,8102.0,D7,D1,trust_report,136,276,c65fcf7bebefb46f,8,True,,,,D7,benign,
967,8100,8102.0,D9,D1,trust_report,136,60,3703b933b94a2421,8,True,,,,D9,benign,
968,8100,8102.0,D10,D1,trust_report,136,66,a2705d9e0eeb48ee,8,True,,,,D10,benign,
960,8100,8103.0,D2,D1,trust_report,136,62,7aae7a6717b3474d,8,True,,,,D2,benign,
962,8100,8103.0,D4,D1,trust_report,136,61,1d9cc43ff067d377,8,True,,,,D4,benign,
963,8100,8103.0,D5,D1,trust_report,136,121,9553ccf1ec537ad8,8,True,,,,D5,benign,
964,8100,8103.0,D6,D1,trust_report,136,52,6bb52aad6e625485,8,True,,,,D6,benign,
966,8100,8103.0,D8,D1,trust_report,136,179,cfefd62ad48a30c7,8,True,,,,D8,benign,
973,8112,8116.0,D5,D1,video,1170,122,9553ccf1ec537ad8,8,True,,,,D5,benign,
977,8116,8121.0,D7,D1,video,1201,278,c65fcf7bebefb46f,8,True,,,,D7,benign,
970,8127,8130.0,D2,D1,telemetry,122,63,7aae7a6717b3474d,8,True,,,,D2,benign,
978,8128,8131.0,D7,D1,video,894,279,c65fcf7bebefb46f,8,True,,,,D7,benign,
976,8133,8135.0,D7,D1,telemetry,117,277,c65fcf7bebefb46f,8,True,,,,D7,benign,
979,8133,8137.0,D7,D1,video,1155,280,c65fcf7bebefb46f,8,True,,,,D7,benign,
984,8142,8144.0,D9,D1,telemetry,143,61,3703b933b94a2421,8,True,,,,D9,benign,
974,8143,8146.0,D5,D1,video,1093,123,9553ccf1ec537ad8,8,True,,,,D5,benign,
980,8150,8154.0,D7,D1,video,1306,281,c65fcf7bebefb46f,8,True,,,,D7,benign,
975,8155,8158.0,D5,D1,video,1267,124,9553ccf1ec537ad8,8,True,,,,D5,benign,
981,8160,8163.0,D7,D1,video,1192,282,c65fcf7bebefb46f,8,True,,,,D7,benign,
972,8172,8175.0,D4,D1,telemetry,133,62,1d9cc43ff067d377,8,True,,,,D4,benign,
983,8182,8186.0,D8,D1,telemetry,97,180,cfefd62ad48a30c7,8,True,,,,D8,benign,
971,8186,8190.0,D3,D1,telemetry,112,62,0cbace0af2b46d66,8,True,,,,D3,benign,
982,8193,8197.0,D7,D1,video,1102,283,c65fcf7bebefb46f,8,True,,,,D7,benign,
969,8196,8198.0,D1,D2,heartbeat,38,31,,8,,,,,D1,benign,
969,8196,8198.0,D1,D4,heartbeat,38,31,,8,,,,,D1,benign,
969,8196,8198.0,D1,D6,heartbeat,38,31,,8,,,,,D1,benign,
969,8196,8198.0,D1,D10,heartbeat,38,31,,8,,,,,D1,benign,
969,8196,8199.0,D1,D3,heartbeat,38,31,,8,,,,,D1,benign,
969,8196,8199.0,D1,D5,heartbeat,38,31,,8,,,,,D1,benign,
969,8196,8199.0,D1,D8,heartbeat,38,31,,8,,,,,D1,benign,
969,8196,8199.0,D1,D9,heartbeat,38,31,,8,,,,,D1,benign,
969,8196,8200.0,D1,D7,heartbeat,38,31,,8,,,,,D1,benign,
985,8224,8226.0,D2,D6,heartbeat,38,64,,8,,,,,D2,benign,
985,8224,8226.0,D2,D7,heartbeat,38,64,,8,,,,,D2,benign,
985,8224,8227.0,D2,D3,heartbeat,38,64,,8,,,,,D2,benign,
985,8224,8227.0,D2,D4,heartbeat,38,64,,8,,,,,D2,benign,
985,8224,8227.0,D2,D5,heartbeat,38,64,,8,,,,,D2,benign,
985,8224,8227.0,D2,D9,heartbeat,38,64,,8,,,,,D2,benign,
985,8224,8227.0,D2,D10,heartbeat,38,64,,8,,,,,D2,benign,
985,8224,8228.0,D2,D1,heartbeat,38,64,,8,,,,,D2,benign,
985,8224,8228.0,D2,D8,heartbeat,38,64,,8,,,,,D2,benign,
991,8229,8232.0,D7,D1,video,1024,284,c65fcf7bebefb46f,8,True,,,,D7,benign,
992,8247,8251.0,D7,D1,video,1050,285,c65fcf7bebefb46f,8,True,,,,D7,benign,
995,8249,8252.0,D10,D1,telemetry,119,67,a2705d9e0eeb48ee,8,True,,,,D10,benign,
987,8262,8265.0,D5,D1,video,973,126,9553ccf1ec537ad8,8,True,,,,D5,benign,
986,8263,8266.0,D5,D1,telemetry,128,125,9553ccf1ec537ad8,8,True,,,,D5,benign,
993,8273,8276.0,D7,D1,video,1401,286,c65fcf7bebefb46f,8,True,,,,D7,benign,
988,8284,8288.0,D5,D1,video,1203,127,9553ccf1ec537ad8,8,True,,,,D5,benign,
989,8288,8291.0,D5,D1,video,1119,128,9553ccf1ec537ad8,8,True,,,,D5,benign,
990,8293,8295.0,D6,D1,telemetry,105,53,6bb52aad6e625485,8,True,,,,D6,benign,
994,8300,8303.0,D7,D1,video,1340,287,c65fcf7bebefb46f,8,True,,,,D7,benign,
997,8302,8304.0,D2,D1,telemetry,94,65,7aae7a6717b3474d,8,True,,,,D2,benign,
1003,8304,8307.0,D7,D1,telemetry,110,288,c65fcf7bebefb46f,8,True,,,,D7,benign,
1001,8305,8308.0,D5,D1,video,1230,130,9553ccf1ec537ad8,8,True,,,,D5,benign,
1007,8324,8327.0,D9,D1,telemetry,126,62,3703b933b94a2421,8,True,,,,D9,benign,
1000,8326,8328.0,D5,D1,heartbeat,39,129,,8,,,,,D5,benign,
1000,8326,8328.0,D5,D3,heartbeat,39,129,,8,,,,,D5,benign,
1000,8326,8328.0,D5,D6,heartbeat,39,129,,8,,,,,D5,benign,
1000,8326,8329.0,D5,D4,heartbeat,39,129,,8,,,,,D5,benign,
1000,8326,8329.0,D5,D7,heartbeat,39,129,,8,,,,,D5,benign,
1000,8326,8329.0,D5,D9,heartbeat,39,129,,8,,,,,D5,benign,
1000,8326,8329.0,D5,D10,heartbeat,39,129,,8,,,,,D5,benign,
1000,8326,8330.0,D5,D2,heartbeat,39,129,,8,,,,,D5,benign,
1000,8326,8331.0,D5,D8,heartbeat,39,129,,8,,,,,D5,benign,
999,8348,8351.0,D4,D1,telemetry,122,63,1d9cc43ff067d377,8,True,,,,D4,benign,
996,8350,8353.0,D1,D5,command,67,32,9553ccf1ec537ad8,8,True,,,,D1,benign,
1006,8371,8373.0,D8,D1,telemetry,135,181,cfefd62ad48a30c7,8,True,,,,D8,benign,
1004,8372,8375.0,D7,D1,video,991,289,c65fcf7bebefb46f,8,True,,,,D7,benign,
998,8387,8391.0,D3,D1,telemetry,113,63,0cbace0af2b46d66,8,True,,,,D3,benign,
1005,8390,8393.0,D7,D1,video,1127,290,c65fcf7bebefb46f,8,True,,,,D7,benign,
1002,8396,8399.0,D5,D1,video,1055,131,9553ccf1ec537ad8,8,True,,,,D5,benign,
1010,8461,,D5,D1,telemetry,119,132,9553ccf1ec537ad8,8,,,,channel_loss,D5,benign,
1011,8417,8420.0,D5,D1,video,1083,133,9553ccf1ec537ad8,8,True,,,,D5,benign,
1012,8417,8420.0,D5,D1,video,1107,134,9553ccf1ec537ad8,8,True,,,,D5,benign,
1017,8422,8425.0,D10,D1,telemetry,121,68,a2705d9e0eeb48ee,8,True,,,,D10,benign,
1013,8424,8428.0,D5,D1,video,1175,135,9553ccf1ec537ad8,8,True,,,,D5,benign,
1014,8445,8448.0,D5,D1,video,998,136,9553ccf1ec537ad8,8,True,,,,D5,benign,
1016,8454,8456.0,D8,D2,heartbeat,33,182,,8,,,,,D8,benign,
1016,8454,8456.0,D8,D6,heartbeat,33,182,,8,,,,,D8,benign,
1016,8454,8456.0,D8,D7,heartbeat,33,182,,8,,,,,D8,benign,
1016,8454,8457.0,D8,D1,heartbeat,33,182,,8,,,,,D8,benign,
1016,8454,8457.0,D8,D3,heartbeat,33,182,,8,,,,,D8,benign,
1016,8454,8457.0,D8,D4,heartbeat,33,182,,8,,,,,D8,benign,
1016,8454,8457.0,D8,D5,heartbeat,33,182,,8,,,,,D8,benign,
1016,8454,8457.0,D8,D9,heartbeat,33,182,,8,,,,,D8,benign,
1016,8454,8457.0,D8,D10,heartbeat,33,182,,8,,,,,D8,benign,
1008,8458,8460.0,D1,D3,command,78,33,0cbace0af2b46d66,8,True,,,,D1,benign,
1015,8479,8482.0,D7,D1,telemetry,134,291,c65fcf7bebefb46f,8,True,,,,D7,benign,
1009,8487,8490.0,D2,D1,telemetry,103,66,7aae7a6717b3474d,8,True,,,,D2,benign,
1032,8514,8516.0,D9,D1,telemetry,136,64,3703b933b94a2421,8,True,,,,D9,benign,
1025,8524,8527.0,D6,D1,telemetry,118,54,6bb52aad6e625485,8,True,,,,D6,benign,
1019,8525,8527.0,D4,D1,telemetry,116,64,1d9cc43ff067d377,8,True,,,,D4,benign,
1020,8524,8529.0,D5,D1,video,1146,137,9553ccf1ec537ad8,8,True,,,,D5,benign,
1026,8531,8534.0,D7,D1,video,1180,292,c65fcf7bebefb46f,8,True,,,,D7,benign,
1027,8550,8554.0,D7,D1,video,985,293,c65fcf7bebefb46f,8,True,,,,D7,benign,
1031,8558,8560.0,D9,D1,heartbeat,38,63,,8,,,,,D9,benign,
1031,8558,8560.0,D9,D2,heartbeat,38,63,,8,,,,,D9,benign,
1031,8558,8560.0,D9,D3,heartbeat,38,63,,8,,,,,D9,benign,
1031,8558,8560.0,D9,D5,heartbeat,38,63,,8,,,,,D9,benign,
1031,8558,8561.0,D9,D4,heartbeat,38,63,,8,,,,,D9,benign,
1031,8558,8561.0,D9,D8,heartbeat,38,63,,8,,,,,D9,benign,
1031,8558,8561.0,D9,D10,heartbeat,38,63,,8,,,,,D9,benign,
1028,8558,8562.0,D7,D1,video,1119,294,c65fcf7bebefb46f,8,True,,,,D7,benign,
1031,8558,8562.0,D9,D6,heartbeat,38,63,,8,,,,,D9,benign,
1031,8558,8562.0,D9,D7,heartbeat,38,63,,8,,,,,D9,benign,
1021,8559,8563.0,D5,D1,video,1118,138,9553ccf1ec537ad8,8,True,,,,D5,benign,
1030,8563,8566.0,D8,D1,telemetry,129,183,cfefd62ad48a30c7,8,True,,,,D8,benign,
1022,8564,8567.0,D5,D1,video,1169,139,9553ccf1ec537ad8,8,True,,,,D5,benign,
1023,8565,8568.0,D5,D1,video,1095,140,9553ccf1ec537ad8,8,True,,,,D5,benign,
1018,8572,8574.0,D3,D1,telemetry,119,64,0cbace0af2b46d66,8,True,,,,D3,benign,
1029,8588,8591.0,D7,D1,video,1200,295,c65fcf7bebefb46f,8,True,,,,D7,benign,
1033,8595,8598.0,D10,D1,telemetry,117,69,a2705d9e0eeb48ee,8,True,,,,D10,benign,
1024,8598,8601.0,D5,D1,video,1365,141,9553ccf1ec537ad8,8,True,,,,D5,benign,
1036,8620,8624.0,D5,D1,video,1149,143,9553ccf1ec537ad8,8,True,,,,D5,benign,
1040,8632,8635.0,D7,D1,video,1175,298,c65fcf7bebefb46f,8,True,,,,D7,benign,
1039,8655,8658.0,D7,D1,telemetry,119,297,c65fcf7bebefb46f,8,True,,,,D7,benign,
1035,8661,8664.0,D5,D1,telemetry,129,142,9553ccf1ec537ad8,8,True,,,,D5,benign,
1034,8663,8665.0,D2,D1,telemetry,120,67,7aae7a6717b3474d,8,True,,,,D2,benign,
1037,8694,8696.0,D6,D1,heartbeat,32,55,,8,,,,,D6,benign,
1037,8694,8696.0,D6,D3,heartbeat,32,55,,8,,,,,D6,benign,
1037,8694,8696.0,D6,D10,heartbeat,32,55,,8,,,,,D6,benign,
1037,8694,8697.0,D6,D2,heartbeat,32,55,,8,,,,,D6,benign,
1037,8694,8697.0,D6,D4,heartbeat,32,55,,8,,,,,D6,benign,
1037,8694,8697.0,D6,D8,heartbeat,32,55,,8,,,,,D6,benign,
1037,8694,8697.0,D6,D9,heartbeat,32,55,,8,,,,,D6,benign,
1037,8694,8698.0,D6,D5,heartbeat,32,55,,8,,,,,D6,benign,
1037,8694,8698.0,D6,D7,heartbeat,32,55,,8,,,,,D6,benign,
1038,8696,8698.0,D7,D1,heartbeat,44,296,,8,,,,,D7,benign,
1038,8696,8698.0,D7,D8,heartbeat,44,296,,8,,,,,D7,benign,
1038,8696,8699.0,D7,D2,heartbeat,44,296,,8,,,,,D7,benign,
1038,8696,8699.0,D7,D3,heartbeat,44,296,,8,,,,,D7,benign,
1038,8696,8699.0,D7,D4,heartbeat,44,296,,8,,,,,D7,benign,
1038,8696,8699.0,D7,D5,heartbeat,44,296,,8,,,,,D7,benign,
1038,8696,8699.0,D7,D6,heartbeat,44,296,,8,,,,,D7,benign,
1038,8696,8699.0,D7,D10,heartbeat,44,296,,8,,,,,D7,benign,
1041,8696,8699.0,D7,D1,video,1105,299,c65fcf7bebefb46f,8,True,,,,D7,benign,
1038,8696,8700.0,D7,D9,heartbeat,44,296,,8,,,,,D7,benign,
1043,8703,8706.0,D4,D1,telemetry,115,65,1d9cc43ff067d377,8,True,,,,D4,benign,
1044,8703,8706.0,D5,D1,video,1053,144,9553ccf1ec537ad8,8,True,,,,D5,benign,
1045,8706,8709.0,D5,D1,video,1137,145,9553ccf1ec537ad8,8,True,,,,D5,benign,
1052,8709,8711.0,D9,D1,telemetry,125,65,3703b933b94a2421,8,True,,,,D9,benign,
1049,8731,8733.0,D7,D1,video,1050,300,c65fcf7bebefb46f,8,True,,,,D7,benign,
1053,8737,8739.0,D10,D1,heartbeat,40,70,,8,,,,,D10,benign,
1053,8737,8739.0,D10,D2,heartbeat,40,70,,8,,,,,D10,benign,
1053,8737,8739.0,D10,D9,heartbeat,40,70,,8,,,,,D10,benign,
1053,8737,8740.0,D10,D3,heartbeat,40,70,,8,,,,,D10,benign,
1053,8737,8740.0,D10,D4,heartbeat,40,70,,8,,,,,D10,benign,
1053,8737,8740.0,D10,D5,heartbeat,40,70,,8,,,,,D10,benign,
1053,8737,8740.0,D10,D6,heartbeat,40,70,,8,,,,,D10,benign,
1053,8737,8740.0,D10,D7,heartbeat,40,70,,8,,,,,D10,benign,
1053,8737,8741.0,D10,D8,heartbeat,40,70,,8,,,,,D10,benign,
1050,8743,8745.0,D7,D1,video,925,301,c65fcf7bebefb46f,8,True,,,,D7,benign,
1051,8751,8754.0,D8,D1,telemetry,144,184,cfefd62ad48a30c7,8,True,,,,D8,benign,
1042,8760,8762.0,D3,D1,telemetry,102,65,0cbace0af2b46d66,8,True,,,,D3,benign,
1046,8761,8763.0,D5,D1,video,1010,146,9553ccf1ec537ad8,8,True,,,,D5,benign,
1047,8766,8770.0,D5,D1,video,1140,147,9553ccf1ec537ad8,8,True,,,,D5,benign,
1048,8771,8774.0,D6,D1,telemetry,119,56,6bb52aad6e625485,8,True,,,,D6,benign,
1054,8772,8775.0,D10,D1,telemetry,123,71,a2705d9e0eeb48ee,8,True,,,,D10,benign,
1063,8802,8807.0,D7,D1,video,1165,303,c65fcf7bebefb46f,8,True,,,,D7,benign,
1062,8823,8825.0,D7,D1,telemetry,109,302,c65fcf7bebefb46f,8,True,,,,D7,benign,
1055,8845,8849.0,D2,D1,telemetry,132,68,7aae7a6717b3474d,8,True,,,,D2,benign,
1058,8859,8862.0,D5,D1,video,890,149,9553ccf1ec537ad8,8,True,,,,D5,benign,
1059,8859,8862.0,D5,D1,video,1027,150,9553ccf1ec537ad8,8,True,,,,D5,benign,
1060,8862,8865.0,D5,D1,video,1318,151,9553ccf1ec537ad8,8,True,,,,D5,benign,
1057,8868,8870.0,D5,D1,telemetry,111,148,9553ccf1ec537ad8,8,True,,,,D5,benign,
1061,8868,8871.0,D5,D1,video,1057,152,9553ccf1ec537ad8,8,True,,,,D5,benign,
1064,8884,8887.0,D7,D1,video,1028,304,c65fcf7bebefb46f,8,True,,,,D7,benign,
1068,8885,8888.0,D9,D1,telemetry,120,66,3703b933b94a2421,8,True,,,,D9,benign,
1065,8892,8895.0,D7,D1,video,1047,305,c65fcf7bebefb46f,8,True,,,,D7,benign,
1056,8896,8900.0,D4,D1,telemetry,124,66,1d9cc43ff067d377,8,True,,,,D4,benign,
1066,8899,8903.0,D7,D1,video,1070,306,c65fcf7bebefb46f,8,True,,,,D7,benign,
1067,8900,8903.0,D7,D1,video,944,307,c65fcf7bebefb46f,8,True,,,,D7,benign,
1073,8930,8933.0,D7,D1,video,1092,309,c65fcf7bebefb46f,8,True,,,,D7,benign,
1079,8933,8935.0,D8,D1,telemetry,143,185,cfefd62ad48a30c7,8,True,,,,D8,benign,
1074,8934,8937.0,D7,D1,video,882,310,c65fcf7bebefb46f,8,True,,,,D7,benign,
1075,8936,8939.0,D7,D1,video,1201,311,c65fcf7bebefb46f,8,True,,,,D7,benign,
1076,8943,8946.0,D7,D1,video,777,312,c65fcf7bebefb46f,8,True,,,,D7,benign,
1080,8944,8946.0,D10,D1,telemetry,125,72,a2705d9e0eeb48ee,8,True,,,,D10,benign,
1070,8958,8961.0,D3,D1,telemetry,135,67,0cbace0af2b46d66,8,True,,,,D3,benign,
1071,8967,8969.0,D4,D2,heartbeat,40,67,,8,,,,,D4,benign,
1071,8967,8969.0,D4,D5,heartbeat,40,67,,8,,,,,D4,benign,
1071,8967,8969.0,D4,D6,heartbeat,40,67,,8,,,,,D4,benign,
1071,8967,8969.0,D4,D8,heartbeat,40,67,,8,,,,,D4,benign,
1071,8967,8969.0,D4,D9,heartbeat,40,67,,8,,,,,D4,benign,
1071,8967,8970.0,D4,D1,heartbeat,40,67,,8,,,,,D4,benign,
1071,8967,8970.0,D4,D7,heartbeat,40,67,,8,,,,,D4,benign,
1071,8967,8970.0,D4,D10,heartbeat,40,67,,8,,,,,D4,benign,
1071,8967,8971.0,D4,D3,heartbeat,40,67,,8,,,,,D4,benign,
1077,8971,8974.0,D7,D1,video,1062,313,c65fcf7bebefb46f,8,True,,,,D7,benign,
1069,8975,8977.0,D3,D6,heartbeat,39,66,,8,,,,,D3,benign,
1069,8975,8977.0,D3,D8,heartbeat,39,66,,8,,,,,D3,benign,
1069,8975,8978.0,D3,D1,heartbeat,39,66,,8,,,,,D3,benign,
1069,8975,8978.0,D3,D2,heartbeat,39,66,,8,,,,,D3,benign,
1069,8975,8978.0,D3,D4,heartbeat,39,66,,8,,,,,D3,benign,
1069,8975,8978.0,D3,D5,heartbeat,39,66,,8,,,,,D3,benign,
1069,8975,8978.0,D3,D9,heartbeat,39,66,,8,,,,,D3,benign,
1069,8975,8978.0,D3,D10,heartbeat,39,66,,8,,,,,D3,benign,
1069,8975,8979.0,D3,D7,heartbeat,39,66,,8,,,,,D3,benign,
1078,8992,8996.0,D7,D1,video,1178,314,c65fcf7bebefb46f,8,True,,,,D7,benign,
1072,8995,8997.0,D7,D1,telemetry,122,308,c65fcf7bebefb46f,8,True,,,,D7,benign,
1084,9021,,D5,D1,video,1117,154,9553ccf1ec537ad8,8,,,,channel_loss,D5,benign,
1087,9016,9019.0,D7,D1,video,1184,315,c65fcf7bebefb46f,8,True,,,,D7,benign,
1086,9017,9020.0,D6,D1,telemetry,115,57,6bb52aad6e625485,8,True,,,,D6,benign,
1081,9035,9038.0,D2,D1,telemetry,108,69,7aae7a6717b3474d,8,True,,,,D2,benign,
1088,9039,9042.0,D7,D1,video,1148,316,c65fcf7bebefb46f,8,True,,,,D7,benign,
1089,9059,9064.0,D7,D1,video,1085,317,c65fcf7bebefb46f,8,True,,,,D7,benign,
1093,9064,9067.0,D9,D1,telemetry,112,67,3703b933b94a2421,8,True,,,,D9,benign,
1090,9067,9071.0,D7,D1,video,1292,318,c65fcf7bebefb46f,8,True,,,,D7,benign,
1083,9070,9072.0,D5,D1,telemetry,107,153,9553ccf1ec537ad8,8,True,,,,D5,benign,
1082,9075,9078.0,D4,D1,telemetry,137,68,1d9cc43ff067d377,8,True,,,,D4,benign,
1091,9082,9085.0,D7,D1,video,1061,319,c65fcf7bebefb46f,8,True,,,,D7,benign,
1092,9084,9088.0,D7,D1,video,897,320,c65fcf7bebefb46f,8,True,,,,D7,benign,
1085,9088,9091.0,D5,D1,video,1107,155,9553ccf1ec537ad8,8,True,,,,D5,benign,
1094,9100,9102.0,D2,D1,trust_report,136,70,7aae7a6717b3474d,8,True,,,,D2,benign,
1096,9100,9102.0,D4,D1,trust_report,136,69,1d9cc43ff067d377,8,True,,,,D4,benign,
1099,9100,9102.0,D7,D1,trust_report,136,321,c65fcf7bebefb46f,8,True,,,,D7,benign,
1100,9100,9102.0,D8,D1,trust_report,136,186,cfefd62ad48a30c7,8,True,,,,D8,benign,
1101,9100,9102.0,D9,D1,trust_report,136,68,3703b933b94a2421,8,True,,,,D9,benign,
1102,9100,9102.0,D10,D1,trust_report,136,73,a2705d9e0eeb48ee,8,True,,,,D10,benign,
1095,9100,9103.0,D3,D1,trust_report,136,68,0cbace0af2b46d66,8,True,,,,D3,benign,
1098,9100,9103.0,D6,D1,trust_report,136,58,6bb52aad6e625485,8,True,,,,D6,benign,
1097,9100,9104.0,D5,D1,trust_report,136,156,9553ccf1ec537ad8,8,True,,,,D5,benign,
1108,9102,9105.0,D7,D1,video,1268,323,c65fcf7bebefb46f,8,True,,,,D7,benign,
1113,9117,9122.0,D10,D1,telemetry,128,74,a2705d9e0eeb48ee,8,True,,,,D10,benign,
1112,9131,9133.0,D8,D1,telemetry,107,187,cfefd62ad48a30c7,8,True,,,,D8,benign,
1105,9140,9143.0,D3,D1,telemetry,139,69,0cbace0af2b46d66,8,True,,,,D3,benign,
1109,9140,9144.0,D7,D1,video,1300,324,c65fcf7bebefb46f,8,True,,,,D7,benign,
1106,9153,9156.0,D5,D1,video,1095,157,9553ccf1ec537ad8,8,True,,,,D5,benign,
1110,9164,9168.0,D7,D1,video,953,325,c65fcf7bebefb46f,8,True,,,,D7,benign,
1111,9168,9172.0,D7,D1,video,1021,326,c65fcf7bebefb46f,8,True,,,,D7,benign,
1107,9169,9173.0,D7,D1,telemetry,131,322,c65fcf7bebefb46f,8,True,,,,D7,benign,
1104,9188,9190.0,D2,D4,heartbeat,40,71,,8,,,,,D2,benign,
1104,9188,9190.0,D2,D6,heartbeat,40,71,,8,,,,,D2,benign,
1104,9188,9190.0,D2,D7,heartbeat,40,71,,8,,,,,D2,benign,
1104,9188,9190.0,D2,D10,heartbeat,40,71,,8,,,,,D2,benign,
1104,9188,9191.0,D2,D1,heartbeat,40,71,,8,,,,,D2,benign,
1104,9188,9191.0,D2,D5,heartbeat,40,71,,8,,,,,D2,benign,
1104,9188,9191.0,D2,D8,heartbeat,40,71,,8,,,,,D2,benign,
1104,9188,9191.0,D2,D9,heartbeat,40,71,,8,,,,,D2,benign,
1103,9190,9192.0,D1,D4,heartbeat,42,34,,8,,,,,D1,benign,
1103,9190,9192.0,D1,D5,heartbeat,42,34,,8,,,,,D1,benign,
1103,9190,9192.0,D1,D6,heartbeat,42,34,,8,,,,,D1,benign,
1103,9190,9192.0,D1,D7,heartbeat,42,34,,8,,,,,D1,benign,
1103,9190,9192.0,D1,D8,heartbeat,42,34,,8,,,,,D1,benign,
1104,9188,9193.0,D2,D3,heartbeat,40,71,,8,,,,,D2,benign,
1103,9190,9193.0,D1,D9,heartbeat,42,34,,8,,,,,D1,benign,
1103,9190,9193.0,D1,D10,heartbeat,42,34,,8,,,,,D1,benign,
1103,9190,9194.0,D1,D2,heartbeat,42,34,,8,,,,,D1,benign,
1103,9190,9194.0,D1,D3,heartbeat,42,34,,8,,,,,D1,benign,
1122,9207,9210.0,D7,D1,video,923,327,c65fcf7bebefb46f,8,True,,,,D7,benign,
1114,9214,9217.0,D2,D1,telemetry,118,72,7aae7a6717b3474d,8,True,,,,D2,benign,
1117,9216,9220.0,D5,D1,video,1263,159,9553ccf1ec537ad8,8,True,,,,D5,benign,
1123,9217,9220.0,D7,D1,video,1012,328,c65fcf7bebefb46f,8,True,,,,D7,benign,
1118,9224,9227.0,D5,D1,video,1242,160,9553ccf1ec537ad8,8,True,,,,D5,benign,
1125,9251,9253.0,D9,D1,telemetry,97,69,3703b933b94a2421,8,True,,,,D9,benign,
1121,9264,9266.0,D6,D1,telemetry,138,59,6bb52aad6e625485,8,True,,,,D6,benign,
1115,9267,9271.0,D4,D1,telemetry,131,70,1d9cc43ff067d377,8,True,,,,D4,benign,
1119,9276,9280.0,D5,D1,video,1189,161,9553ccf1ec537ad8,8,True,,,,D5,benign,
1120,9281,9284.0,D5,D1,video,1142,162,9553ccf1ec537ad8,8,True,,,,D5,benign,
1116,9287,9289.0,D5,D1,telemetry,141,158,9553ccf1ec537ad8,8,True,,,,D5,benign,
1124,9288,9291.0,D7,D1,video,980,329,c65fcf7bebefb46f,8,True,,,,D7,benign,
1126,9289,9292.0,D10,D1,telemetry,114,75,a2705d9e0eeb48ee,8,True,,,,D10,benign,
1128,9316,9318.0,D5,D3,heartbeat,36,163,,8,,,,,D5,benign,
1128,9316,9318.0,D5,D4,heartbeat,36,163,,8,,,,,D5,benign,
1128,9316,9318.0,D5,D8,heartbeat,36,163,,8,,,,,D5,benign,
1128,9316,9318.0,D5,D10,heartbeat,36,163,,8,,,,,D5,benign,
1128,9316,9319.0,D5,D1,heartbeat,36,163,,8,,,,,D5,benign,
1128,9316,9319.0,D5,D6,heartbeat,36,163,,8,,,,,D5,benign,
1128,9316,9319.0,D5,D7,heartbeat,36,163,,8,,,,,D5,benign,
1128,9316,9319.0,D5,D9,heartbeat,36,163,,8,,,,,D5,benign,
1135,9316,9319.0,D8,D1,telemetry,95,188,cfefd62ad48a30c7,8,True,,,,D8,benign,
1128,9316,9320.0,D5,D2,heartbeat,36,163,,8,,,,,D5,benign,
1127,9329,9332.0,D3,D1,telemetry,118,70,0cbace0af2b46d66,8,True,,,,D3,benign,
1131,9340,9342.0,D7,D1,telemetry,116,330,c65fcf7bebefb46f,8,True,,,,D7,benign,
1132,9343,9347.0,D7,D1,video,917,331,c65fcf7bebefb46f,8,True,,,,D7,benign,
1133,9344,9347.0,D7,D1,video,874,332,c65fcf7bebefb46f,8,True,,,,D7,benign,
1134,9352,9355.0,D7,D1,video,891,333,c65fcf7bebefb46f,8,True,,,,D7,benign,
1129,9363,9366.0,D5,D1,video,1259,164,9553ccf1ec537ad8,8,True,,,,D5,benign,
1130,9364,9367.0,D5,D1,video,1090,165,9553ccf1ec537ad8,8,True,,,,D5,benign,
1136,9403,9406.0,D2,D1,telemetry,114,73,7aae7a6717b3474d,8,True,,,,D2,benign,
1143,9422,9425.0,D7,D1,video,1213,334,c65fcf7bebefb46f,8,True,,,,D7,benign,
1146,9434,9436.0,D8,D4,heartbeat,36,189,,8,,,,,D8,benign,
1146,9434,9436.0,D8,D7,heartbeat,36,189,,8,,,,,D8,benign,
1146,9434,9436.0,D8,D9,heartbeat,36,189,,8,,,,,D8,benign,
1146,9434,9436.0,D8,D10,heartbeat,36,189,,8,,,,,D8,benign,
1146,9434,9437.0,D8,D1,heartbeat,36,189,,8,,,,,D8,benign,
1146,9434,9437.0,D8,D2,heartbeat,36,189,,8,,,,,D8,benign,
1146,9434,9437.0,D8,D3,heartbeat,36,189,,8,,,,,D8,benign,
1146,9434,9437.0,D8,D5,heartbeat,36,189,,8,,,,,D8,benign,
1146,9434,9437.0,D8,D6,heartbeat,36,189,,8,,,,,D8,benign,
1144,9435,9438.0,D7,D1,video,1236,335,c65fcf7bebefb46f,8,True,,,,D7,benign,
1147,9435,9438.0,D9,D1,telemetry,128,70,3703b933b94a2421,8,True,,,,D9,benign,
1137,9442,9446.0,D4,D1,telemetry,129,71,1d9cc43ff067d377,8,True,,,,D4,benign,
1139,9453,9457.0,D5,D1,video,1140,167,9553ccf1ec537ad8,8,True,,,,D5,benign,
1148,9466,9469.0,D10,D1,telemetry,126,76,a2705d9e0eeb48ee,8,True,,,,D10,benign,
1141,9475,9477.0,D5,D1,video,1107,169,9553ccf1ec537ad8,8,True,,,,D5,benign,
1145,9475,9477.0,D7,D1,video,935,336,c65fcf7bebefb46f,8,True,,,,D7,benign,
1140,9475,9478.0,D5,D1,video,998,168,9553ccf1ec537ad8,8,True,,,,D5,benign,
1138,9483,9485.0,D5,D1,telemetry,115,166,9553ccf1ec537ad8,8,True,,,,D5,benign,
1151,9522,,D5,D1,video,825,170,9553ccf1ec537ad8,8,,,,channel_loss,D5,benign,
1142,9499,9502.0,D6,D1,telemetry,120,60,6bb52aad6e625485,8,True,,,,D6,benign,
1153,9502,9505.0,D7,D1,video,949,338,c65fcf7bebefb46f,8,True,,,,D7,benign,
1158,9511,9514.0,D8,D1,telemetry,151,190,cfefd62ad48a30c7,8,True,,,,D8,benign,
1152,9512,9515.0,D7,D1,telemetry,124,337,c65fcf7bebefb46f,8,True,,,,D7,benign,
1150,9528,9531.0,D3,D1,telemetry,139,71,0cbace0af2b46d66,8,True,,,,D3,benign,
1154,9546,9549.0,D7,D1,video,1046,339,c65fcf7bebefb46f,8,True,,,,D7,benign,
1159,9560,9562.0,D9,D2,heartbeat,42,71,,8,,,,,D9,benign,
1159,9560,9562.0,D9,D3,heartbeat,42,71,,8,,,,,D9,benign,
1159,9560,9562.0,D9,D4,heartbeat,42,71,,8,,,,,D9,benign,
1159,9560,9562.0,D9,D5,heartbeat,42,71,,8,,,,,D9,benign,
1159,9560,9563.0,D9,D1,heartbeat,42,71,,8,,,,,D9,benign,
1159,9560,9563.0,D9,D6,heartbeat,42,71,,8,,,,,D9,benign,
1159,9560,9563.0,D9,D7,heartbeat,42,71,,8,,,,,D9,benign,
1159,9560,9563.0,D9,D8,heartbeat,42,71,,8,,,,,D9,benign,
1159,9560,9563.0,D9,D10,heartbeat,42,71,,8,,,,,D9,benign,
1155,9565,9568.0,D7,D1,video,1177,340,c65fcf7bebefb46f,8,True,,,,D7,benign,
1149,9579,9582.0,D2,D1,telemetry,112,74,7aae7a6717b3474d,8,True,,,,D2,benign,
1156,9580,9583.0,D7,D1,video,985,341,c65fcf7bebefb46f,8,True,,,,D7,benign,
1157,9582,9585.0,D7,D1,video,1153,342,c65fcf7bebefb46f,8,True,,,,D7,benign,
1170,9612,9614.0,D9,D1,telemetry,113,72,3703b933b94a2421,8,True,,,,D9,benign,
1165,9614,9618.0,D7,D1,video,1126,344,c65fcf7bebefb46f,8,True,,,,D7,benign,
1171,9628,9632.0,D10,D1,telemetry,141,77,a2705d9e0eeb48ee,8,True,,,,D10,benign,
1160,9633,9637.0,D4,D1,telemetry,102,72,1d9cc43ff067d377,8,True,,,,D4,benign,
1162,9648,9651.0,D5,D1,video,1079,172,9553ccf1ec537ad8,8,True,,,,D5,benign,
1166,9653,9656.0,D7,D1,video,1083,345,c65fcf7bebefb46f,8,True,,,,D7,benign,
1163,9661,9663.0,D6,D1,heartbeat,42,61,,8,,,,,D6,benign,
1163,9661,9663.0,D6,D3,heartbeat,42,61,,8,,,,,D6,benign,
1163,9661,9663.0,D6,D5,heartbeat,42,61,,8,,,,,D6,benign,
1163,9661,9663.0,D6,D7,heartbeat,42,61,,8,,,,,D6,benign,
1163,9661,9664.0,D6,D2,heartbeat,42,61,,8,,,,,D6,benign,
1163,9661,9664.0,D6,D4,heartbeat,42,61,,8,,,,,D6,benign,
1163,9661,9664.0,D6,D8,heartbeat,42,61,,8,,,,,D6,benign,
1163,9661,9664.0,D6,D9,heartbeat,42,61,,8,,,,,D6,benign,
1163,9661,9664.0,D6,D10,heartbeat,42,61,,8,,,,,D6,benign,
1167,9664,9668.0,D7,D1,video,1183,346,c65fcf7bebefb46f,8,True,,,,D7,benign,
1164,9693,9696.0,D7,D1,telemetry,136,343,c65fcf7bebefb46f,8,True,,,,D7,benign,
1168,9695,9698.0,D7,D1,video,1122,347,c65fcf7bebefb46f,8,True,,,,D7,benign,
1169,9696,9700.0,D7,D1,video,1079,348,c65fcf7bebefb46f,8,True,,,,D7,benign,
1161,9698,9700.0,D5,D1,telemetry,121,171,9553ccf1ec537ad8,8,True,,,,D5,benign,
1181,9705,9709.0,D8,D1,telemetry,124,191,cfefd62ad48a30c7,8,True,,,,D8,benign,
1173,9713,9716.0,D3,D1,telemetry,130,72,0cbace0af2b46d66,8,True,,,,D3,benign,
1177,9716,9718.0,D7,D1,heartbeat,37,349,,8,,,,,D7,benign,
1177,9716,9718.0,D7,D3,heartbeat,37,349,,8,,,,,D7,benign,
1177,9716,9718.0,D7,D6,heartbeat,37,349,,8,,,,,D7,benign,
1177,9716,9718.0,D7,D8,heartbeat,37,349,,8,,,,,D7,benign,
1177,9716,9718.0,D7,D9,heartbeat,37,349,,8,,,,,D7,benign,
1177,9716,9719.0,D7,D2,heartbeat,37,349,,8,,,,,D7,benign,
1177,9716,9719.0,D7,D4,heartbeat,37,349,,8,,,,,D7,benign,
1177,9716,9719.0,D7,D5,heartbeat,37,349,,8,,,,,D7,benign,
1177,9716,9720.0,D7,D10,heartbeat,37,349,,8,,,,,D7,benign,
1176,9730,9733.0,D6,D1,telemetry,118,62,6bb52aad6e625485,8,True,,,,D6,benign,
1178,9735,9739.0,D7,D1,video,1071,350,c65fcf7bebefb46f,8,True,,,,D7,benign,
1174,9741,9745.0,D5,D1,video,1081,173,9553ccf1ec537ad8,8,True,,,,D5,benign,
1183,9750,9752.0,D10,D1,heartbeat,38,78,,8,,,,,D10,benign,
1183,9750,9752.0,D10,D6,heartbeat,38,78,,8,,,,,D10,benign,
1183,9750,9753.0,D10,D2,heartbeat,38,78,,8,,,,,D10,benign,
1183,9750,9753.0,D10,D3,heartbeat,38,78,,8,,,,,D10,benign,
1183,9750,9753.0,D10,D5,heartbeat,38,78,,8,,,,,D10,benign,
1183,9750,9753.0,D10,D7,heartbeat,38,78,,8,,,,,D10,benign,
1183,9750,9753.0,D10,D8,heartbeat,38,78,,8,,,,,D10,benign,
1183,9750,9754.0,D10,D4,heartbeat,38,78,,8,,,,,D10,benign,
1183,9750,9754.0,D10,D9,heartbeat,38,78,,8,,,,,D10,benign,
1172,9754,9757.0,D2,D1,telemetry,116,75,7aae7a6717b3474d,8,True,,,,D2,benign,
1179,9763,9766.0,D7,D1,video,1164,351,c65fcf7bebefb46f,8,True,,,,D7,benign,
1180,9775,9779.0,D7,D1,video,1148,352,c65fcf7bebefb46f,8,True,,,,D7,benign,
1182,9798,9801.0,D9,D1,telemetry,124,73,3703b933b94a2421,8,True,,,,D9,benign,
1175,9798,9802.0,D5,D1,video,1283,174,9553ccf1ec537ad8,8,True,,,,D5,benign,
1184,9799,9802.0,D10,D1,telemetry,117,79,a2705d9e0eeb48ee,8,True,,,,D10,benign,
1186,9802,9805.0,D5,D1,video,1171,175,9553ccf1ec537ad8,8,True,,,,D5,benign,
1185,9815,9818.0,D4,D1,telemetry,125,73,1d9cc43ff067d377,8,True,,,,D4,benign,
1187,9820,9823.0,D5,D1,video,1146,176,9553ccf1ec537ad8,8,True,,,,D5,benign,
1192,9827,9830.0,D7,D1,video,1236,354,c65fcf7bebefb46f,8,True,,,,D7,benign,
1188,9836,9839.0,D5,D1,video,1056,177,9553ccf1ec537ad8,8,True,,,,D5,benign,
1193,9839,9842.0,D7,D1,video,1245,355,c65fcf7bebefb46f,8,True,,,,D7,benign,
1194,9860,9864.0,D7,D1,video,1083,356,c65fcf7bebefb46f,8,True,,,,D7,benign,
1191,9862,9865.0,D7,D1,telemetry,159,353,c65fcf7bebefb46f,8,True,,,,D7,benign,
1189,9891,9895.0,D5,D1,video,958,178,9553ccf1ec537ad8,8,True,,,,D5,benign,
1190,9892,9895.0,D5,D1,video,1131,179,9553ccf1ec537ad8,8,True,,,,D5,benign,
1210,9902,9905.0,D8,D1,telemetry,124,192,cfefd62ad48a30c7,8,True,,,,D8,benign,
1201,9904,9908.0,D5,D1,video,1201,181,9553ccf1ec537ad8,8,True,,,,D5,benign,
1200,9911,9913.0,D5,D1,telemetry,118,180,9553ccf1ec537ad8,8,True,,,,D5,benign,
1197,9911,9914.0,D3,D1,telemetry,126,74,0cbace0af2b46d66,8,True,,,,D3,benign,
1202,9916,9919.0,D5,D1,video,858,182,9553ccf1ec537ad8,8,True,,,,D5,benign,
1206,9920,9923.0,D7,D1,video,1284,357,c65fcf7bebefb46f,8,True,,,,D7,benign,
1207,9920,9923.0,D7,D1,video,1004,358,c65fcf7bebefb46f,8,True,,,,D7,benign,
1195,9932,9935.0,D2,D1,telemetry,142,76,7aae7a6717b3474d,8,True,,,,D2,benign,
1198,9935,9937.0,D4,D6,heartbeat,37,74,,8,,,,,D4,benign,
1198,9935,9937.0,D4,D7,heartbeat,37,74,,8,,,,,D4,benign,
1198,9935,9937.0,D4,D8,heartbeat,37,74,,8,,,,,D4,benign,
1198,9935,9937.0,D4,D9,heartbeat,37,74,,8,,,,,D4,benign,
1198,9935,9938.0,D4,D3,heartbeat,37,74,,8,,,,,D4,benign,
1198,9935,9938.0,D4,D5,heartbeat,37,74,,8,,,,,D4,benign,
1198,9935,9938.0,D4,D10,heartbeat,37,74,,8,,,,,D4,benign,
1198,9935,9939.0,D4,D1,heartbeat,37,74,,8,,,,,D4,benign,
1198,9935,9939.0,D4,D2,heartbeat,37,74,,8,,,,,D4,benign,
1208,9936,9939.0,D7,D1,video,1163,359,c65fcf7bebefb46f,8,True,,,,D7,benign,
1203,9954,9957.0,D5,D1,video,1200,183,9553ccf1ec537ad8,8,True,,,,D5,benign,
1204,9973,9977.0,D5,D1,video,1122,184,9553ccf1ec537ad8,8,True,,,,D5,benign,
1212,9975,9977.0,D10,D1,telemetry,117,80,a2705d9e0eeb48ee,8,True,,,,D10,benign,
1205,9978,9980.0,D6,D1,telemetry,120,63,6bb52aad6e625485,8,True,,,,D6,benign,
1196,9979,9981.0,D3,D2,heartbeat,31,73,,8,,,,,D3,benign,
1196,9979,9981.0,D3,D7,heartbeat,31,73,,8,,,,,D3,benign,
1196,9979,9981.0,D3,D10,heartbeat,31,73,,8,,,,,D3,benign,
1196,9979,9982.0,D3,D4,heartbeat,31,73,,8,,,,,D3,benign,
1196,9979,9982.0,D3,D5,heartbeat,31,73,,8,,,,,D3,benign,
1196,9979,9982.0,D3,D6,heartbeat,31,73,,8,,,,,D3,benign,
1196,9979,9982.0,D3,D9,heartbeat,31,73,,8,,,,,D3,benign,
1196,9979,9983.0,D3,D1,heartbeat,31,73,,8,,,,,D3,benign,
1196,9979,9983.0,D3,D8,heartbeat,31,73,,8,,,,,D3,benign,
1211,9984,9988.0,D9,D1,telemetry,119,74,3703b933b94a2421,8,True,,,,D9,benign,
1199,9998,10002.0,D4,D1,telemetry,119,75,1d9cc43ff067d377,8,True,,,,D4,benign,
1209,10000,10003.0,D7,D1,video,1006,360,c65fcf7bebefb46f,8,True,,,,D7,benign,
1214,10026,10030.0,D5,D1,video,1012,185,9553ccf1ec537ad8,8,True,,,,D5,benign,
1217,10039,10042.0,D7,D1,telemetry,113,361,c65fcf7bebefb46f,8,True,,,,D7,benign,
1218,10041,10044.0,D7,D1,video,909,362,c65fcf7bebefb46f,8,True,,,,D7,benign,
1219,10052,10055.0,D7,D1,video,1188,363,c65fcf7bebefb46f,8,True,,,,D7,benign,
1215,10075,10079.0,D5,D1,video,857,186,9553ccf1ec537ad8,8,True,,,,D5,benign,
1220,10078,10081.0,D7,D1,video,1104,364,c65fcf7bebefb46f,8,True,,,,D7,benign,
1222,10090,10093.0,D8,D1,telemetry,100,193,cfefd62ad48a30c7,8,True,,,,D8,benign,
1213,10093,10097.0,D3,D1,telemetry,130,75,0cbace0af2b46d66,8,True,,,,D3,benign,
1232,10100,,D9,D1,trust_report,136,75,3703b933b94a2421,8,,,,channel_loss,D9,benign,
1228,10100,10102.0,D5,D1,trust_report,136,188,9553ccf1ec537ad8,8,True,,,,D5,benign,
1230,10100,10102.0,D7,D1,trust_report,136,366,c65fcf7bebefb46f,8,True,,,,D7,benign,
1221,10099,10103.0,D7,D1,video,998,365,c65fcf7bebefb46f,8,True,,,,D7,benign,
1216,10100,10103.0,D5,D1,video,937,187,9553ccf1ec537ad8,8,True,,,,D5,benign,
1227,10100,10103.0,D4,D1,trust_report,136,76,1d9cc43ff067d377,8,True,,,,D4,benign,
1229,10100,10103.0,D6,D1,trust_report,136,64,6bb52aad6e625485,8,True,,,,D6,benign,
1231,10100,10103.0,D8,D1,trust_report,136,194,cfefd62ad48a30c7,8,True,,,,D8,benign,
1226,10115,10117.0,D3,D1,auth_request,152,77,,8,,True,,,D3,benign,
1224,10115,10118.0,D2,D1,auth_request,152,78,,8,,True,,,D2,benign,
1234,10115,10118.0,D10,D1,auth_request,152,82,,8,,True,,,D10,benign,
1239,10118,10120.0,D5,D1,telemetry,122,189,9553ccf1ec537ad8,8,True,,,,D5,benign,
1246,10132,10134.0,D1,D3,rl_broadcast,32,38,,8,,,,,D1,benign,
1246,10132,10134.0,D1,D9,rl_broadcast,32,38,,8,,,,,D1,benign,
1245,10132,10135.0,D1,D3,auth_response,152,37,,8,,True,,,D1,benign,
1246,10132,10135.0,D1,D2,rl_broadcast,32,38,,8,,,,,D1,benign,
1246,10132,10135.0,D1,D5,rl_broadcast,32,38,,8,,,,,D1,benign,
1246,10132,10135.0,D1,D7,rl_broadcast,32,38,,8,,,,,D1,benign,
1246,10132,10135.0,D1,D8,rl_broadcast,32,38,,8,,,,,D1,benign,
1246,10132,10135.0,D1,D10,rl_broadcast,32,38,,8,,,,,D1,benign,
1248,10133,10135.0,D1,D3,rl_broadcast,32,40,,8,,,,,D1,benign,
1248,10133,10135.0,D1,D4,rl_broadcast,32,40,,8,,,,,D1,benign,
1248,10133,10135.0,D1,D7,rl_broadcast,32,40,,8,,,,,D1,benign,
1248,10133,10135.0,D1,D8,rl_broadcast,32,40,,8,,,,,D1,benign,
1248,10133,10135.0,D1,D9,rl_broadcast,32,40,,8,,,,,D1,benign,
1250,10133,10135.0,D1,D3,rl_broadcast,32,42,,8,,,,,D1,benign,
1250,10133,10135.0,D1,D5,rl_broadcast,32,42,,8,,,,,D1,benign,
1246,10132,10136.0,D1,D4,rl_broadcast,32,38,,8,,,,,D1,benign,
1246,10132,10136.0,D1,D6,rl_broadcast,32,38,,8,,,,,D1,benign,
1248,10133,10136.0,D1,D5,rl_broadcast,32,40,,8,,,,,D1,benign,
1248,10133,10136.0,D1,D10,rl_broadcast,32,40,,8,,,,,D1,benign,
1249,10133,10136.0,D1,D10,auth_response,152,41,,8,,True,,,D1,benign,
1250,10133,10136.0,D1,D2,rl_broadcast,32,42,,8,,,,,D1,benign,
1250,10133,10136.0,D1,D4,rl_broadcast,32,42,,8,,,,,D1,benign,
1250,10133,10136.0,D1,D6,rl_broadcast,32,42,,8,,,,,D1,benign,
1250,10133,10136.0,D1,D7,rl_broadcast,32,42,,8,,,,,D1,benign,
1250,10133,10136.0,D1,D8,rl_broadcast,32,42,,8,,,,,D1,benign,
1250,10133,10136.0,D1,D9,rl_broadcast,32,42,,8,,,,,D1,benign,
1250,10133,10136.0,D1,D10,rl_broadcast,32,42,,8,,,,,D1,benign,
1247,10133,10137.0,D1,D2,auth_response,152,39,,8,,True,,,D1,benign,
1248,10133,10137.0,D1,D2,rl_broadcast,32,40,,8,,,,,D1,benign,
1248,10133,10137.0,D1,D6,rl_broadcast,32,40,,8,,,,,D1,benign,
1225,10135,10138.0,D3,D1,trust_report,136,76,e7b8e1caa3f4ddf3,8,True,,,,D3,benign,
1233,10136,10138.0,D10,D1,trust_report,136,81,8ba7be619b0c7779,8,True,,,,D10,benign,
1237,10137,10139.0,D2,D1,telemetry,107,79,bdff538f85e15015,8,True,,,,D2,benign,
1223,10137,10140.0,D2,D1,trust_report,136,77,bdff538f85e15015,8,True,,,,D2,benign,
1244,10144,10146.0,D10,D1,telemetry,112,83,8ba7be619b0c7779,8,True,,,,D10,benign,
1235,10163,10165.0,D1,D5,heartbeat,36,35,,8,,,,,D1,benign,
1235,10163,10166.0,D1,D2,heartbeat,36,35,,8,,,,,D1,benign,
1235,10163,10166.0,D1,D3,heartbeat,36,35,,8,,,,,D1,benign,
1235,10163,10166.0,D1,D4,heartbeat,36,35,,8,,,,,D1,benign,
1235,10163,10166.0,D1,D6,heartbeat,36,35,,8,,,,,D1,benign,
1235,10163,10166.0,D1,D7,heartbeat,36,35,,8,,,,,D1,benign,
1235,10163,10166.0,D1,D8,heartbeat,36,35,,8,,,,,D1,benign,
1235,10163,10166.0,D1,D10,heartbeat,36,35,,8,,,,,D1,benign,
1235,10163,10167.0,D1,D9,heartbeat,36,35,,8,,,,,D1,benign,
1242,10171,10175.0,D7,D1,video,958,367,c65fcf7bebefb46f,8,True,,,,D7,benign,
1243,10174,10178.0,D9,D1,telemetry,128,76,3703b933b94a2421,8,True,,,,D9,benign,
1240,10178,10180.0,D5,D1,video,1181,190,9553ccf1ec537ad8,8,True,,,,D5,benign,
1238,10179,10183.0,D4,D1,telemetry,125,77,1d9cc43ff067d377,8,True,,,,D4,benign,
1236,10189,10193.0,D1,D8,command,80,36,cfefd62ad48a30c7,8,True,,,,D1,benign,
1241,10192,10196.0,D5,D1,video,941,191,9553ccf1ec537ad8,8,True,,,,D5,benign,
1253,10210,10213.0,D5,D1,video,1110,192,9553ccf1ec537ad8,8,True,,,,D5,benign,
1264,10221,10223.0,D6,D1,auth_request,152,66,,8,,True,,,D6,benign,
1265,10229,10231.0,D7,D1,auth_request,152,372,,8,,True,,,D7,benign,
1251,10234,10236.0,D2,D8,heartbeat,35,80,,8,,,,,D2,benign,
1251,10234,10236.0,D2,D9,heartbeat,35,80,,8,,,,,D2,benign,
1251,10234,10237.0,D2,D1,heartbeat,35,80,,8,,,,,D2,benign,
1251,10234,10237.0,D2,D5,heartbeat,35,80,,8,,,,,D2,benign,
1251,10234,10237.0,D2,D6,heartbeat,35,80,,8,,,,,D2,benign,
1251,10234,10237.0,D2,D7,heartbeat,35,80,,8,,,,,D2,benign,
1251,10234,10237.0,D2,D10,heartbeat,35,80,,8,,,,,D2,benign,
1251,10234,10238.0,D2,D3,heartbeat,35,80,,8,,,,,D2,benign,
1251,10234,10238.0,D2,D4,heartbeat,35,80,,8,,,,,D2,benign,
1254,10236,10238.0,D5,D1,video,978,193,9553ccf1ec537ad8,8,True,,,,D5,benign,
1267,10238,10240.0,D1,D6,auth_response,152,43,,8,,True,,,D1,benign,
1268,10238,10240.0,D1,D2,rl_broadcast,32,44,,8,,,,,D1,benign,
1268,10238,10240.0,D1,D4,rl_broadcast,32,44,,8,,,,,D1,benign,
1268,10238,10240.0,D1,D5,rl_broadcast,32,44,,8,,,,,D1,benign,
1268,10238,10240.0,D1,D7,rl_broadcast,32,44,,8,,,,,D1,benign,
1268,10238,10241.0,D1,D3,rl_broadcast,32,44,,8,,,,,D1,benign,
1268,10238,10241.0,D1,D8,rl_broadcast,32,44,,8,,,,,D1,benign,
1268,10238,10241.0,D1,D10,rl_broadcast,32,44,,8,,,,,D1,benign,
1268,10238,10242.0,D1,D6,rl_broadcast,32,44,,8,,,,,D1,benign,
1268,10238,10242.0,D1,D9,rl_broadcast,32,44,,8,,,,,D1,benign,
1257,10240,10244.0,D6,D1,telemetry,112,65,58b8f1592e4135fc,8,True,,,,D6,benign,
1269,10246,10248.0,D1,D7,auth_response,152,45,,8,,True,,,D1,benign,
1270,10246,10248.0,D1,D3,rl_broadcast,32,46,,8,,,,,D1,benign,
1270,10246,10248.0,D1,D9,rl_broadcast,32,46,,8,,,,,D1,benign,
1270,10246,10249.0,D1,D2,rl_broadcast,32,46,,8,,,,,D1,benign,
1270,10246,10249.0,D1,D5,rl_broadcast,32,46,,8,,,,,D1,benign,
1270,10246,10249.0,D1,D6,rl_broadcast,32,46,,8,,,,,D1,benign,
1270,10246,10249.0,D1,D7,rl_broadcast,32,46,,8,,,,,D1,benign,
1270,10246,10249.0,D1,D10,rl_broadcast,32,46,,8,,,,,D1,benign,
1270,10246,10250.0,D1,D4,rl_broadcast,32,46,,8,,,,,D1,benign,
1270,10246,10250.0,D1,D8,rl_broadcast,32,46,,8,,,,,D1,benign,
1258,10248,10251.0,D7,D1,telemetry,140,368,7b7013606d5432f3,8,True,,,,D7,benign,
1259,10248,10251.0,D7,D1,video,954,369,7b7013606d5432f3,8,True,,,,D7,benign,
1260,10248,10252.0,D7,D1,video,1125,370,7b7013606d5432f3,8,True,,,,D7,benign,
1255,10253,10256.0,D5,D1,video,982,194,9553ccf1ec537ad8,8,True,,,,D5,benign,
1261,10256,10259.0,D7,D1,video,1187,371,7b7013606d5432f3,8,True,,,,D7,benign,
1256,10273,10276.0,D5,D1,video,1037,195,9553ccf1ec537ad8,8,True,,,,D5,benign,
1266,10275,10278.0,D8,D1,auth_request,152,197,,8,,True,,,D8,benign,
1252,10282,10284.0,D3,D1,telemetry,119,78,e7b8e1caa3f4ddf3,8,True,,,,D3,benign,
1272,10293,10295.0,D1,D5,rl_broadcast,32,48,,8,,,,,D1,benign,
1272,10293,10295.0,D1,D6,rl_broadcast,32,48,,8,,,,,D1,benign,
1272,10293,10295.0,D1,D7,rl_broadcast,32,48,,8,,,,,D1,benign,
1272,10293,10295.0,D1,D8,rl_broadcast,32,48,,8,,,,,D1,benign,
1272,10293,10295.0,D1,D9,rl_broadcast,32,48,,8,,,,,D1,benign,
1271,10293,10296.0,D1,D8,auth_response,152,47,,8,,True,,,D1,benign,
1272,10293,10296.0,D1,D10,rl_broadcast,32,48,,8,,,,,D1,benign,
1272,10293,10297.0,D1,D2,rl_broadcast,32,48,,8,,,,,D1,benign,
1272,10293,10297.0,D1,D3,rl_broadcast,32,48,,8,,,,,D1,benign,
1272,10293,10297.0,D1,D4,rl_broadcast,32,48,,8,,,,,D1,benign,
1262,10296,10298.0,D8,D1,telemetry,132,195,fb6faabf22070f20,8,True,,,,D8,benign,
1263,10296,10300.0,D8,D1,video,1130,196,fb6faabf22070f20,8,True,,,,D8,benign,
1276,10330,,D5,D1,telemetry,137,197,9553ccf1ec537ad8,8,,,,channel_loss,D5,benign,
1273,10302,10306.0,D2,D1,telemetry,116,81,bdff538f85e15015,8,True,,,,D2,benign,
1285,10306,10308.0,D10,D1,telemetry,137,84,8ba7be619b0c7779,8,True,,,,D10,benign,
1280,10308,10311.0,D7,D1,video,912,374,7b7013606d5432f3,8,True,,,,D7,benign,
1275,10312,10314.0,D5,D2,heartbeat,49,196,,8,,,,,D5,benign,
1275,10312,10314.0,D5,D4,heartbeat,49,196,,8,,,,,D5,benign,
1275,10312,10314.0,D5,D6,heartbeat,49,196,,8,,,,,D5,benign,
1275,10312,10314.0,D5,D8,heartbeat,49,196,,8,,,,,D5,benign,
1275,10312,10314.0,D5,D9,heartbeat,49,196,,8,,,,,D5,benign,
1275,10312,10314.0,D5,D10,heartbeat,49,196,,8,,,,,D5,benign,
1275,10312,10315.0,D5,D1,heartbeat,49,196,,8,,,,,D5,benign,
1275,10312,10315.0,D5,D3,heartbeat,49,196,,8,,,,,D5,benign,
1275,10312,10315.0,D5,D7,heartbeat,49,196,,8,,,,,D5,benign,
1277,10312,10315.0,D5,D1,video,1255,198,9553ccf1ec537ad8,8,True,,,,D5,benign,
1278,10318,10321.0,D5,D1,video,995,199,9553ccf1ec537ad8,8,True,,,,D5,benign,
1281,10324,10329.0,D7,D1,video,955,375,7b7013606d5432f3,8,True,,,,D7,benign,
1283,10349,10352.0,D8,D1,video,1241,198,fb6faabf22070f20,8,True,,,,D8,benign,
1282,10366,10369.0,D7,D1,video,999,376,7b7013606d5432f3,8,True,,,,D7,benign,
1286,10374,10377.0,D4,D1,auth_request,152,79,,8,,True,,,D4,benign,
1287,10375,10378.0,D9,D1,auth_request,152,78,,8,,True,,,D9,benign,
1279,10391,10394.0,D7,D1,telemetry,143,373,7b7013606d5432f3,8,True,,,,D7,benign,
1288,10392,10394.0,D1,D4,auth_response,152,49,,8,,True,,,D1,benign,
1289,10392,10394.0,D1,D9,rl_broadcast,32,50,,8,,,,,D1,benign,
1289,10392,10395.0,D1,D3,rl_broadcast,32,50,,8,,,,,D1,benign,
1289,10392,10395.0,D1,D4,rl_broadcast,32,50,,8,,,,,D1,benign,
1289,10392,10395.0,D1,D5,rl_broadcast,32,50,,8,,,,,D1,benign,
1289,10392,10395.0,D1,D6,rl_broadcast,32,50,,8,,,,,D1,benign,
1289,10392,10395.0,D1,D7,rl_broadcast,32,50,,8,,,,,D1,benign,
1289,10392,10395.0,D1,D8,rl_broadcast,32,50,,8,,,,,D1,benign,
1289,10392,10395.0,D1,D10,rl_broadcast,32,50,,8,,,,,D1,benign,
1290,10393,10395.0,D1,D9,auth_response,152,51,,8,,True,,,D1,benign,
1291,10393,10395.0,D1,D2,rl_broadcast,32,52,,8,,,,,D1,benign,
1291,10393,10395.0,D1,D3,rl_broadcast,32,52,,8,,,,,D1,benign,
1291,10393,10395.0,D1,D7,rl_broadcast,32,52,,8,,,,,D1,benign,
1291,10393,10395.0,D1,D8,rl_broadcast,32,52,,8,,,,,D1,benign,
1291,10393,10395.0,D1,D9,rl_broadcast,32,52,,8,,,,,D1,benign,
1289,10392,10396.0,D1,D2,rl_broadcast,32,50,,8,,,,,D1,benign,
1291,10393,10396.0,D1,D4,rl_broadcast,32,52,,8,,,,,D1,benign,
1291,10393,10396.0,D1,D10,rl_broadcast,32,52,,8,,,,,D1,benign,
1291,10393,10397.0,D1,D5,rl_broadcast,32,52,,8,,,,,D1,benign,
1274,10394,10397.0,D4,D1,telemetry,116,78,c156de1011a28756,8,True,,,,D4,benign,
1291,10393,10398.0,D1,D6,rl_broadcast,32,52,,8,,,,,D1,benign,
1284,10395,10398.0,D9,D1,telemetry,123,77,7798227238162171,8,True,,,,D9,benign,
1298,10401,10404.0,D7,D1,video,1184,377,7b7013606d5432f3,8,True,,,,D7,benign,
1302,10401,10404.0,D8,D1,video,1119,201,fb6faabf22070f20,8,True,,,,D8,benign,
1303,10411,10413.0,D8,D1,video,902,202,fb6faabf22070f20,8,True,,,,D8,benign,
1299,10411,10414.0,D7,D1,video,1080,378,7b7013606d5432f3,8,True,,,,D7,benign,
1294,10423,10427.0,D5,D1,video,1184,200,9553ccf1ec537ad8,8,True,,,,D5,benign,
1297,10431,10434.0,D6,D1,telemetry,138,67,58b8f1592e4135fc,8,True,,,,D6,benign,
1304,10433,10436.0,D8,D1,video,1223,203,fb6faabf22070f20,8,True,,,,D8,benign,
1300,10441,10443.0,D8,D3,heartbeat,44,199,,8,,,,,D8,benign,
1300,10441,10443.0,D8,D5,heartbeat,44,199,,8,,,,,D8,benign,
1300,10441,10443.0,D8,D6,heartbeat,44,199,,8,,,,,D8,benign,
1300,10441,10443.0,D8,D9,heartbeat,44,199,,8,,,,,D8,benign,
1300,10441,10443.0,D8,D10,heartbeat,44,199,,8,,,,,D8,benign,
1300,10441,10444.0,D8,D1,heartbeat,44,199,,8,,,,,D8,benign,
1300,10441,10444.0,D8,D2,heartbeat,44,199,,8,,,,,D8,benign,
1300,10441,10445.0,D8,D7,heartbeat,44,199,,8,,,,,D8,benign,
1300,10441,10446.0,D8,D4,heartbeat,44,199,,8,,,,,D8,benign,
1305,10445,10448.0,D8,D1,video,1078,204,fb6faabf22070f20,8,True,,,,D8,benign,
1295,10461,10464.0,D5,D1,video,1075,201,9553ccf1ec537ad8,8,True,,,,D5,benign,
1301,10467,10469.0,D8,D1,telemetry,132,200,fb6faabf22070f20,8,True,,,,D8,benign,
1306,10465,10470.0,D8,D1,video,1193,205,fb6faabf22070f20,8,True,,,,D8,benign,
1307,10471,10475.0,D8,D1,video,991,206,fb6faabf22070f20,8,True,,,,D8,benign,
1308,10481,10484.0,D10,D1,telemetry,120,85,8ba7be619b0c7779,8,True,,,,D10,benign,
1293,10482,10485.0,D3,D1,telemetry,132,79,e7b8e1caa3f4ddf3,8,True,,,,D3,benign,
1292,10485,10488.0,D2,D1,telemetry,137,82,bdff538f85e15015,8,True,,,,D2,benign,
1296,10489,10492.0,D5,D1,video,1223,202,9553ccf1ec537ad8,8,True,,,,D5,benign,
1312,10535,10538.0,D5,D1,video,1191,204,9553ccf1ec537ad8,8,True,,,,D5,benign,
1322,10537,10541.0,D9,D1,telemetry,112,80,7798227238162171,8,True,,,,D9,benign,
1313,10541,10544.0,D5,D1,video,890,205,9553ccf1ec537ad8,8,True,,,,D5,benign,
1311,10547,10550.0,D5,D1,telemetry,145,203,9553ccf1ec537ad8,8,True,,,,D5,benign,
1310,10547,10551.0,D4,D1,telemetry,114,80,c156de1011a28756,8,True,,,,D4,benign,
1309,10549,10551.0,D1,D7,command,98,53,7b7013606d5432f3,8,True,,,,D1,benign,
1321,10550,10552.0,D9,D2,heartbeat,38,79,,8,,,,,D9,benign,
1321,10550,10552.0,D9,D6,heartbeat,38,79,,8,,,,,D9,benign,
1321,10550,10553.0,D9,D1,heartbeat,38,79,,8,,,,,D9,benign,
1321,10550,10553.0,D9,D3,heartbeat,38,79,,8,,,,,D9,benign,
1321,10550,10553.0,D9,D4,heartbeat,38,79,,8,,,,,D9,benign,
1321,10550,10553.0,D9,D5,heartbeat,38,79,,8,,,,,D9,benign,
1321,10550,10553.0,D9,D8,heartbeat,38,79,,8,,,,,D9,benign,
1321,10550,10553.0,D9,D10,heartbeat,38,79,,8,,,,,D9,benign,
1321,10550,10554.0,D9,D7,heartbeat,38,79,,8,,,,,D9,benign,
1318,10561,10564.0,D8,D1,video,1177,207,fb6faabf22070f20,8,True,,,,D8,benign,
1319,10562,10567.0,D8,D1,video,1203,208,fb6faabf22070f20,8,True,,,,D8,benign,
1320,10567,10570.0,D8,D1,video,1126,209,fb6faabf22070f20,8,True,,,,D8,benign,
1317,10572,10574.0,D7,D1,telemetry,134,379,7b7013606d5432f3,8,True,,,,D7,benign,
1314,10583,10586.0,D5,D1,video,1175,206,9553ccf1ec537ad8,8,True,,,,D5,benign,
1315,10587,10590.0,D5,D1,video,1133,207,9553ccf1ec537ad8,8,True,,,,D5,benign,
1316,10587,10591.0,D5,D1,video,1084,208,9553ccf1ec537ad8,8,True,,,,D5,benign,
1332,10602,,D8,D1,video,874,211,fb6faabf22070f20,8,,,,channel_loss,D8,benign,
1325,10612,,D5,D1,video,1087,209,9553ccf1ec537ad8,8,,,,channel_loss,D5,benign,
1331,10663,,D8,D1,telemetry,133,210,fb6faabf22070f20,8,,,,channel_loss,D8,benign,
1328,10613,10615.0,D6,D1,heartbeat,41,68,,8,,,,,D6,benign,
1328,10613,10615.0,D6,D2,heartbeat,41,68,,8,,,,,D6,benign,
1328,10613,10615.0,D6,D3,heartbeat,41,68,,8,,,,,D6,benign,
1328,10613,10615.0,D6,D5,heartbeat,41,68,,8,,,,,D6,benign,
1328,10613,10616.0,D6,D4,heartbeat,41,68,,8,,,,,D6,benign,
1328,10613,10616.0,D6,D7,heartbeat,41,68,,8,,,,,D6,benign,
1328,10613,10616.0,D6,D8,heartbeat,41,68,,8,,,,,D6,benign,
1328,10613,10616.0,D6,D9,heartbeat,41,68,,8,,,,,D6,benign,
1328,10613,10616.0,D6,D10,heartbeat,41,68,,8,,,,,D6,benign,
1333,10618,10622.0,D8,D1,video,1183,212,fb6faabf22070f20,8,True,,,,D8,benign,
1334,10624,10627.0,D8,D1,video,1053,213,fb6faabf22070f20,8,True,,,,D8,benign,
1338,10645,10648.0,D10,D1,telemetry,114,86,8ba7be619b0c7779,8,True,,,,D10,benign,
1335,10650,10653.0,D8,D1,video,1186,214,fb6faabf22070f20,8,True,,,,D8,benign,
1336,10652,10656.0,D8,D1,video,1382,215,fb6faabf22070f20,8,True,,,,D8,benign,
1329,10657,10659.0,D6,D1,telemetry,108,69,58b8f1592e4135fc,8,True,,,,D6,benign,
1323,10662,10667.0,D2,D1,telemetry,159,83,bdff538f85e15015,8,True,,,,D2,benign,
1326,10663,10667.0,D5,D1,video,1123,210,9553ccf1ec537ad8,8,True,,,,D5,benign,
1324,10667,10671.0,D3,D1,telemetry,142,80,e7b8e1caa3f4ddf3,8,True,,,,D3,benign,
1337,10671,10675.0,D8,D1,video,1276,216,fb6faabf22070f20,8,True,,,,D8,benign,
1330,10685,10687.0,D7,D3,heartbeat,46,380,,8,,,,,D7,benign,
1330,10685,10687.0,D7,D6,heartbeat,46,380,,8,,,,,D7,benign,
1330,10685,10687.0,D7,D10,heartbeat,46,380,,8,,,,,D7,benign,
1330,10685,10688.0,D7,D1,heartbeat,46,380,,8,,,,,D7,benign,
1330,10685,10688.0,D7,D4,heartbeat,46,380,,8,,,,,D7,benign,
1330,10685,10688.0,D7,D5,heartbeat,46,380,,8,,,,,D7,benign,
1330,10685,10688.0,D7,D8,heartbeat,46,380,,8,,,,,D7,benign,
1330,10685,10688.0,D7,D9,heartbeat,46,380,,8,,,,,D7,benign,
1330,10685,10689.0,D7,D2,heartbeat,46,380,,8,,,,,D7,benign,
1327,10687,10691.0,D5,D1,video,1114,211,9553ccf1ec537ad8,8,True,,,,D5,benign,
1349,10717,10720.0,D8,D1,video,918,217,fb6faabf22070f20,8,True,,,,D8,benign,
1341,10718,10722.0,D5,D1,video,935,213,9553ccf1ec537ad8,8,True,,,,D5,benign,
1350,10722,10725.0,D8,D1,video,973,218,fb6faabf22070f20,8,True,,,,D8,benign,
1339,10723,10726.0,D4,D1,telemetry,109,81,c156de1011a28756,8,True,,,,D4,benign,
1346,10724,10727.0,D7,D1,video,1165,382,7b7013606d5432f3,8,True,,,,D7,benign,
1352,10727,10730.0,D9,D1,telemetry,140,81,7798227238162171,8,True,,,,D9,benign,
1340,10744,10747.0,D5,D1,telemetry,136,212,9553ccf1ec537ad8,8,True,,,,D5,benign,
1345,10750,10755.0,D7,D1,telemetry,116,381,7b7013606d5432f3,8,True,,,,D7,benign,
1342,10756,10760.0,D5,D1,video,1022,214,9553ccf1ec537ad8,8,True,,,,D5,benign,
1353,10770,10772.0,D10,D4,heartbeat,38,87,,8,,,,,D10,benign,
1353,10770,10772.0,D10,D6,heartbeat,38,87,,8,,,,,D10,benign,
1353,10770,10772.0,D10,D7,heartbeat,38,87,,8,,,,,D10,benign,
1353,10770,10772.0,D10,D8,heartbeat,38,87,,8,,,,,D10,benign,
1353,10770,10772.0,D10,D9,heartbeat,38,87,,8,,,,,D10,benign,
1353,10770,10773.0,D10,D2,heartbeat,38,87,,8,,,,,D10,benign,
1353,10770,10773.0,D10,D3,heartbeat,38,87,,8,,,,,D10,benign,
1353,10770,10773.0,D10,D5,heartbeat,38,87,,8,,,,,D10,benign,
1353,10770,10774.0,D10,D1,heartbeat,38,87,,8,,,,,D10,benign,
1351,10783,10786.0,D8,D1,video,1101,219,fb6faabf22070f20,8,True,,,,D8,benign,
1343,10791,10795.0,D5,D1,video,1102,215,9553ccf1ec537ad8,8,True,,,,D5,benign,
1344,10793,10796.0,D5,D1,video,879,216,9553ccf1ec537ad8,8,True,,,,D5,benign,
1347,10798,10802.0,D7,D1,video,1130,383,7b7013606d5432f3,8,True,,,,D7,benign,
1348,10800,10803.0,D7,D1,video,1090,384,7b7013606d5432f3,8,True,,,,D7,benign,
1360,10806,10809.0,D7,D1,video,1110,386,7b7013606d5432f3,8,True,,,,D7,benign,
1359,10806,10810.0,D7,D1,video,1089,385,7b7013606d5432f3,8,True,,,,D7,benign,
1364,10812,10817.0,D8,D1,video,1250,221,fb6faabf22070f20,8,True,,,,D8,benign,
1365,10823,10827.0,D10,D1,telemetry,108,88,8ba7be619b0c7779,8,True,,,,D10,benign,
1356,10829,10832.0,D5,D1,video,1100,217,9553ccf1ec537ad8,8,True,,,,D5,benign,
1354,10841,10845.0,D2,D1,telemetry,122,84,bdff538f85e15015,8,True,,,,D2,benign,
1363,10847,10852.0,D8,D1,telemetry,123,220,fb6faabf22070f20,8,True,,,,D8,benign,
1355,10850,10853.0,D3,D1,telemetry,115,81,e7b8e1caa3f4ddf3,8,True,,,,D3,benign,
1357,10857,10860.0,D5,D1,video,1253,218,9553ccf1ec537ad8,8,True,,,,D5,benign,
1361,10858,10861.0,D7,D1,video,1111,387,7b7013606d5432f3,8,True,,,,D7,benign,
1362,10878,10881.0,D7,D1,video,1038,388,7b7013606d5432f3,8,True,,,,D7,benign,
1358,10896,10899.0,D6,D1,telemetry,112,70,58b8f1592e4135fc,8,True,,,,D6,benign,
1366,10907,10909.0,D4,D2,heartbeat,43,82,,8,,,,,D4,benign,
1366,10907,10909.0,D4,D3,heartbeat,43,82,,8,,,,,D4,benign,
1366,10907,10909.0,D4,D6,heartbeat,43,82,,8,,,,,D4,benign,
1366,10907,10909.0,D4,D8,heartbeat,43,82,,8,,,,,D4,benign,
1366,10907,10909.0,D4,D10,heartbeat,43,82,,8,,,,,D4,benign,
1366,10907,10910.0,D4,D1,heartbeat,43,82,,8,,,,,D4,benign,
1366,10907,10910.0,D4,D5,heartbeat,43,82,,8,,,,,D4,benign,
1366,10907,10910.0,D4,D7,heartbeat,43,82,,8,,,,,D4,benign,
1366,10907,10910.0,D4,D9,heartbeat,43,82,,8,,,,,D4,benign,
1367,10913,10917.0,D4,D1,telemetry,106,83,c156de1011a28756,8,True,,,,D4,benign,
1378,10920,10923.0,D9,D1,telemetry,141,82,7798227238162171,8,True,,,,D9,benign,
1370,10925,10928.0,D7,D1,telemetry,111,389,7b7013606d5432f3,8,True,,,,D7,benign,
1371,10931,10935.0,D7,D1,video,1055,390,7b7013606d5432f3,8,True,,,,D7,benign,
1368,10944,10946.0,D5,D1,telemetry,133,219,9553ccf1ec537ad8,8,True,,,,D5,benign,
1373,10956,10959.0,D8,D1,video,1070,222,fb6faabf22070f20,8,True,,,,D8,benign,
1374,10970,10973.0,D8,D1,video,1023,223,fb6faabf22070f20,8,True,,,,D8,benign,
1375,10977,10980.0,D8,D1,video,1103,224,fb6faabf22070f20,8,True,,,,D8,benign,
1372,10981,10984.0,D7,D1,video,1190,391,7b7013606d5432f3,8,True,,,,D7,benign,
1369,10984,10987.0,D5,D1,video,1242,220,9553ccf1ec537ad8,8,True,,,,D5,benign,
1377,10998,11001.0,D8,D1,video,1290,226,fb6faabf22070f20,8,True,,,,D8,benign,
1379,10999,11001.0,D10,D1,telemetry,126,89,8ba7be619b0c7779,8,True,,,,D10,benign,
1376,10997,11002.0,D8,D1,video,1276,225,fb6faabf22070f20,8,True,,,,D8,benign,
1380,11012,11017.0,D2,D1,telemetry,132,85,bdff538f85e15015,8,True,,,,D2,benign,
1381,11028,11030.0,D3,D1,heartbeat,45,82,,8,,,,,D3,benign,
1381,11028,11030.0,D3,D8,heartbeat,45,82,,8,,,,,D3,benign,
1381,11028,11030.0,D3,D10,heartbeat,45,82,,8,,,,,D3,benign,
1381,11028,11031.0,D3,D2,heartbeat,45,82,,8,,,,,D3,benign,
1381,11028,11031.0,D3,D4,heartbeat,45,82,,8,,,,,D3,benign,
1381,11028,11031.0,D3,D5,heartbeat,45,82,,8,,,,,D3,benign,
1381,11028,11031.0,D3,D6,heartbeat,45,82,,8,,,,,D3,benign,
1381,11028,11031.0,D3,D7,heartbeat,45,82,,8,,,,,D3,benign,
1381,11028,11031.0,D3,D9,heartbeat,45,82,,8,,,,,D3,benign,
1386,11029,11033.0,D8,D1,telemetry,132,227,fb6faabf22070f20,8,True,,,,D8,benign,
1382,11039,11041.0,D3,D1,telemetry,97,83,e7b8e1caa3f4ddf3,8,True,,,,D3,benign,
1387,11044,11048.0,D8,D1,video,1177,228,fb6faabf22070f20,8,True,,,,D8,benign,
1383,11065,11070.0,D5,D1,video,1231,221,9553ccf1ec537ad8,8,True,,,,D5,benign,
1384,11073,11075.0,D5,D1,video,867,222,9553ccf1ec537ad8,8,True,,,,D5,benign,
1388,11075,11078.0,D8,D1,video,1040,229,fb6faabf22070f20,8,True,,,,D8,benign,
1389,11090,11092.0,D8,D1,video,1033,230,fb6faabf22070f20,8,True,,,,D8,benign,
1385,11094,11097.0,D5,D1,video,1241,223,9553ccf1ec537ad8,8,True,,,,D5,benign,
1390,11096,11099.0,D8,D1,video,787,231,fb6faabf22070f20,8,True,,,,D8,benign,
1394,11100,,D5,D1,trust_report,136,224,9553ccf1ec537ad8,8,,,,channel_loss,D5,benign,
1403,11151,,D5,D1,telemetry,126,225,9553ccf1ec537ad8,8,,,,channel_loss,D5,benign,
1400,11167,,D1,D5,heartbeat,40,54,,8,,,,channel_loss,D1,benign,
1391,11100,11102.0,D2,D1,trust_report,136,86,bdff538f85e15015,8,True,,,,D2,benign,
1395,11100,11102.0,D6,D1,trust_report,136,71,58b8f1592e4135fc,8,True,,,,D6,benign,
1392,11100,11103.0,D3,D1,trust_report,136,84,e7b8e1caa3f4ddf3,8,True,,,,D3,benign,
1396,11100,11103.0,D7,D1,trust_report,136,392,7b7013606d5432f3,8,True,,,,D7,benign,
1397,11100,11103.0,D8,D1,trust_report,136,232,fb6faabf22070f20,8,True,,,,D8,benign,
1398,11100,11103.0,D9,D1,trust_report,136,83,7798227238162171,8,True,,,,D9,benign,
1399,11100,11103.0,D10,D1,trust_report,136,90,8ba7be619b0c7779,8,True,,,,D10,benign,
1393,11100,11104.0,D4,D1,trust_report,136,84,c156de1011a28756,8,True,,,,D4,benign,
1410,11104,11106.0,D9,D1,telemetry,127,84,7798227238162171,8,True,,,,D9,benign,
1402,11106,11108.0,D4,D1,telemetry,113,85,c156de1011a28756,8,True,,,,D4,benign,
1407,11108,11112.0,D7,D1,telemetry,131,393,7b7013606d5432f3,8,True,,,,D7,benign,
1408,11128,11131.0,D7,D1,video,1231,394,7b7013606d5432f3,8,True,,,,D7,benign,
1406,11134,11136.0,D6,D1,telemetry,104,72,58b8f1592e4135fc,8,True,,,,D6,benign,
1404,11151,11154.0,D5,D1,video,898,226,9553ccf1ec537ad8,8,True,,,,D5,benign,
1405,11163,11167.0,D5,D1,video,1071,227,9553ccf1ec537ad8,8,True,,,,D5,benign,
1400,11167,11169.0,D1,D4,heartbeat,40,54,,8,,,,,D1,benign,
1400,11167,11169.0,D1,D6,heartbeat,40,54,,8,,,,,D1,benign,
1400,11167,11170.0,D1,D2,heartbeat,40,54,,8,,,,,D1,benign,
1400,11167,11170.0,D1,D3,heartbeat,40,54,,8,,,,,D1,benign,
1400,11167,11170.0,D1,D7,heartbeat,40,54,,8,,,,,D1,benign,
1400,11167,11170.0,D1,D8,heartbeat,40,54,,8,,,,,D1,benign,
1400,11167,11170.0,D1,D9,heartbeat,40,54,,8,,,,,D1,benign,
1400,11167,11171.0,D1,D10,heartbeat,40,54,,8,,,,,D1,benign,
1411,11169,11172.0,D10,D1,telemetry,116,91,8ba7be619b0c7779,8,True,,,,D10,benign,
1409,11185,11188.0,D7,D1,video,1212,395,7b7013606d5432f3,8,True,,,,D7,benign,
1401,11193,11195.0,D2,D1,telemetry,129,87,bdff538f85e15015,8,True,,,,D2,benign,
1416,11206,11210.0,D5,D1,video,1176,229,9553ccf1ec537ad8,8,True,,,,D5,benign,
1426,11208,11211.0,D8,D1,telemetry,132,233,fb6faabf22070f20,8,True,,,,D8,benign,
1427,11218,11221.0,D8,D1,video,1157,234,fb6faabf22070f20,8,True,,,,D8,benign,
1417,11234,11237.0,D5,D1,video,997,230,9553ccf1ec537ad8,8,True,,,,D5,benign,
1423,11234,11237.0,D7,D1,video,1122,397,7b7013606d5432f3,8,True,,,,D7,benign,
1428,11234,11237.0,D8,D1,video,1058,235,fb6faabf22070f20,8,True,,,,D8,benign,
1418,11235,11239.0,D5,D1,video,1113,231,9553ccf1ec537ad8,8,True,,,,D5,benign,
1413,11240,11242.0,D3,D1,telemetry,115,85,e7b8e1caa3f4ddf3,8,True,,,,D3,benign,
1412,11241,11243.0,D2,D4,heartbeat,38,88,,8,,,,,D2,benign,
1412,11241,11243.0,D2,D6,heartbeat,38,88,,8,,,,,D2,benign,
1412,11241,11243.0,D2,D7,heartbeat,38,88,,8,,,,,D2,benign,
1412,11241,11243.0,D2,D8,heartbeat,38,88,,8,,,,,D2,benign,
1412,11241,11243.0,D2,D9,heartbeat,38,88,,8,,,,,D2,benign,
1412,11241,11244.0,D2,D1,heartbeat,38,88,,8,,,,,D2,benign,
1412,11241,11244.0,D2,D3,heartbeat,38,88,,8,,,,,D2,benign,
1412,11241,11244.0,D2,D5,heartbeat,38,88,,8,,,,,D2,benign,
1412,11241,11244.0,D2,D10,heartbeat,38,88,,8,,,,,D2,benign,
1419,11242,11245.0,D5,D1,video,1188,232,9553ccf1ec537ad8,8,True,,,,D5,benign,
1429,11253,11256.0,D8,D1,video,819,236,fb6faabf22070f20,8,True,,,,D8,benign,
1420,11257,11261.0,D5,D1,video,1230,233,9553ccf1ec537ad8,8,True,,,,D5,benign,
1424,11263,11267.0,D7,D1,video,1089,398,7b7013606d5432f3,8,True,,,,D7,benign,
1430,11267,11270.0,D8,D1,video,1235,237,fb6faabf22070f20,8,True,,,,D8,benign,
1425,11269,11272.0,D7,D1,video,1206,399,7b7013606d5432f3,8,True,,,,D7,benign,
1431,11275,11278.0,D8,D1,video,1077,238,fb6faabf22070f20,8,True,,,,D8,benign,
1432,11278,11282.0,D8,D1,video,998,239,fb6faabf22070f20,8,True,,,,D8,benign,
1422,11280,11283.0,D7,D1,telemetry,91,396,7b7013606d5432f3,8,True,,,,D7,benign,
1415,11282,11284.0,D5,D4,heartbeat,41,228,,8,,,,,D5,benign,
1415,11282,11285.0,D5,D3,heartbeat,41,228,,8,,,,,D5,benign,
1415,11282,11285.0,D5,D6,heartbeat,41,228,,8,,,,,D5,benign,
1415,11282,11285.0,D5,D7,heartbeat,41,228,,8,,,,,D5,benign,
1415,11282,11285.0,D5,D8,heartbeat,41,228,,8,,,,,D5,benign,
1415,11282,11285.0,D5,D9,heartbeat,41,228,,8,,,,,D5,benign,
1415,11282,11285.0,D5,D10,heartbeat,41,228,,8,,,,,D5,benign,
1415,11282,11286.0,D5,D1,heartbeat,41,228,,8,,,,,D5,benign,
1415,11282,11286.0,D5,D2,heartbeat,41,228,,8,,,,,D5,benign,
1433,11285,11288.0,D9,D1,telemetry,134,85,7798227238162171,8,True,,,,D9,benign,
1414,11298,11300.0,D4,D1,telemetry,127,86,c156de1011a28756,8,True,,,,D4,benign,
1421,11298,11302.0,D5,D1,video,1175,234,9553ccf1ec537ad8,8,True,,,,D5,benign,
1441,11309,11312.0,D7,D1,video,1125,400,7b7013606d5432f3,8,True,,,,D7,benign,
1443,11317,11320.0,D8,D1,video,1363,240,fb6faabf22070f20,8,True,,,,D8,benign,
1445,11333,11337.0,D10,D1,telemetry,109,92,8ba7be619b0c7779,8,True,,,,D10,benign,
1444,11346,11349.0,D8,D1,video,1331,241,fb6faabf22070f20,8,True,,,,D8,benign,
1436,11354,11357.0,D5,D1,video,1117,236,9553ccf1ec537ad8,8,True,,,,D5,benign,
1435,11358,11361.0,D5,D1,telemetry,103,235,9553ccf1ec537ad8,8,True,,,,D5,benign,
1440,11370,11373.0,D6,D1,telemetry,105,73,58b8f1592e4135fc,8,True,,,,D6,benign,
1434,11376,11378.0,D2,D1,telemetry,111,89,bdff538f85e15015,8,True,,,,D2,benign,
1437,11387,11390.0,D5,D1,video,1091,237,9553ccf1ec537ad8,8,True,,,,D5,benign,
1438,11388,11392.0,D5,D1,video,1237,238,9553ccf1ec537ad8,8,True,,,,D5,benign,
1439,11394,11397.0,D5,D1,video,1054,239,9553ccf1ec537ad8,8,True,,,,D5,benign,
1442,11398,11401.0,D7,D1,video,1209,401,7b7013606d5432f3,8,True,,,,D7,benign,
1454,11405,11409.0,D8,D1,telemetry,126,243,fb6faabf22070f20,8,True,,,,D8,benign,
1451,11407,11411.0,D7,D1,video,1194,403,7b7013606d5432f3,8,True,,,,D7,benign,
1448,11420,11423.0,D5,D1,video,1106,240,9553ccf1ec537ad8,8,True,,,,D5,benign,
1446,11435,11439.0,D3,D1,telemetry,123,86,e7b8e1caa3f4ddf3,8,True,,,,D3,benign,
1452,11448,11451.0,D7,D1,video,1319,404,7b7013606d5432f3,8,True,,,,D7,benign,
1450,11452,11454.0,D7,D1,telemetry,142,402,7b7013606d5432f3,8,True,,,,D7,benign,
1453,11459,11461.0,D8,D2,heartbeat,41,242,,8,,,,,D8,benign,
1453,11459,11461.0,D8,D4,heartbeat,41,242,,8,,,,,D8,benign,
1453,11459,11461.0,D8,D5,heartbeat,41,242,,8,,,,,D8,benign,
1453,11459,11461.0,D8,D6,heartbeat,41,242,,8,,,,,D8,benign,
1453,11459,11461.0,D8,D7,heartbeat,41,242,,8,,,,,D8,benign,
1453,11459,11461.0,D8,D9,heartbeat,41,242,,8,,,,,D8,benign,
1453,11459,11462.0,D8,D1,heartbeat,41,242,,8,,,,,D8,benign,
1453,11459,11462.0,D8,D10,heartbeat,41,242,,8,,,,,D8,benign,
1453,11459,11463.0,D8,D3,heartbeat,41,242,,8,,,,,D8,benign,
1447,11478,11482.0,D4,D1,telemetry,126,87,c156de1011a28756,8,True,,,,D4,benign,
1455,11479,11482.0,D9,D1,telemetry,113,86,7798227238162171,8,True,,,,D9,benign,
1449,11482,11484.0,D5,D1,video,989,241,9553ccf1ec537ad8,8,True,,,,D5,benign,
1456,11496,11499.0,D10,D1,telemetry,126,93,8ba7be619b0c7779,8,True,,,,D10,benign,
1466,11502,11506.0,D8,D1,video,1202,245,fb6faabf22070f20,8,True,,,,D8,benign,
1459,11503,11507.0,D5,D1,video,1017,243,9553ccf1ec537ad8,8,True,,,,D5,benign,
1467,11534,11537.0,D8,D1,video,1013,246,fb6faabf22070f20,8,True,,,,D8,benign,
1457,11553,11556.0,D2,D1,telemetry,125,90,bdff538f85e15015,8,True,,,,D2,benign,
1458,11566,11568.0,D5,D1,telemetry,113,242,9553ccf1ec537ad8,8,True,,,,D5,benign,
1468,11571,11573.0,D9,D2,heartbeat,41,87,,8,,,,,D9,benign,
1468,11571,11573.0,D9,D4,heartbeat,41,87,,8,,,,,D9,benign,
1468,11571,11574.0,D9,D1,heartbeat,41,87,,8,,,,,D9,benign,
1468,11571,11574.0,D9,D3,heartbeat,41,87,,8,,,,,D9,benign,
1468,11571,11574.0,D9,D5,heartbeat,41,87,,8,,,,,D9,benign,
1468,11571,11574.0,D9,D7,heartbeat,41,87,,8,,,,,D9,benign,
1468,11571,11574.0,D9,D8,heartbeat,41,87,,8,,,,,D9,benign,
1468,11571,11575.0,D9,D6,heartbeat,41,87,,8,,,,,D9,benign,
1468,11571,11575.0,D9,D10,heartbeat,41,87,,8,,,,,D9,benign,
1460,11579,11582.0,D5,D1,video,1215,244,9553ccf1ec537ad8,8,True,,,,D5,benign,
1463,11581,11584.0,D7,D1,video,1021,405,7b7013606d5432f3,8,True,,,,D7,benign,
1461,11588,11592.0,D5,D1,video,1008,245,9553ccf1ec537ad8,8,True,,,,D5,benign,
1465,11589,11592.0,D8,D1,telemetry,110,244,fb6faabf22070f20,8,True,,,,D8,benign,
1464,11590,11592.0,D7,D1,video,1123,406,7b7013606d5432f3,8,True,,,,D7,benign,
1462,11597,11601.0,D5,D1,video,908,246,9553ccf1ec537ad8,8,True,,,,D5,benign,
1476,11605,11608.0,D6,D1,telemetry,136,75,58b8f1592e4135fc,8,True,,,,D6,benign,
1479,11605,11608.0,D7,D1,video,1048,409,7b7013606d5432f3,8,True,,,,D7,benign,
1475,11606,11608.0,D6,D5,heartbeat,37,74,,8,,,,,D6,benign,
1475,11606,11608.0,D6,D8,heartbeat,37,74,,8,,,,,D6,benign,
1475,11606,11608.0,D6,D10,heartbeat,37,74,,8,,,,,D6,benign,
1483,11605,11609.0,D8,D1,video,1141,247,fb6faabf22070f20,8,True,,,,D8,benign,
1475,11606,11609.0,D6,D2,heartbeat,37,74,,8,,,,,D6,benign,
1475,11606,11609.0,D6,D3,heartbeat,37,74,,8,,,,,D6,benign,
1475,11606,11609.0,D6,D4,heartbeat,37,74,,8,,,,,D6,benign,
1475,11606,11609.0,D6,D7,heartbeat,37,74,,8,,,,,D6,benign,
1475,11606,11609.0,D6,D9,heartbeat,37,74,,8,,,,,D6,benign,
1475,11606,11610.0,D6,D1,heartbeat,37,74,,8,,,,,D6,benign,
1484,11611,11614.0,D8,D1,video,1057,248,fb6faabf22070f20,8,True,,,,D8,benign,
1485,11613,11617.0,D8,D1,video,1356,249,fb6faabf22070f20,8,True,,,,D8,benign,
1471,11626,11629.0,D5,D1,video,1496,247,9553ccf1ec537ad8,8,True,,,,D5,benign,
1469,11626,11631.0,D3,D1,telemetry,120,87,e7b8e1caa3f4ddf3,8,True,,,,D3,benign,
1478,11628,11632.0,D7,D1,telemetry,103,408,7b7013606d5432f3,8,True,,,,D7,benign,
1477,11641,11643.0,D7,D3,heartbeat,40,407,,8,,,,,D7,benign,
1477,11641,11644.0,D7,D2,heartbeat,40,407,,8,,,,,D7,benign,
1477,11641,11644.0,D7,D4,heartbeat,40,407,,8,,,,,D7,benign,
1477,11641,11644.0,D7,D5,heartbeat,40,407,,8,,,,,D7,benign,
1477,11641,11644.0,D7,D9,heartbeat,40,407,,8,,,,,D7,benign,
1477,11641,11644.0,D7,D10,heartbeat,40,407,,8,,,,,D7,benign,
1477,11641,11645.0,D7,D1,heartbeat,40,407,,8,,,,,D7,benign,
1477,11641,11645.0,D7,D6,heartbeat,40,407,,8,,,,,D7,benign,
1477,11641,11645.0,D7,D8,heartbeat,40,407,,8,,,,,D7,benign,
1480,11646,11649.0,D7,D1,video,1148,410,7b7013606d5432f3,8,True,,,,D7,benign,
1481,11648,11652.0,D7,D1,video,1027,411,7b7013606d5432f3,8,True,,,,D7,benign,
1472,11654,11657.0,D5,D1,video,1061,248,9553ccf1ec537ad8,8,True,,,,D5,benign,
1490,11657,11660.0,D9,D1,telemetry,104,88,7798227238162171,8,True,,,,D9,benign,
1486,11663,11667.0,D8,D1,video,1110,250,fb6faabf22070f20,8,True,,,,D8,benign,
1491,11663,11667.0,D10,D1,telemetry,110,94,8ba7be619b0c7779,8,True,,,,D10,benign,
1470,11665,11668.0,D4,D1,telemetry,118,88,c156de1011a28756,8,True,,,,D4,benign,
1487,11671,11674.0,D8,D1,video,1050,251,fb6faabf22070f20,8,True,,,,D8,benign,
1488,11686,11690.0,D8,D1,video,1180,252,fb6faabf22070f20,8,True,,,,D8,benign,
1473,11687,11690.0,D5,D1,video,1103,249,9553ccf1ec537ad8,8,True,,,,D5,benign,
1482,11692,11695.0,D7,D1,video,1377,412,7b7013606d5432f3,8,True,,,,D7,benign,
1474,11695,11698.0,D5,D1,video,1243,250,9553ccf1ec537ad8,8,True,,,,D5,benign,
1489,11698,11701.0,D8,D1,video,915,253,fb6faabf22070f20,8,True,,,,D8,benign,
1492,11725,11728.0,D2,D1,telemetry,141,91,bdff538f85e15015,8,True,,,,D2,benign,
1496,11725,11728.0,D8,D1,video,1174,255,fb6faabf22070f20,8,True,,,,D8,benign,
1498,11774,11776.0,D10,D5,heartbeat,44,95,,8,,,,,D10,benign,
1498,11774,11776.0,D10,D6,heartbeat,44,95,,8,,,,,D10,benign,
1498,11774,11776.0,D10,D9,heartbeat,44,95,,8,,,,,D10,benign,
1498,11774,11777.0,D10,D1,heartbeat,44,95,,8,,,,,D10,benign,
1498,11774,11777.0,D10,D2,heartbeat,44,95,,8,,,,,D10,benign,
1498,11774,11777.0,D10,D3,heartbeat,44,95,,8,,,,,D10,benign,
1498,11774,11777.0,D10,D4,heartbeat,44,95,,8,,,,,D10,benign,
1498,11774,11777.0,D10,D7,heartbeat,44,95,,8,,,,,D10,benign,
1498,11774,11778.0,D10,D8,heartbeat,44,95,,8,,,,,D10,benign,
1493,11777,11779.0,D5,D1,telemetry,128,251,9553ccf1ec537ad8,8,True,,,,D5,benign,
1495,11778,11780.0,D8,D1,telemetry,127,254,fb6faabf22070f20,8,True,,,,D8,benign,
1494,11782,11785.0,D5,D1,video,1193,252,9553ccf1ec537ad8,8,True,,,,D5,benign,
1497,11796,11799.0,D8,D1,video,1241,256,fb6faabf22070f20,8,True,,,,D8,benign,
1506,11805,11807.0,D7,D1,telemetry,126,413,7b7013606d5432f3,8,True,,,,D7,benign,
1507,11805,11809.0,D8,D1,video,1075,257,fb6faabf22070f20,8,True,,,,D8,benign,
1501,11809,11813.0,D5,D1,video,1047,253,9553ccf1ec537ad8,8,True,,,,D5,benign,
1499,11820,11822.0,D3,D1,telemetry,111,88,e7b8e1caa3f4ddf3,8,True,,,,D3,benign,
1502,11824,11827.0,D5,D1,video,1137,254,9553ccf1ec537ad8,8,True,,,,D5,benign,
1511,11839,11842.0,D10,D1,telemetry,99,96,8ba7be619b0c7779,8,True,,,,D10,benign,
1510,11845,11849.0,D9,D1,telemetry,117,89,7798227238162171,8,True,,,,D9,benign,
1505,11853,11855.0,D6,D1,telemetry,119,76,58b8f1592e4135fc,8,True,,,,D6,benign,
1500,11857,11860.0,D4,D1,telemetry,128,89,c156de1011a28756,8,True,,,,D4,benign,
1508,11862,11865.0,D8,D1,video,941,258,fb6faabf22070f20,8,True,,,,D8,benign,
1504,11880,11883.0,D5,D1,video,1075,256,9553ccf1ec537ad8,8,True,,,,D5,benign,
1503,11880,11884.0,D5,D1,video,1229,255,9553ccf1ec537ad8,8,True,,,,D5,benign,
1515,11983,,D5,D1,telemetry,127,257,9553ccf1ec537ad8,8,,,,channel_loss,D5,benign,
1509,11898,11901.0,D8,D1,video,986,259,fb6faabf22070f20,8,True,,,,D8,benign,
1512,11911,11915.0,D2,D1,telemetry,139,92,bdff538f85e15015,8,True,,,,D2,benign,
1514,11934,11936.0,D4,D1,heartbeat,32,90,,8,,,,,D4,benign,
1514,11934,11936.0,D4,D2,heartbeat,32,90,,8,,,,,D4,benign,
1514,11934,11936.0,D4,D3,heartbeat,32,90,,8,,,,,D4,benign,
1514,11934,11936.0,D4,D5,heartbeat,32,90,,8,,,,,D4,benign,
1514,11934,11936.0,D4,D10,heartbeat,32,90,,8,,,,,D4,benign,
1514,11934,11937.0,D4,D6,heartbeat,32,90,,8,,,,,D4,benign,
1514,11934,11937.0,D4,D7,heartbeat,32,90,,8,,,,,D4,benign,
1514,11934,11937.0,D4,D9,heartbeat,32,90,,8,,,,,D4,benign,
1514,11934,11938.0,D4,D8,heartbeat,32,90,,8,,,,,D4,benign,
1518,11938,11941.0,D8,D1,video,1069,261,fb6faabf22070f20,8,True,,,,D8,benign,
1519,11943,11946.0,D8,D1,video,1103,262,fb6faabf22070f20,8,True,,,,D8,benign,
1517,11957,11959.0,D8,D1,telemetry,104,260,fb6faabf22070f20,8,True,,,,D8,benign,
1516,11973,11978.0,D7,D1,telemetry,107,414,7b7013606d5432f3,8,True,,,,D7,benign,
1513,11980,11982.0,D3,D2,heartbeat,45,89,,8,,,,,D3,benign,
1513,11980,11982.0,D3,D6,heartbeat,45,89,,8,,,,,D3,benign,
1513,11980,11982.0,D3,D7,heartbeat,45,89,,8,,,,,D3,benign,
1513,11980,11983.0,D3,D1,heartbeat,45,89,,8,,,,,D3,benign,
1513,11980,11983.0,D3,D4,heartbeat,45,89,,8,,,,,D3,benign,
1513,11980,11983.0,D3,D5,heartbeat,45,89,,8,,,,,D3,benign,
1513,11980,11983.0,D3,D8,heartbeat,45,89,,8,,,,,D3,benign,
1513,11980,11983.0,D3,D9,heartbeat,45,89,,8,,,,,D3,benign,
1513,11980,11983.0,D3,D10,heartbeat,45,89,,8,,,,,D3,benign,
1525,12079,,D5,D1,video,1122,260,9553ccf1ec537ad8,8,,,,channel_loss,D5,benign,
1523,12004,12007.0,D5,D1,video,1075,258,9553ccf1ec537ad8,8,True,,,,D5,benign,
1529,12005,12007.0,D10,D1,telemetry,104,97,8ba7be619b0c7779,8,True,,,,D10,benign,
1521,12016,12019.0,D3,D1,telemetry,127,90,e7b8e1caa3f4ddf3,8,True,,,,D3,benign,
1528,12031,12034.0,D9,D1,telemetry,97,90,7798227238162171,8,True,,,,D9,benign,
1522,12033,12036.0,D4,D1,telemetry,127,91,c156de1011a28756,8,True,,,,D4,benign,
1524,12057,12060.0,D5,D1,video,1049,259,9553ccf1ec537ad8,8,True,,,,D5,benign,
1526,12086,12089.0,D6,D1,telemetry,114,77,58b8f1592e4135fc,8,True,,,,D6,benign,
1520,12091,12094.0,D2,D1,telemetry,123,93,bdff538f85e15015,8,True,,,,D2,benign,
1527,12095,12098.0,D8,D1,video,1220,263,fb6faabf22070f20,8,True,,,,D8,benign,
1540,12186,,D5,D1,telemetry,102,262,9553ccf1ec537ad8,8,,,,channel_loss,D5,benign,
1531,12100,12102.0,D3,D1,trust_report,136,91,e7b8e1caa3f4ddf3,8,True,,,,D3,benign,
1536,12100,12102.0,D8,D1,trust_report,136,264,fb6faabf22070f20,8,True,,,,D8,benign,
1538,12100,12102.0,D10,D1,trust_report,136,98,8ba7be619b0c7779,8,True,,,,D10,benign,
1532,12100,12103.0,D4,D1,trust_report,136,92,c156de1011a28756,8,True,,,,D4,benign,
1534,12100,12103.0,D6,D1,trust_report,136,78,58b8f1592e4135fc,8,True,,,,D6,benign,
1535,12100,12103.0,D7,D1,trust_report,136,415,7b7013606d5432f3,8,True,,,,D7,benign,
1537,12100,12103.0,D9,D1,trust_report,136,91,7798227238162171,8,True,,,,D9,benign,
1530,12100,12104.0,D2,D1,trust_report,136,94,bdff538f85e15015,8,True,,,,D2,benign,
1533,12100,12104.0,D5,D1,trust_report,136,261,9553ccf1ec537ad8,8,True,,,,D5,benign,
1543,12136,12139.0,D8,D1,video,985,266,fb6faabf22070f20,8,True,,,,D8,benign,
1539,12141,12143.0,D1,D2,heartbeat,41,55,,8,,,,,D1,benign,
1539,12141,12143.0,D1,D3,heartbeat,41,55,,8,,,,,D1,benign,
1539,12141,12143.0,D1,D8,heartbeat,41,55,,8,,,,,D1,benign,
1539,12141,12144.0,D1,D6,heartbeat,41,55,,8,,,,,D1,benign,
1539,12141,12144.0,D1,D7,heartbeat,41,55,,8,,,,,D1,benign,
1539,12141,12144.0,D1,D9,heartbeat,41,55,,8,,,,,D1,benign,
1539,12141,12144.0,D1,D10,heartbeat,41,55,,8,,,,,D1,benign,
1539,12141,12145.0,D1,D4,heartbeat,41,55,,8,,,,,D1,benign,
1539,12141,12145.0,D1,D5,heartbeat,41,55,,8,,,,,D1,benign,
1544,12144,12147.0,D8,D1,video,1124,267,fb6faabf22070f20,8,True,,,,D8,benign,
1542,12148,12151.0,D8,D1,telemetry,107,265,fb6faabf22070f20,8,True,,,,D8,benign,
1541,12157,12160.0,D7,D1,telemetry,99,416,7b7013606d5432f3,8,True,,,,D7,benign,
1545,12174,12177.0,D8,D1,video,1093,268,fb6faabf22070f20,8,True,,,,D8,benign,
1547,12174,12177.0,D10,D1,telemetry,124,99,8ba7be619b0c7779,8,True,,,,D10,benign,
1546,12186,12189.0,D8,D1,video,1252,269,fb6faabf22070f20,8,True,,,,D8,benign,
1555,12203,12206.0,D8,D1,video,1076,270,fb6faabf22070f20,8,True,,,,D8,benign,
1556,12210,12213.0,D8,D1,video,1058,271,fb6faabf22070f20,8,True,,,,D8,benign,
1550,12214,12217.0,D3,D1,telemetry,151,92,e7b8e1caa3f4ddf3,8,True,,,,D3,benign,
1558,12215,12218.0,D9,D1,telemetry,125,92,7798227238162171,8,True,,,,D9,benign,
1548,12227,12229.0,D2,D1,heartbeat,34,95,,8,,,,,D2,benign,
1548,12227,12229.0,D2,D5,heartbeat,34,95,,8,,,,,D2,benign,
1548,12227,12229.0,D2,D7,heartbeat,34,95,,8,,,,,D2,benign,
1548,12227,12230.0,D2,D3,heartbeat,34,95,,8,,,,,D2,benign,
1548,12227,12230.0,D2,D4,heartbeat,34,95,,8,,,,,D2,benign,
1548,12227,12230.0,D2,D6,heartbeat,34,95,,8,,,,,D2,benign,
1548,12227,12230.0,D2,D8,heartbeat,34,95,,8,,,,,D2,benign,
1548,12227,12230.0,D2,D9,heartbeat,34,95,,8,,,,,D2,benign,
1548,12227,12230.0,D2,D10,heartbeat,34,95,,8,,,,,D2,benign,
1551,12227,12230.0,D4,D1,telemetry,124,93,c156de1011a28756,8,True,,,,D4,benign,
1549,12262,12265.0,D2,D1,telemetry,132,96,bdff538f85e15015,8,True,,,,D2,benign,
1553,12271,12275.0,D5,D1,video,1090,264,9553ccf1ec537ad8,8,True,,,,D5,benign,
1554,12283,12286.0,D5,D1,video,1069,265,9553ccf1ec537ad8,8,True,,,,D5,benign,
1552,12296,12298.0,D5,D3,heartbeat,35,263,,8,,,,,D5,benign,
1552,12296,12298.0,D5,D7,heartbeat,35,263,,8,,,,,D5,benign,
1552,12296,12298.0,D5,D10,heartbeat,35,263,,8,,,,,D5,benign,
1552,12296,12299.0,D5,D1,heartbeat,35,263,,8,,,,,D5,benign,
1552,12296,12299.0,D5,D2,heartbeat,35,263,,8,,,,,D5,benign,
1552,12296,12299.0,D5,D6,heartbeat,35,263,,8,,,,,D5,benign,
1552,12296,12299.0,D5,D8,heartbeat,35,263,,8,,,,,D5,benign,
1552,12296,12299.0,D5,D9,heartbeat,35,263,,8,,,,,D5,benign,
1552,12296,12300.0,D5,D4,heartbeat,35,263,,8,,,,,D5,benign,
1557,12299,12302.0,D8,D1,video,959,272,fb6faabf22070f20,8,True,,,,D8,benign,
1563,12325,12328.0,D6,D1,telemetry,97,79,58b8f1592e4135fc,8,True,,,,D6,benign,
1564,12326,12329.0,D7,D1,telemetry,116,417,7b7013606d5432f3,8,True,,,,D7,benign,
1566,12339,12342.0,D8,D1,video,1131,274,fb6faabf22070f20,8,True,,,,D8,benign,
1565,12341,12344.0,D8,D1,telemetry,119,273,fb6faabf22070f20,8,True,,,,D8,benign,
1573,12342,12344.0,D10,D1,telemetry,133,100,8ba7be619b0c7779,8,True,,,,D10,benign,
1567,12349,12352.0,D8,D1,video,1211,275,fb6faabf22070f20,8,True,,,,D8,benign,
1568,12356,12358.0,D8,D1,video,1126,276,fb6faabf22070f20,8,True,,,,D8,benign,
1559,12357,12360.0,D5,D1,video,1250,266,9553ccf1ec537ad8,8,True,,,,D5,benign,
1560,12358,12361.0,D5,D1,video,965,267,9553ccf1ec537ad8,8,True,,,,D5,benign,
1569,12360,12363.0,D8,D1,video,1070,277,fb6faabf22070f20,8,True,,,,D8,benign,
1570,12371,12374.0,D8,D1,video,1251,278,fb6faabf22070f20,8,True,,,,D8,benign,
1571,12375,12379.0,D8,D1,video,1211,279,fb6faabf22070f20,8,True,,,,D8,benign,
1561,12388,12391.0,D5,D1,video,1066,268,9553ccf1ec537ad8,8,True,,,,D5,benign,
1562,12394,12397.0,D5,D1,video,1076,269,9553ccf1ec537ad8,8,True,,,,D5,benign,
1572,12395,12399.0,D9,D1,telemetry,119,93,7798227238162171,8,True,,,,D9,benign,
1579,12500,,D7,D1,telemetry,109,418,7b7013606d5432f3,8,,,,channel_loss,D7,benign,
1577,12403,12406.0,D5,D1,telemetry,147,270,9553ccf1ec537ad8,8,True,,,,D5,benign,
1576,12407,12409.0,D4,D1,telemetry,118,94,c156de1011a28756,8,True,,,,D4,benign,
1581,12412,12415.0,D8,D1,video,1128,281,fb6faabf22070f20,8,True,,,,D8,benign,
1575,12415,12417.0,D3,D1,telemetry,108,93,e7b8e1caa3f4ddf3,8,True,,,,D3,benign,
1582,12429,12433.0,D8,D1,video,1049,282,fb6faabf22070f20,8,True,,,,D8,benign,
1580,12432,12434.0,D8,D1,heartbeat,41,280,,8,,,,,D8,benign,
1580,12432,12434.0,D8,D3,heartbeat,41,280,,8,,,,,D8,benign,
1580,12432,12435.0,D8,D2,heartbeat,41,280,,8,,,,,D8,benign,
1580,12432,12435.0,D8,D4,heartbeat,41,280,,8,,,,,D8,benign,
1580,12432,12435.0,D8,D5,heartbeat,41,280,,8,,,,,D8,benign,
1580,12432,12435.0,D8,D6,heartbeat,41,280,,8,,,,,D8,benign,
1580,12432,12435.0,D8,D7,heartbeat,41,280,,8,,,,,D8,benign,
1580,12432,12435.0,D8,D9,heartbeat,41,280,,8,,,,,D8,benign,
1580,12432,12436.0,D8,D10,heartbeat,41,280,,8,,,,,D8,benign,
1583,12441,12444.0,D8,D1,video,1153,283,fb6faabf22070f20,8,True,,,,D8,benign,
1574,12442,12444.0,D2,D1,telemetry,107,97,bdff538f85e15015,8,True,,,,D2,benign,
1584,12445,12449.0,D8,D1,video,1019,284,fb6faabf22070f20,8,True,,,,D8,benign,
1585,12461,12464.0,D8,D1,video,1204,285,fb6faabf22070f20,8,True,,,,D8,benign,
1578,12476,12480.0,D5,D1,video,867,271,9553ccf1ec537ad8,8,True,,,,D5,benign,
1588,12537,,D5,D1,video,1257,272,9553ccf1ec537ad8,8,,,,channel_loss,D5,benign,
1592,12504,12509.0,D8,D1,video,1050,287,fb6faabf22070f20,8,True,,,,D8,benign,
1597,12520,12523.0,D10,D1,telemetry,126,101,8ba7be619b0c7779,8,True,,,,D10,benign,
1586,12529,12532.0,D1,D10,command,80,56,8ba7be619b0c7779,8,True,,,,D1,benign,
1591,12530,12532.0,D8,D1,telemetry,115,286,fb6faabf22070f20,8,True,,,,D8,benign,
1589,12552,12555.0,D5,D1,video,1089,273,9553ccf1ec537ad8,8,True,,,,D5,benign,
1590,12555,12557.0,D6,D1,telemetry,121,80,58b8f1592e4135fc,8,True,,,,D6,benign,
1593,12558,12561.0,D8,D1,video,1081,288,fb6faabf22070f20,8,True,,,,D8,benign,
1595,12584,12586.0,D9,D1,heartbeat,39,94,,8,,,,,D9,benign,
1595,12584,12586.0,D9,D2,heartbeat,39,94,,8,,,,,D9,benign,
1595,12584,12586.0,D9,D3,heartbeat,39,94,,8,,,,,D9,benign,
1595,12584,12586.0,D9,D5,heartbeat,39,94,,8,,,,,D9,benign,
1595,12584,12586.0,D9,D6,heartbeat,39,94,,8,,,,,D9,benign,
1595,12584,12586.0,D9,D8,heartbeat,39,94,,8,,,,,D9,benign,
1595,12584,12586.0,D9,D10,heartbeat,39,94,,8,,,,,D9,benign,
1595,12584,12587.0,D9,D4,heartbeat,39,94,,8,,,,,D9,benign,
1595,12584,12588.0,D9,D7,heartbeat,39,94,,8,,,,,D9,benign,
1596,12586,12588.0,D9,D1,telemetry,93,95,7798227238162171,8,True,,,,D9,benign,
1594,12594,12597.0,D8,D1,video,1123,289,fb6faabf22070f20,8,True,,,,D8,benign,
1587,12598,12602.0,D4,D1,telemetry,123,95,c156de1011a28756,8,True,,,,D4,benign,
1608,12606,12608.0,D6,D1,heartbeat,36,81,,8,,,,,D6,benign,
1608,12606,12608.0,D6,D4,heartbeat,36,81,,8,,,,,D6,benign,
1608,12606,12608.0,D6,D5,heartbeat,36,81,,8,,,,,D6,benign,
1608,12606,12608.0,D6,D7,heartbeat,36,81,,8,,,,,D6,benign,
1608,12606,12608.0,D6,D10,heartbeat,36,81,,8,,,,,D6,benign,
1608,12606,12609.0,D6,D2,heartbeat,36,81,,8,,,,,D6,benign,
1608,12606,12609.0,D6,D3,heartbeat,36,81,,8,,,,,D6,benign,
1608,12606,12609.0,D6,D8,heartbeat,36,81,,8,,,,,D6,benign,
1608,12606,12609.0,D6,D9,heartbeat,36,81,,8,,,,,D6,benign,
1600,12618,12620.0,D5,D1,telemetry,124,274,9553ccf1ec537ad8,8,True,,,,D5,benign,
1601,12620,12624.0,D5,D1,video,1011,275,9553ccf1ec537ad8,8,True,,,,D5,benign,
1612,12626,12629.0,D3,D5,auth_request,152,95,,8,,True,,,D3,benign,
1602,12626,12630.0,D5,D1,video,1142,276,9553ccf1ec537ad8,8,True,,,,D5,benign,
1598,12628,12631.0,D2,D1,telemetry,128,98,bdff538f85e15015,8,True,,,,D2,benign,
1603,12629,12632.0,D5,D1,video,1224,277,9553ccf1ec537ad8,8,True,,,,D5,benign,
1604,12640,12643.0,D5,D1,video,1106,278,9553ccf1ec537ad8,8,True,,,,D5,benign,
1614,12644,12646.0,D5,D1,rl_broadcast,32,283,,8,,,,,D5,benign,
1614,12644,12646.0,D5,D3,rl_broadcast,32,283,,8,,,,,D5,benign,
1614,12644,12646.0,D5,D7,rl_broadcast,32,283,,8,,,,,D5,benign,
1614,12644,12646.0,D5,D8,rl_broadcast,32,283,,8,,,,,D5,benign,
1614,12644,12646.0,D5,D9,rl_broadcast,32,283,,8,,,,,D5,benign,
1613,12644,12647.0,D5,D3,auth_response,152,282,,8,,True,,,D5,benign,
1614,12644,12647.0,D5,D2,rl_broadcast,32,283,,8,,,,,D5,benign,
1614,12644,12647.0,D5,D6,rl_broadcast,32,283,,8,,,,,D5,benign,
1614,12644,12647.0,D5,D10,rl_broadcast,32,283,,8,,,,,D5,benign,
1614,12644,12648.0,D5,D4,rl_broadcast,32,283,,8,,,,,D5,benign,
1599,12647,12649.0,D3,D5,telemetry,111,94,805e3fab5a30814e,8,True,,,,D3,benign,
1605,12664,12667.0,D5,D1,video,1235,279,9553ccf1ec537ad8,8,True,,,,D5,benign,
1606,12668,12671.0,D5,D1,video,1137,280,9553ccf1ec537ad8,8,True,,,,D5,benign,
1609,12679,12681.0,D7,D2,heartbeat,31,419,,8,,,,,D7,benign,
1609,12679,12681.0,D7,D6,heartbeat,31,419,,8,,,,,D7,benign,
1609,12679,12681.0,D7,D8,heartbeat,31,419,,8,,,,,D7,benign,
1609,12679,12681.0,D7,D9,heartbeat,31,419,,8,,,,,D7,benign,
1609,12679,12682.0,D7,D1,heartbeat,31,419,,8,,,,,D7,benign,
1609,12679,12682.0,D7,D4,heartbeat,31,419,,8,,,,,D7,benign,
1609,12679,12682.0,D7,D10,heartbeat,31,419,,8,,,,,D7,benign,
1609,12679,12683.0,D7,D3,heartbeat,31,419,,8,,,,,D7,benign,
1609,12679,12683.0,D7,D5,heartbeat,31,419,,8,,,,,D7,benign,
1610,12682,12686.0,D7,D1,telemetry,122,420,7b7013606d5432f3,8,True,,,,D7,benign,
1607,12683,12686.0,D5,D1,video,1158,281,9553ccf1ec537ad8,8,True,,,,D5,benign,
1611,12685,12687.0,D10,D1,telemetry,128,102,8ba7be619b0c7779,8,True,,,,D10,benign,
1616,12711,12715.0,D5,D1,video,1100,284,9553ccf1ec537ad8,8,True,,,,D5,benign,
1622,12715,12718.0,D8,D1,telemetry,108,290,fb6faabf22070f20,8,True,,,,D8,benign,
1617,12723,12725.0,D5,D1,video,1051,285,9553ccf1ec537ad8,8,True,,,,D5,benign,
1624,12724,12726.0,D10,D1,heartbeat,46,103,,8,,,,,D10,benign,
1624,12724,12726.0,D10,D2,heartbeat,46,103,,8,,,,,D10,benign,
1624,12724,12726.0,D10,D7,heartbeat,46,103,,8,,,,,D10,benign,
1624,12724,12726.0,D10,D9,heartbeat,46,103,,8,,,,,D10,benign,
1624,12724,12727.0,D10,D3,heartbeat,46,103,,8,,,,,D10,benign,
1624,12724,12727.0,D10,D4,heartbeat,46,103,,8,,,,,D10,benign,
1624,12724,12727.0,D10,D6,heartbeat,46,103,,8,,,,,D10,benign,
1624,12724,12728.0,D10,D5,heartbeat,46,103,,8,,,,,D10,benign,
1624,12724,12728.0,D10,D8,heartbeat,46,103,,8,,,,,D10,benign,
1618,12733,12737.0,D5,D1,video,1075,286,9553ccf1ec537ad8,8,True,,,,D5,benign,
1619,12750,12753.0,D5,D1,video,1000,287,9553ccf1ec537ad8,8,True,,,,D5,benign,
1623,12765,12767.0,D9,D1,telemetry,121,96,7798227238162171,8,True,,,,D9,benign,
1615,12777,12780.0,D4,D1,telemetry,103,96,c156de1011a28756,8,True,,,,D4,benign,
1621,12784,12786.0,D6,D1,telemetry,111,82,58b8f1592e4135fc,8,True,,,,D6,benign,
1620,12788,12791.0,D5,D1,video,1069,288,9553ccf1ec537ad8,8,True,,,,D5,benign,
1627,12818,,D5,D1,telemetry,123,289,9553ccf1ec537ad8,8,,,,channel_loss,D5,benign,
1628,12866,,D7,D1,telemetry,116,421,7b7013606d5432f3,8,,,,channel_loss,D7,benign,
1626,12805,12807.0,D3,D5,telemetry,107,96,805e3fab5a30814e,8,True,,,,D3,benign,
1625,12809,12812.0,D2,D1,telemetry,130,99,bdff538f85e15015,8,True,,,,D2,benign,
1630,12862,12865.0,D10,D1,telemetry,124,104,8ba7be619b0c7779,8,True,,,,D10,benign,
1629,12894,12898.0,D8,D1,telemetry,133,291,fb6faabf22070f20,8,True,,,,D8,benign,
1633,12926,12928.0,D4,D1,heartbeat,51,97,,8,,,,,D4,benign,
1633,12926,12928.0,D4,D3,heartbeat,51,97,,8,,,,,D4,benign,
1633,12926,12928.0,D4,D10,heartbeat,51,97,,8,,,,,D4,benign,
1633,12926,12929.0,D4,D6,heartbeat,51,97,,8,,,,,D4,benign,
1633,12926,12929.0,D4,D7,heartbeat,51,97,,8,,,,,D4,benign,
1633,12926,12929.0,D4,D9,heartbeat,51,97,,8,,,,,D4,benign,
1633,12926,12930.0,D4,D2,heartbeat,51,97,,8,,,,,D4,benign,
1633,12926,12930.0,D4,D5,heartbeat,51,97,,8,,,,,D4,benign,
1633,12926,12930.0,D4,D8,heartbeat,51,97,,8,,,,,D4,benign,
1635,12955,12958.0,D9,D1,telemetry,140,97,7798227238162171,8,True,,,,D9,benign,
1634,12956,12959.0,D4,D1,telemetry,125,98,c156de1011a28756,8,True,,,,D4,benign,
1632,12960,12962.0,D3,D2,heartbeat,45,97,,8,,,,,D3,benign,
1632,12960,12962.0,D3,D4,heartbeat,45,97,,8,,,,,D3,benign,
1632,12960,12962.0,D3,D5,heartbeat,45,97,,8,,,,,D3,benign,
1632,12960,12962.0,D3,D6,heartbeat,45,97,,8,,,,,D3,benign,
1632,12960,12962.0,D3,D7,heartbeat,45,97,,8,,,,,D3,benign,
1632,12960,12962.0,D3,D8,heartbeat,45,97,,8,,,,,D3,benign,
1632,12960,12962.0,D3,D10,heartbeat,45,97,,8,,,,,D3,benign,
1632,12960,12964.0,D3,D9,heartbeat,45,97,,8,,,,,D3,benign,
1631,12997,13000.0,D2,D1,telemetry,120,100,bdff538f85e15015,8,True,,,,D2,benign,
1636,13005,13008.0,D3,D5,telemetry,96,98,805e3fab5a30814e,8,True,,,,D3,benign,
1637,13021,13024.0,D5,D1,telemetry,122,290,9553ccf1ec537ad8,8,True,,,,D5,benign,
1638,13022,13025.0,D6,D1,telemetry,101,83,58b8f1592e4135fc,8,True,,,,D6,benign,
1641,13026,13030.0,D10,D1,telemetry,145,105,8ba7be619b0c7779,8,True,,,,D10,benign,
1639,13036,13040.0,D7,D1,telemetry,105,422,7b7013606d5432f3,8,True,,,,D7,benign,
1640,13089,13091.0,D8,D1,telemetry,132,292,fb6faabf22070f20,8,True,,,,D8,benign,
1643,13100,,D3,D1,trust_report,136,99,e7b8e1caa3f4ddf3,8,,,,out_of_range,D3,benign,
1647,13100,,D7,D1,trust_report,136,423,7b7013606d5432f3,8,,,,channel_loss,D7,benign,
1651,13175,,D1,D5,heartbeat,38,57,,8,,,,channel_loss,D1,benign,
1646,13100,13102.0,D6,D1,trust_report,136,84,58b8f1592e4135fc,8,True,,,,D6,benign,
1649,13100,13102.0,D9,D1,trust_report,136,98,7798227238162171,8,True,,,,D9,benign,
1644,13100,13103.0,D4,D1,trust_report,136,99,c156de1011a28756,8,True,,,,D4,benign,
1645,13100,13103.0,D5,D1,trust_report,136,291,9553ccf1ec537ad8,8,True,,,,D5,benign,
1648,13100,13104.0,D8,D1,trust_report,136,293,fb6faabf22070f20,8,True,,,,D8,benign,
1650,13100,13104.0,D10,D1,trust_report,136,106,8ba7be619b0c7779,8,True,,,,D10,benign,
1642,13100,13105.0,D2,D1,trust_report,136,101,bdff538f85e15015,8,True,,,,D2,benign,
1655,13138,13141.0,D9,D1,telemetry,126,99,7798227238162171,8,True,,,,D9,benign,
1654,13138,13142.0,D4,D1,telemetry,107,100,c156de1011a28756,8,True,,,,D4,benign,
1651,13175,13177.0,D1,D2,heartbeat,38,57,,8,,,,,D1,benign,
1651,13175,13177.0,D1,D4,heartbeat,38,57,,8,,,,,D1,benign,
1651,13175,13177.0,D1,D6,heartbeat,38,57,,8,,,,,D1,benign,
1651,13175,13177.0,D1,D7,heartbeat,38,57,,8,,,,,D1,benign,
1651,13175,13177.0,D1,D10,heartbeat,38,57,,8,,,,,D1,benign,
1651,13175,13178.0,D1,D8,heartbeat,38,57,,8,,,,,D1,benign,
1651,13175,13178.0,D1,D9,heartbeat,38,57,,8,,,,,D1,benign,
1652,13183,13185.0,D2,D1,telemetry,129,102,bdff538f85e15015,8,True,,,,D2,benign,
1653,13188,13191.0,D3,D5,telemetry,110,100,805e3fab5a30814e,8,True,,,,D3,benign,
1656,13189,13193.0,D10,D1,telemetry,137,107,8ba7be619b0c7779,8,True,,,,D10,benign,
1661,13221,13223.0,D7,D1,telemetry,128,424,7b7013606d5432f3,8,True,,,,D7,benign,
1659,13237,13240.0,D5,D1,telemetry,136,293,9553ccf1ec537ad8,8,True,,,,D5,benign,
1657,13239,13241.0,D2,D1,heartbeat,39,103,,8,,,,,D2,benign,
1657,13239,13241.0,D2,D4,heartbeat,39,103,,8,,,,,D2,benign,
1657,13239,13241.0,D2,D7,heartbeat,39,103,,8,,,,,D2,benign,
1657,13239,13241.0,D2,D9,heartbeat,39,103,,8,,,,,D2,benign,
1657,13239,13242.0,D2,D6,heartbeat,39,103,,8,,,,,D2,benign,
1657,13239,13242.0,D2,D10,heartbeat,39,103,,8,,,,,D2,benign,
1657,13239,13243.0,D2,D3,heartbeat,39,103,,8,,,,,D2,benign,
1657,13239,13243.0,D2,D5,heartbeat,39,103,,8,,,,,D2,benign,
1657,13239,13243.0,D2,D8,heartbeat,39,103,,8,,,,,D2,benign,
1658,13247,13250.0,D5,D1,heartbeat,41,292,,8,,,,,D5,benign,
1658,13247,13250.0,D5,D2,heartbeat,41,292,,8,,,,,D5,benign,
1658,13247,13250.0,D5,D3,heartbeat,41,292,,8,,,,,D5,benign,
1658,13247,13250.0,D5,D4,heartbeat,41,292,,8,,,,,D5,benign,
1658,13247,13250.0,D5,D6,heartbeat,41,292,,8,,,,,D5,benign,
1658,13247,13250.0,D5,D7,heartbeat,41,292,,8,,,,,D5,benign,
1658,13247,13250.0,D5,D8,heartbeat,41,292,,8,,,,,D5,benign,
1658,13247,13250.0,D5,D9,heartbeat,41,292,,8,,,,,D5,benign,
1658,13247,13251.0,D5,D10,heartbeat,41,292,,8,,,,,D5,benign,
1660,13268,13270.0,D6,D1,telemetry,108,85,58b8f1592e4135fc,8,True,,,,D6,benign,
1662,13271,13273.0,D8,D1,telemetry,99,294,fb6faabf22070f20,8,True,,,,D8,benign,
1667,13326,13328.0,D9,D1,telemetry,113,100,7798227238162171,8,True,,,,D9,benign,
1665,13331,13334.0,D4,D1,telemetry,108,101,c156de1011a28756,8,True,,,,D4,benign,
1663,13360,13363.0,D2,D1,telemetry,109,104,bdff538f85e15015,8,True,,,,D2,benign,
1668,13361,13363.0,D10,D1,telemetry,118,108,8ba7be619b0c7779,8,True,,,,D10,benign,
1664,13381,13384.0,D3,D5,telemetry,119,101,805e3fab5a30814e,8,True,,,,D3,benign,
1666,13390,13393.0,D7,D1,telemetry,117,425,7b7013606d5432f3,8,True,,,,D7,benign,
1670,13417,13419.0,D8,D3,heartbeat,35,295,,8,,,,,D8,benign,
1670,13417,13419.0,D8,D4,heartbeat,35,295,,8,,,,,D8,benign,
1670,13417,13419.0,D8,D7,heartbeat,35,295,,8,,,,,D8,benign,
1670,13417,13420.0,D8,D1,heartbeat,35,295,,8,,,,,D8,benign,
1670,13417,13420.0,D8,D6,heartbeat,35,295,,8,,,,,D8,benign,
1670,13417,13420.0,D8,D9,heartbeat,35,295,,8,,,,,D8,benign,
1670,13417,13421.0,D8,D2,heartbeat,35,295,,8,,,,,D8,benign,
1670,13417,13421.0,D8,D5,heartbeat,35,295,,8,,,,,D8,benign,
1670,13417,13421.0,D8,D10,heartbeat,35,295,,8,,,,,D8,benign,
1669,13448,13450.0,D5,D1,telemetry,141,294,9553ccf1ec537ad8,8,True,,,,D5,benign,
1671,13458,13460.0,D8,D1,telemetry,114,296,fb6faabf22070f20,8,True,,,,D8,benign,
1674,13512,13514.0,D4,D1,telemetry,122,102,c156de1011a28756,8,True,,,,D4,benign,
1676,13513,13517.0,D6,D1,telemetry,107,87,58b8f1592e4135fc,8,True,,,,D6,benign,
1679,13516,13519.0,D9,D1,telemetry,124,102,7798227238162171,8,True,,,,D9,benign,
1680,13528,13531.0,D10,D1,telemetry,96,109,8ba7be619b0c7779,8,True,,,,D10,benign,
1672,13547,13550.0,D2,D1,telemetry,112,105,bdff538f85e15015,8,True,,,,D2,benign,
1677,13571,13574.0,D7,D1,telemetry,112,426,7b7013606d5432f3,8,True,,,,D7,benign,
1673,13578,13581.0,D3,D5,telemetry,137,102,805e3fab5a30814e,8,True,,,,D3,benign,
1675,13583,13585.0,D6,D1,heartbeat,36,86,,8,,,,,D6,benign,
1675,13583,13585.0,D6,D2,heartbeat,36,86,,8,,,,,D6,benign,
1675,13583,13585.0,D6,D4,heartbeat,36,86,,8,,,,,D6,benign,
1675,13583,13585.0,D6,D8,heartbeat,36,86,,8,,,,,D6,benign,
1675,13583,13585.0,D6,D9,heartbeat,36,86,,8,,,,,D6,benign,
1678,13583,13585.0,D9,D1,heartbeat,40,101,,8,,,,,D9,benign,
1678,13583,13585.0,D9,D2,heartbeat,40,101,,8,,,,,D9,benign,
1678,13583,13585.0,D9,D4,heartbeat,40,101,,8,,,,,D9,benign,
1678,13583,13585.0,D9,D6,heartbeat,40,101,,8,,,,,D9,benign,
1675,13583,13586.0,D6,D3,heartbeat,36,86,,8,,,,,D6,benign,
1675,13583,13586.0,D6,D5,heartbeat,36,86,,8,,,,,D6,benign,
1675,13583,13586.0,D6,D10,heartbeat,36,86,,8,,,,,D6,benign,
1678,13583,13586.0,D9,D5,heartbeat,40,101,,8,,,,,D9,benign,
1678,13583,13586.0,D9,D8,heartbeat,40,101,,8,,,,,D9,benign,
1678,13583,13586.0,D9,D10,heartbeat,40,101,,8,,,,,D9,benign,
1675,13583,13587.0,D6,D7,heartbeat,36,86,,8,,,,,D6,benign,
1678,13583,13587.0,D9,D7,heartbeat,40,101,,8,,,,,D9,benign,
1678,13583,13588.0,D9,D3,heartbeat,40,101,,8,,,,,D9,benign,
1681,13659,,D5,D1,telemetry,109,295,9553ccf1ec537ad8,8,,,,channel_loss,D5,benign,
1683,13653,13656.0,D8,D1,telemetry,126,297,fb6faabf22070f20,8,True,,,,D8,benign,
1682,13657,13659.0,D7,D2,heartbeat,45,427,,8,,,,,D7,benign,
1682,13657,13659.0,D7,D3,heartbeat,45,427,,8,,,,,D7,benign,
1682,13657,13659.0,D7,D6,heartbeat,45,427,,8,,,,,D7,benign,
1682,13657,13659.0,D7,D10,heartbeat,45,427,,8,,,,,D7,benign,
1682,13657,13660.0,D7,D1,heartbeat,45,427,,8,,,,,D7,benign,
1682,13657,13660.0,D7,D4,heartbeat,45,427,,8,,,,,D7,benign,
1682,13657,13660.0,D7,D5,heartbeat,45,427,,8,,,,,D7,benign,
1682,13657,13660.0,D7,D8,heartbeat,45,427,,8,,,,,D7,benign,
1682,13657,13660.0,D7,D9,heartbeat,45,427,,8,,,,,D7,benign,
1684,13693,13695.0,D9,D1,telemetry,111,103,7798227238162171,8,True,,,,D9,benign,
1685,13698,13700.0,D10,D1,telemetry,109,110,8ba7be619b0c7779,8,True,,,,D10,benign,
1688,13705,13708.0,D4,D1,telemetry,117,103,c156de1011a28756,8,True,,,,D4,benign,
1686,13733,13736.0,D2,D1,telemetry,119,106,bdff538f85e15015,8,True,,,,D2,benign,
1690,13745,13749.0,D7,D1,telemetry,132,428,7b7013606d5432f3,8,True,,,,D7,benign,
1689,13756,13758.0,D6,D1,telemetry,119,88,58b8f1592e4135fc,8,True,,,,D6,benign,
1691,13773,13775.0,D10,D5,heartbeat,36,111,,8,,,,,D10,benign,
1691,13773,13775.0,D10,D6,heartbeat,36,111,,8,,,,,D10,benign,
1691,13773,13775.0,D10,D8,heartbeat,36,111,,8,,,,,D10,benign,
1691,13773,13776.0,D10,D1,heartbeat,36,111,,8,,,,,D10,benign,
1691,13773,13776.0,D10,D3,heartbeat,36,111,,8,,,,,D10,benign,
1691,13773,13776.0,D10,D7,heartbeat,36,111,,8,,,,,D10,benign,
1691,13773,13777.0,D10,D2,heartbeat,36,111,,8,,,,,D10,benign,
1691,13773,13777.0,D10,D9,heartbeat,36,111,,8,,,,,D10,benign,
1691,13773,13778.0,D10,D4,heartbeat,36,111,,8,,,,,D10,benign,
1687,13776,13778.0,D3,D5,telemetry,128,103,805e3fab5a30814e,8,True,,,,D3,benign,
1696,13864,,D10,D1,telemetry,133,112,8ba7be619b0c7779,8,,,,channel_loss,D10,benign,
1694,13835,13838.0,D8,D1,telemetry,119,298,fb6faabf22070f20,8,True,,,,D8,benign,
1693,13865,13867.0,D5,D1,telemetry,125,296,9553ccf1ec537ad8,8,True,,,,D5,benign,
1695,13870,13873.0,D9,D1,telemetry,137,104,7798227238162171,8,True,,,,D9,benign,
1692,13891,13893.0,D4,D1,telemetry,114,104,c156de1011a28756,8,True,,,,D4,benign,
1697,13912,13915.0,D2,D1,telemetry,113,107,bdff538f85e15015,8,True,,,,D2,benign,
1698,13915,13917.0,D3,D4,heartbeat,40,104,,8,,,,,D3,benign,
1698,13915,13917.0,D3,D5,heartbeat,40,104,,8,,,,,D3,benign,
1698,13915,13917.0,D3,D9,heartbeat,40,104,,8,,,,,D3,benign,
1698,13915,13917.0,D3,D10,heartbeat,40,104,,8,,,,,D3,benign,
1698,13915,13918.0,D3,D2,heartbeat,40,104,,8,,,,,D3,benign,
1698,13915,13918.0,D3,D6,heartbeat,40,104,,8,,,,,D3,benign,
1698,13915,13918.0,D3,D8,heartbeat,40,104,,8,,,,,D3,benign,
1698,13915,13919.0,D3,D7,heartbeat,40,104,,8,,,,,D3,benign,
1702,13920,13922.0,D7,D1,telemetry,102,429,7b7013606d5432f3,8,True,,,,D7,benign,
1699,13962,13964.0,D3,D5,telemetry,104,105,805e3fab5a30814e,8,True,,,,D3,benign,
1700,13965,13967.0,D4,D2,heartbeat,37,105,,8,,,,,D4,benign,
1700,13965,13967.0,D4,D5,heartbeat,37,105,,8,,,,,D4,benign,
1700,13965,13967.0,D4,D7,heartbeat,37,105,,8,,,,,D4,benign,
1700,13965,13967.0,D4,D9,heartbeat,37,105,,8,,,,,D4,benign,
1700,13965,13968.0,D4,D1,heartbeat,37,105,,8,,,,,D4,benign,
1700,13965,13968.0,D4,D3,heartbeat,37,105,,8,,,,,D4,benign,
1700,13965,13968.0,D4,D6,heartbeat,37,105,,8,,,,,D4,benign,
1700,13965,13968.0,D4,D10,heartbeat,37,105,,8,,,,,D4,benign,
1700,13965,13970.0,D4,D8,heartbeat,37,105,,8,,,,,D4,benign,
1701,13991,13993.0,D6,D1,telemetry,137,89,58b8f1592e4135fc,8,True,,,,D6,benign,
1707,14030,14034.0,D8,D1,telemetry,122,299,fb6faabf22070f20,8,True,,,,D8,benign,
1709,14041,14044.0,D10,D1,telemetry,97,113,8ba7be619b0c7779,8,True,,,,D10,benign,
1708,14046,14048.0,D9,D1,telemetry,107,105,7798227238162171,8,True,,,,D9,benign,
1705,14066,14069.0,D5,D1,telemetry,79,297,9553ccf1ec537ad8,8,True,,,,D5,benign,
1704,14077,14079.0,D4,D1,telemetry,129,106,c156de1011a28756,8,True,,,,D4,benign,
1703,14088,14092.0,D2,D1,telemetry,133,108,bdff538f85e15015,8,True,,,,D2,benign,
1706,14092,14095.0,D7,D1,telemetry,117,430,7b7013606d5432f3,8,True,,,,D7,benign,
1711,14100,,D3,D1,trust_report,136,106,e7b8e1caa3f4ddf3,8,,,,out_of_range,D3,benign,
1710,14100,14102.0,D2,D1,trust_report,136,109,bdff538f85e15015,8,True,,,,D2,benign,
1714,14100,14102.0,D6,D1,trust_report,136,90,58b8f1592e4135fc,8,True,,,,D6,benign,
1715,14100,14102.0,D7,D1,trust_report,136,431,7b7013606d5432f3,8,True,,,,D7,benign,
1712,14100,14103.0,D4,D1,trust_report,136,107,c156de1011a28756,8,True,,,,D4,benign,
1713,14100,14103.0,D5,D1,trust_report,136,298,9553ccf1ec537ad8,8,True,,,,D5,benign,
1716,14100,14103.0,D8,D1,trust_report,136,300,fb6faabf22070f20,8,True,,,,D8,benign,
1717,14100,14103.0,D9,D1,trust_report,136,106,7798227238162171,8,True,,,,D9,benign,
1718,14100,14103.0,D10,D1,trust_report,136,114,8ba7be619b0c7779,8,True,,,,D10,benign,
1720,14145,14148.0,D3,D5,telemetry,108,107,805e3fab5a30814e,8,True,,,,D3,benign,
1719,14198,14200.0,D1,D7,heartbeat,44,58,,8,,,,,D1,benign,
1719,14198,14200.0,D1,D8,heartbeat,44,58,,8,,,,,D1,benign,
1724,14276,,D5,D1,heartbeat,39,299,,8,,,,channel_loss,D5,benign,
1719,14198,14201.0,D1,D2,heartbeat,44,58,,8,,,,,D1,benign,
1719,14198,14201.0,D1,D4,heartbeat,44,58,,8,,,,,D1,benign,
1719,14198,14201.0,D1,D5,heartbeat,44,58,,8,,,,,D1,benign,
1719,14198,14201.0,D1,D6,heartbeat,44,58,,8,,,,,D1,benign,
1719,14198,14201.0,D1,D9,heartbeat,44,58,,8,,,,,D1,benign,
1719,14198,14201.0,D1,D10,heartbeat,44,58,,8,,,,,D1,benign,
1728,14210,14214.0,D8,D1,telemetry,130,301,fb6faabf22070f20,8,True,,,,D8,benign,
1730,14214,14216.0,D10,D1,telemetry,121,115,8ba7be619b0c7779,8,True,,,,D10,benign,
1729,14222,14225.0,D9,D1,telemetry,98,107,7798227238162171,8,True,,,,D9,benign,
1721,14233,14235.0,D2,D5,heartbeat,35,110,,8,,,,,D2,benign,
1721,14233,14235.0,D2,D7,heartbeat,35,110,,8,,,,,D2,benign,
1721,14233,14235.0,D2,D10,heartbeat,35,110,,8,,,,,D2,benign,
1721,14233,14236.0,D2,D4,heartbeat,35,110,,8,,,,,D2,benign,
1721,14233,14236.0,D2,D6,heartbeat,35,110,,8,,,,,D2,benign,
1721,14233,14236.0,D2,D8,heartbeat,35,110,,8,,,,,D2,benign,
1726,14233,14236.0,D6,D1,telemetry,98,91,58b8f1592e4135fc,8,True,,,,D6,benign,
1721,14233,14237.0,D2,D1,heartbeat,35,110,,8,,,,,D2,benign,
1721,14233,14237.0,D2,D3,heartbeat,35,110,,8,,,,,D2,benign,
1721,14233,14237.0,D2,D9,heartbeat,35,110,,8,,,,,D2,benign,
1725,14265,14267.0,D5,D1,telemetry,121,300,9553ccf1ec537ad8,8,True,,,,D5,benign,
1723,14268,14272.0,D4,D1,telemetry,118,108,c156de1011a28756,8,True,,,,D4,benign,
1722,14274,14277.0,D2,D1,telemetry,107,111,bdff538f85e15015,8,True,,,,D2,benign,
1727,14274,14277.0,D7,D1,telemetry,139,432,7b7013606d5432f3,8,True,,,,D7,benign,
1724,14276,14278.0,D5,D2,heartbeat,39,299,,8,,,,,D5,benign,
1724,14276,14278.0,D5,D4,heartbeat,39,299,,8,,,,,D5,benign,
1724,14276,14278.0,D5,D7,heartbeat,39,299,,8,,,,,D5,benign,
1724,14276,14278.0,D5,D8,heartbeat,39,299,,8,,,,,D5,benign,
1724,14276,14278.0,D5,D9,heartbeat,39,299,,8,,,,,D5,benign,
1724,14276,14279.0,D5,D3,heartbeat,39,299,,8,,,,,D5,benign,
1724,14276,14279.0,D5,D6,heartbeat,39,299,,8,,,,,D5,benign,
1724,14276,14279.0,D5,D10,heartbeat,39,299,,8,,,,,D5,benign,
1731,14338,14340.0,D3,D5,telemetry,131,108,805e3fab5a30814e,8,True,,,,D3,benign,
1732,14371,14373.0,D8,D1,heartbeat,42,302,,8,,,,,D8,benign,
1732,14371,14373.0,D8,D2,heartbeat,42,302,,8,,,,,D8,benign,
1732,14371,14373.0,D8,D4,heartbeat,42,302,,8,,,,,D8,benign,
1732,14371,14373.0,D8,D5,heartbeat,42,302,,8,,,,,D8,benign,
1732,14371,14373.0,D8,D9,heartbeat,42,302,,8,,,,,D8,benign,
1732,14371,14374.0,D8,D3,heartbeat,42,302,,8,,,,,D8,benign,
1732,14371,14374.0,D8,D7,heartbeat,42,302,,8,,,,,D8,benign,
1732,14371,14374.0,D8,D10,heartbeat,42,302,,8,,,,,D8,benign,
1732,14371,14375.0,D8,D6,heartbeat,42,302,,8,,,,,D8,benign,
1734,14380,14383.0,D10,D1,telemetry,124,116,8ba7be619b0c7779,8,True,,,,D10,benign,
1733,14389,14392.0,D8,D1,telemetry,132,303,fb6faabf22070f20,8,True,,,,D8,benign,
1740,14408,14411.0,D9,D1,telemetry,104,108,7798227238162171,8,True,,,,D9,benign,
1735,14445,14447.0,D2,D1,telemetry,119,112,bdff538f85e15015,8,True,,,,D2,benign,
1736,14457,14459.0,D4,D1,telemetry,133,109,c156de1011a28756,8,True,,,,D4,benign,
1739,14457,14461.0,D7,D1,telemetry,136,433,7b7013606d5432f3,8,True,,,,D7,benign,
1741,14482,14485.0,D5,D1,auth_request,152,302,,8,,True,,,D5,benign,
1738,14481,14485.0,D6,D1,telemetry,119,92,58b8f1592e4135fc,8,True,,,,D6,benign,
1743,14500,14502.0,D1,D2,rl_broadcast,32,60,,8,,,,,D1,benign,
1743,14500,14502.0,D1,D9,rl_broadcast,32,60,,8,,,,,D1,benign,
1743,14500,14502.0,D1,D10,rl_broadcast,32,60,,8,,,,,D1,benign,
1742,14500,14503.0,D1,D5,auth_response,152,59,,8,,True,,,D1,benign,
1743,14500,14503.0,D1,D4,rl_broadcast,32,60,,8,,,,,D1,benign,
1743,14500,14503.0,D1,D5,rl_broadcast,32,60,,8,,,,,D1,benign,
1743,14500,14503.0,D1,D6,rl_broadcast,32,60,,8,,,,,D1,benign,
1743,14500,14503.0,D1,D8,rl_broadcast,32,60,,8,,,,,D1,benign,
1743,14500,14504.0,D1,D7,rl_broadcast,32,60,,8,,,,,D1,benign,
1737,14503,14505.0,D5,D1,telemetry,126,301,67595750e0dc32a0,8,True,,,,D5,benign,
1744,14533,14535.0,D3,D5,telemetry,104,109,805e3fab5a30814e,8,True,,,,D3,benign,
1745,14539,14541.0,D6,D9,heartbeat,35,93,,8,,,,,D6,benign,
1745,14539,14542.0,D6,D1,heartbeat,35,93,,8,,,,,D6,benign,
1745,14539,14542.0,D6,D2,heartbeat,35,93,,8,,,,,D6,benign,
1745,14539,14542.0,D6,D3,heartbeat,35,93,,8,,,,,D6,benign,
1745,14539,14542.0,D6,D4,heartbeat,35,93,,8,,,,,D6,benign,
1745,14539,14542.0,D6,D5,heartbeat,35,93,,8,,,,,D6,benign,
1745,14539,14542.0,D6,D7,heartbeat,35,93,,8,,,,,D6,benign,
1745,14539,14542.0,D6,D10,heartbeat,35,93,,8,,,,,D6,benign,
1745,14539,14543.0,D6,D8,heartbeat,35,93,,8,,,,,D6,benign,
1748,14548,14551.0,D10,D1,telemetry,124,117,8ba7be619b0c7779,8,True,,,,D10,benign,
1746,14579,14582.0,D8,D1,telemetry,103,304,fb6faabf22070f20,8,True,,,,D8,benign,
1747,14590,14593.0,D9,D1,telemetry,126,109,7798227238162171,8,True,,,,D9,benign,
1749,14623,14625.0,D2,D1,telemetry,128,113,bdff538f85e15015,8,True,,,,D2,benign,
1754,14624,14626.0,D9,D1,heartbeat,34,110,,8,,,,,D9,benign,
1754,14624,14626.0,D9,D2,heartbeat,34,110,,8,,,,,D9,benign,
1754,14624,14626.0,D9,D5,heartbeat,34,110,,8,,,,,D9,benign,
1754,14624,14626.0,D9,D6,heartbeat,34,110,,8,,,,,D9,benign,
1754,14624,14626.0,D9,D10,heartbeat,34,110,,8,,,,,D9,benign,
1754,14624,14627.0,D9,D3,heartbeat,34,110,,8,,,,,D9,benign,
1754,14624,14627.0,D9,D4,heartbeat,34,110,,8,,,,,D9,benign,
1754,14624,14627.0,D9,D7,heartbeat,34,110,,8,,,,,D9,benign,
1754,14624,14628.0,D9,D8,heartbeat,34,110,,8,,,,,D9,benign,
1753,14625,14628.0,D7,D1,telemetry,112,435,7b7013606d5432f3,8,True,,,,D7,benign,
1750,14646,14648.0,D4,D1,telemetry,130,110,c156de1011a28756,8,True,,,,D4,benign,
1752,14648,14650.0,D7,D2,heartbeat,38,434,,8,,,,,D7,benign,
1752,14648,14650.0,D7,D9,heartbeat,38,434,,8,,,,,D7,benign,
1752,14648,14650.0,D7,D10,heartbeat,38,434,,8,,,,,D7,benign,
1752,14648,14651.0,D7,D1,heartbeat,38,434,,8,,,,,D7,benign,
1752,14648,14651.0,D7,D4,heartbeat,38,434,,8,,,,,D7,benign,
1752,14648,14651.0,D7,D5,heartbeat,38,434,,8,,,,,D7,benign,
1752,14648,14651.0,D7,D6,heartbeat,38,434,,8,,,,,D7,benign,
1752,14648,14652.0,D7,D3,heartbeat,38,434,,8,,,,,D7,benign,
1752,14648,14652.0,D7,D8,heartbeat,38,434,,8,,,,,D7,benign,
1751,14673,14675.0,D5,D1,telemetry,113,303,67595750e0dc32a0,8,True,,,,D5,benign,
1755,14717,14719.0,D3,D5,telemetry,114,110,805e3fab5a30814e,8,True,,,,D3,benign,
1756,14719,14721.0,D6,D1,telemetry,96,94,58b8f1592e4135fc,8,True,,,,D6,benign,
1760,14718,14722.0,D10,D1,telemetry,126,119,8ba7be619b0c7779,8,True,,,,D10,benign,
1757,14763,14765.0,D8,D1,telemetry,110,305,fb6faabf22070f20,8,True,,,,D8,benign,
1758,14770,14772.0,D9,D1,telemetry,120,111,7798227238162171,8,True,,,,D9,benign,
1759,14798,14800.0,D10,D1,heartbeat,42,118,,8,,,,,D10,benign,
1759,14798,14800.0,D10,D3,heartbeat,42,118,,8,,,,,D10,benign,
1759,14798,14800.0,D10,D4,heartbeat,42,118,,8,,,,,D10,benign,
1759,14798,14800.0,D10,D6,heartbeat,42,118,,8,,,,,D10,benign,
1759,14798,14800.0,D10,D7,heartbeat,42,118,,8,,,,,D10,benign,
1759,14798,14801.0,D10,D2,heartbeat,42,118,,8,,,,,D10,benign,
1759,14798,14801.0,D10,D5,heartbeat,42,118,,8,,,,,D10,benign,
1759,14798,14801.0,D10,D9,heartbeat,42,118,,8,,,,,D10,benign,
1759,14798,14802.0,D10,D8,heartbeat,42,118,,8,,,,,D10,benign,
1761,14802,14805.0,D2,D1,telemetry,137,114,bdff538f85e15015,8,True,,,,D2,benign,
1764,14807,14812.0,D7,D1,telemetry,117,436,7b7013606d5432f3,8,True,,,,D7,benign,
1762,14840,14843.0,D4,D1,telemetry,128,111,c156de1011a28756,8,True,,,,D4,benign,
1763,14876,14878.0,D5,D1,telemetry,112,304,67595750e0dc32a0,8,True,,,,D5,benign,
1765,14895,14897.0,D10,D1,telemetry,140,120,8ba7be619b0c7779,8,True,,,,D10,benign,
1768,14908,14911.0,D3,D5,telemetry,118,112,805e3fab5a30814e,8,True,,,,D3,benign,
1767,14932,14934.0,D3,D5,heartbeat,37,111,,8,,,,,D3,benign,
1767,14932,14934.0,D3,D7,heartbeat,37,111,,8,,,,,D3,benign,
1767,14932,14934.0,D3,D8,heartbeat,37,111,,8,,,,,D3,benign,
1767,14932,14935.0,D3,D2,heartbeat,37,111,,8,,,,,D3,benign,
1767,14932,14935.0,D3,D9,heartbeat,37,111,,8,,,,,D3,benign,
1767,14932,14935.0,D3,D10,heartbeat,37,111,,8,,,,,D3,benign,
1767,14932,14936.0,D3,D4,heartbeat,37,111,,8,,,,,D3,benign,
1767,14932,14936.0,D3,D6,heartbeat,37,111,,8,,,,,D3,benign,
1772,14952,14955.0,D8,D1,telemetry,108,306,fb6faabf22070f20,8,True,,,,D8,benign,
1773,14952,14955.0,D9,D1,telemetry,126,112,7798227238162171,8,True,,,,D9,benign,
1770,14964,14966.0,D6,D1,telemetry,141,95,58b8f1592e4135fc,8,True,,,,D6,benign,
1771,14986,14989.0,D7,D1,telemetry,111,437,7b7013606d5432f3,8,True,,,,D7,benign,
1766,14989,14991.0,D2,D1,telemetry,128,115,bdff538f85e15015,8,True,,,,D2,benign,
1769,14999,15001.0,D4,D2,heartbeat,37,112,,8,,,,,D4,benign,
1769,14999,15001.0,D4,D6,heartbeat,37,112,,8,,,,,D4,benign,
1769,14999,15001.0,D4,D7,heartbeat,37,112,,8,,,,,D4,benign,
1769,14999,15002.0,D4,D3,heartbeat,37,112,,8,,,,,D4,benign,
1769,14999,15002.0,D4,D5,heartbeat,37,112,,8,,,,,D4,benign,
1769,14999,15002.0,D4,D8,heartbeat,37,112,,8,,,,,D4,benign,
1769,14999,15002.0,D4,D10,heartbeat,37,112,,8,,,,,D4,benign,
1769,14999,15003.0,D4,D1,heartbeat,37,112,,8,,,,,D4,benign,
1769,14999,15003.0,D4,D9,heartbeat,37,112,,8,,,,,D4,benign,
1776,15025,15027.0,D4,D1,telemetry,95,113,c156de1011a28756,8,True,,,,D4,benign,
1778,15058,15061.0,D10,D1,telemetry,141,121,8ba7be619b0c7779,8,True,,,,D10,benign,
1777,15090,15092.0,D5,D1,telemetry,114,305,67595750e0dc32a0,8,True,,,,D5,benign,
1774,15093,15096.0,D3,D5,telemetry,137,113,805e3fab5a30814e,8,True,,,,D3,benign,
1781,15100,,D3,D1,trust_report,136,116,e7b8e1caa3f4ddf3,8,,,,out_of_range,D3,benign,
1784,15100,15102.0,D6,D1,trust_report,136,96,58b8f1592e4135fc,8,True,,,,D6,benign,
1785,15100,15102.0,D7,D1,trust_report,136,438,7b7013606d5432f3,8,True,,,,D7,benign,
1786,15100,15102.0,D8,D1,trust_report,136,307,fb6faabf22070f20,8,True,,,,D8,benign,
1788,15100,15102.0,D10,D1,trust_report,136,122,8ba7be619b0c7779,8,True,,,,D10,benign,
1780,15100,15103.0,D2,D1,trust_report,136,116,bdff538f85e15015,8,True,,,,D2,benign,
1782,15100,15103.0,D4,D1,trust_report,136,114,c156de1011a28756,8,True,,,,D4,benign,
1783,15100,15103.0,D5,D1,trust_report,136,306,67595750e0dc32a0,8,True,,,,D5,benign,
1787,15100,15103.0,D9,D1,trust_report,136,113,7798227238162171,8,True,,,,D9,benign,
1779,15115,15119.0,D3,D4,auth_request,152,115,,8,,True,,,D3,benign,
1799,15134,15136.0,D4,D3,rl_broadcast,32,116,,8,,,,,D4,benign,
1799,15134,15136.0,D4,D5,rl_broadcast,32,116,,8,,,,,D4,benign,
1799,15134,15136.0,D4,D8,rl_broadcast,32,116,,8,,,,,D4,benign,
1796,15134,15137.0,D8,D1,telemetry,108,308,fb6faabf22070f20,8,True,,,,D8,benign,
1799,15134,15137.0,D4,D1,rl_broadcast,32,116,,8,,,,,D4,benign,
1799,15134,15137.0,D4,D2,rl_broadcast,32,116,,8,,,,,D4,benign,
1799,15134,15137.0,D4,D6,rl_broadcast,32,116,,8,,,,,D4,benign,
1799,15134,15137.0,D4,D7,rl_broadcast,32,116,,8,,,,,D4,benign,
1799,15134,15137.0,D4,D9,rl_broadcast,32,116,,8,,,,,D4,benign,
1799,15134,15137.0,D4,D10,rl_broadcast,32,116,,8,,,,,D4,benign,
1798,15134,15138.0,D4,D3,auth_response,152,115,,8,,True,,,D4,benign,
1775,15138,15142.0,D3,D4,video,1218,114,40a95249779a7f7f,8,True,,,,D3,flooding,flooding-1
1797,15147,15149.0,D9,D1,telemetry,116,114,7798227238162171,8,True,,,,D9,benign,
1789,15156,15158.0,D1,D2,heartbeat,41,61,,8,,,,,D1,benign,
1789,15156,15158.0,D1,D6,heartbeat,41,61,,8,,,,,D1,benign,
1789,15156,15158.0,D1,D8,heartbeat,41,61,,8,,,,,D1,benign,
1789,15156,15159.0,D1,D4,heartbeat,41,61,,8,,,,,D1,benign,
1789,15156,15159.0,D1,D5,heartbeat,41,61,,8,,,,,D1,benign,
1789,15156,15159.0,D1,D10,heartbeat,41,61,,8,,,,,D1,benign,
1789,15156,15160.0,D1,D7,heartbeat,41,61,,8,,,,,D1,benign,
1789,15156,15160.0,D1,D9,heartbeat,41,61,,8,,,,,D1,benign,
1790,15170,15173.0,D2,D1,telemetry,112,117,bdff538f85e15015,8,True,,,,D2,benign,
1795,15171,15173.0,D7,D1,telemetry,113,439,7b7013606d5432f3,8,True,,,,D7,benign,
1794,15194,15197.0,D6,D1,telemetry,110,97,58b8f1592e4135fc,8,True,,,,D6,benign,
1792,15200,15203.0,D3,D4,video,1205,118,40a95249779a7f7f,8,True,,,,D3,flooding,flooding-1
1793,15200,15204.0,D3,D4,video,1391,119,40a95249779a7f7f,8,True,,,,D3,flooding,flooding-1
1791,15200,15205.0,D3,D4,video,1268,117,40a95249779a7f7f,8,True,,,,D3,flooding,flooding-1
1808,15214,15217.0,D4,D1,telemetry,143,117,c156de1011a28756,8,True,,,,D4,benign,
1811,15220,15222.0,D10,D1,telemetry,115,123,8ba7be619b0c7779,8,True,,,,D10,benign,
1800,15272,15274.0,D2,D1,heartbeat,41,118,,8,,,,,D2,benign,
1800,15272,15274.0,D2,D4,heartbeat,41,118,,8,,,,,D2,benign,
1800,15272,15274.0,D2,D5,heartbeat,41,118,,8,,,,,D2,benign,
1800,15272,15275.0,D2,D3,heartbeat,41,118,,8,,,,,D2,benign,
1800,15272,15275.0,D2,D6,heartbeat,41,118,,8,,,,,D2,benign,
1800,15272,15275.0,D2,D7,heartbeat,41,118,,8,,,,,D2,benign,
1800,15272,15275.0,D2,D8,heartbeat,41,118,,8,,,,,D2,benign,
1800,15272,15275.0,D2,D10,heartbeat,41,118,,8,,,,,D2,benign,
1809,15273,15275.0,D5,D3,heartbeat,42,307,,8,,,,,D5,benign,
1809,15273,15275.0,D5,D6,heartbeat,42,307,,8,,,,,D5,benign,
1809,15273,15275.0,D5,D8,heartbeat,42,307,,8,,,,,D5,benign,
1809,15273,15275.0,D5,D10,heartbeat,42,307,,8,,,,,D5,benign,
1800,15272,15276.0,D2,D9,heartbeat,41,118,,8,,,,,D2,benign,
1809,15273,15276.0,D5,D4,heartbeat,42,307,,8,,,,,D5,benign,
1809,15273,15276.0,D5,D7,heartbeat,42,307,,8,,,,,D5,benign,
1809,15273,15276.0,D5,D9,heartbeat,42,307,,8,,,,,D5,benign,
1809,15273,15277.0,D5,D1,heartbeat,42,307,,8,,,,,D5,benign,
1809,15273,15277.0,D5,D2,heartbeat,42,307,,8,,,,,D5,benign,
1801,15289,15292.0,D3,D5,telemetry,115,120,805e3fab5a30814e,8,True,,,,D3,benign,
1810,15296,15300.0,D5,D1,telemetry,121,308,67595750e0dc32a0,8,True,,,,D5,benign,
1802,15300,15303.0,D3,D4,video,1438,121,40a95249779a7f7f,8,True,,,,D3,flooding,flooding-1
1803,15300,15303.0,D3,D4,video,1360,122,40a95249779a7f7f,8,True,,,,D3,flooding,flooding-1
1806,15300,15303.0,D3,D4,video,1251,125,40a95249779a7f7f,8,True,,,,D3,flooding,flooding-1
1807,15300,15303.0,D3,D4,video,1220,126,40a95249779a7f7f,8,True,,,,D3,flooding,flooding-1
1805,15300,15304.0,D3,D4,video,1240,124,40a95249779a7f7f,8,True,,,,D3,flooding,flooding-1
1804,15300,15305.0,D3,D4,video,1265,123,40a95249779a7f7f,8,True,,,,D3,flooding,flooding-1
1815,15329,15331.0,D8,D1,telemetry,122,309,fb6faabf22070f20,8,True,,,,D8,benign,
1816,15336,15338.0,D9,D1,telemetry,126,115,7798227238162171,8,True,,,,D9,benign,
1814,15350,15353.0,D7,D1,telemetry,149,440,7b7013606d5432f3,8,True,,,,D7,benign,
1812,15358,15360.0,D2,D1,telemetry,131,119,bdff538f85e15015,8,True,,,,D2,benign,
1817,15381,15383.0,D10,D1,telemetry,115,124,8ba7be619b0c7779,8,True,,,,D10,benign,
1813,15392,15395.0,D4,D1,telemetry,108,118,c156de1011a28756,8,True,,,,D4,benign,
1821,15409,15411.0,D8,D1,heartbeat,36,310,,8,,,,,D8,benign,
1821,15409,15411.0,D8,D4,heartbeat,36,310,,8,,,,,D8,benign,
1821,15409,15411.0,D8,D6,heartbeat,36,310,,8,,,,,D8,benign,
1821,15409,15411.0,D8,D7,heartbeat,36,310,,8,,,,,D8,benign,
1821,15409,15411.0,D8,D10,heartbeat,36,310,,8,,,,,D8,benign,
1821,15409,15412.0,D8,D2,heartbeat,36,310,,8,,,,,D8,benign,
1821,15409,15412.0,D8,D9,heartbeat,36,310,,8,,,,,D8,benign,
1821,15409,15413.0,D8,D3,heartbeat,36,310,,8,,,,,D8,benign,
1821,15409,15413.0,D8,D5,heartbeat,36,310,,8,,,,,D8,benign,
1820,15422,15424.0,D6,D1,telemetry,122,98,58b8f1592e4135fc,8,True,,,,D6,benign,
1818,15472,15474.0,D3,D5,telemetry,111,127,805e3fab5a30814e,8,True,,,,D3,benign,
1819,15495,15497.0,D5,D1,telemetry,110,309,67595750e0dc32a0,8,True,,,,D5,benign,
1831,15510,15512.0,D8,D1,telemetry,121,311,fb6faabf22070f20,8,True,,,,D8,benign,
1829,15516,15518.0,D6,D2,heartbeat,41,99,,8,,,,,D6,benign,
1829,15516,15518.0,D6,D3,heartbeat,41,99,,8,,,,,D6,benign,
1829,15516,15518.0,D6,D7,heartbeat,41,99,,8,,,,,D6,benign,
1829,15516,15518.0,D6,D9,heartbeat,41,99,,8,,,,,D6,benign,
1829,15516,15518.0,D6,D10,heartbeat,41,99,,8,,,,,D6,benign,
1829,15516,15519.0,D6,D1,heartbeat,41,99,,8,,,,,D6,benign,
1829,15516,15519.0,D6,D4,heartbeat,41,99,,8,,,,,D6,benign,
1829,15516,15519.0,D6,D5,heartbeat,41,99,,8,,,,,D6,benign,
1829,15516,15520.0,D6,D8,heartbeat,41,99,,8,,,,,D6,benign,
1830,15524,15526.0,D7,D1,telemetry,117,441,7b7013606d5432f3,8,True,,,,D7,benign,
1832,15527,15529.0,D9,D1,telemetry,130,116,7798227238162171,8,True,,,,D9,benign,
1822,15543,15546.0,D2,D1,telemetry,142,120,bdff538f85e15015,8,True,,,,D2,benign,
1833,15556,15559.0,D10,D1,telemetry,106,125,8ba7be619b0c7779,8,True,,,,D10,benign,
1828,15579,15582.0,D4,D1,telemetry,105,119,c156de1011a28756,8,True,,,,D4,benign,
1823,15600,15603.0,D3,D4,video,1374,128,40a95249779a7f7f,8,True,,,,D3,flooding,flooding-1
1826,15600,15603.0,D3,D4,video,1255,131,40a95249779a7f7f,8,True,,,,D3,flooding,flooding-1
1827,15600,15603.0,D3,D4,video,1401,132,40a95249779a7f7f,8,True,,,,D3,flooding,flooding-1
1824,15600,15604.0,D3,D4,video,1426,129,40a95249779a7f7f,8,True,,,,D3,flooding,flooding-1
1825,15600,15604.0,D3,D4,video,1205,130,40a95249779a7f7f,8,True,,,,D3,flooding,flooding-1
1839,15605,15607.0,D9,D2,heartbeat,39,117,,8,,,,,D9,benign,
1839,15605,15607.0,D9,D3,heartbeat,39,117,,8,,,,,D9,benign,
1839,15605,15607.0,D9,D7,heartbeat,39,117,,8,,,,,D9,benign,
1839,15605,15607.0,D9,D10,heartbeat,39,117,,8,,,,,D9,benign,
1839,15605,15608.0,D9,D5,heartbeat,39,117,,8,,,,,D9,benign,
1839,15605,15608.0,D9,D6,heartbeat,39,117,,8,,,,,D9,benign,
1839,15605,15608.0,D9,D8,heartbeat,39,117,,8,,,,,D9,benign,
1839,15605,15609.0,D9,D1,heartbeat,39,117,,8,,,,,D9,benign,
1839,15605,15609.0,D9,D4,heartbeat,39,117,,8,,,,,D9,benign,
1837,15636,15638.0,D7,D5,heartbeat,38,442,,8,,,,,D7,benign,
1837,15636,15638.0,D7,D6,heartbeat,38,442,,8,,,,,D7,benign,
1837,15636,15638.0,D7,D8,heartbeat,38,442,,8,,,,,D7,benign,
1837,15636,15638.0,D7,D10,heartbeat,38,442,,8,,,,,D7,benign,
1837,15636,15639.0,D7,D1,heartbeat,38,442,,8,,,,,D7,benign,
1837,15636,15639.0,D7,D2,heartbeat,38,442,,8,,,,,D7,benign,
1837,15636,15639.0,D7,D3,heartbeat,38,442,,8,,,,,D7,benign,
1837,15636,15639.0,D7,D4,heartbeat,38,442,,8,,,,,D7,benign,
1837,15636,15639.0,D7,D9,heartbeat,38,442,,8,,,,,D7,benign,
1834,15655,15657.0,D3,D1,telemetry,116,133,e7b8e1caa3f4ddf3,8,True,,,,D3,benign,
1836,15665,15667.0,D6,D1,telemetry,107,100,58b8f1592e4135fc,8,True,,,,D6,benign,
1838,15690,15694.0,D8,D1,telemetry,126,312,fb6faabf22070f20,8,True,,,,D8,benign,
1835,15700,15703.0,D3,D4,video,1335,134,40a95249779a7f7f,8,True,,,,D3,flooding,flooding-1
1844,15705,15708.0,D7,D1,telemetry,125,443,7b7013606d5432f3,8,True,,,,D7,benign,
1843,15712,15715.0,D5,D1,telemetry,116,310,67595750e0dc32a0,8,True,,,,D5,benign,
1845,15716,15719.0,D9,D1,telemetry,128,118,7798227238162171,8,True,,,,D9,benign,
1846,15726,15729.0,D10,D1,telemetry,123,126,8ba7be619b0c7779,8,True,,,,D10,benign,
1840,15733,15737.0,D2,D1,telemetry,105,121,bdff538f85e15015,8,True,,,,D2,benign,
1842,15769,15773.0,D4,D1,telemetry,125,120,c156de1011a28756,8,True,,,,D4,benign,
1855,15844,,D10,D5,heartbeat,40,127,,8,,,,channel_loss,D10,benign,
1847,15895,,D3,D9,heartbeat,43,136,,8,,,,channel_loss,D3,benign,
1841,15800,15803.0,D3,D4,video,1200,135,40a95249779a7f7f,8,True,,,,D3,flooding,flooding-1
1855,15844,15846.0,D10,D3,heartbeat,40,127,,8,,,,,D10,benign,
1855,15844,15846.0,D10,D9,heartbeat,40,127,,8,,,,,D10,benign,
1855,15844,15847.0,D10,D4,heartbeat,40,127,,8,,,,,D10,benign,
1855,15844,15847.0,D10,D6,heartbeat,40,127,,8,,,,,D10,benign,
1855,15844,15847.0,D10,D7,heartbeat,40,127,,8,,,,,D10,benign,
1855,15844,15847.0,D10,D8,heartbeat,40,127,,8,,,,,D10,benign,
1855,15844,15848.0,D10,D1,heartbeat,40,127,,8,,,,,D10,benign,
1855,15844,15848.0,D10,D2,heartbeat,40,127,,8,,,,,D10,benign,
1848,15854,15856.0,D3,D1,telemetry,122,137,e7b8e1caa3f4ddf3,8,True,,,,D3,benign,
1853,15877,15879.0,D7,D1,telemetry,149,444,7b7013606d5432f3,8,True,,,,D7,benign,
1854,15881,15885.0,D8,D1,telemetry,129,313,fb6faabf22070f20,8,True,,,,D8,benign,
1847,15895,15897.0,D3,D1,heartbeat,43,136,,8,,,,,D3,benign,
1847,15895,15897.0,D3,D4,heartbeat,43,136,,8,,,,,D3,benign,
1847,15895,15897.0,D3,D5,heartbeat,43,136,,8,,,,,D3,benign,
1847,15895,15897.0,D3,D10,heartbeat,43,136,,8,,,,,D3,benign,
1847,15895,15898.0,D3,D2,heartbeat,43,136,,8,,,,,D3,benign,
1847,15895,15898.0,D3,D7,heartbeat,43,136,,8,,,,,D3,benign,
1847,15895,15899.0,D3,D6,heartbeat,43,136,,8,,,,,D3,benign,
1847,15895,15899.0,D3,D8,heartbeat,43,136,,8,,,,,D3,benign,
1849,15900,15903.0,D3,D4,video,1382,138,40a95249779a7f7f,8,True,,,,D3,flooding,flooding-1
1850,15900,15903.0,D3,D4,video,1313,139,40a95249779a7f7f,8,True,,,,D3,flooding,flooding-1
1851,15900,15903.0,D3,D4,video,1447,140,40a95249779a7f7f,8,True,,,,D3,flooding,flooding-1
1852,15900,15904.0,D3,D4,video,1387,141,40a95249779a7f7f,8,True,,,,D3,flooding,flooding-1
1866,15901,15904.0,D10,D1,telemetry,111,128,8ba7be619b0c7779,8,True,,,,D10,benign,
1864,15903,15906.0,D6,D1,telemetry,111,101,58b8f1592e4135fc,8,True,,,,D6,benign,
1865,15907,15910.0,D9,D1,telemetry,129,119,7798227238162171,8,True,,,,D9,benign,
1863,15909,15911.0,D5,D1,telemetry,118,311,67595750e0dc32a0,8,True,,,,D5,benign,
1856,15911,15914.0,D2,D1,telemetry,129,122,bdff538f85e15015,8,True,,,,D2,benign,
1862,15956,15959.0,D4,D1,telemetry,119,122,c156de1011a28756,8,True,,,,D4,benign,
1861,15963,15965.0,D4,D2,heartbeat,41,121,,8,,,,,D4,benign,
1861,15963,15965.0,D4,D8,heartbeat,41,121,,8,,,,,D4,benign,
1861,15963,15965.0,D4,D9,heartbeat,41,121,,8,,,,,D4,benign,
1861,15963,15966.0,D4,D1,heartbeat,41,121,,8,,,,,D4,benign,
1861,15963,15966.0,D4,D6,heartbeat,41,121,,8,,,,,D4,benign,
1861,15963,15966.0,D4,D7,heartbeat,41,121,,8,,,,,D4,benign,
1861,15963,15966.0,D4,D10,heartbeat,41,121,,8,,,,,D4,benign,
1861,15963,15967.0,D4,D3,heartbeat,41,121,,8,,,,,D4,benign,
1861,15963,15967.0,D4,D5,heartbeat,41,121,,8,,,,,D4,benign,
1857,16000,16003.0,D3,D4,video,1415,142,40a95249779a7f7f,8,True,,,,D3,flooding,flooding-1
1858,16000,16003.0,D3,D4,video,1232,143,40a95249779a7f7f,8,True,,,,D3,flooding,flooding-1
1859,16000,16003.0,D3,D4,video,1276,144,40a95249779a7f7f,8,True,,,,D3,flooding,flooding-1
1860,16000,16004.0,D3,D4,video,1295,145,40a95249779a7f7f,8,True,,,,D3,flooding,flooding-1
1868,16050,16053.0,D3,D1,telemetry,104,146,e7b8e1caa3f4ddf3,8,True,,,,D3,benign,
1872,16058,16061.0,D7,D1,telemetry,123,445,7b7013606d5432f3,8,True,,,,D7,benign,
1875,16070,16073.0,D10,D1,telemetry,130,129,8ba7be619b0c7779,8,True,,,,D10,benign,
1873,16074,16078.0,D8,D1,telemetry,119,314,fb6faabf22070f20,8,True,,,,D8,benign,
1874,16083,16086.0,D9,D1,telemetry,128,120,7798227238162171,8,True,,,,D9,benign,
1867,16088,16091.0,D2,D1,telemetry,121,123,bdff538f85e15015,8,True,,,,D2,benign,
1877,16100,16102.0,D3,D1,trust_report,136,150,e7b8e1caa3f4ddf3,8,True,,,,D3,benign,
1880,16100,16102.0,D6,D1,trust_report,136,102,58b8f1592e4135fc,8,True,,,,D6,benign,
1881,16100,16102.0,D7,D1,trust_report,136,446,7b7013606d5432f3,8,True,,,,D7,benign,
1882,16100,16102.0,D8,D1,trust_report,136,315,fb6faabf22070f20,8,True,,,,D8,benign,
1883,16100,16102.0,D9,D1,trust_report,136,121,7798227238162171,8,True,,,,D9,benign,
1869,16100,16103.0,D3,D4,video,1346,147,40a95249779a7f7f,8,True,,,,D3,flooding,flooding-1
1870,16100,16103.0,D3,D4,video,1203,148,40a95249779a7f7f,8,True,,,,D3,flooding,flooding-1
1871,16100,16103.0,D3,D4,video,1372,149,40a95249779a7f7f,8,True,,,,D3,flooding,flooding-1
1876,16100,16103.0,D2,D1,trust_report,136,124,bdff538f85e15015,8,True,,,,D2,benign,
1878,16100,16103.0,D4,D1,trust_report,136,123,c156de1011a28756,8,True,,,,D4,benign,
1879,16100,16103.0,D5,D1,trust_report,136,312,67595750e0dc32a0,8,True,,,,D5,benign,
1884,16100,16103.0,D10,D1,trust_report,136,130,8ba7be619b0c7779,8,True,,,,D10,benign,
1885,16113,16115.0,D1,D2,heartbeat,38,62,,8,,,,,D1,benign,
1885,16113,16115.0,D1,D3,heartbeat,38,62,,8,,,,,D1,benign,
1885,16113,16115.0,D1,D4,heartbeat,38,62,,8,,,,,D1,benign,
1885,16113,16115.0,D1,D7,heartbeat,38,62,,8,,,,,D1,benign,
1885,16113,16116.0,D1,D5,heartbeat,38,62,,8,,,,,D1,benign,
1885,16113,16116.0,D1,D6,heartbeat,38,62,,8,,,,,D1,benign,
1885,16113,16116.0,D1,D8,heartbeat,38,62,,8,,,,,D1,benign,
1885,16113,16116.0,D1,D9,heartbeat,38,62,,8,,,,,D1,benign,
1885,16113,16116.0,D1,D10,heartbeat,38,62,,8,,,,,D1,benign,
1888,16114,16118.0,D5,D1,telemetry,143,313,67595750e0dc32a0,8,True,,,,D5,benign,
1889,16128,16130.0,D6,D1,telemetry,144,103,58b8f1592e4135fc,8,True,,,,D6,benign,
1887,16131,16134.0,D4,D1,telemetry,124,124,c156de1011a28756,8,True,,,,D4,benign,
1897,16291,,D5,D1,heartbeat,43,314,,8,,,,channel_loss,D5,benign,
1886,16200,16204.0,D3,D4,video,1367,151,40a95249779a7f7f,8,True,,,,D3,flooding,flooding-1
1891,16227,16229.0,D2,D3,heartbeat,33,125,,8,,,,,D2,benign,
1891,16227,16230.0,D2,D1,heartbeat,33,125,,8,,,,,D2,benign,
1891,16227,16230.0,D2,D4,heartbeat,33,125,,8,,,,,D2,benign,
1891,16227,16230.0,D2,D5,heartbeat,33,125,,8,,,,,D2,benign,
1891,16227,16230.0,D2,D6,heartbeat,33,125,,8,,,,,D2,benign,
1891,16227,16230.0,D2,D7,heartbeat,33,125,,8,,,,,D2,benign,
1891,16227,16230.0,D2,D10,heartbeat,33,125,,8,,,,,D2,benign,
1891,16227,16231.0,D2,D8,heartbeat,33,125,,8,,,,,D2,benign,
1891,16227,16231.0,D2,D9,heartbeat,33,125,,8,,,,,D2,benign,
1898,16239,16241.0,D7,D1,telemetry,128,447,7b7013606d5432f3,8,True,,,,D7,benign,
1901,16242,16244.0,D10,D1,telemetry,145,131,8ba7be619b0c7779,8,True,,,,D10,benign,
1893,16245,16249.0,D3,D1,telemetry,121,152,e7b8e1caa3f4ddf3,8,True,,,,D3,benign,
1899,16254,16257.0,D8,D1,telemetry,147,316,fb6faabf22070f20,8,True,,,,D8,benign,
1900,16263,16266.0,D9,D1,telemetry,134,122,7798227238162171,8,True,,,,D9,benign,
1890,16267,16269.0,D1,D5,command,73,63,67595750e0dc32a0,8,True,,,,D1,benign,
1892,16269,16272.0,D2,D1,telemetry,101,126,bdff538f85e15015,8,True,,,,D2,benign,
1897,16291,16293.0,D5,D2,heartbeat,43,314,,8,,,,,D5,benign,
1897,16291,16293.0,D5,D4,heartbeat,43,314,,8,,,,,D5,benign,
1897,16291,16293.0,D5,D6,heartbeat,43,314,,8,,,,,D5,benign,
1897,16291,16293.0,D5,D7,heartbeat,43,314,,8,,,,,D5,benign,
1897,16291,16293.0,D5,D8,heartbeat,43,314,,8,,,,,D5,benign,
1897,16291,16294.0,D5,D3,heartbeat,43,314,,8,,,,,D5,benign,
1897,16291,16294.0,D5,D9,heartbeat,43,314,,8,,,,,D5,benign,
1897,16291,16294.0,D5,D10,heartbeat,43,314,,8,,,,,D5,benign,
1894,16300,16303.0,D3,D4,video,1222,153,40a95249779a7f7f,8,True,,,,D3,flooding,flooding-1
1896,16300,16303.0,D3,D4,video,1340,155,40a95249779a7f7f,8,True,,,,D3,flooding,flooding-1
1895,16300,16305.0,D3,D4,video,1353,154,40a95249779a7f7f,8,True,,,,D3,flooding,flooding-1
1904,16317,16319.0,D4,D1,telemetry,113,125,c156de1011a28756,8,True,,,,D4,benign,
1905,16317,16320.0,D5,D1,telemetry,154,315,67595750e0dc32a0,8,True,,,,D5,benign,
1906,16360,16362.0,D6,D1,telemetry,133,104,58b8f1592e4135fc,8,True,,,,D6,benign,
1907,16371,16373.0,D8,D2,heartbeat,39,317,,8,,,,,D8,benign,
1907,16371,16373.0,D8,D6,heartbeat,39,317,,8,,,,,D8,benign,
1907,16371,16373.0,D8,D9,heartbeat,39,317,,8,,,,,D8,benign,
1907,16371,16374.0,D8,D3,heartbeat,39,317,,8,,,,,D8,benign,
1907,16371,16374.0,D8,D4,heartbeat,39,317,,8,,,,,D8,benign,
1907,16371,16374.0,D8,D5,heartbeat,39,317,,8,,,,,D8,benign,
1907,16371,16374.0,D8,D7,heartbeat,39,317,,8,,,,,D8,benign,
1907,16371,16374.0,D8,D10,heartbeat,39,317,,8,,,,,D8,benign,
1907,16371,16375.0,D8,D1,heartbeat,39,317,,8,,,,,D8,benign,
1912,16470,,D6,D8,heartbeat,41,105,,8,,,,channel_loss,D6,benign,
1903,16400,16403.0,D3,D4,video,1301,157,40a95249779a7f7f,8,True,,,,D3,flooding,flooding-1
1902,16400,16404.0,D3,D4,video,1334,156,40a95249779a7f7f,8,True,,,,D3,flooding,flooding-1
1916,16407,16410.0,D10,D1,telemetry,135,132,8ba7be619b0c7779,8,True,,,,D10,benign,
1913,16410,16413.0,D7,D1,telemetry,132,448,7b7013606d5432f3,8,True,,,,D7,benign,
1909,16427,16429.0,D3,D1,telemetry,122,158,e7b8e1caa3f4ddf3,8,True,,,,D3,benign,
1915,16451,16454.0,D9,D1,telemetry,115,123,7798227238162171,8,True,,,,D9,benign,
1914,16452,16454.0,D8,D1,telemetry,105,318,fb6faabf22070f20,8,True,,,,D8,benign,
1908,16455,16458.0,D2,D1,telemetry,97,127,bdff538f85e15015,8,True,,,,D2,benign,
1912,16470,16472.0,D6,D1,heartbeat,41,105,,8,,,,,D6,benign,
1912,16470,16472.0,D6,D4,heartbeat,41,105,,8,,,,,D6,benign,
1912,16470,16472.0,D6,D7,heartbeat,41,105,,8,,,,,D6,benign,
1912,16470,16472.0,D6,D9,heartbeat,41,105,,8,,,,,D6,benign,
1912,16470,16472.0,D6,D10,heartbeat,41,105,,8,,,,,D6,benign,
1912,16470,16473.0,D6,D2,heartbeat,41,105,,8,,,,,D6,benign,
1912,16470,16473.0,D6,D3,heartbeat,41,105,,8,,,,,D6,benign,
1912,16470,16473.0,D6,D5,heartbeat,41,105,,8,,,,,D6,benign,
1910,16500,16503.0,D3,D4,video,1217,159,40a95249779a7f7f,8,True,,,,D3,flooding,flooding-1
1911,16500,16503.0,D3,D4,video,1345,160,40a95249779a7f7f,8,True,,,,D3,flooding,flooding-1
1918,16501,16505.0,D4,D1,telemetry,96,126,c156de1011a28756,8,True,,,,D4,benign,
1919,16521,16524.0,D5,D1,telemetry,112,316,67595750e0dc32a0,8,True,,,,D5,benign,
1922,16578,16581.0,D10,D1,telemetry,105,133,8ba7be619b0c7779,8,True,,,,D10,benign,
1921,16580,16583.0,D7,D1,telemetry,122,449,7b7013606d5432f3,8,True,,,,D7,benign,
1920,16597,16599.0,D6,D1,telemetry,111,106,58b8f1592e4135fc,8,True,,,,D6,benign,
1924,16617,,D3,D1,telemetry,108,162,e7b8e1caa3f4ddf3,8,,,,channel_loss,D3,benign,
1917,16600,16603.0,D3,D4,video,1388,161,40a95249779a7f7f,8,True,,,,D3,flooding,flooding-1
1931,16619,16621.0,D9,D3,heartbeat,49,124,,8,,,,,D9,benign,
1931,16619,16621.0,D9,D4,heartbeat,49,124,,8,,,,,D9,benign,
1931,16619,16621.0,D9,D5,heartbeat,49,124,,8,,,,,D9,benign,
1931,16619,16622.0,D9,D2,heartbeat,49,124,,8,,,,,D9,benign,
1931,16619,16622.0,D9,D6,heartbeat,49,124,,8,,,,,D9,benign,
1931,16619,16622.0,D9,D7,heartbeat,49,124,,8,,,,,D9,benign,
1931,16619,16622.0,D9,D8,heartbeat,49,124,,8,,,,,D9,benign,
1931,16619,16622.0,D9,D10,heartbeat,49,124,,8,,,,,D9,benign,
1931,16619,16623.0,D9,D1,heartbeat,49,124,,8,,,,,D9,benign,
1932,16640,16642.0,D9,D1,telemetry,111,125,7798227238162171,8,True,,,,D9,benign,
1923,16642,16646.0,D2,D1,telemetry,117,128,bdff538f85e15015,8,True,,,,D2,benign,
1930,16645,16647.0,D8,D1,telemetry,106,319,fb6faabf22070f20,8,True,,,,D8,benign,
1929,16677,16679.0,D7,D1,heartbeat,34,450,,8,,,,,D7,benign,
1929,16677,16679.0,D7,D2,heartbeat,34,450,,8,,,,,D7,benign,
1929,16677,16679.0,D7,D4,heartbeat,34,450,,8,,,,,D7,benign,
1929,16677,16679.0,D7,D6,heartbeat,34,450,,8,,,,,D7,benign,
1929,16677,16680.0,D7,D3,heartbeat,34,450,,8,,,,,D7,benign,
1929,16677,16680.0,D7,D5,heartbeat,34,450,,8,,,,,D7,benign,
1929,16677,16680.0,D7,D8,heartbeat,34,450,,8,,,,,D7,benign,
1929,16677,16680.0,D7,D9,heartbeat,34,450,,8,,,,,D7,benign,
1929,16677,16680.0,D7,D10,heartbeat,34,450,,8,,,,,D7,benign,
1928,16679,16682.0,D4,D1,telemetry,119,127,c156de1011a28756,8,True,,,,D4,benign,
1926,16700,16703.0,D3,D4,video,1400,164,40a95249779a7f7f,8,True,,,,D3,flooding,flooding-1
1927,16700,16703.0,D3,D4,video,1317,165,40a95249779a7f7f,8,True,,,,D3,flooding,flooding-1
1925,16700,16704.0,D3,D4,video,1352,163,40a95249779a7f7f,8,True,,,,D3,flooding,flooding-1
1937,16735,16738.0,D5,D1,telemetry,142,317,67595750e0dc32a0,8,True,,,,D5,benign,
1939,16745,16748.0,D10,D1,telemetry,119,134,8ba7be619b0c7779,8,True,,,,D10,benign,
1938,16765,16767.0,D7,D1,telemetry,111,451,7b7013606d5432f3,8,True,,,,D7,benign,
1933,16800,16803.0,D3,D4,video,1400,166,40a95249779a7f7f,8,True,,,,D3,flooding,flooding-1
1934,16800,16803.0,D3,D4,video,1351,167,40a95249779a7f7f,8,True,,,,D3,flooding,flooding-1
1936,16800,16803.0,D3,D4,video,1208,169,40a95249779a7f7f,8,True,,,,D3,flooding,flooding-1
1935,16800,16804.0,D3,D4,video,1442,168,40a95249779a7f7f,8,True,,,,D3,flooding,flooding-1
1941,16818,16821.0,D3,D1,telemetry,128,170,e7b8e1caa3f4ddf3,8,True,,,,D3,benign,
1945,16820,16823.0,D9,D1,telemetry,115,126,7798227238162171,8,True,,,,D9,benign,
1940,16823,16827.0,D2,D1,telemetry,108,129,bdff538f85e15015,8,True,,,,D2,benign,
1943,16828,16831.0,D6,D1,telemetry,139,107,58b8f1592e4135fc,8,True,,,,D6,benign,
1944,16835,16837.0,D8,D1,telemetry,113,320,fb6faabf22070f20,8,True,,,,D8,benign,
1946,16851,16853.0,D10,D6,heartbeat,30,135,,8,,,,,D10,benign,
1946,16851,16853.0,D10,D7,heartbeat,30,135,,8,,,,,D10,benign,
1946,16851,16853.0,D10,D8,heartbeat,30,135,,8,,,,,D10,benign,
1946,16851,16854.0,D10,D1,heartbeat,30,135,,8,,,,,D10,benign,
1946,16851,16854.0,D10,D3,heartbeat,30,135,,8,,,,,D10,benign,
1946,16851,16854.0,D10,D4,heartbeat,30,135,,8,,,,,D10,benign,
1946,16851,16854.0,D10,D5,heartbeat,30,135,,8,,,,,D10,benign,
1946,16851,16854.0,D10,D9,heartbeat,30,135,,8,,,,,D10,benign,
1946,16851,16855.0,D10,D2,heartbeat,30,135,,8,,,,,D10,benign,
1942,16862,16865.0,D4,D1,telemetry,132,128,c156de1011a28756,8,True,,,,D4,benign,
1951,16914,16917.0,D10,D1,telemetry,143,136,8ba7be619b0c7779,8,True,,,,D10,benign,
1947,16933,16935.0,D3,D1,heartbeat,36,171,,8,,,,,D3,benign,
1947,16933,16935.0,D3,D4,heartbeat,36,171,,8,,,,,D3,benign,
1947,16933,16935.0,D3,D6,heartbeat,36,171,,8,,,,,D3,benign,
1947,16933,16935.0,D3,D9,heartbeat,36,171,,8,,,,,D3,benign,
1947,16933,16935.0,D3,D10,heartbeat,36,171,,8,,,,,D3,benign,
1947,16933,16936.0,D3,D2,heartbeat,36,171,,8,,,,,D3,benign,
1947,16933,16936.0,D3,D5,heartbeat,36,171,,8,,,,,D3,benign,
1947,16933,16936.0,D3,D7,heartbeat,36,171,,8,,,,,D3,benign,
1947,16933,16936.0,D3,D8,heartbeat,36,171,,8,,,,,D3,benign,
1949,16948,16951.0,D5,D1,telemetry,115,318,67595750e0dc32a0,8,True,,,,D5,benign,
1950,16948,16951.0,D7,D1,telemetry,104,452,7b7013606d5432f3,8,True,,,,D7,benign,
1959,17001,,D9,D1,telemetry,102,127,7798227238162171,8,,,,channel_loss,D9,benign,
1948,17000,17003.0,D3,D4,video,1259,172,40a95249779a7f7f,8,True,,,,D3,flooding,flooding-1
1953,17002,17005.0,D2,D1,telemetry,131,130,bdff538f85e15015,8,True,,,,D2,benign,
1955,17006,17008.0,D4,D1,heartbeat,37,129,,8,,,,,D4,benign,
1955,17006,17008.0,D4,D7,heartbeat,37,129,,8,,,,,D4,benign,
1955,17006,17008.0,D4,D8,heartbeat,37,129,,8,,,,,D4,benign,
1955,17006,17009.0,D4,D2,heartbeat,37,129,,8,,,,,D4,benign,
1955,17006,17009.0,D4,D5,heartbeat,37,129,,8,,,,,D4,benign,
1955,17006,17009.0,D4,D6,heartbeat,37,129,,8,,,,,D4,benign,
1955,17006,17009.0,D4,D9,heartbeat,37,129,,8,,,,,D4,benign,
1955,17006,17010.0,D4,D3,heartbeat,37,129,,8,,,,,D4,benign,
1955,17006,17010.0,D4,D10,heartbeat,37,129,,8,,,,,D4,benign,
1954,17008,17010.0,D3,D1,telemetry,131,173,e7b8e1caa3f4ddf3,8,True,,,,D3,benign,
1958,17032,17034.0,D8,D1,telemetry,118,321,fb6faabf22070f20,8,True,,,,D8,benign,
1956,17043,17045.0,D4,D1,telemetry,125,130,c156de1011a28756,8,True,,,,D4,benign,
1957,17074,17076.0,D6,D1,telemetry,145,108,58b8f1592e4135fc,8,True,,,,D6,benign,
1960,17077,17080.0,D10,D1,telemetry,143,137,8ba7be619b0c7779,8,True,,,,D10,benign,
1952,17098,17100.0,D1,D2,heartbeat,43,64,,8,,,,,D1,benign,
1952,17098,17100.0,D1,D5,heartbeat,43,64,,8,,,,,D1,benign,
1952,17098,17100.0,D1,D7,heartbeat,43,64,,8,,,,,D1,benign,
1952,17098,17100.0,D1,D9,heartbeat,43,64,,8,,,,,D1,benign,
1952,17098,17101.0,D1,D3,heartbeat,43,64,,8,,,,,D1,benign,
1952,17098,17101.0,D1,D4,heartbeat,43,64,,8,,,,,D1,benign,
1952,17098,17101.0,D1,D8,heartbeat,43,64,,8,,,,,D1,benign,
1952,17098,17101.0,D1,D10,heartbeat,43,64,,8,,,,,D1,benign,
1952,17098,17102.0,D1,D6,heartbeat,43,64,,8,,,,,D1,benign,
1961,17100,17102.0,D2,D1,trust_report,136,131,bdff538f85e15015,8,True,,,,D2,benign,
1962,17100,17102.0,D3,D1,trust_report,136,174,e7b8e1caa3f4ddf3,8,True,,,,D3,benign,
1966,17100,17102.0,D7,D1,trust_report,136,453,7b7013606d5432f3,8,True,,,,D7,benign,
1969,17100,17102.0,D10,D1,trust_report,136,138,8ba7be619b0c7779,8,True,,,,D10,benign,
1963,17100,17103.0,D4,D1,trust_report,136,131,c156de1011a28756,8,True,,,,D4,benign,
1964,17100,17103.0,D5,D1,trust_report,136,319,67595750e0dc32a0,8,True,,,,D5,benign,
1965,17100,17103.0,D6,D1,trust_report,136,109,58b8f1592e4135fc,8,True,,,,D6,benign,
1967,17100,17103.0,D8,D1,trust_report,136,322,fb6faabf22070f20,8,True,,,,D8,benign,
1968,17100,17103.0,D9,D1,trust_report,136,128,7798227238162171,8,True,,,,D9,benign,
1974,17130,17132.0,D7,D1,telemetry,102,454,7b7013606d5432f3,8,True,,,,D7,benign,
1973,17163,17166.0,D5,D1,telemetry,125,320,67595750e0dc32a0,8,True,,,,D5,benign,
1970,17185,17188.0,D2,D1,telemetry,133,132,bdff538f85e15015,8,True,,,,D2,benign,
1975,17186,17189.0,D9,D1,telemetry,130,129,7798227238162171,8,True,,,,D9,benign,
1971,17197,17199.0,D3,D1,telemetry,125,175,e7b8e1caa3f4ddf3,8,True,,,,D3,benign,
1972,17200,17203.0,D3,D4,video,1275,176,40a95249779a7f7f,8,True,,,,D3,flooding,flooding-1
1981,17220,17222.0,D8,D1,telemetry,111,323,fb6faabf22070f20,8,True,,,,D8,benign,
1979,17222,17225.0,D4,D1,telemetry,123,132,c156de1011a28756,8,True,,,,D4,benign,
1982,17241,17243.0,D10,D1,telemetry,107,139,8ba7be619b0c7779,8,True,,,,D10,benign,
1976,17256,17258.0,D2,D3,heartbeat,41,133,,8,,,,,D2,benign,
1976,17256,17258.0,D2,D7,heartbeat,41,133,,8,,,,,D2,benign,
1976,17256,17259.0,D2,D1,heartbeat,41,133,,8,,,,,D2,benign,
1976,17256,17259.0,D2,D5,heartbeat,41,133,,8,,,,,D2,benign,
1976,17256,17259.0,D2,D8,heartbeat,41,133,,8,,,,,D2,benign,
1976,17256,17259.0,D2,D9,heartbeat,41,133,,8,,,,,D2,benign,
1976,17256,17259.0,D2,D10,heartbeat,41,133,,8,,,,,D2,benign,
1976,17256,17260.0,D2,D4,heartbeat,41,133,,8,,,,,D2,benign,
1976,17256,17260.0,D2,D6,heartbeat,41,133,,8,,,,,D2,benign,
1980,17266,17268.0,D5,D1,heartbeat,36,321,,8,,,,,D5,benign,
1980,17266,17268.0,D5,D2,heartbeat,36,321,,8,,,,,D5,benign,
1980,17266,17269.0,D5,D3,heartbeat,36,321,,8,,,,,D5,benign,
1980,17266,17269.0,D5,D4,heartbeat,36,321,,8,,,,,D5,benign,
1980,17266,17269.0,D5,D7,heartbeat,36,321,,8,,,,,D5,benign,
1980,17266,17269.0,D5,D8,heartbeat,36,321,,8,,,,,D5,benign,
1980,17266,17269.0,D5,D9,heartbeat,36,321,,8,,,,,D5,benign,
1980,17266,17269.0,D5,D10,heartbeat,36,321,,8,,,,,D5,benign,
1980,17266,17270.0,D5,D6,heartbeat,36,321,,8,,,,,D5,benign,
1977,17300,17303.0,D3,D4,video,1271,177,40a95249779a7f7f,8,True,,,,D3,flooding,flooding-1
1978,17300,17304.0,D3,D4,video,1243,178,40a95249779a7f7f,8,True,,,,D3,flooding,flooding-1
1988,17302,17304.0,D6,D1,telemetry,125,110,58b8f1592e4135fc,8,True,,,,D6,benign,
1989,17308,17310.0,D7,D1,telemetry,135,455,7b7013606d5432f3,8,True,,,,D7,benign,
1987,17359,17362.0,D5,D1,telemetry,147,322,67595750e0dc32a0,8,True,,,,D5,benign,
1990,17364,17367.0,D9,D1,telemetry,150,130,7798227238162171,8,True,,,,D9,benign,
1983,17371,17375.0,D2,D1,telemetry,117,134,bdff538f85e15015,8,True,,,,D2,benign,
1984,17396,17398.0,D3,D1,telemetry,130,179,e7b8e1caa3f4ddf3,8,True,,,,D3,benign,
1985,17400,17403.0,D3,D4,video,1441,180,40a95249779a7f7f,8,True,,,,D3,flooding,flooding-1
1986,17400,17403.0,D3,D4,video,1386,181,40a95249779a7f7f,8,True,,,,D3,flooding,flooding-1
1995,17404,17406.0,D8,D1,telemetry,141,325,fb6faabf22070f20,8,True,,,,D8,benign,
1991,17405,17408.0,D4,D1,telemetry,120,133,c156de1011a28756,8,True,,,,D4,benign,
1994,17412,17414.0,D8,D5,heartbeat,43,324,,8,,,,,D8,benign,
1994,17412,17414.0,D8,D7,heartbeat,43,324,,8,,,,,D8,benign,
1994,17412,17414.0,D8,D10,heartbeat,43,324,,8,,,,,D8,benign,
1994,17412,17415.0,D8,D1,heartbeat,43,324,,8,,,,,D8,benign,
1994,17412,17415.0,D8,D2,heartbeat,43,324,,8,,,,,D8,benign,
1994,17412,17415.0,D8,D3,heartbeat,43,324,,8,,,,,D8,benign,
1994,17412,17415.0,D8,D4,heartbeat,43,324,,8,,,,,D8,benign,
1994,17412,17415.0,D8,D6,heartbeat,43,324,,8,,,,,D8,benign,
1994,17412,17415.0,D8,D9,heartbeat,43,324,,8,,,,,D8,benign,
1996,17416,17418.0,D10,D1,telemetry,116,140,8ba7be619b0c7779,8,True,,,,D10,benign,
1992,17469,17471.0,D6,D5,heartbeat,42,111,,8,,,,,D6,benign,
1992,17469,17471.0,D6,D10,heartbeat,42,111,,8,,,,,D6,benign,
1992,17469,17472.0,D6,D1,heartbeat,42,111,,8,,,,,D6,benign,
1992,17469,17472.0,D6,D2,heartbeat,42,111,,8,,,,,D6,benign,
1992,17469,17472.0,D6,D3,heartbeat,42,111,,8,,,,,D6,benign,
1992,17469,17472.0,D6,D4,heartbeat,42,111,,8,,,,,D6,benign,
1992,17469,17472.0,D6,D7,heartbeat,42,111,,8,,,,,D6,benign,
1992,17469,17472.0,D6,D8,heartbeat,42,111,,8,,,,,D6,benign,
1992,17469,17472.0,D6,D9,heartbeat,42,111,,8,,,,,D6,benign,
1993,17490,17493.0,D7,D1,telemetry,130,456,7b7013606d5432f3,8,True,,,,D7,benign,
2006,17540,17542.0,D9,D1,telemetry,133,131,7798227238162171,8,True,,,,D9,benign,
2004,17543,17546.0,D6,D1,telemetry,118,112,58b8f1592e4135fc,8,True,,,,D6,benign,
1997,17558,17561.0,D2,D1,telemetry,111,135,bdff538f85e15015,8,True,,,,D2,benign,
2003,17560,17563.0,D5,D1,telemetry,123,323,67595750e0dc32a0,8,True,,,,D5,benign,
2002,17581,17584.0,D4,D1,telemetry,128,134,c156de1011a28756,8,True,,,,D4,benign,
2007,17583,17587.0,D10,D1,telemetry,93,141,8ba7be619b0c7779,8,True,,,,D10,benign,
2005,17592,17595.0,D8,D1,telemetry,117,326,fb6faabf22070f20,8,True,,,,D8,benign,
1998,17597,17601.0,D3,D1,telemetry,135,182,e7b8e1caa3f4ddf3,8,True,,,,D3,benign,
1999,17600,17603.0,D3,D4,video,1231,183,40a95249779a7f7f,8,True,,,,D3,flooding,flooding-1
2001,17600,17603.0,D3,D4,video,1375,185,40a95249779a7f7f,8,True,,,,D3,flooding,flooding-1
2000,17600,17604.0,D3,D4,video,1234,184,40a95249779a7f7f,8,True,,,,D3,flooding,flooding-1
2014,17610,17612.0,D9,D2,heartbeat,46,132,,8,,,,,D9,benign,
2014,17610,17612.0,D9,D3,heartbeat,46,132,,8,,,,,D9,benign,
2014,17610,17612.0,D9,D10,heartbeat,46,132,,8,,,,,D9,benign,
2014,17610,17613.0,D9,D1,heartbeat,46,132,,8,,,,,D9,benign,
2014,17610,17613.0,D9,D4,heartbeat,46,132,,8,,,,,D9,benign,
2014,17610,17613.0,D9,D5,heartbeat,46,132,,8,,,,,D9,benign,
2014,17610,17613.0,D9,D7,heartbeat,46,132,,8,,,,,D9,benign,
2014,17610,17613.0,D9,D8,heartbeat,46,132,,8,,,,,D9,benign,
2014,17610,17614.0,D9,D6,heartbeat,46,132,,8,,,,,D9,benign,
2012,17642,17644.0,D7,D1,heartbeat,34,457,,8,,,,,D7,benign,
2012,17642,17644.0,D7,D2,heartbeat,34,457,,8,,,,,D7,benign,
2012,17642,17644.0,D7,D3,heartbeat,34,457,,8,,,,,D7,benign,
2012,17642,17644.0,D7,D6,heartbeat,34,457,,8,,,,,D7,benign,
2012,17642,17644.0,D7,D10,heartbeat,34,457,,8,,,,,D7,benign,
2012,17642,17645.0,D7,D5,heartbeat,34,457,,8,,,,,D7,benign,
2012,17642,17645.0,D7,D8,heartbeat,34,457,,8,,,,,D7,benign,
2012,17642,17645.0,D7,D9,heartbeat,34,457,,8,,,,,D7,benign,
2012,17642,17646.0,D7,D4,heartbeat,34,457,,8,,,,,D7,benign,
2013,17672,17675.0,D7,D1,telemetry,133,458,7b7013606d5432f3,8,True,,,,D7,benign,
2008,17700,17703.0,D3,D4,video,1257,186,40a95249779a7f7f,8,True,,,,D3,flooding,flooding-1
2009,17700,17703.0,D3,D4,video,1337,187,40a95249779a7f7f,8,True,,,policy:rate_limited,D3,flooding,flooding-1
2010,17700,17703.0,D3,D4,video,1244,188,40a95249779a7f7f,8,True,,,policy:rate_limited,D3,flooding,flooding-1
2011,17700,17704.0,D3,D4,video,1352,189,40a95249779a7f7f,8,True,,,policy:rate_limited,D3,flooding,flooding-1
2024,17720,17723.0,D9,D1,telemetry,132,133,7798227238162171,8,True,,,,D9,benign,
2015,17744,17747.0,D2,D1,telemetry,78,136,bdff538f85e15015,8,True,,,,D2,benign,
2021,17759,17761.0,D5,D1,telemetry,137,324,67595750e0dc32a0,8,True,,,,D5,benign,
2025,17759,17762.0,D10,D1,telemetry,99,142,8ba7be619b0c7779,8,True,,,,D10,benign,
2022,17772,17774.0,D6,D1,telemetry,102,113,58b8f1592e4135fc,8,True,,,,D6,benign,
2020,17773,17775.0,D4,D1,telemetry,119,135,c156de1011a28756,8,True,,,,D4,benign,
2023,17787,17790.0,D8,D1,telemetry,112,327,fb6faabf22070f20,8,True,,,,D8,benign,
2016,17797,17801.0,D3,D1,telemetry,123,190,e7b8e1caa3f4ddf3,8,True,,,,D3,benign,
2017,17800,17803.0,D3,D4,video,1264,191,40a95249779a7f7f,8,True,,,policy:rate_limited,D3,flooding,flooding-1
2018,17800,17804.0,D3,D4,video,1315,192,40a95249779a7f7f,8,True,,,policy:rate_limited,D3,flooding,flooding-1
2019,17800,17804.0,D3,D4,video,1309,193,40a95249779a7f7f,8,True,,,policy:rate_limited,D3,flooding,flooding-1
2029,17832,17834.0,D10,D3,heartbeat,38,143,,8,,,,,D10,benign,
2029,17832,17835.0,D10,D1,heartbeat,38,143,,8,,,,,D10,benign,
2029,17832,17835.0,D10,D2,heartbeat,38,143,,8,,,,,D10,benign,
2029,17832,17835.0,D10,D4,heartbeat,38,143,,8,,,,,D10,benign,
2029,17832,17835.0,D10,D6,heartbeat,38,143,,8,,,,,D10,benign,
2029,17832,17835.0,D10,D7,heartbeat,38,143,,8,,,,,D10,benign,
2029,17832,17835.0,D10,D8,heartbeat,38,143,,8,,,,,D10,benign,
2029,17832,17835.0,D10,D9,heartbeat,38,143,,8,,,,,D10,benign,
2029,17832,17836.0,D10,D5,heartbeat,38,143,,8,,,,,D10,benign,
2028,17852,17855.0,D7,D1,telemetry,121,459,7b7013606d5432f3,8,True,,,,D7,benign,
2026,17900,17903.0,D3,D4,video,1433,194,40a95249779a7f7f,8,True,,,policy:rate_limited,D3,flooding,flooding-1
2027,17900,17903.0,D3,D4,video,1234,195,40a95249779a7f7f,8,True,,,policy:rate_limited,D3,flooding,flooding-1
2038,17905,17909.0,D9,D1,telemetry,107,134,7798227238162171,8,True,,,,D9,benign,
2031,17909,17911.0,D3,D5,heartbeat,43,196,,8,,,,,D3,benign,
2031,17909,17911.0,D3,D6,heartbeat,43,196,,8,,,,,D3,benign,
2031,17909,17911.0,D3,D8,heartbeat,43,196,,8,,,,,D3,benign,
2031,17909,17912.0,D3,D1,heartbeat,43,196,,8,,,,,D3,benign,
2031,17909,17912.0,D3,D4,heartbeat,43,196,,8,,,,,D3,benign,
2031,17909,17912.0,D3,D7,heartbeat,43,196,,8,,,,,D3,benign,
2031,17909,17912.0,D3,D9,heartbeat,43,196,,8,,,,,D3,benign,
2031,17909,17912.0,D3,D10,heartbeat,43,196,,8,,,,,D3,benign,
2031,17909,17913.0,D3,D2,heartbeat,43,196,,8,,,,,D3,benign,
2030,17927,17929.0,D2,D1,telemetry,117,137,bdff538f85e15015,8,True,,,,D2,benign,
2039,17937,17941.0,D10,D1,telemetry,120,144,8ba7be619b0c7779,8,True,,,,D10,benign,
2035,17958,17961.0,D4,D1,telemetry,118,136,c156de1011a28756,8,True,,,,D4,benign,
2036,17971,17975.0,D5,D1,telemetry,117,325,67595750e0dc32a0,8,True,,,,D5,benign,
2037,17981,17985.0,D8,D1,telemetry,116,328,fb6faabf22070f20,8,True,,,,D8,benign,
2032,17987,17990.0,D3,D1,telemetry,123,197,e7b8e1caa3f4ddf3,8,True,,,policy:rate_limited,D3,benign,
2033,18000,18003.0,D3,D4,video,1270,198,40a95249779a7f7f,8,True,,,,D3,flooding,flooding-1
2034,18000,18003.0,D3,D4,video,1293,199,40a95249779a7f7f,8,True,,,policy:rate_limited,D3,flooding,flooding-1
2049,18001,18003.0,D6,D1,telemetry,138,114,58b8f1592e4135fc,8,True,,,,D6,benign,
2044,18021,18024.0,D5,D1,video,1153,326,67595750e0dc32a0,8,True,,,,D5,benign,
2043,18023,18025.0,D4,D8,heartbeat,40,137,,8,,,,,D4,benign,
2043,18023,18025.0,D4,D9,heartbeat,40,137,,8,,,,,D4,benign,
2043,18023,18026.0,D4,D1,heartbeat,40,137,,8,,,,,D4,benign,
2043,18023,18026.0,D4,D2,heartbeat,40,137,,8,,,,,D4,benign,
2043,18023,18026.0,D4,D5,heartbeat,40,137,,8,,,,,D4,benign,
2043,18023,18026.0,D4,D10,heartbeat,40,137,,8,,,,,D4,benign,
2043,18023,18027.0,D4,D3,heartbeat,40,137,,8,,,,,D4,benign,
2043,18023,18027.0,D4,D6,heartbeat,40,137,,8,,,,,D4,benign,
2043,18023,18027.0,D4,D7,heartbeat,40,137,,8,,,,,D4,benign,
2050,18032,18035.0,D7,D1,telemetry,136,460,7b7013606d5432f3,8,True,,,,D7,benign,
2045,18064,18068.0,D5,D1,video,1032,327,67595750e0dc32a0,8,True,,,,D5,benign,
2046,18066,18070.0,D5,D1,video,1213,328,67595750e0dc32a0,8,True,,,,D5,benign,
2047,18075,18078.0,D5,D1,video,1078,329,67595750e0dc32a0,8,True,,,,D5,benign,
2048,18084,18088.0,D5,D1,video,1152,330,67595750e0dc32a0,8,True,,,,D5,benign,
2040,18095,18097.0,D1,D8,heartbeat,40,65,,8,,,,,D1,benign,
2040,18095,18097.0,D1,D10,heartbeat,40,65,,8,,,,,D1,benign,
2040,18095,18098.0,D1,D4,heartbeat,40,65,,8,,,,,D1,benign,
2040,18095,18098.0,D1,D9,heartbeat,40,65,,8,,,,,D1,benign,
2040,18095,18099.0,D1,D3,heartbeat,40,65,,8,,,,,D1,benign,
2040,18095,18099.0,D1,D5,heartbeat,40,65,,8,,,,,D1,benign,
2040,18095,18099.0,D1,D7,heartbeat,40,65,,8,,,,,D1,benign,
2040,18095,18100.0,D1,D2,heartbeat,40,65,,8,,,,,D1,benign,
2040,18095,18100.0,D1,D6,heartbeat,40,65,,8,,,,,D1,benign,
2051,18098,18100.0,D9,D1,telemetry,128,135,7798227238162171,8,True,,,,D9,benign,
2052,18100,18102.0,D2,D1,trust_report,136,138,bdff538f85e15015,8,True,,,,D2,benign,
2054,18100,18102.0,D4,D1,trust_report,136,138,c156de1011a28756,8,True,,,,D4,benign,
2059,18100,18102.0,D9,D1,trust_report,136,136,7798227238162171,8,True,,,,D9,benign,
2042,18100,18103.0,D3,D4,video,1391,201,40a95249779a7f7f,8,True,,,policy:rate_limited,D3,flooding,flooding-1
2053,18100,18103.0,D3,D1,trust_report,136,202,e7b8e1caa3f4ddf3,8,True,,,,D3,benign,
2056,18100,18103.0,D6,D1,trust_report,136,115,58b8f1592e4135fc,8,True,,,,D6,benign,
2058,18100,18103.0,D8,D1,trust_report,136,329,fb6faabf22070f20,8,True,,,,D8,benign,
2041,18100,18104.0,D3,D4,video,1298,200,40a95249779a7f7f,8,True,,,policy:rate_limited,D3,flooding,flooding-1
2055,18100,18104.0,D5,D1,trust_report,136,331,67595750e0dc32a0,8,True,,,,D5,benign,
2057,18100,18104.0,D7,D1,trust_report,136,461,7b7013606d5432f3,8,True,,,,D7,benign,
2060,18100,18104.0,D10,D1,trust_report,136,145,8ba7be619b0c7779,8,True,,,,D10,benign,
2061,18112,18115.0,D2,D1,telemetry,119,139,bdff538f85e15015,8,True,,,,D2,benign,
2073,18114,18118.0,D10,D1,telemetry,120,146,8ba7be619b0c7779,8,True,,,,D10,benign,
2066,18136,18138.0,D4,D1,telemetry,112,139,c156de1011a28756,8,True,,,,D4,benign,
2068,18141,18145.0,D5,D1,video,831,333,67595750e0dc32a0,8,True,,,,D5,benign,
2069,18159,18162.0,D5,D1,video,1205,334,67595750e0dc32a0,8,True,,,,D5,benign,
2067,18169,18172.0,D5,D1,telemetry,104,332,67595750e0dc32a0,8,True,,,,D5,benign,
2062,18170,18172.0,D3,D1,telemetry,131,203,e7b8e1caa3f4ddf3,8,True,,,policy:rate_limited,D3,benign,
2070,18176,18179.0,D5,D1,video,1075,335,67595750e0dc32a0,8,True,,,,D5,benign,
2072,18177,18179.0,D8,D1,telemetry,111,330,fb6faabf22070f20,8,True,,,,D8,benign,
2071,18193,18196.0,D5,D1,video,1101,336,67595750e0dc32a0,8,True,,,,D5,benign,
2064,18200,18203.0,D3,D4,video,1279,205,40a95249779a7f7f,8,True,,,,D3,flooding,flooding-1
2063,18200,18204.0,D3,D4,video,1445,204,40a95249779a7f7f,8,True,,,policy:rate_limited,D3,flooding,flooding-1
2065,18200,18204.0,D3,D4,video,1343,206,40a95249779a7f7f,8,True,,,policy:rate_limited,D3,flooding,flooding-1
2082,18207,18210.0,D7,D1,telemetry,130,462,7b7013606d5432f3,8,True,,,,D7,benign,
2079,18216,18221.0,D5,D1,video,1176,338,67595750e0dc32a0,8,True,,,,D5,benign,
2081,18227,18230.0,D6,D1,telemetry,102,116,58b8f1592e4135fc,8,True,,,,D6,benign,
2078,18263,18265.0,D5,D3,heartbeat,39,337,,8,,,,,D5,benign,
2078,18263,18265.0,D5,D4,heartbeat,39,337,,8,,,,,D5,benign,
2078,18263,18265.0,D5,D8,heartbeat,39,337,,8,,,,,D5,benign,
2078,18263,18265.0,D5,D9,heartbeat,39,337,,8,,,,,D5,benign,
2078,18263,18266.0,D5,D2,heartbeat,39,337,,8,,,,,D5,benign,
2078,18263,18266.0,D5,D6,heartbeat,39,337,,8,,,,,D5,benign,
2078,18263,18266.0,D5,D7,heartbeat,39,337,,8,,,,,D5,benign,
2078,18263,18266.0,D5,D10,heartbeat,39,337,,8,,,,,D5,benign,
2078,18263,18267.0,D5,D1,heartbeat,39,337,,8,,,,,D5,benign,
2083,18278,18280.0,D9,D1,telemetry,117,137,7798227238162171,8,True,,,,D9,benign,
2074,18288,18290.0,D2,D3,heartbeat,42,140,,8,,,,,D2,benign,
2074,18288,18290.0,D2,D7,heartbeat,42,140,,8,,,,,D2,benign,
2074,18288,18291.0,D2,D4,heartbeat,42,140,,8,,,,,D2,benign,
2074,18288,18291.0,D2,D5,heartbeat,42,140,,8,,,,,D2,benign,
2074,18288,18291.0,D2,D6,heartbeat,42,140,,8,,,,,D2,benign,
2074,18288,18291.0,D2,D8,heartbeat,42,140,,8,,,,,D2,benign,
2074,18288,18291.0,D2,D9,heartbeat,42,140,,8,,,,,D2,benign,
2074,18288,18292.0,D2,D1,heartbeat,42,140,,8,,,,,D2,benign,
2074,18288,18292.0,D2,D10,heartbeat,42,140,,8,,,,,D2,benign,
2080,18288,18292.0,D5,D1,video,1127,339,67595750e0dc32a0,8,True,,,,D5,benign,
2084,18292,18295.0,D10,D1,telemetry,125,147,8ba7be619b0c7779,8,True,,,,D10,benign,
2075,18295,18297.0,D2,D1,telemetry,114,141,bdff538f85e15015,8,True,,,,D2,benign,
2076,18300,18303.0,D3,D4,video,1232,207,40a95249779a7f7f,8,True,,,policy:rate_limited,D3,flooding,flooding-1
2077,18300,18303.0,D3,D4,video,1406,208,40a95249779a7f7f,8,True,,,policy:rate_limited,D3,flooding,flooding-1
2087,18324,18326.0,D4,D1,telemetry,117,140,c156de1011a28756,8,True,,,,D4,benign,
2089,18330,18333.0,D5,D1,video,1144,341,67595750e0dc32a0,8,True,,,,D5,benign,
2085,18352,18356.0,D3,D1,telemetry,133,209,e7b8e1caa3f4ddf3,8,True,,,policy:rate_limited,D3,benign,
2092,18356,18359.0,D8,D1,telemetry,112,331,fb6faabf22070f20,8,True,,,,D8,benign,
2088,18366,18369.0,D5,D1,telemetry,112,340,67595750e0dc32a0,8,True,,,,D5,benign,
2090,18373,18376.0,D5,D1,video,951,342,67595750e0dc32a0,8,True,,,,D5,benign,
2091,18386,18388.0,D7,D1,telemetry,152,463,7b7013606d5432f3,8,True,,,,D7,benign,
2097,18455,,D6,D3,heartbeat,41,117,,8,,,,channel_loss,D6,benign,
2086,18400,18404.0,D3,D4,video,1296,210,40a95249779a7f7f,8,True,,,,D3,flooding,flooding-1
2099,18427,18429.0,D8,D1,heartbeat,39,332,,8,,,,,D8,benign,
2099,18427,18429.0,D8,D3,heartbeat,39,332,,8,,,,,D8,benign,
2099,18427,18429.0,D8,D4,heartbeat,39,332,,8,,,,,D8,benign,
2099,18427,18429.0,D8,D5,heartbeat,39,332,,8,,,,,D8,benign,
2099,18427,18429.0,D8,D7,heartbeat,39,332,,8,,,,,D8,benign,
2099,18427,18429.0,D8,D9,heartbeat,39,332,,8,,,,,D8,benign,
2099,18427,18430.0,D8,D2,heartbeat,39,332,,8,,,,,D8,benign,
2099,18427,18430.0,D8,D6,heartbeat,39,332,,8,,,,,D8,benign,
2099,18427,18430.0,D8,D10,heartbeat,39,332,,8,,,,,D8,benign,
2095,18428,18432.0,D5,D1,video,1076,343,67595750e0dc32a0,8,True,,,,D5,benign,
2097,18455,18457.0,D6,D4,heartbeat,41,117,,8,,,,,D6,benign,
2097,18455,18457.0,D6,D8,heartbeat,41,117,,8,,,,,D6,benign,
2097,18455,18458.0,D6,D1,heartbeat,41,117,,8,,,,,D6,benign,
2097,18455,18458.0,D6,D2,heartbeat,41,117,,8,,,,,D6,benign,
2097,18455,18458.0,D6,D7,heartbeat,41,117,,8,,,,,D6,benign,
2097,18455,18458.0,D6,D10,heartbeat,41,117,,8,,,,,D6,benign,
2097,18455,18459.0,D6,D9,heartbeat,41,117,,8,,,,,D6,benign,
2097,18455,18460.0,D6,D5,heartbeat,41,117,,8,,,,,D6,benign,
2101,18458,18461.0,D10,D1,telemetry,116,148,8ba7be619b0c7779,8,True,,,,D10,benign,
2098,18470,18472.0,D6,D1,telemetry,138,118,58b8f1592e4135fc,8,True,,,,D6,benign,
2100,18473,18476.0,D9,D1,telemetry,119,138,7798227238162171,8,True,,,,D9,benign,
2093,18481,18483.0,D2,D1,telemetry,120,142,bdff538f85e15015,8,True,,,,D2,benign,
2096,18489,18492.0,D5,D1,video,1033,344,67595750e0dc32a0,8,True,,,,D5,benign,
2094,18500,18503.0,D4,D1,telemetry,112,141,c156de1011a28756,8,True,,,,D4,benign,
2109,18508,18513.0,D5,D1,video,1062,346,67595750e0dc32a0,8,True,,,,D5,benign,
2112,18537,18539.0,D8,D1,telemetry,131,333,fb6faabf22070f20,8,True,,,,D8,benign,
2102,18548,18551.0,D3,D1,telemetry,105,211,e7b8e1caa3f4ddf3,8,True,,,policy:rate_limited,D3,benign,
2111,18557,18560.0,D7,D1,telemetry,119,465,7b7013606d5432f3,8,True,,,,D7,benign,
2108,18571,18573.0,D5,D1,telemetry,112,345,67595750e0dc32a0,8,True,,,,D5,benign,
2110,18600,18602.0,D7,D1,heartbeat,35,464,,8,,,,,D7,benign,
2110,18600,18602.0,D7,D2,heartbeat,35,464,,8,,,,,D7,benign,
2110,18600,18602.0,D7,D8,heartbeat,35,464,,8,,,,,D7,benign,
2110,18600,18602.0,D7,D9,heartbeat,35,464,,8,,,,,D7,benign,
2103,18600,18603.0,D3,D4,video,1425,212,40a95249779a7f7f,8,True,,,,D3,flooding,flooding-1
2106,18600,18603.0,D3,D4,video,1393,215,40a95249779a7f7f,8,True,,,policy:rate_limited,D3,flooding,flooding-1
2107,18600,18603.0,D3,D4,video,1255,216,40a95249779a7f7f,8,True,,,policy:rate_limited,D3,flooding,flooding-1
2110,18600,18603.0,D7,D3,heartbeat,35,464,,8,,,,,D7,benign,
2110,18600,18603.0,D7,D5,heartbeat,35,464,,8,,,,,D7,benign,
2110,18600,18603.0,D7,D6,heartbeat,35,464,,8,,,,,D7,benign,
2110,18600,18603.0,D7,D10,heartbeat,35,464,,8,,,,,D7,benign,
2104,18600,18604.0,D3,D4,video,1321,213,40a95249779a7f7f,8,True,,,policy:rate_limited,D3,flooding,flooding-1
2105,18600,18604.0,D3,D4,video,1243,214,40a95249779a7f7f,8,True,,,policy:rate_limited,D3,flooding,flooding-1
2110,18600,18604.0,D7,D4,heartbeat,35,464,,8,,,,,D7,benign,
2119,18619,18622.0,D10,D1,telemetry,130,149,8ba7be619b0c7779,8,True,,,,D10,benign,
2117,18623,18625.0,D9,D6,heartbeat,39,139,,8,,,,,D9,benign,
2117,18623,18625.0,D9,D7,heartbeat,39,139,,8,,,,,D9,benign,
2117,18623,18625.0,D9,D8,heartbeat,39,139,,8,,,,,D9,benign,
2117,18623,18626.0,D9,D2,heartbeat,39,139,,8,,,,,D9,benign,
2117,18623,18626.0,D9,D3,heartbeat,39,139,,8,,,,,D9,benign,
2117,18623,18626.0,D9,D4,heartbeat,39,139,,8,,,,,D9,benign,
2117,18623,18626.0,D9,D5,heartbeat,39,139,,8,,,,,D9,benign,
2117,18623,18626.0,D9,D10,heartbeat,39,139,,8,,,,,D9,benign,
2117,18623,18627.0,D9,D1,heartbeat,39,139,,8,,,,,D9,benign,
2115,18633,18636.0,D5,D1,video,1119,347,67595750e0dc32a0,8,True,,,,D5,benign,
2118,18657,18660.0,D9,D1,telemetry,134,140,7798227238162171,8,True,,,,D9,benign,
2113,18664,18666.0,D2,D1,telemetry,115,143,bdff538f85e15015,8,True,,,,D2,benign,
2116,18676,18680.0,D5,D1,video,916,348,67595750e0dc32a0,8,True,,,,D5,benign,
2114,18678,18681.0,D4,D1,telemetry,112,142,c156de1011a28756,8,True,,,,D4,benign,
2128,18710,18714.0,D6,D1,telemetry,123,119,58b8f1592e4135fc,8,True,,,,D6,benign,
2124,18713,18718.0,D5,D1,video,937,350,67595750e0dc32a0,8,True,,,,D5,benign,
2130,18721,18724.0,D8,D1,telemetry,119,334,fb6faabf22070f20,8,True,,,,D8,benign,
2129,18731,18734.0,D7,D1,telemetry,126,466,7b7013606d5432f3,8,True,,,,D7,benign,
2120,18735,18737.0,D3,D1,telemetry,127,217,e7b8e1caa3f4ddf3,8,True,,,policy:rate_limited,D3,benign,
2125,18739,18742.0,D5,D1,video,1129,351,67595750e0dc32a0,8,True,,,,D5,benign,
2126,18750,18753.0,D5,D1,video,1156,352,67595750e0dc32a0,8,True,,,,D5,benign,
2127,18779,18781.0,D5,D1,video,1001,353,67595750e0dc32a0,8,True,,,,D5,benign,
2123,18787,18791.0,D5,D1,telemetry,110,349,67595750e0dc32a0,8,True,,,,D5,benign,
2131,18793,18795.0,D10,D1,telemetry,101,150,8ba7be619b0c7779,8,True,,,,D10,benign,
2121,18800,18803.0,D3,D4,video,1332,218,40a95249779a7f7f,8,True,,,,D3,flooding,flooding-1
2122,18800,18803.0,D3,D4,video,1295,219,40a95249779a7f7f,8,True,,,policy:rate_limited,D3,flooding,flooding-1
2132,18803,18805.0,D1,D5,command,76,66,67595750e0dc32a0,8,True,,,,D1,benign,
2136,18804,18807.0,D5,D1,video,1088,354,67595750e0dc32a0,8,True,,,,D5,benign,
2137,18812,18816.0,D5,D1,video,1072,355,67595750e0dc32a0,8,True,,,,D5,benign,
2138,18825,18828.0,D5,D1,video,1024,356,67595750e0dc32a0,8,True,,,,D5,benign,
2134,18842,18845.0,D2,D1,telemetry,117,144,bdff538f85e15015,8,True,,,,D2,benign,
2139,18842,18845.0,D9,D1,telemetry,96,141,7798227238162171,8,True,,,,D9,benign,
2133,18848,18851.0,D1,D3,command,60,67,e7b8e1caa3f4ddf3,8,True,,,,D1,benign,
2135,18861,18864.0,D4,D1,telemetry,149,143,c156de1011a28756,8,True,,,,D4,benign,
2140,18880,18882.0,D10,D1,heartbeat,40,151,,8,,,,,D10,benign,
2140,18880,18882.0,D10,D4,heartbeat,40,151,,8,,,,,D10,benign,
2140,18880,18882.0,D10,D5,heartbeat,40,151,,8,,,,,D10,benign,
2140,18880,18882.0,D10,D6,heartbeat,40,151,,8,,,,,D10,benign,
2140,18880,18882.0,D10,D9,heartbeat,40,151,,8,,,,,D10,benign,
2140,18880,18883.0,D10,D2,heartbeat,40,151,,8,,,,,D10,benign,
2140,18880,18883.0,D10,D7,heartbeat,40,151,,8,,,,,D10,benign,
2140,18880,18883.0,D10,D8,heartbeat,40,151,,8,,,,,D10,benign,
2140,18880,18885.0,D10,D3,heartbeat,40,151,,8,,,,,D10,benign,
2150,18912,18914.0,D7,D1,telemetry,100,467,7b7013606d5432f3,8,True,,,,D7,benign,
2146,18917,18920.0,D5,D1,video,1142,358,67595750e0dc32a0,8,True,,,,D5,benign,
2151,18917,18920.0,D8,D1,telemetry,145,335,fb6faabf22070f20,8,True,,,,D8,benign,
2142,18936,18939.0,D3,D1,telemetry,122,221,e7b8e1caa3f4ddf3,8,True,,,policy:rate_limited,D3,benign,
2149,18945,18947.0,D6,D1,telemetry,130,120,58b8f1592e4135fc,8,True,,,,D6,benign,
2141,18952,18954.0,D3,D1,heartbeat,37,220,,8,,,,,D3,benign,
2141,18952,18954.0,D3,D2,heartbeat,37,220,,8,,,,,D3,benign,
2141,18952,18954.0,D3,D7,heartbeat,37,220,,8,,,,,D3,benign,
2141,18952,18954.0,D3,D8,heartbeat,37,220,,8,,,,,D3,benign,
2141,18952,18954.0,D3,D10,heartbeat,37,220,,8,,,,,D3,benign,
2141,18952,18955.0,D3,D6,heartbeat,37,220,,8,,,,,D3,benign,
2141,18952,18955.0,D3,D9,heartbeat,37,220,,8,,,,,D3,benign,
2141,18952,18956.0,D3,D4,heartbeat,37,220,,8,,,,,D3,benign,
2141,18952,18956.0,D3,D5,heartbeat,37,220,,8,,,,,D3,benign,
2152,18961,18965.0,D10,D1,telemetry,118,152,8ba7be619b0c7779,8,True,,,,D10,benign,
2147,18962,18965.0,D5,D1,video,1102,359,67595750e0dc32a0,8,True,,,,D5,benign,
2148,18976,18980.0,D5,D1,video,1269,360,67595750e0dc32a0,8,True,,,,D5,benign,
2145,18999,19002.0,D5,D1,telemetry,106,357,67595750e0dc32a0,8,True,,,,D5,benign,
2144,19000,19003.0,D3,D4,video,1243,223,40a95249779a7f7f,8,True,,,,D3,flooding,flooding-1
2143,19000,19005.0,D3,D4,video,1200,222,40a95249779a7f7f,8,True,,,policy:rate_limited,D3,flooding,flooding-1
2154,19023,19026.0,D2,D1,telemetry,111,145,bdff538f85e15015,8,True,,,,D2,benign,
2159,19023,19027.0,D5,D1,video,1011,361,67595750e0dc32a0,8,True,,,,D5,benign,
2157,19029,19031.0,D4,D7,heartbeat,42,144,,8,,,,,D4,benign,
2157,19029,19031.0,D4,D8,heartbeat,42,144,,8,,,,,D4,benign,
2157,19029,19031.0,D4,D9,heartbeat,42,144,,8,,,,,D4,benign,
2157,19029,19032.0,D4,D1,heartbeat,42,144,,8,,,,,D4,benign,
2157,19029,19032.0,D4,D5,heartbeat,42,144,,8,,,,,D4,benign,
2157,19029,19032.0,D4,D6,heartbeat,42,144,,8,,,,,D4,benign,
2157,19029,19032.0,D4,D10,heartbeat,42,144,,8,,,,,D4,benign,
2157,19029,19033.0,D4,D2,heartbeat,42,144,,8,,,,,D4,benign,
2157,19029,19033.0,D4,D3,heartbeat,42,144,,8,,,,,D4,benign,
2162,19033,19035.0,D9,D1,telemetry,127,142,7798227238162171,8,True,,,,D9,benign,
2158,19038,19041.0,D4,D1,telemetry,131,145,c156de1011a28756,8,True,,,,D4,benign,
2153,19046,19048.0,D1,D7,heartbeat,38,68,,8,,,,,D1,benign,
2153,19046,19048.0,D1,D8,heartbeat,38,68,,8,,,,,D1,benign,
2153,19046,19048.0,D1,D9,heartbeat,38,68,,8,,,,,D1,benign,
2153,19046,19049.0,D1,D2,heartbeat,38,68,,8,,,,,D1,benign,
2153,19046,19049.0,D1,D3,heartbeat,38,68,,8,,,,,D1,benign,
2153,19046,19049.0,D1,D5,heartbeat,38,68,,8,,,,,D1,benign,
2153,19046,19049.0,D1,D10,heartbeat,38,68,,8,,,,,D1,benign,
2153,19046,19050.0,D1,D4,heartbeat,38,68,,8,,,,,D1,benign,
2153,19046,19051.0,D1,D6,heartbeat,38,68,,8,,,,,D1,benign,
2160,19061,19065.0,D5,D1,video,1262,362,67595750e0dc32a0,8,True,,,,D5,benign,
2161,19086,19089.0,D7,D1,telemetry,109,468,7b7013606d5432f3,8,True,,,,D7,benign,
2167,19100,19102.0,D5,D1,trust_report,136,363,67595750e0dc32a0,8,True,,,,D5,benign,
2168,19100,19102.0,D6,D1,trust_report,136,121,58b8f1592e4135fc,8,True,,,,D6,benign,
2171,19100,19102.0,D9,D1,trust_report,136,143,7798227238162171,8,True,,,,D9,benign,
2155,19100,19103.0,D3,D4,video,1429,224,40a95249779a7f7f,8,False,,,policy:rate_limited,D3,flooding,flooding-1
2156,19100,19103.0,D3,D4,video,1305,225,40a95249779a7f7f,8,False,,,policy:rate_limited,D3,flooding,flooding-1
2163,19100,19103.0,D2,D1,trust_report,136,146,bdff538f85e15015,8,True,,,,D2,benign,
2166,19100,19103.0,D4,D1,trust_report,136,146,c156de1011a28756,8,True,,,,D4,benign,
2169,19100,19103.0,D7,D1,trust_report,136,469,7b7013606d5432f3,8,True,,,,D7,benign,
2170,19100,19103.0,D8,D1,trust_report,136,336,fb6faabf22070f20,8,True,,,,D8,benign,
2172,19100,19103.0,D10,D1,trust_report,136,153,8ba7be619b0c7779,8,True,,,,D10,benign,
2179,19106,19109.0,D5,D1,video,1192,365,67595750e0dc32a0,8,True,,,,D5,benign,
2186,19114,19116.0,D8,D1,telemetry,114,337,fb6faabf22070f20,8,True,,,,D8,benign,
2165,19115,19118.0,D3,D1,auth_request,152,227,,8,,,,policy:rate_limited,D3,benign,
2187,19127,19129.0,D10,D1,telemetry,117,154,8ba7be619b0c7779,8,True,,,,D10,benign,
2180,19136,19138.0,D5,D1,video,1129,366,67595750e0dc32a0,8,True,,,,D5,benign,
2181,19150,19153.0,D5,D1,video,1124,367,67595750e0dc32a0,8,True,,,,D5,benign,
2182,19177,19180.0,D5,D1,video,1120,368,67595750e0dc32a0,8,True,,,,D5,benign,
2185,19178,19181.0,D6,D1,telemetry,104,122,58b8f1592e4135fc,8,True,,,,D6,benign,
2183,19179,19182.0,D5,D1,video,1218,369,67595750e0dc32a0,8,True,,,,D5,benign,
2173,19195,19197.0,D2,D1,telemetry,109,147,bdff538f85e15015,8,True,,,,D2,benign,
2178,19196,19199.0,D5,D1,telemetry,108,364,67595750e0dc32a0,8,True,,,,D5,benign,
2184,19200,19203.0,D5,D1,video,1218,370,67595750e0dc32a0,8,True,,,,D5,benign,
2198,19214,19217.0,D9,D1,telemetry,119,144,7798227238162171,8,True,,,,D9,benign,
2188,19215,19219.0,D3,D4,auth_request,152,232,,8,,True,,,D3,benign,
2192,19232,19234.0,D4,D1,telemetry,119,147,c156de1011a28756,8,True,,,,D4,benign,
2200,19234,19236.0,D4,D3,auth_response,152,148,,8,,True,,,D4,benign,
2201,19234,19236.0,D4,D9,rl_broadcast,32,149,,8,,,,,D4,benign,
2201,19234,19237.0,D4,D1,rl_broadcast,32,149,,8,,,,,D4,benign,
2201,19234,19237.0,D4,D2,rl_broadcast,32,149,,8,,,,,D4,benign,
2201,19234,19237.0,D4,D5,rl_broadcast,32,149,,8,,,,,D4,benign,
2201,19234,19237.0,D4,D6,rl_broadcast,32,149,,8,,,,,D4,benign,
2201,19234,19237.0,D4,D7,rl_broadcast,32,149,,8,,,,,D4,benign,
2201,19234,19237.0,D4,D8,rl_broadcast,32,149,,8,,,,,D4,benign,
2201,19234,19238.0,D4,D3,rl_broadcast,32,149,,8,,,,,D4,benign,
2201,19234,19238.0,D4,D10,rl_broadcast,32,149,,8,,,,,D4,benign,
2176,19236,19239.0,D3,D4,video,1248,230,d6a559a806c44e8a,8,True,,,policy:rate_limited,D3,flooding,flooding-1
2175,19236,19240.0,D3,D4,video,1263,229,d6a559a806c44e8a,8,True,,,policy:rate_limited,D3,flooding,flooding-1
2177,19236,19241.0,D3,D4,video,1376,231,d6a559a806c44e8a,8,True,,,policy:rate_limited,D3,flooding,flooding-1
2193,19244,19246.0,D5,D1,heartbeat,47,371,,8,,,,,D5,benign,
2193,19244,19246.0,D5,D4,heartbeat,47,371,,8,,,,,D5,benign,
2193,19244,19246.0,D5,D7,heartbeat,47,371,,8,,,,,D5,benign,
2193,19244,19247.0,D5,D2,heartbeat,47,371,,8,,,,,D5,benign,
2193,19244,19247.0,D5,D3,heartbeat,47,371,,8,,,,,D5,benign,
2193,19244,19247.0,D5,D6,heartbeat,47,371,,8,,,,,D5,benign,
2193,19244,19247.0,D5,D8,heartbeat,47,371,,8,,,,,D5,benign,
2193,19244,19247.0,D5,D9,heartbeat,47,371,,8,,,,,D5,benign,
2193,19244,19247.0,D5,D10,heartbeat,47,371,,8,,,,,D5,benign,
2194,19246,19250.0,D5,D1,video,980,372,67595750e0dc32a0,8,True,,,,D5,benign,
2195,19254,19258.0,D5,D1,video,1013,373,67595750e0dc32a0,8,True,,,,D5,benign,
2197,19256,19259.0,D7,D1,telemetry,115,470,7b7013606d5432f3,8,True,,,,D7,benign,
2189,19287,19289.0,D2,D4,heartbeat,41,148,,8,,,,,D2,benign,
2189,19287,19289.0,D2,D8,heartbeat,41,148,,8,,,,,D2,benign,
2189,19287,19289.0,D2,D9,heartbeat,41,148,,8,,,,,D2,benign,
2189,19287,19289.0,D2,D10,heartbeat,41,148,,8,,,,,D2,benign,
2189,19287,19290.0,D2,D1,heartbeat,41,148,,8,,,,,D2,benign,
2189,19287,19290.0,D2,D5,heartbeat,41,148,,8,,,,,D2,benign,
2189,19287,19290.0,D2,D6,heartbeat,41,148,,8,,,,,D2,benign,
2189,19287,19290.0,D2,D7,heartbeat,41,148,,8,,,,,D2,benign,
2189,19287,19291.0,D2,D3,heartbeat,41,148,,8,,,,,D2,benign,
2199,19298,19301.0,D10,D1,telemetry,128,155,8ba7be619b0c7779,8,True,,,,D10,benign,
2196,19300,19303.0,D5,D1,video,1113,374,67595750e0dc32a0,8,True,,,,D5,benign,
2190,19300,19303.0,D3,D4,video,1305,233,d6a559a806c44e8a,8,True,,,policy:rate_limited,D3,flooding,flooding-1
2191,19300,19303.0,D3,D4,video,1366,234,d6a559a806c44e8a,8,True,,,policy:rate_limited,D3,flooding,flooding-1
2206,19309,19312.0,D8,D1,telemetry,125,338,fb6faabf22070f20,8,True,,,,D8,benign,
2205,19341,19344.0,D5,D1,video,1056,375,67595750e0dc32a0,8,True,,,,D5,benign,
2202,19368,19371.0,D2,D1,telemetry,113,149,bdff538f85e15015,8,True,,,,D2,benign,
2204,19400,19403.0,D3,D4,video,1202,236,d6a559a806c44e8a,8,True,,,,D3,flooding,flooding-1
2219,19403,19406.0,D9,D1,telemetry,124,145,7798227238162171,8,True,,,,D9,benign,
2211,19407,19410.0,D5,D1,telemetry,103,376,67595750e0dc32a0,8,True,,,,D5,benign,
2210,19413,19416.0,D4,D1,telemetry,120,150,c156de1011a28756,8,True,,,,D4,benign,
2215,19417,19420.0,D6,D1,telemetry,114,124,58b8f1592e4135fc,8,True,,,,D6,benign,
2216,19427,19431.0,D7,D1,telemetry,121,471,7b7013606d5432f3,8,True,,,,D7,benign,
2212,19435,19438.0,D5,D1,video,988,377,67595750e0dc32a0,8,True,,,,D5,benign,
2217,19438,19440.0,D8,D1,heartbeat,36,339,,8,,,,,D8,benign,
2217,19438,19440.0,D8,D3,heartbeat,36,339,,8,,,,,D8,benign,
2217,19438,19440.0,D8,D4,heartbeat,36,339,,8,,,,,D8,benign,
2217,19438,19440.0,D8,D10,heartbeat,36,339,,8,,,,,D8,benign,
2217,19438,19441.0,D8,D2,heartbeat,36,339,,8,,,,,D8,benign,
2217,19438,19441.0,D8,D6,heartbeat,36,339,,8,,,,,D8,benign,
2217,19438,19441.0,D8,D7,heartbeat,36,339,,8,,,,,D8,benign,
2217,19438,19441.0,D8,D9,heartbeat,36,339,,8,,,,,D8,benign,
2217,19438,19442.0,D8,D5,heartbeat,36,339,,8,,,,,D8,benign,
2214,19454,19456.0,D6,D2,heartbeat,32,123,,8,,,,,D6,benign,
2214,19454,19456.0,D6,D3,heartbeat,32,123,,8,,,,,D6,benign,
2214,19454,19456.0,D6,D5,heartbeat,32,123,,8,,,,,D6,benign,
2214,19454,19456.0,D6,D7,heartbeat,32,123,,8,,,,,D6,benign,
2214,19454,19456.0,D6,D9,heartbeat,32,123,,8,,,,,D6,benign,
2214,19454,19457.0,D6,D4,heartbeat,32,123,,8,,,,,D6,benign,
2214,19454,19457.0,D6,D8,heartbeat,32,123,,8,,,,,D6,benign,
2214,19454,19457.0,D6,D10,heartbeat,32,123,,8,,,,,D6,benign,
2214,19454,19458.0,D6,D1,heartbeat,32,123,,8,,,,,D6,benign,
2220,19473,19475.0,D10,D1,telemetry,123,156,8ba7be619b0c7779,8,True,,,,D10,benign,
2213,19488,19491.0,D5,D1,video,1211,378,67595750e0dc32a0,8,True,,,,D5,benign,
2218,19493,19496.0,D8,D1,telemetry,120,340,fb6faabf22070f20,8,True,,,,D8,benign,
2226,19541,,D5,D1,video,1170,381,67595750e0dc32a0,8,,,,channel_loss,D5,benign,
2208,19500,19503.0,D3,D4,video,1342,238,d6a559a806c44e8a,8,True,,,policy:rate_limited,D3,flooding,flooding-1
2207,19500,19504.0,D3,D4,video,1232,237,d6a559a806c44e8a,8,True,,,policy:rate_limited,D3,flooding,flooding-1
2209,19500,19504.0,D3,D4,video,1271,239,d6a559a806c44e8a,8,True,,,policy:rate_limited,D3,flooding,flooding-1
2224,19509,19512.0,D5,D1,video,961,379,67595750e0dc32a0,8,True,,,,D5,benign,
2225,19539,19542.0,D5,D1,video,1229,380,67595750e0dc32a0,8,True,,,,D5,benign,
2221,19549,19552.0,D2,D1,telemetry,124,150,bdff538f85e15015,8,True,,,,D2,benign,
2228,19584,19586.0,D9,D1,telemetry,89,146,7798227238162171,8,True,,,,D9,benign,
2227,19598,19600.0,D7,D1,heartbeat,40,472,,8,,,,,D7,benign,
2227,19598,19600.0,D7,D2,heartbeat,40,472,,8,,,,,D7,benign,
2227,19598,19600.0,D7,D3,heartbeat,40,472,,8,,,,,D7,benign,
2227,19598,19600.0,D7,D4,heartbeat,40,472,,8,,,,,D7,benign,
2227,19598,19600.0,D7,D5,heartbeat,40,472,,8,,,,,D7,benign,
2227,19598,19601.0,D7,D6,heartbeat,40,472,,8,,,,,D7,benign,
2227,19598,19601.0,D7,D8,heartbeat,40,472,,8,,,,,D7,benign,
2227,19598,19601.0,D7,D9,heartbeat,40,472,,8,,,,,D7,benign,
2227,19598,19601.0,D7,D10,heartbeat,40,472,,8,,,,,D7,benign,
2223,19600,19603.0,D3,D4,video,1298,241,d6a559a806c44e8a,8,True,,,,D3,flooding,flooding-1
2238,19605,19608.0,D7,D1,telemetry,131,473,7b7013606d5432f3,8,True,,,,D7,benign,
2230,19606,19609.0,D4,D1,telemetry,148,151,c156de1011a28756,8,True,,,,D4,benign,
2231,19620,19623.0,D5,D1,telemetry,126,382,67595750e0dc32a0,8,True,,,,D5,benign,
2240,19624,19626.0,D9,D4,heartbeat,49,147,,8,,,,,D9,benign,
2240,19624,19626.0,D9,D6,heartbeat,49,147,,8,,,,,D9,benign,
2240,19624,19626.0,D9,D8,heartbeat,49,147,,8,,,,,D9,benign,
2240,19624,19627.0,D9,D1,heartbeat,49,147,,8,,,,,D9,benign,
2240,19624,19627.0,D9,D2,heartbeat,49,147,,8,,,,,D9,benign,
2240,19624,19627.0,D9,D5,heartbeat,49,147,,8,,,,,D9,benign,
2240,19624,19627.0,D9,D7,heartbeat,49,147,,8,,,,,D9,benign,
2240,19624,19628.0,D9,D3,heartbeat,49,147,,8,,,,,D9,benign,
2240,19624,19628.0,D9,D10,heartbeat,49,147,,8,,,,,D9,benign,
2232,19635,19638.0,D5,D1,video,989,383,67595750e0dc32a0,8,True,,,,D5,benign,
2241,19637,19639.0,D10,D1,telemetry,120,157,8ba7be619b0c7779,8,True,,,,D10,benign,
2237,19645,19648.0,D6,D1,telemetry,122,125,58b8f1592e4135fc,8,True,,,,D6,benign,
2233,19674,19677.0,D5,D1,video,1065,384,67595750e0dc32a0,8,True,,,,D5,benign,
2234,19675,19678.0,D5,D1,video,1132,385,67595750e0dc32a0,8,True,,,,D5,benign,
2239,19678,19680.0,D8,D1,telemetry,108,341,fb6faabf22070f20,8,True,,,,D8,benign,
2235,19683,19686.0,D5,D1,video,969,386,67595750e0dc32a0,8,True,,,,D5,benign,
2236,19685,19689.0,D5,D1,video,1423,387,67595750e0dc32a0,8,True,,,,D5,benign,
2229,19700,19703.0,D3,D4,video,1423,242,d6a559a806c44e8a,8,True,,,policy:rate_limited,D3,flooding,flooding-1
2242,19736,19739.0,D2,D1,telemetry,126,151,bdff538f85e15015,8,True,,,,D2,benign,
2248,19738,19742.0,D5,D1,video,1112,388,67595750e0dc32a0,8,True,,,,D5,benign,
2254,19765,19768.0,D9,D1,telemetry,122,148,7798227238162171,8,True,,,,D9,benign,
2253,19778,19780.0,D7,D1,telemetry,121,474,7b7013606d5432f3,8,True,,,,D7,benign,
2249,19781,19785.0,D5,D1,video,969,389,67595750e0dc32a0,8,True,,,,D5,benign,
2250,19786,19789.0,D5,D1,video,1141,390,67595750e0dc32a0,8,True,,,,D5,benign,
2247,19790,19792.0,D4,D1,telemetry,112,152,c156de1011a28756,8,True,,,,D4,benign,
2251,19797,19800.0,D5,D1,video,1185,391,67595750e0dc32a0,8,True,,,,D5,benign,
2252,19798,19801.0,D5,D1,video,1060,392,67595750e0dc32a0,8,True,,,,D5,benign,
2244,19800,19803.0,D3,D4,video,1405,244,d6a559a806c44e8a,8,True,,,,D3,flooding,flooding-1
2246,19800,19803.0,D3,D4,video,1449,246,d6a559a806c44e8a,8,True,,,policy:rate_limited,D3,flooding,flooding-1
2245,19800,19804.0,D3,D4,video,1317,245,d6a559a806c44e8a,8,True,,,policy:rate_limited,D3,flooding,flooding-1
2262,19813,19815.0,D10,D1,telemetry,120,158,8ba7be619b0c7779,8,True,,,,D10,benign,
2259,19826,19829.0,D5,D1,video,1248,394,67595750e0dc32a0,8,True,,,,D5,benign,
2258,19829,19832.0,D5,D1,telemetry,125,393,67595750e0dc32a0,8,True,,,,D5,benign,
2261,19865,19867.0,D8,D1,telemetry,127,342,fb6faabf22070f20,8,True,,,,D8,benign,
2260,19881,19883.0,D6,D1,telemetry,122,126,58b8f1592e4135fc,8,True,,,,D6,benign,
2257,19900,19903.0,D3,D4,video,1226,249,d6a559a806c44e8a,8,True,,,policy:rate_limited,D3,flooding,flooding-1
2255,19900,19904.0,D3,D4,video,1272,247,d6a559a806c44e8a,8,True,,,policy:rate_limited,D3,flooding,flooding-1
2256,19900,19904.0,D3,D4,video,1359,248,d6a559a806c44e8a,8,True,,,policy:rate_limited,D3,flooding,flooding-1
2263,19909,19911.0,D2,D1,telemetry,96,152,bdff538f85e15015,8,True,,,,D2,benign,
2271,19916,19920.0,D5,D1,video,1029,395,67595750e0dc32a0,8,True,,,,D5,benign,
2275,19927,19929.0,D10,D6,heartbeat,46,159,,8,,,,,D10,benign,
2275,19927,19929.0,D10,D7,heartbeat,46,159,,8,,,,,D10,benign,
2275,19927,19930.0,D10,D1,heartbeat,46,159,,8,,,,,D10,benign,
2275,19927,19930.0,D10,D2,heartbeat,46,159,,8,,,,,D10,benign,
2275,19927,19930.0,D10,D4,heartbeat,46,159,,8,,,,,D10,benign,
2275,19927,19930.0,D10,D8,heartbeat,46,159,,8,,,,,D10,benign,
2275,19927,19930.0,D10,D9,heartbeat,46,159,,8,,,,,D10,benign,
2275,19927,19931.0,D10,D3,heartbeat,46,159,,8,,,,,D10,benign,
2275,19927,19931.0,D10,D5,heartbeat,46,159,,8,,,,,D10,benign,
2274,19948,19950.0,D9,D1,telemetry,130,149,7798227238162171,8,True,,,,D9,benign,
2273,19953,19956.0,D7,D1,telemetry,125,475,7b7013606d5432f3,8,True,,,,D7,benign,
2264,19962,19964.0,D3,D4,heartbeat,40,250,,8,,,,,D3,benign,
2264,19962,19964.0,D3,D6,heartbeat,40,250,,8,,,,,D3,benign,
2264,19962,19964.0,D3,D7,heartbeat,40,250,,8,,,,,D3,benign,
2264,19962,19965.0,D3,D2,heartbeat,40,250,,8,,,,,D3,benign,
2264,19962,19965.0,D3,D5,heartbeat,40,250,,8,,,,,D3,benign,
2264,19962,19965.0,D3,D8,heartbeat,40,250,,8,,,,,D3,benign,
2264,19962,19965.0,D3,D9,heartbeat,40,250,,8,,,,,D3,benign,
2264,19962,19966.0,D3,D10,heartbeat,40,250,,8,,,,,D3,benign,
2264,19962,19967.0,D3,D1,heartbeat,40,250,,8,,,,,D3,benign,
2270,19972,19976.0,D4,D1,telemetry,127,153,c156de1011a28756,8,True,,,,D4,benign,
2276,19978,19982.0,D10,D1,telemetry,113,160,8ba7be619b0c7779,8,True,,,,D10,benign,
2272,19988,19992.0,D5,D1,video,1096,396,67595750e0dc32a0,8,True,,,,D5,benign,
2266,20000,20003.0,D3,D4,video,1267,252,d6a559a806c44e8a,8,True,,,,D3,flooding,flooding-1
2267,20000,20003.0,D3,D4,video,1408,253,d6a559a806c44e8a,8,True,,,policy:rate_limited,D3,flooding,flooding-1
2268,20000,20003.0,D3,D4,video,1249,254,d6a559a806c44e8a,8,True,,,policy:rate_limited,D3,flooding,flooding-1
2269,20000,20004.0,D3,D4,video,1357,255,d6a559a806c44e8a,8,True,,,policy:rate_limited,D3,flooding,flooding-1
2277,20019,20021.0,D1,D5,heartbeat,36,69,,8,,,,,D1,benign,
2277,20019,20021.0,D1,D6,heartbeat,36,69,,8,,,,,D1,benign,
2277,20019,20021.0,D1,D9,heartbeat,36,69,,8,,,,,D1,benign,
2277,20019,20021.0,D1,D10,heartbeat,36,69,,8,,,,,D1,benign,
2277,20019,20022.0,D1,D2,heartbeat,36,69,,8,,,,,D1,benign,
2277,20019,20022.0,D1,D3,heartbeat,36,69,,8,,,,,D1,benign,
2277,20019,20022.0,D1,D4,heartbeat,36,69,,8,,,,,D1,benign,
2277,20019,20022.0,D1,D7,heartbeat,36,69,,8,,,,,D1,benign,
2277,20019,20022.0,D1,D8,heartbeat,36,69,,8,,,,,D1,benign,
2285,20019,20022.0,D5,D1,video,1191,398,67595750e0dc32a0,8,True,,,,D5,benign,
2286,20019,20023.0,D5,D1,video,944,399,67595750e0dc32a0,8,True,,,,D5,benign,
2278,20021,20023.0,D1,D2,command,89,70,bdff538f85e15015,8,True,,,,D1,benign,
2283,20028,20030.0,D4,D2,heartbeat,49,154,,8,,,,,D4,benign,
2283,20028,20030.0,D4,D5,heartbeat,49,154,,8,,,,,D4,benign,
2283,20028,20030.0,D4,D8,heartbeat,49,154,,8,,,,,D4,benign,
2283,20028,20030.0,D4,D10,heartbeat,49,154,,8,,,,,D4,benign,
2283,20028,20031.0,D4,D1,heartbeat,49,154,,8,,,,,D4,benign,
2283,20028,20031.0,D4,D3,heartbeat,49,154,,8,,,,,D4,benign,
2283,20028,20031.0,D4,D6,heartbeat,49,154,,8,,,,,D4,benign,
2283,20028,20031.0,D4,D9,heartbeat,49,154,,8,,,,,D4,benign,
2283,20028,20032.0,D4,D7,heartbeat,49,154,,8,,,,,D4,benign,
2284,20029,20032.0,D5,D1,telemetry,95,397,67595750e0dc32a0,8,True,,,,D5,benign,
2287,20038,20043.0,D5,D1,video,1148,400,67595750e0dc32a0,8,True,,,,D5,benign,
2289,20052,20055.0,D8,D1,telemetry,94,343,fb6faabf22070f20,8,True,,,,D8,benign,
2288,20092,20095.0,D5,D1,video,1112,401,67595750e0dc32a0,8,True,,,,D5,benign,
2279,20097,20099.0,D2,D1,telemetry,136,153,bdff538f85e15015,8,True,,,,D2,benign,
2296,20100,,D8,D1,trust_report,136,344,fb6faabf22070f20,8,,,,channel_loss,D8,benign,
2292,20100,20102.0,D4,D1,trust_report,136,155,c156de1011a28756,8,True,,,,D4,benign,
2293,20100,20102.0,D5,D1,trust_report,136,402,67595750e0dc32a0,8,True,,,,D5,benign,
2298,20100,20102.0,D10,D1,trust_report,136,161,8ba7be619b0c7779,8,True,,,,D10,benign,
2290,20100,20103.0,D2,D1,trust_report,136,154,bdff538f85e15015,8,True,,,,D2,benign,
2294,20100,20103.0,D6,D1,trust_report,136,127,58b8f1592e4135fc,8,True,,,,D6,benign,
2295,20100,20103.0,D7,D1,trust_report,136,476,7b7013606d5432f3,8,True,,,,D7,benign,
2297,20100,20103.0,D9,D1,trust_report,136,150,7798227238162171,8,True,,,,D9,benign,
2281,20100,20104.0,D3,D4,video,1289,257,d6a559a806c44e8a,8,True,,,policy:rate_limited,D3,flooding,flooding-1
2282,20100,20104.0,D3,D4,video,1246,258,d6a559a806c44e8a,8,True,,,policy:rate_limited,D3,flooding,flooding-1
2303,20101,20105.0,D5,D1,video,1204,403,67595750e0dc32a0,8,True,,,,D5,benign,
2305,20124,20127.0,D6,D1,telemetry,112,128,58b8f1592e4135fc,8,True,,,,D6,benign,
2304,20129,20132.0,D5,D1,video,1082,404,67595750e0dc32a0,8,True,,,,D5,benign,
2307,20135,20138.0,D9,D1,telemetry,127,151,7798227238162171,8,True,,,,D9,benign,
2306,20138,20142.0,D7,D1,telemetry,108,477,7b7013606d5432f3,8,True,,,,D7,benign,
2308,20141,20143.0,D10,D1,telemetry,126,162,8ba7be619b0c7779,8,True,,,,D10,benign,
2302,20147,20150.0,D4,D1,telemetry,121,156,c156de1011a28756,8,True,,,,D4,benign,
2299,20200,20203.0,D3,D4,video,1246,260,d6a559a806c44e8a,8,True,,,,D3,flooding,flooding-1
2300,20200,20203.0,D3,D4,video,1300,261,d6a559a806c44e8a,8,True,,,policy:rate_limited,D3,flooding,flooding-1
2301,20200,20203.0,D3,D4,video,1397,262,d6a559a806c44e8a,8,True,,,policy:rate_limited,D3,flooding,flooding-1
2320,20238,20242.0,D8,D1,telemetry,131,345,fb6faabf22070f20,8,True,,,,D8,benign,
2317,20240,20243.0,D5,D1,telemetry,135,406,67595750e0dc32a0,8,True,,,,D5,benign,
2318,20260,20263.0,D5,D1,video,1230,407,67595750e0dc32a0,8,True,,,,D5,benign,
2321,20288,20290.0,D2,D1,auth_request,152,156,,8,,True,,,D2,benign,
2316,20288,20290.0,D5,D1,heartbeat,34,405,,8,,,,,D5,benign,
2316,20288,20290.0,D5,D6,heartbeat,34,405,,8,,,,,D5,benign,
2316,20288,20290.0,D5,D8,heartbeat,34,405,,8,,,,,D5,benign,
2316,20288,20291.0,D5,D2,heartbeat,34,405,,8,,,,,D5,benign,
2316,20288,20291.0,D5,D3,heartbeat,34,405,,8,,,,,D5,benign,
2316,20288,20291.0,D5,D4,heartbeat,34,405,,8,,,,,D5,benign,
2316,20288,20291.0,D5,D7,heartbeat,34,405,,8,,,,,D5,benign,
2316,20288,20291.0,D5,D9,heartbeat,34,405,,8,,,,,D5,benign,
2316,20288,20291.0,D5,D10,heartbeat,34,405,,8,,,,,D5,benign,
2319,20288,20291.0,D5,D1,video,1076,408,67595750e0dc32a0,8,True,,,,D5,benign,
2329,20330,,D4,D1,telemetry,118,157,c156de1011a28756,8,,,,channel_loss,D4,benign,
2311,20300,20303.0,D3,D4,video,1440,264,d6a559a806c44e8a,8,True,,,policy:rate_limited,D3,flooding,flooding-1
2312,20300,20303.0,D3,D4,video,1420,265,d6a559a806c44e8a,8,True,,,policy:rate_limited,D3,flooding,flooding-1
2313,20300,20303.0,D3,D4,video,1272,266,d6a559a806c44e8a,8,True,,,policy:rate_limited,D3,flooding,flooding-1
2315,20300,20303.0,D3,D4,video,1412,268,d6a559a806c44e8a,8,True,,,policy:rate_limited,D3,flooding,flooding-1
2314,20300,20304.0,D3,D4,video,1367,267,d6a559a806c44e8a,8,True,,,policy:rate_limited,D3,flooding,flooding-1
2322,20305,20307.0,D1,D2,auth_response,152,71,,8,,True,,,D1,benign,
2323,20305,20307.0,D1,D5,rl_broadcast,32,72,,8,,,,,D1,benign,
2323,20305,20307.0,D1,D7,rl_broadcast,32,72,,8,,,,,D1,benign,
2323,20305,20307.0,D1,D8,rl_broadcast,32,72,,8,,,,,D1,benign,
2323,20305,20307.0,D1,D10,rl_broadcast,32,72,,8,,,,,D1,benign,
2323,20305,20308.0,D1,D2,rl_broadcast,32,72,,8,,,,,D1,benign,
2323,20305,20308.0,D1,D3,rl_broadcast,32,72,,8,,,,,D1,benign,
2323,20305,20308.0,D1,D4,rl_broadcast,32,72,,8,,,,,D1,benign,
2323,20305,20308.0,D1,D9,rl_broadcast,32,72,,8,,,,,D1,benign,
2323,20305,20309.0,D1,D6,rl_broadcast,32,72,,8,,,,,D1,benign,
2309,20307,20309.0,D2,D1,telemetry,112,155,117306feef12175a,8,True,,,,D2,benign,
2330,20315,20318.0,D5,D1,video,950,409,67595750e0dc32a0,8,True,,,,D5,benign,
2337,20321,20324.0,D10,D1,auth_request,152,164,,8,,True,,,D10,benign,
2326,20324,20326.0,D2,D6,heartbeat,41,157,,8,,,,,D2,benign,
2326,20324,20326.0,D2,D8,heartbeat,41,157,,8,,,,,D2,benign,
2326,20324,20327.0,D2,D1,heartbeat,41,157,,8,,,,,D2,benign,
2326,20324,20327.0,D2,D4,heartbeat,41,157,,8,,,,,D2,benign,
2326,20324,20327.0,D2,D5,heartbeat,41,157,,8,,,,,D2,benign,
2326,20324,20327.0,D2,D7,heartbeat,41,157,,8,,,,,D2,benign,
2326,20324,20327.0,D2,D9,heartbeat,41,157,,8,,,,,D2,benign,
2326,20324,20327.0,D2,D10,heartbeat,41,157,,8,,,,,D2,benign,
2338,20327,20329.0,D7,D1,auth_request,152,479,,8,,True,,,D7,benign,
2326,20324,20329.0,D2,D3,heartbeat,41,157,,8,,,,,D2,benign,
2335,20326,20330.0,D9,D1,telemetry,131,152,7798227238162171,8,True,,,,D9,benign,
2331,20332,20335.0,D5,D1,video,1146,410,67595750e0dc32a0,8,True,,,,D5,benign,
2342,20339,20341.0,D1,D3,rl_broadcast,32,77,,8,,,,,D1,benign,
2342,20339,20341.0,D1,D4,rl_broadcast,32,77,,8,,,,,D1,benign,
2342,20339,20341.0,D1,D6,rl_broadcast,32,77,,8,,,,,D1,benign,
2342,20339,20341.0,D1,D7,rl_broadcast,32,77,,8,,,,,D1,benign,
2342,20339,20341.0,D1,D10,rl_broadcast,32,77,,8,,,,,D1,benign,
2341,20339,20342.0,D1,D10,auth_response,152,76,,8,,True,,,D1,benign,
2342,20339,20342.0,D1,D2,rl_broadcast,32,77,,8,,,,,D1,benign,
2342,20339,20342.0,D1,D8,rl_broadcast,32,77,,8,,,,,D1,benign,
2342,20339,20342.0,D1,D9,rl_broadcast,32,77,,8,,,,,D1,benign,
2342,20339,20343.0,D1,D5,rl_broadcast,32,77,,8,,,,,D1,benign,
2336,20342,20344.0,D10,D1,telemetry,129,163,f018c09277074ef2,8,True,,,,D10,benign,
2343,20344,20346.0,D1,D7,auth_response,152,78,,8,,True,,,D1,benign,
2344,20344,20346.0,D1,D2,rl_broadcast,32,79,,8,,,,,D1,benign,
2344,20344,20346.0,D1,D3,rl_broadcast,32,79,,8,,,,,D1,benign,
2344,20344,20346.0,D1,D6,rl_broadcast,32,79,,8,,,,,D1,benign,
2344,20344,20346.0,D1,D7,rl_broadcast,32,79,,8,,,,,D1,benign,
2344,20344,20346.0,D1,D8,rl_broadcast,32,79,,8,,,,,D1,benign,
2344,20344,20347.0,D1,D4,rl_broadcast,32,79,,8,,,,,D1,benign,
2344,20344,20347.0,D1,D9,rl_broadcast,32,79,,8,,,,,D1,benign,
2344,20344,20348.0,D1,D5,rl_broadcast,32,79,,8,,,,,D1,benign,
2344,20344,20348.0,D1,D10,rl_broadcast,32,79,,8,,,,,D1,benign,
2334,20346,20349.0,D7,D1,telemetry,105,478,d6427d81b079ef05,8,True,,,,D7,benign,
2339,20352,20354.0,D1,D6,auth_request,152,75,,8,,True,,,D1,benign,
2340,20367,20371.0,D6,D1,auth_request,152,130,,8,,True,,,D6,benign,
2346,20369,20371.0,D6,D3,rl_broadcast,32,132,,8,,,,,D6,benign,
2346,20369,20371.0,D6,D5,rl_broadcast,32,132,,8,,,,,D6,benign,
2346,20369,20371.0,D6,D7,rl_broadcast,32,132,,8,,,,,D6,benign,
2346,20369,20371.0,D6,D10,rl_broadcast,32,132,,8,,,,,D6,benign,
2346,20369,20372.0,D6,D1,rl_broadcast,32,132,,8,,,,,D6,benign,
2346,20369,20372.0,D6,D2,rl_broadcast,32,132,,8,,,,,D6,benign,
2346,20369,20372.0,D6,D4,rl_broadcast,32,132,,8,,,,,D6,benign,
2346,20369,20372.0,D6,D8,rl_broadcast,32,132,,8,,,,,D6,benign,
2346,20369,20372.0,D6,D9,rl_broadcast,32,132,,8,,,,,D6,benign,
2345,20369,20373.0,D6,D1,auth_response,152,131,,8,,True,,,D6,benign,
2324,20373,20376.0,D1,D6,command,71,73,85cea15922ed038b,8,True,,,,D1,benign,
2332,20378,20382.0,D5,D1,video,1114,411,67595750e0dc32a0,8,True,,,,D5,benign,
2325,20381,20383.0,D1,D5,command,96,74,67595750e0dc32a0,8,True,,,,D1,benign,
2348,20386,20388.0,D1,D3,rl_broadcast,32,81,,8,,,,,D1,benign,
2348,20386,20388.0,D1,D5,rl_broadcast,32,81,,8,,,,,D1,benign,
2348,20386,20388.0,D1,D7,rl_broadcast,32,81,,8,,,,,D1,benign,
2348,20386,20388.0,D1,D10,rl_broadcast,32,81,,8,,,,,D1,benign,
2347,20386,20389.0,D1,D6,auth_response,152,80,,8,,True,,,D1,benign,
2348,20386,20389.0,D1,D2,rl_broadcast,32,81,,8,,,,,D1,benign,
2348,20386,20389.0,D1,D4,rl_broadcast,32,81,,8,,,,,D1,benign,
2348,20386,20389.0,D1,D6,rl_broadcast,32,81,,8,,,,,D1,benign,
2348,20386,20389.0,D1,D8,rl_broadcast,32,81,,8,,,,,D1,benign,
2348,20386,20389.0,D1,D9,rl_broadcast,32,81,,8,,,,,D1,benign,
2333,20389,20392.0,D6,D1,telemetry,99,129,8ca5cc8e0b74fbfc,8,True,,,,D6,benign,
2327,20400,20403.0,D3,D4,video,1262,269,d6a559a806c44e8a,8,True,,,,D3,flooding,flooding-1
2328,20400,20403.0,D3,D4,video,1404,270,d6a559a806c44e8a,8,True,,,policy:rate_limited,D3,flooding,flooding-1
2353,20422,20426.0,D5,D1,video,1058,413,67595750e0dc32a0,8,True,,,,D5,benign,
2361,20448,20451.0,D8,D1,auth_request,152,348,,8,,True,,,D8,benign,
2349,20449,20452.0,D2,D1,telemetry,113,158,117306feef12175a,8,True,,,,D2,benign,
2354,20452,20456.0,D5,D1,video,1115,414,67595750e0dc32a0,8,True,,,,D5,benign,
2352,20453,20456.0,D5,D1,telemetry,113,412,67595750e0dc32a0,8,True,,,,D5,benign,
2362,20466,20469.0,D1,D8,auth_response,152,82,,8,,True,,,D1,benign,
2363,20466,20469.0,D1,D3,rl_broadcast,32,83,,8,,,,,D1,benign,
2363,20466,20469.0,D1,D4,rl_broadcast,32,83,,8,,,,,D1,benign,
2363,20466,20469.0,D1,D5,rl_broadcast,32,83,,8,,,,,D1,benign,
2363,20466,20469.0,D1,D6,rl_broadcast,32,83,,8,,,,,D1,benign,
2363,20466,20469.0,D1,D7,rl_broadcast,32,83,,8,,,,,D1,benign,
2363,20466,20469.0,D1,D8,rl_broadcast,32,83,,8,,,,,D1,benign,
2363,20466,20469.0,D1,D9,rl_broadcast,32,83,,8,,,,,D1,benign,
2363,20466,20469.0,D1,D10,rl_broadcast,32,83,,8,,,,,D1,benign,
2358,20468,20470.0,D8,D1,heartbeat,41,346,,8,,,,,D8,benign,
2358,20468,20470.0,D8,D2,heartbeat,41,346,,8,,,,,D8,benign,
2358,20468,20470.0,D8,D3,heartbeat,41,346,,8,,,,,D8,benign,
2358,20468,20470.0,D8,D6,heartbeat,41,346,,8,,,,,D8,benign,
2363,20466,20470.0,D1,D2,rl_broadcast,32,83,,8,,,,,D1,benign,
2358,20468,20471.0,D8,D4,heartbeat,41,346,,8,,,,,D8,benign,
2358,20468,20471.0,D8,D5,heartbeat,41,346,,8,,,,,D8,benign,
2358,20468,20471.0,D8,D9,heartbeat,41,346,,8,,,,,D8,benign,
2359,20469,20471.0,D8,D1,telemetry,121,347,73cb474dc879a9c9,8,True,,,,D8,benign,
2358,20468,20472.0,D8,D7,heartbeat,41,346,,8,,,,,D8,benign,
2358,20468,20473.0,D8,D10,heartbeat,41,346,,8,,,,,D8,benign,
2360,20470,20473.0,D10,D1,telemetry,94,165,f018c09277074ef2,8,True,,,,D10,benign,
2355,20480,20483.0,D5,D1,video,980,415,67595750e0dc32a0,8,True,,,,D5,benign,
2357,20482,20484.0,D7,D1,telemetry,113,480,d6427d81b079ef05,8,True,,,,D7,benign,
2356,20491,20493.0,D6,D2,heartbeat,31,133,,8,,,,,D6,benign,
2356,20491,20493.0,D6,D8,heartbeat,31,133,,8,,,,,D6,benign,
2356,20491,20494.0,D6,D1,heartbeat,31,133,,8,,,,,D6,benign,
2356,20491,20494.0,D6,D5,heartbeat,31,133,,8,,,,,D6,benign,
2356,20491,20494.0,D6,D7,heartbeat,31,133,,8,,,,,D6,benign,
2356,20491,20494.0,D6,D9,heartbeat,31,133,,8,,,,,D6,benign,
2356,20491,20494.0,D6,D10,heartbeat,31,133,,8,,,,,D6,benign,
2356,20491,20495.0,D6,D3,heartbeat,31,133,,8,,,,,D6,benign,
2356,20491,20495.0,D6,D4,heartbeat,31,133,,8,,,,,D6,benign,
2351,20500,20503.0,D3,D4,video,1396,272,d6a559a806c44e8a,8,True,,,policy:rate_limited,D3,flooding,flooding-1
2372,20520,20523.0,D4,D1,auth_request,152,159,,8,,True,,,D4,benign,
2373,20521,20523.0,D9,D1,auth_request,152,154,,8,,True,,,D9,benign,
2367,20520,20523.0,D5,D1,video,1011,416,67595750e0dc32a0,8,True,,,,D5,benign,
2375,20538,20540.0,D1,D3,rl_broadcast,32,85,,8,,,,,D1,benign,
2377,20538,20540.0,D1,D2,rl_broadcast,32,87,,8,,,,,D1,benign,
2377,20538,20540.0,D1,D4,rl_broadcast,32,87,,8,,,,,D1,benign,
2377,20538,20540.0,D1,D5,rl_broadcast,32,87,,8,,,,,D1,benign,
2377,20538,20540.0,D1,D8,rl_broadcast,32,87,,8,,,,,D1,benign,
2377,20538,20540.0,D1,D9,rl_broadcast,32,87,,8,,,,,D1,benign,
2374,20538,20541.0,D1,D4,auth_response,152,84,,8,,True,,,D1,benign,
2375,20538,20541.0,D1,D2,rl_broadcast,32,85,,8,,,,,D1,benign,
2375,20538,20541.0,D1,D4,rl_broadcast,32,85,,8,,,,,D1,benign,
2375,20538,20541.0,D1,D5,rl_broadcast,32,85,,8,,,,,D1,benign,
2375,20538,20541.0,D1,D6,rl_broadcast,32,85,,8,,,,,D1,benign,
2375,20538,20541.0,D1,D8,rl_broadcast,32,85,,8,,,,,D1,benign,
2375,20538,20541.0,D1,D9,rl_broadcast,32,85,,8,,,,,D1,benign,
2375,20538,20541.0,D1,D10,rl_broadcast,32,85,,8,,,,,D1,benign,
2376,20538,20541.0,D1,D9,auth_response,152,86,,8,,True,,,D1,benign,
2377,20538,20541.0,D1,D3,rl_broadcast,32,87,,8,,,,,D1,benign,
2377,20538,20541.0,D1,D7,rl_broadcast,32,87,,8,,,,,D1,benign,
2375,20538,20542.0,D1,D7,rl_broadcast,32,85,,8,,,,,D1,benign,
2377,20538,20542.0,D1,D6,rl_broadcast,32,87,,8,,,,,D1,benign,
2377,20538,20542.0,D1,D10,rl_broadcast,32,87,,8,,,,,D1,benign,
2371,20541,20544.0,D9,D1,telemetry,145,153,d8f0046b6785f780,8,True,,,,D9,benign,
2366,20541,20545.0,D4,D1,telemetry,129,158,1eb1f41f55fdc40e,8,True,,,,D4,benign,
2368,20550,20553.0,D5,D1,video,1105,417,67595750e0dc32a0,8,True,,,,D5,benign,
2370,20575,20577.0,D7,D1,heartbeat,41,481,,8,,,,,D7,benign,
2370,20575,20577.0,D7,D2,heartbeat,41,481,,8,,,,,D7,benign,
2370,20575,20577.0,D7,D3,heartbeat,41,481,,8,,,,,D7,benign,
2370,20575,20577.0,D7,D4,heartbeat,41,481,,8,,,,,D7,benign,
2370,20575,20578.0,D7,D5,heartbeat,41,481,,8,,,,,D7,benign,
2370,20575,20578.0,D7,D8,heartbeat,41,481,,8,,,,,D7,benign,
2370,20575,20578.0,D7,D9,heartbeat,41,481,,8,,,,,D7,benign,
2370,20575,20578.0,D7,D10,heartbeat,41,481,,8,,,,,D7,benign,
2370,20575,20579.0,D7,D6,heartbeat,41,481,,8,,,,,D7,benign,
2369,20582,20585.0,D6,D1,telemetry,114,134,8ca5cc8e0b74fbfc,8,True,,,,D6,benign,
2364,20600,20603.0,D3,D4,video,1389,273,d6a559a806c44e8a,8,True,,,,D3,flooding,flooding-1
2365,20600,20603.0,D3,D4,video,1375,274,d6a559a806c44e8a,8,True,,,policy:rate_limited,D3,flooding,flooding-1
2386,20615,20617.0,D9,D3,heartbeat,44,155,,8,,,,,D9,benign,
2386,20615,20617.0,D9,D4,heartbeat,44,155,,8,,,,,D9,benign,
2386,20615,20617.0,D9,D7,heartbeat,44,155,,8,,,,,D9,benign,
2386,20615,20617.0,D9,D10,heartbeat,44,155,,8,,,,,D9,benign,
2386,20615,20618.0,D9,D2,heartbeat,44,155,,8,,,,,D9,benign,
2386,20615,20618.0,D9,D5,heartbeat,44,155,,8,,,,,D9,benign,
2386,20615,20618.0,D9,D6,heartbeat,44,155,,8,,,,,D9,benign,
2386,20615,20618.0,D9,D8,heartbeat,44,155,,8,,,,,D9,benign,
2386,20615,20619.0,D9,D1,heartbeat,44,155,,8,,,,,D9,benign,
2385,20627,20630.0,D8,D1,telemetry,95,349,73cb474dc879a9c9,8,True,,,,D8,benign,
2378,20628,20630.0,D2,D1,telemetry,113,159,117306feef12175a,8,True,,,,D2,benign,
2388,20631,20633.0,D10,D1,telemetry,136,166,f018c09277074ef2,8,True,,,,D10,benign,
2383,20662,20666.0,D5,D1,telemetry,116,418,67595750e0dc32a0,8,True,,,,D5,benign,
2384,20667,20669.0,D7,D1,telemetry,115,482,d6427d81b079ef05,8,True,,,,D7,benign,
2382,20681,20685.0,D4,D1,telemetry,104,160,1eb1f41f55fdc40e,8,True,,,,D4,benign,
2381,20700,20703.0,D3,D4,video,1202,277,d6a559a806c44e8a,8,True,,,policy:rate_limited,D3,flooding,flooding-1
2387,20700,20703.0,D9,D1,telemetry,117,156,d8f0046b6785f780,8,True,,,,D9,benign,
2380,20700,20704.0,D3,D4,video,1264,276,d6a559a806c44e8a,8,True,,,policy:rate_limited,D3,flooding,flooding-1
2389,20800,20804.0,D3,D4,video,1314,278,d6a559a806c44e8a,8,True,,,,D3,flooding,flooding-1
2390,20802,20804.0,D2,D1,telemetry,104,160,117306feef12175a,8,True,,,,D2,benign,
2403,20805,20807.0,D10,D1,telemetry,117,168,f018c09277074ef2,8,True,,,,D10,benign,
2398,20810,20813.0,D6,D1,telemetry,120,135,8ca5cc8e0b74fbfc,8,True,,,,D6,benign,
2400,20818,20820.0,D8,D1,telemetry,103,350,73cb474dc879a9c9,8,True,,,,D8,benign,
2399,20840,20843.0,D7,D1,telemetry,131,483,d6427d81b079ef05,8,True,,,,D7,benign,
2397,20855,20858.0,D5,D1,video,975,420,67595750e0dc32a0,8,True,,,,D5,benign,
2396,20858,20861.0,D5,D1,telemetry,130,419,67595750e0dc32a0,8,True,,,,D5,benign,
2395,20865,20868.0,D4,D1,telemetry,107,161,1eb1f41f55fdc40e,8,True,,,,D4,benign,
2401,20877,20879.0,D9,D1,telemetry,133,157,d8f0046b6785f780,8,True,,,,D9,benign,
2402,20896,20898.0,D10,D1,heartbeat,47,167,,8,,,,,D10,benign,
2402,20896,20898.0,D10,D3,heartbeat,47,167,,8,,,,,D10,benign,
2402,20896,20898.0,D10,D6,heartbeat,47,167,,8,,,,,D10,benign,
2402,20896,20898.0,D10,D8,heartbeat,47,167,,8,,,,,D10,benign,
2402,20896,20899.0,D10,D2,heartbeat,47,167,,8,,,,,D10,benign,
2402,20896,20899.0,D10,D4,heartbeat,47,167,,8,,,,,D10,benign,
2402,20896,20899.0,D10,D5,heartbeat,47,167,,8,,,,,D10,benign,
2402,20896,20899.0,D10,D7,heartbeat,47,167,,8,,,,,D10,benign,
2402,20896,20900.0,D10,D9,heartbeat,47,167,,8,,,,,D10,benign,
2393,20900,20903.0,D3,D4,video,1245,281,d6a559a806c44e8a,8,True,,,policy:rate_limited,D3,flooding,flooding-1
2394,20900,20903.0,D3,D4,video,1285,282,d6a559a806c44e8a,8,True,,,policy:rate_limited,D3,flooding,flooding-1
2392,20900,20904.0,D3,D4,video,1433,280,d6a559a806c44e8a,8,True,,,policy:rate_limited,D3,flooding,flooding-1
2409,20917,20921.0,D5,D1,video,1027,421,67595750e0dc32a0,8,True,,,,D5,benign,
2410,20946,20949.0,D5,D1,video,1083,422,67595750e0dc32a0,8,True,,,,D5,benign,
2405,20961,20963.0,D3,D2,heartbeat,50,283,,8,,,,,D3,benign,
2405,20961,20963.0,D3,D9,heartbeat,50,283,,8,,,,,D3,benign,
2405,20961,20964.0,D3,D1,heartbeat,50,283,,8,,,,,D3,benign,
2405,20961,20964.0,D3,D4,heartbeat,50,283,,8,,,,,D3,benign,
2405,20961,20964.0,D3,D5,heartbeat,50,283,,8,,,,,D3,benign,
2405,20961,20964.0,D3,D6,heartbeat,50,283,,8,,,,,D3,benign,
2405,20961,20964.0,D3,D7,heartbeat,50,283,,8,,,,,D3,benign,
2405,20961,20964.0,D3,D8,heartbeat,50,283,,8,,,,,D3,benign,
2405,20961,20964.0,D3,D10,heartbeat,50,283,,8,,,,,D3,benign,
2411,20967,20971.0,D10,D1,telemetry,123,169,f018c09277074ef2,8,True,,,,D10,benign,
2404,20973,20976.0,D2,D1,telemetry,137,161,117306feef12175a,8,True,,,,D2,benign,
2408,20983,20985.0,D4,D1,heartbeat,41,162,,8,,,,,D4,benign,
2408,20983,20985.0,D4,D3,heartbeat,41,162,,8,,,,,D4,benign,
2408,20983,20985.0,D4,D6,heartbeat,41,162,,8,,,,,D4,benign,
2408,20983,20985.0,D4,D10,heartbeat,41,162,,8,,,,,D4,benign,
2408,20983,20986.0,D4,D7,heartbeat,41,162,,8,,,,,D4,benign,
2408,20983,20986.0,D4,D8,heartbeat,41,162,,8,,,,,D4,benign,
2408,20983,20987.0,D4,D2,heartbeat,41,162,,8,,,,,D4,benign,
2408,20983,20987.0,D4,D5,heartbeat,41,162,,8,,,,,D4,benign,
2408,20983,20987.0,D4,D9,heartbeat,41,162,,8,,,,,D4,benign,
2406,21000,21003.0,D3,D4,video,1384,284,d6a559a806c44e8a,8,True,,,,D3,flooding,flooding-1
2407,21000,21004.0,D3,D4,video,1415,285,d6a559a806c44e8a,8,True,,,policy:rate_limited,D3,flooding,flooding-1
2419,21008,21011.0,D8,D1,telemetry,114,351,73cb474dc879a9c9,8,True,,,,D8,benign,
2418,21023,21026.0,D7,D1,telemetry,118,484,d6427d81b079ef05,8,True,,,,D7,benign,
2416,21035,21039.0,D5,D1,video,1049,424,67595750e0dc32a0,8,True,,,,D5,benign,
2417,21041,21044.0,D6,D1,telemetry,128,136,8ca5cc8e0b74fbfc,8,True,,,,D6,benign,
2415,21054,21056.0,D5,D1,telemetry,113,423,67595750e0dc32a0,8,True,,,,D5,benign,
2414,21054,21057.0,D4,D1,telemetry,135,163,1eb1f41f55fdc40e,8,True,,,,D4,benign,
2420,21057,21059.0,D9,D1,telemetry,120,158,d8f0046b6785f780,8,True,,,,D9,benign,
2412,21067,21069.0,D1,D3,heartbeat,42,88,,8,,,,,D1,benign,
2412,21067,21069.0,D1,D4,heartbeat,42,88,,8,,,,,D1,benign,
2412,21067,21069.0,D1,D9,heartbeat,42,88,,8,,,,,D1,benign,
2412,21067,21069.0,D1,D10,heartbeat,42,88,,8,,,,,D1,benign,
2412,21067,21070.0,D1,D2,heartbeat,42,88,,8,,,,,D1,benign,
2412,21067,21070.0,D1,D5,heartbeat,42,88,,8,,,,,D1,benign,
2412,21067,21070.0,D1,D6,heartbeat,42,88,,8,,,,,D1,benign,
2412,21067,21070.0,D1,D7,heartbeat,42,88,,8,,,,,D1,benign,
2412,21067,21070.0,D1,D8,heartbeat,42,88,,8,,,,,D1,benign,
2424,21100,,D5,D1,trust_report,136,425,67595750e0dc32a0,8,,,,channel_loss,D5,benign,
2421,21100,21103.0,D2,D1,trust_report,136,162,117306feef12175a,8,True,,,,D2,benign,
2423,21100,21103.0,D4,D1,trust_report,136,164,1eb1f41f55fdc40e,8,True,,,,D4,benign,
2425,21100,21103.0,D6,D1,trust_report,136,137,8ca5cc8e0b74fbfc,8,True,,,,D6,benign,
2426,21100,21103.0,D7,D1,trust_report,136,485,d6427d81b079ef05,8,True,,,,D7,benign,
2427,21100,21103.0,D8,D1,trust_report,136,352,73cb474dc879a9c9,8,True,,,,D8,benign,
2428,21100,21103.0,D9,D1,trust_report,136,159,d8f0046b6785f780,8,True,,,,D9,benign,
2429,21100,21103.0,D10,D1,trust_report,136,170,f018c09277074ef2,8,True,,,,D10,benign,
2434,21113,21116.0,D5,D1,video,998,426,67595750e0dc32a0,8,True,,,,D5,benign,
2438,21133,21136.0,D10,D1,telemetry,108,171,f018c09277074ef2,8,True,,,,D10,benign,
2435,21142,21145.0,D5,D1,video,1130,427,67595750e0dc32a0,8,True,,,,D5,benign,
2430,21147,21150.0,D2,D1,telemetry,127,163,117306feef12175a,8,True,,,,D2,benign,
2436,21168,21171.0,D5,D1,video,1036,428,67595750e0dc32a0,8,True,,,,D5,benign,
2437,21198,21200.0,D7,D1,telemetry,141,486,d6427d81b079ef05,8,True,,,,D7,benign,
2431,21200,21203.0,D3,D4,video,1229,288,d6a559a806c44e8a,8,True,,,,D3,flooding,flooding-1
2432,21200,21203.0,D3,D4,video,1347,289,d6a559a806c44e8a,8,True,,,policy:rate_limited,D3,flooding,flooding-1
2433,21200,21203.0,D3,D4,video,1373,290,d6a559a806c44e8a,8,True,,,policy:rate_limited,D3,flooding,flooding-1
2449,21201,21205.0,D8,D1,telemetry,129,353,73cb474dc879a9c9,8,True,,,,D8,benign,
2446,21226,21229.0,D5,D1,video,802,430,67595750e0dc32a0,8,True,,,,D5,benign,
2444,21236,21239.0,D4,D1,telemetry,140,165,1eb1f41f55fdc40e,8,True,,,,D4,benign,
2450,21252,21254.0,D9,D1,telemetry,106,160,d8f0046b6785f780,8,True,,,,D9,benign,
2448,21267,21269.0,D6,D1,telemetry,137,138,8ca5cc8e0b74fbfc,8,True,,,,D6,benign,
2445,21270,21272.0,D5,D1,telemetry,108,429,67595750e0dc32a0,8,True,,,,D5,benign,
2447,21277,21280.0,D5,D1,video,1094,431,67595750e0dc32a0,8,True,,,,D5,benign,
2439,21293,21295.0,D2,D4,heartbeat,39,164,,8,,,,,D2,benign,
2439,21293,21295.0,D2,D5,heartbeat,39,164,,8,,,,,D2,benign,
2439,21293,21295.0,D2,D6,heartbeat,39,164,,8,,,,,D2,benign,
2439,21293,21295.0,D2,D7,heartbeat,39,164,,8,,,,,D2,benign,
2439,21293,21295.0,D2,D8,heartbeat,39,164,,8,,,,,D2,benign,
2439,21293,21295.0,D2,D9,heartbeat,39,164,,8,,,,,D2,benign,
2439,21293,21296.0,D2,D1,heartbeat,39,164,,8,,,,,D2,benign,
2439,21293,21296.0,D2,D10,heartbeat,39,164,,8,,,,,D2,benign,
2439,21293,21297.0,D2,D3,heartbeat,39,164,,8,,,,,D2,benign,
2451,21298,21300.0,D10,D1,telemetry,131,172,f018c09277074ef2,8,True,,,,D10,benign,
2442,21300,21303.0,D3,D4,video,1307,293,d6a559a806c44e8a,8,True,,,policy:rate_limited,D3,flooding,flooding-1
2441,21300,21304.0,D3,D4,video,1309,292,d6a559a806c44e8a,8,True,,,policy:rate_limited,D3,flooding,flooding-1
2443,21300,21304.0,D3,D4,video,1439,294,d6a559a806c44e8a,8,True,,,policy:rate_limited,D3,flooding,flooding-1
2454,21310,21314.0,D5,D1,video,1243,433,67595750e0dc32a0,8,True,,,,D5,benign,
2455,21314,21317.0,D5,D1,video,932,434,67595750e0dc32a0,8,True,,,,D5,benign,
2453,21316,21318.0,D5,D3,heartbeat,33,432,,8,,,,,D5,benign,
2453,21316,21318.0,D5,D9,heartbeat,33,432,,8,,,,,D5,benign,
2453,21316,21319.0,D5,D1,heartbeat,33,432,,8,,,,,D5,benign,
2453,21316,21319.0,D5,D2,heartbeat,33,432,,8,,,,,D5,benign,
2453,21316,21319.0,D5,D4,heartbeat,33,432,,8,,,,,D5,benign,
2453,21316,21319.0,D5,D6,heartbeat,33,432,,8,,,,,D5,benign,
2453,21316,21319.0,D5,D7,heartbeat,33,432,,8,,,,,D5,benign,
2453,21316,21319.0,D5,D8,heartbeat,33,432,,8,,,,,D5,benign,
2453,21316,21320.0,D5,D10,heartbeat,33,432,,8,,,,,D5,benign,
2452,21331,21334.0,D2,D1,telemetry,107,165,117306feef12175a,8,True,,,,D2,benign,
2456,21342,21345.0,D5,D1,video,914,435,67595750e0dc32a0,8,True,,,,D5,benign,
2458,21370,21372.0,D7,D1,telemetry,129,487,d6427d81b079ef05,8,True,,,,D7,benign,
2457,21377,21382.0,D5,D1,video,1118,436,67595750e0dc32a0,8,True,,,,D5,benign,
2459,21388,21390.0,D8,D1,telemetry,112,354,73cb474dc879a9c9,8,True,,,,D8,benign,
2464,21414,21418.0,D5,D1,video,1146,438,67595750e0dc32a0,8,True,,,,D5,benign,
2462,21415,21418.0,D4,D1,telemetry,119,166,1eb1f41f55fdc40e,8,True,,,,D4,benign,
2465,21421,21425.0,D5,D1,video,1086,439,67595750e0dc32a0,8,True,,,,D5,benign,
2470,21428,21432.0,D9,D1,telemetry,117,161,d8f0046b6785f780,8,True,,,,D9,benign,
2469,21446,21448.0,D8,D1,heartbeat,34,355,,8,,,,,D8,benign,
2469,21446,21449.0,D8,D3,heartbeat,34,355,,8,,,,,D8,benign,
2469,21446,21449.0,D8,D4,heartbeat,34,355,,8,,,,,D8,benign,
2469,21446,21449.0,D8,D5,heartbeat,34,355,,8,,,,,D8,benign,
2469,21446,21449.0,D8,D6,heartbeat,34,355,,8,,,,,D8,benign,
2469,21446,21449.0,D8,D7,heartbeat,34,355,,8,,,,,D8,benign,
2469,21446,21449.0,D8,D10,heartbeat,34,355,,8,,,,,D8,benign,
2469,21446,21450.0,D8,D2,heartbeat,34,355,,8,,,,,D8,benign,
2469,21446,21451.0,D8,D9,heartbeat,34,355,,8,,,,,D8,benign,
2466,21459,21463.0,D5,D1,video,1135,440,67595750e0dc32a0,8,True,,,,D5,benign,
2471,21463,21466.0,D10,D1,telemetry,120,173,f018c09277074ef2,8,True,,,,D10,benign,
2463,21469,21472.0,D5,D1,telemetry,141,437,67595750e0dc32a0,8,True,,,,D5,benign,
2468,21486,21488.0,D6,D2,heartbeat,34,139,,8,,,,,D6,benign,
2468,21486,21488.0,D6,D3,heartbeat,34,139,,8,,,,,D6,benign,
2468,21486,21488.0,D6,D5,heartbeat,34,139,,8,,,,,D6,benign,
2468,21486,21488.0,D6,D8,heartbeat,34,139,,8,,,,,D6,benign,
2468,21486,21488.0,D6,D10,heartbeat,34,139,,8,,,,,D6,benign,
2468,21486,21489.0,D6,D7,heartbeat,34,139,,8,,,,,D6,benign,
2468,21486,21489.0,D6,D9,heartbeat,34,139,,8,,,,,D6,benign,
2468,21486,21490.0,D6,D1,heartbeat,34,139,,8,,,,,D6,benign,
2468,21486,21490.0,D6,D4,heartbeat,34,139,,8,,,,,D6,benign,
2467,21489,21492.0,D5,D1,video,1046,441,67595750e0dc32a0,8,True,,,,D5,benign,
2484,21594,,D9,D5,heartbeat,39,162,,8,,,,channel_loss,D9,benign,
2461,21500,21505.0,D3,D4,video,1213,296,d6a559a806c44e8a,8,True,,,,D3,flooding,flooding-1
2480,21503,21506.0,D6,D1,telemetry,135,140,8ca5cc8e0b74fbfc,8,True,,,,D6,benign,
2472,21506,21510.0,D2,D1,telemetry,111,166,117306feef12175a,8,True,,,,D2,benign,
2482,21541,21544.0,D7,D1,telemetry,105,489,d6427d81b079ef05,8,True,,,,D7,benign,
2477,21549,21551.0,D5,D1,video,1161,442,67595750e0dc32a0,8,True,,,,D5,benign,
2483,21575,21578.0,D8,D1,telemetry,108,356,73cb474dc879a9c9,8,True,,,,D8,benign,
2481,21577,21579.0,D7,D5,heartbeat,34,488,,8,,,,,D7,benign,
2481,21577,21579.0,D7,D6,heartbeat,34,488,,8,,,,,D7,benign,
2481,21577,21579.0,D7,D10,heartbeat,34,488,,8,,,,,D7,benign,
2481,21577,21580.0,D7,D1,heartbeat,34,488,,8,,,,,D7,benign,
2481,21577,21580.0,D7,D2,heartbeat,34,488,,8,,,,,D7,benign,
2481,21577,21580.0,D7,D8,heartbeat,34,488,,8,,,,,D7,benign,
2481,21577,21580.0,D7,D9,heartbeat,34,488,,8,,,,,D7,benign,
2481,21577,21581.0,D7,D3,heartbeat,34,488,,8,,,,,D7,benign,
2481,21577,21581.0,D7,D4,heartbeat,34,488,,8,,,,,D7,benign,
2478,21579,21583.0,D5,D1,video,1046,443,67595750e0dc32a0,8,True,,,,D5,benign,
2479,21584,21587.0,D5,D1,video,923,444,67595750e0dc32a0,8,True,,,,D5,benign,
2484,21594,21596.0,D9,D3,heartbeat,39,162,,8,,,,,D9,benign,
2484,21594,21596.0,D9,D4,heartbeat,39,162,,8,,,,,D9,benign,
2484,21594,21596.0,D9,D6,heartbeat,39,162,,8,,,,,D9,benign,
2484,21594,21596.0,D9,D8,heartbeat,39,162,,8,,,,,D9,benign,
2484,21594,21597.0,D9,D1,heartbeat,39,162,,8,,,,,D9,benign,
2484,21594,21597.0,D9,D2,heartbeat,39,162,,8,,,,,D9,benign,
2484,21594,21597.0,D9,D7,heartbeat,39,162,,8,,,,,D9,benign,
2484,21594,21597.0,D9,D10,heartbeat,39,162,,8,,,,,D9,benign,
2476,21600,21603.0,D3,D4,video,1306,300,d6a559a806c44e8a,8,True,,,,D3,flooding,flooding-1
2474,21600,21604.0,D3,D4,video,1268,298,d6a559a806c44e8a,8,True,,,policy:rate_limited,D3,flooding,flooding-1
2475,21600,21604.0,D3,D4,video,1230,299,d6a559a806c44e8a,8,True,,,policy:rate_limited,D3,flooding,flooding-1
2489,21606,21608.0,D4,D1,telemetry,130,167,1eb1f41f55fdc40e,8,True,,,,D4,benign,
2492,21609,21612.0,D9,D1,telemetry,121,163,d8f0046b6785f780,8,True,,,,D9,benign,
2493,21626,21628.0,D10,D1,telemetry,101,174,f018c09277074ef2,8,True,,,,D10,benign,
2490,21672,21674.0,D5,D1,telemetry,125,445,67595750e0dc32a0,8,True,,,,D5,benign,
2491,21677,21680.0,D5,D1,video,1240,446,67595750e0dc32a0,8,True,,,,D5,benign,
2485,21686,21689.0,D2,D1,telemetry,125,167,117306feef12175a,8,True,,,,D2,benign,
2486,21700,21703.0,D3,D4,video,1260,301,d6a559a806c44e8a,8,True,,,policy:rate_limited,D3,flooding,flooding-1
2487,21700,21703.0,D3,D4,video,1209,302,d6a559a806c44e8a,8,True,,,policy:rate_limited,D3,flooding,flooding-1
2488,21700,21703.0,D3,D4,video,1381,303,d6a559a806c44e8a,8,True,,,policy:rate_limited,D3,flooding,flooding-1
2498,21724,21727.0,D5,D1,video,1124,447,67595750e0dc32a0,8,True,,,,D5,benign,
2500,21726,21729.0,D7,D1,telemetry,154,490,d6427d81b079ef05,8,True,,,,D7,benign,
2499,21746,21749.0,D6,D1,telemetry,139,141,8ca5cc8e0b74fbfc,8,True,,,,D6,benign,
2501,21762,21764.0,D8,D1,telemetry,107,357,73cb474dc879a9c9,8,True,,,,D8,benign,
2497,21790,21793.0,D4,D1,telemetry,103,168,1eb1f41f55fdc40e,8,True,,,,D4,benign,
2502,21795,21797.0,D10,D1,telemetry,124,175,f018c09277074ef2,8,True,,,,D10,benign,
2495,21800,21803.0,D3,D4,video,1296,305,d6a559a806c44e8a,8,True,,,,D3,flooding,flooding-1
2496,21800,21804.0,D3,D4,video,1331,306,d6a559a806c44e8a,8,True,,,policy:rate_limited,D3,flooding,flooding-1
2507,21803,21807.0,D9,D1,telemetry,104,164,d8f0046b6785f780,8,True,,,,D9,benign,
2503,21861,21865.0,D2,D1,telemetry,120,168,117306feef12175a,8,True,,,,D2,benign,
2508,21881,21883.0,D10,D4,heartbeat,40,176,,8,,,,,D10,benign,
2508,21881,21883.0,D10,D5,heartbeat,40,176,,8,,,,,D10,benign,
2508,21881,21884.0,D10,D1,heartbeat,40,176,,8,,,,,D10,benign,
2508,21881,21884.0,D10,D2,heartbeat,40,176,,8,,,,,D10,benign,
2508,21881,21884.0,D10,D3,heartbeat,40,176,,8,,,,,D10,benign,
2508,21881,21884.0,D10,D6,heartbeat,40,176,,8,,,,,D10,benign,
2508,21881,21884.0,D10,D7,heartbeat,40,176,,8,,,,,D10,benign,
2508,21881,21884.0,D10,D8,heartbeat,40,176,,8,,,,,D10,benign,
2508,21881,21884.0,D10,D9,heartbeat,40,176,,8,,,,,D10,benign,
2505,21888,21890.0,D5,D1,telemetry,116,448,67595750e0dc32a0,8,True,,,,D5,benign,
2506,21897,21899.0,D7,D1,telemetry,120,491,d6427d81b079ef05,8,True,,,,D7,benign,
2514,21979,,D6,D1,telemetry,126,142,8ca5cc8e0b74fbfc,8,,,,channel_loss,D6,benign,
2504,21900,21903.0,D3,D4,video,1228,307,d6a559a806c44e8a,8,True,,,policy:rate_limited,D3,flooding,flooding-1
2515,21949,21952.0,D8,D1,telemetry,125,358,73cb474dc879a9c9,8,True,,,,D8,benign,
2509,21954,21957.0,D3,D1,heartbeat,46,308,,8,,,,,D3,benign,
2509,21954,21957.0,D3,D4,heartbeat,46,308,,8,,,,,D3,benign,
2509,21954,21957.0,D3,D5,heartbeat,46,308,,8,,,,,D3,benign,
2509,21954,21957.0,D3,D6,heartbeat,46,308,,8,,,,,D3,benign,
2509,21954,21957.0,D3,D7,heartbeat,46,308,,8,,,,,D3,benign,
2509,21954,21957.0,D3,D8,heartbeat,46,308,,8,,,,,D3,benign,
2509,21954,21957.0,D3,D9,heartbeat,46,308,,8,,,,,D3,benign,
2509,21954,21957.0,D3,D10,heartbeat,46,308,,8,,,,,D3,benign,
2509,21954,21959.0,D3,D2,heartbeat,46,308,,8,,,,,D3,benign,
2517,21971,21974.0,D10,D1,telemetry,106,177,f018c09277074ef2,8,True,,,,D10,benign,
2513,21980,21982.0,D4,D1,telemetry,102,170,1eb1f41f55fdc40e,8,True,,,,D4,benign,
2512,21981,21983.0,D4,D1,heartbeat,44,169,,8,,,,,D4,benign,
2512,21981,21983.0,D4,D2,heartbeat,44,169,,8,,,,,D4,benign,
2512,21981,21983.0,D4,D3,heartbeat,44,169,,8,,,,,D4,benign,
2512,21981,21983.0,D4,D5,heartbeat,44,169,,8,,,,,D4,benign,
2512,21981,21983.0,D4,D7,heartbeat,44,169,,8,,,,,D4,benign,
2512,21981,21984.0,D4,D6,heartbeat,44,169,,8,,,,,D4,benign,
2512,21981,21984.0,D4,D8,heartbeat,44,169,,8,,,,,D4,benign,
2512,21981,21984.0,D4,D9,heartbeat,44,169,,8,,,,,D4,benign,
2512,21981,21984.0,D4,D10,heartbeat,44,169,,8,,,,,D4,benign,
2516,21991,21995.0,D9,D1,telemetry,141,165,d8f0046b6785f780,8,True,,,,D9,benign,
2520,22100,,D3,D4,video,1435,311,d6a559a806c44e8a,8,,,,channel_loss,D3,flooding,flooding-1
2511,22000,22003.0,D3,D4,video,1322,310,d6a559a806c44e8a,8,True,,,,D3,flooding,flooding-1
2519,22040,22042.0,D2,D1,telemetry,127,169,117306feef12175a,8,True,,,,D2,benign,
2518,22072,22074.0,D1,D4,heartbeat,41,89,,8,,,,,D1,benign,
2518,22072,22074.0,D1,D7,heartbeat,41,89,,8,,,,,D1,benign,
2518,22072,22074.0,D1,D8,heartbeat,41,89,,8,,,,,D1,benign,
2518,22072,22075.0,D1,D2,heartbeat,41,89,,8,,,,,D1,benign,
2518,22072,22075.0,D1,D3,heartbeat,41,89,,8,,,,,D1,benign,
2518,22072,22075.0,D1,D5,heartbeat,41,89,,8,,,,,D1,benign,
2518,22072,22075.0,D1,D6,heartbeat,41,89,,8,,,,,D1,benign,
2518,22072,22075.0,D1,D9,heartbeat,41,89,,8,,,,,D1,benign,
2518,22072,22075.0,D1,D10,heartbeat,41,89,,8,,,,,D1,benign,
2523,22077,22080.0,D7,D1,telemetry,115,492,d6427d81b079ef05,8,True,,,,D7,benign,
2522,22087,22089.0,D5,D1,telemetry,137,449,67595750e0dc32a0,8,True,,,,D5,benign,
2527,22100,22102.0,D5,D1,trust_report,136,450,67595750e0dc32a0,8,True,,,,D5,benign,
2524,22100,22103.0,D2,D1,trust_report,136,170,117306feef12175a,8,True,,,,D2,benign,
2526,22100,22103.0,D4,D1,trust_report,136,171,1eb1f41f55fdc40e,8,True,,,,D4,benign,
2528,22100,22103.0,D6,D1,trust_report,136,143,8ca5cc8e0b74fbfc,8,True,,,,D6,benign,
2530,22100,22103.0,D8,D1,trust_report,136,359,73cb474dc879a9c9,8,True,,,,D8,benign,
2532,22100,22103.0,D10,D1,trust_report,136,178,f018c09277074ef2,8,True,,,,D10,benign,
2521,22100,22104.0,D3,D4,video,1234,312,d6a559a806c44e8a,8,True,,,policy:rate_limited,D3,flooding,flooding-1
2531,22100,22104.0,D9,D1,trust_report,136,166,d8f0046b6785f780,8,True,,,,D9,benign,
2529,22100,22105.0,D7,D1,trust_report,136,493,d6427d81b079ef05,8,True,,,,D7,benign,
2538,22137,22141.0,D8,D1,telemetry,117,360,73cb474dc879a9c9,8,True,,,,D8,benign,
2540,22144,22147.0,D10,D1,telemetry,112,179,f018c09277074ef2,8,True,,,,D10,benign,
2537,22168,22171.0,D4,D1,telemetry,119,172,1eb1f41f55fdc40e,8,True,,,,D4,benign,
2539,22171,22173.0,D9,D1,telemetry,103,167,d8f0046b6785f780,8,True,,,,D9,benign,
2544,22280,,D5,D9,heartbeat,39,451,,8,,,,channel_loss,D5,benign,
2535,22200,22203.0,D3,D4,video,1395,316,d6a559a806c44e8a,8,True,,,,D3,flooding,flooding-1
2536,22200,22204.0,D3,D4,video,1294,317,d6a559a806c44e8a,8,True,,,policy:rate_limited,D3,flooding,flooding-1
2534,22200,22205.0,D3,D4,video,1301,315,d6a559a806c44e8a,8,True,,,policy:rate_limited,D3,flooding,flooding-1
2542,22216,22219.0,D2,D1,telemetry,114,172,117306feef12175a,8,True,,,,D2,benign,
2546,22226,22228.0,D6,D1,telemetry,101,144,8ca5cc8e0b74fbfc,8,True,,,,D6,benign,
2547,22250,22253.0,D7,D1,telemetry,120,494,d6427d81b079ef05,8,True,,,,D7,benign,
2541,22258,22260.0,D2,D4,heartbeat,45,171,,8,,,,,D2,benign,
2541,22258,22260.0,D2,D5,heartbeat,45,171,,8,,,,,D2,benign,
2541,22258,22260.0,D2,D6,heartbeat,45,171,,8,,,,,D2,benign,
2541,22258,22260.0,D2,D8,heartbeat,45,171,,8,,,,,D2,benign,
2541,22258,22260.0,D2,D10,heartbeat,45,171,,8,,,,,D2,benign,
2541,22258,22261.0,D2,D3,heartbeat,45,171,,8,,,,,D2,benign,
2541,22258,22261.0,D2,D7,heartbeat,45,171,,8,,,,,D2,benign,
2541,22258,22261.0,D2,D9,heartbeat,45,171,,8,,,,,D2,benign,
2541,22258,22262.0,D2,D1,heartbeat,45,171,,8,,,,,D2,benign,
2544,22280,22282.0,D5,D4,heartbeat,39,451,,8,,,,,D5,benign,
2544,22280,22282.0,D5,D8,heartbeat,39,451,,8,,,,,D5,benign,
2544,22280,22282.0,D5,D10,heartbeat,39,451,,8,,,,,D5,benign,
2544,22280,22283.0,D5,D1,heartbeat,39,451,,8,,,,,D5,benign,
2544,22280,22283.0,D5,D2,heartbeat,39,451,,8,,,,,D5,benign,
2544,22280,22283.0,D5,D7,heartbeat,39,451,,8,,,,,D5,benign,
2544,22280,22284.0,D5,D3,heartbeat,39,451,,8,,,,,D5,benign,
2544,22280,22284.0,D5,D6,heartbeat,39,451,,8,,,,,D5,benign,
2545,22284,22287.0,D5,D1,telemetry,129,452,67595750e0dc32a0,8,True,,,,D5,benign,
2556,22377,,D3,D1,auth_request,152,322,,8,,,,channel_loss,D3,benign,
2543,22300,22303.0,D3,D4,video,1318,318,d6a559a806c44e8a,8,True,,,policy:rate_limited,D3,flooding,flooding-1
2555,22320,22323.0,D10,D1,telemetry,127,180,f018c09277074ef2,8,True,,,,D10,benign,
2553,22333,22335.0,D8,D1,telemetry,115,361,73cb474dc879a9c9,8,True,,,,D8,benign,
2552,22358,22360.0,D4,D1,telemetry,122,173,1eb1f41f55fdc40e,8,True,,,,D4,benign,
2554,22361,22365.0,D9,D1,telemetry,119,168,d8f0046b6785f780,8,True,,,,D9,benign,
2548,22397,22400.0,D2,D1,telemetry,101,173,117306feef12175a,8,True,,,,D2,benign,
2558,22483,,D5,D1,telemetry,139,453,67595750e0dc32a0,8,,,,channel_loss,D5,benign,
2550,22400,22403.0,D3,D4,video,1296,320,d6a559a806c44e8a,8,True,,,,D3,flooding,flooding-1
2551,22400,22404.0,D3,D4,video,1421,321,d6a559a806c44e8a,8,True,,,policy:rate_limited,D3,flooding,flooding-1
2560,22428,22431.0,D7,D1,telemetry,91,495,d6427d81b079ef05,8,True,,,,D7,benign,
2559,22473,22476.0,D6,D1,telemetry,106,145,8ca5cc8e0b74fbfc,8,True,,,,D6,benign,
2561,22477,22479.0,D8,D2,heartbeat,42,362,,8,,,,,D8,benign,
2561,22477,22479.0,D8,D3,heartbeat,42,362,,8,,,,,D8,benign,
2561,22477,22479.0,D8,D6,heartbeat,42,362,,8,,,,,D8,benign,
2561,22477,22479.0,D8,D9,heartbeat,42,362,,8,,,,,D8,benign,
2561,22477,22480.0,D8,D1,heartbeat,42,362,,8,,,,,D8,benign,
2561,22477,22480.0,D8,D4,heartbeat,42,362,,8,,,,,D8,benign,
2561,22477,22480.0,D8,D5,heartbeat,42,362,,8,,,,,D8,benign,
2561,22477,22480.0,D8,D7,heartbeat,42,362,,8,,,,,D8,benign,
2561,22477,22480.0,D8,D10,heartbeat,42,362,,8,,,,,D8,benign,
2562,22494,22496.0,D10,D1,telemetry,82,181,f018c09277074ef2,8,True,,,,D10,benign,
2557,22500,22503.0,D3,D4,video,1201,323,d6a559a806c44e8a,8,True,,,policy:rate_limited,D3,flooding,flooding-1
2569,22502,22504.0,D6,D1,heartbeat,36,146,,8,,,,,D6,benign,
2569,22502,22504.0,D6,D2,heartbeat,36,146,,8,,,,,D6,benign,
2569,22502,22504.0,D6,D3,heartbeat,36,146,,8,,,,,D6,benign,
2569,22502,22504.0,D6,D4,heartbeat,36,146,,8,,,,,D6,benign,
2569,22502,22504.0,D6,D5,heartbeat,36,146,,8,,,,,D6,benign,
2569,22502,22504.0,D6,D10,heartbeat,36,146,,8,,,,,D6,benign,
2569,22502,22505.0,D6,D7,heartbeat,36,146,,8,,,,,D6,benign,
2569,22502,22505.0,D6,D8,heartbeat,36,146,,8,,,,,D6,benign,
2569,22502,22505.0,D6,D9,heartbeat,36,146,,8,,,,,D6,benign,
2570,22519,22522.0,D8,D1,telemetry,93,363,73cb474dc879a9c9,8,True,,,,D8,benign,
2572,22549,22552.0,D9,D1,telemetry,130,170,d8f0046b6785f780,8,True,,,,D9,benign,
2568,22550,22553.0,D4,D1,telemetry,134,174,1eb1f41f55fdc40e,8,True,,,,D4,benign,
2563,22573,22575.0,D2,D1,telemetry,128,174,117306feef12175a,8,True,,,,D2,benign,
2571,22586,22588.0,D9,D1,heartbeat,45,169,,8,,,,,D9,benign,
2571,22586,22588.0,D9,D5,heartbeat,45,169,,8,,,,,D9,benign,
2571,22586,22589.0,D9,D2,heartbeat,45,169,,8,,,,,D9,benign,
2571,22586,22589.0,D9,D3,heartbeat,45,169,,8,,,,,D9,benign,
2571,22586,22589.0,D9,D4,heartbeat,45,169,,8,,,,,D9,benign,
2571,22586,22589.0,D9,D6,heartbeat,45,169,,8,,,,,D9,benign,
2571,22586,22589.0,D9,D7,heartbeat,45,169,,8,,,,,D9,benign,
2571,22586,22589.0,D9,D8,heartbeat,45,169,,8,,,,,D9,benign,
2571,22586,22589.0,D9,D10,heartbeat,45,169,,8,,,,,D9,benign,
2566,22600,22603.0,D3,D4,video,1429,326,d6a559a806c44e8a,8,True,,,,D3,flooding,flooding-1
2565,22600,22604.0,D3,D4,video,1279,325,d6a559a806c44e8a,8,True,,,policy:rate_limited,D3,flooding,flooding-1
2567,22600,22604.0,D3,D4,video,1259,327,d6a559a806c44e8a,8,True,,,policy:rate_limited,D3,flooding,flooding-1
2577,22612,22615.0,D7,D1,telemetry,128,497,d6427d81b079ef05,8,True,,,,D7,benign,
2576,22626,22628.0,D7,D5,heartbeat,40,496,,8,,,,,D7,benign,
2576,22626,22628.0,D7,D9,heartbeat,40,496,,8,,,,,D7,benign,
2576,22626,22629.0,D7,D1,heartbeat,40,496,,8,,,,,D7,benign,
2576,22626,22629.0,D7,D2,heartbeat,40,496,,8,,,,,D7,benign,
2576,22626,22629.0,D7,D4,heartbeat,40,496,,8,,,,,D7,benign,
2576,22626,22629.0,D7,D6,heartbeat,40,496,,8,,,,,D7,benign,
2576,22626,22629.0,D7,D10,heartbeat,40,496,,8,,,,,D7,benign,
2576,22626,22630.0,D7,D3,heartbeat,40,496,,8,,,,,D7,benign,
2576,22626,22630.0,D7,D8,heartbeat,40,496,,8,,,,,D7,benign,
2578,22672,22676.0,D10,D1,telemetry,116,182,f018c09277074ef2,8,True,,,,D10,benign,
2575,22688,22690.0,D5,D1,telemetry,114,454,67595750e0dc32a0,8,True,,,,D5,benign,
2573,22700,22703.0,D3,D4,video,1321,328,d6a559a806c44e8a,8,True,,,policy:rate_limited,D3,flooding,flooding-1
2574,22700,22703.0,D3,D4,video,1212,329,d6a559a806c44e8a,8,True,,,policy:rate_limited,D3,flooding,flooding-1
2582,22703,22707.0,D6,D1,telemetry,129,147,8ca5cc8e0b74fbfc,8,True,,,,D6,benign,
2584,22709,22712.0,D8,D1,telemetry,131,364,73cb474dc879a9c9,8,True,,,,D8,benign,
2585,22726,22728.0,D9,D1,telemetry,105,171,d8f0046b6785f780,8,True,,,,D9,benign,
2581,22736,22739.0,D4,D1,telemetry,122,175,1eb1f41f55fdc40e,8,True,,,,D4,benign,
2579,22745,22747.0,D2,D1,telemetry,120,175,117306feef12175a,8,True,,,,D2,benign,
2583,22793,22795.0,D7,D1,telemetry,121,498,d6427d81b079ef05,8,True,,,,D7,benign,
2591,22839,22843.0,D10,D1,telemetry,130,184,f018c09277074ef2,8,True,,,,D10,benign,
2590,22877,22879.0,D10,D1,heartbeat,32,183,,8,,,,,D10,benign,
2590,22877,22879.0,D10,D4,heartbeat,32,183,,8,,,,,D10,benign,
2590,22877,22879.0,D10,D5,heartbeat,32,183,,8,,,,,D10,benign,
2590,22877,22879.0,D10,D6,heartbeat,32,183,,8,,,,,D10,benign,
2590,22877,22880.0,D10,D2,heartbeat,32,183,,8,,,,,D10,benign,
2590,22877,22880.0,D10,D3,heartbeat,32,183,,8,,,,,D10,benign,
2590,22877,22880.0,D10,D7,heartbeat,32,183,,8,,,,,D10,benign,
2590,22877,22880.0,D10,D8,heartbeat,32,183,,8,,,,,D10,benign,
2590,22877,22882.0,D10,D9,heartbeat,32,183,,8,,,,,D10,benign,
2588,22884,22888.0,D5,D1,telemetry,118,455,67595750e0dc32a0,8,True,,,,D5,benign,
2589,22892,22894.0,D8,D1,telemetry,121,365,73cb474dc879a9c9,8,True,,,,D8,benign,
2586,22900,22903.0,D3,D4,video,1205,331,d6a559a806c44e8a,8,True,,,,D3,flooding,flooding-1
2587,22900,22903.0,D3,D4,video,1379,332,d6a559a806c44e8a,8,True,,,policy:rate_limited,D3,flooding,flooding-1
2603,22921,22924.0,D9,D1,telemetry,98,172,d8f0046b6785f780,8,True,,,,D9,benign,
2600,22921,22925.0,D4,D1,telemetry,110,177,1eb1f41f55fdc40e,8,True,,,,D4,benign,
2592,22933,22936.0,D2,D1,telemetry,120,176,117306feef12175a,8,True,,,,D2,benign,
2601,22949,22953.0,D6,D1,telemetry,92,148,8ca5cc8e0b74fbfc,8,True,,,,D6,benign,
2593,22953,22955.0,D3,D1,heartbeat,42,333,,8,,,,,D3,benign,
2593,22953,22955.0,D3,D6,heartbeat,42,333,,8,,,,,D3,benign,
2593,22953,22956.0,D3,D2,heartbeat,42,333,,8,,,,,D3,benign,
2593,22953,22956.0,D3,D4,heartbeat,42,333,,8,,,,,D3,benign,
2593,22953,22956.0,D3,D5,heartbeat,42,333,,8,,,,,D3,benign,
2593,22953,22956.0,D3,D7,heartbeat,42,333,,8,,,,,D3,benign,
2593,22953,22956.0,D3,D8,heartbeat,42,333,,8,,,,,D3,benign,
2593,22953,22956.0,D3,D9,heartbeat,42,333,,8,,,,,D3,benign,
2593,22953,22956.0,D3,D10,heartbeat,42,333,,8,,,,,D3,benign,
2599,22957,22959.0,D4,D3,heartbeat,37,176,,8,,,,,D4,benign,
2599,22957,22960.0,D4,D2,heartbeat,37,176,,8,,,,,D4,benign,
2599,22957,22960.0,D4,D5,heartbeat,37,176,,8,,,,,D4,benign,
2599,22957,22960.0,D4,D7,heartbeat,37,176,,8,,,,,D4,benign,
2599,22957,22960.0,D4,D8,heartbeat,37,176,,8,,,,,D4,benign,
2599,22957,22960.0,D4,D9,heartbeat,37,176,,8,,,,,D4,benign,
2599,22957,22960.0,D4,D10,heartbeat,37,176,,8,,,,,D4,benign,
2599,22957,22961.0,D4,D1,heartbeat,37,176,,8,,,,,D4,benign,
2599,22957,22961.0,D4,D6,heartbeat,37,176,,8,,,,,D4,benign,
2602,22969,22972.0,D7,D1,telemetry,125,499,d6427d81b079ef05,8,True,,,,D7,benign,
2596,23000,23003.0,D3,D4,video,1370,336,d6a559a806c44e8a,8,True,,,,D3,flooding,flooding-1
2597,23000,23003.0,D3,D4,video,1372,337,d6a559a806c44e8a,8,True,,,policy:rate_limited,D3,flooding,flooding-1
2598,23000,23003.0,D3,D4,video,1282,338,d6a559a806c44e8a,8,True,,,policy:rate_limited,D3,flooding,flooding-1
2604,23000,23003.0,D10,D1,telemetry,102,185,f018c09277074ef2,8,True,,,,D10,benign,
2595,23000,23004.0,D3,D4,video,1265,335,d6a559a806c44e8a,8,True,,,policy:rate_limited,D3,flooding,flooding-1
2609,23073,23075.0,D8,D1,telemetry,127,366,73cb474dc879a9c9,8,True,,,,D8,benign,
2608,23089,23091.0,D5,D1,telemetry,131,456,67595750e0dc32a0,8,True,,,,D5,benign,
2610,23100,23102.0,D2,D1,trust_report,136,177,117306feef12175a,8,True,,,,D2,benign,
2615,23100,23102.0,D7,D1,trust_report,136,500,d6427d81b079ef05,8,True,,,,D7,benign,
2618,23100,23102.0,D10,D1,trust_report,136,186,f018c09277074ef2,8,True,,,,D10,benign,
2605,23100,23103.0,D3,D4,video,1211,339,d6a559a806c44e8a,8,True,,,policy:rate_limited,D3,flooding,flooding-1
2606,23100,23103.0,D3,D4,video,1440,340,d6a559a806c44e8a,8,True,,,policy:rate_limited,D3,flooding,flooding-1
2607,23100,23103.0,D3,D4,video,1338,341,d6a559a806c44e8a,8,True,,,policy:rate_limited,D3,flooding,flooding-1
2612,23100,23103.0,D4,D1,trust_report,136,178,1eb1f41f55fdc40e,8,True,,,,D4,benign,
2613,23100,23103.0,D5,D1,trust_report,136,457,67595750e0dc32a0,8,True,,,,D5,benign,
2616,23100,23103.0,D8,D1,trust_report,136,367,73cb474dc879a9c9,8,True,,,,D8,benign,
2617,23100,23103.0,D9,D1,trust_report,136,173,d8f0046b6785f780,8,True,,,,D9,benign,
2614,23100,23105.0,D6,D1,trust_report,136,149,8ca5cc8e0b74fbfc,8,True,,,,D6,benign,
2626,23108,23110.0,D9,D1,telemetry,150,174,d8f0046b6785f780,8,True,,,,D9,benign,
2623,23109,23111.0,D4,D1,telemetry,116,179,1eb1f41f55fdc40e,8,True,,,,D4,benign,
2619,23111,23113.0,D1,D8,heartbeat,37,90,,8,,,,,D1,benign,
2619,23111,23114.0,D1,D2,heartbeat,37,90,,8,,,,,D1,benign,
2619,23111,23114.0,D1,D3,heartbeat,37,90,,8,,,,,D1,benign,
2619,23111,23114.0,D1,D4,heartbeat,37,90,,8,,,,,D1,benign,
2619,23111,23114.0,D1,D5,heartbeat,37,90,,8,,,,,D1,benign,
2619,23111,23114.0,D1,D6,heartbeat,37,90,,8,,,,,D1,benign,
2619,23111,23114.0,D1,D7,heartbeat,37,90,,8,,,,,D1,benign,
2619,23111,23114.0,D1,D9,heartbeat,37,90,,8,,,,,D1,benign,
2619,23111,23114.0,D1,D10,heartbeat,37,90,,8,,,,,D1,benign,
2620,23111,23114.0,D2,D1,telemetry,134,178,117306feef12175a,8,True,,,,D2,benign,
2625,23150,23153.0,D7,D1,telemetry,99,501,d6427d81b079ef05,8,True,,,,D7,benign,
2627,23163,23166.0,D10,D1,telemetry,113,187,f018c09277074ef2,8,True,,,,D10,benign,
2624,23186,23188.0,D6,D1,telemetry,117,150,8ca5cc8e0b74fbfc,8,True,,,,D6,benign,
2622,23200,23203.0,D3,D4,video,1407,344,d6a559a806c44e8a,8,True,,,,D3,flooding,flooding-1
2628,23263,23265.0,D2,D1,heartbeat,40,179,,8,,,,,D2,benign,
2628,23263,23265.0,D2,D3,heartbeat,40,179,,8,,,,,D2,benign,
2628,23263,23265.0,D2,D5,heartbeat,40,179,,8,,,,,D2,benign,
2628,23263,23265.0,D2,D8,heartbeat,40,179,,8,,,,,D2,benign,
2628,23263,23265.0,D2,D9,heartbeat,40,179,,8,,,,,D2,benign,
2628,23263,23266.0,D2,D4,heartbeat,40,179,,8,,,,,D2,benign,
2628,23263,23266.0,D2,D6,heartbeat,40,179,,8,,,,,D2,benign,
2628,23263,23266.0,D2,D7,heartbeat,40,179,,8,,,,,D2,benign,
2628,23263,23266.0,D2,D10,heartbeat,40,179,,8,,,,,D2,benign,
2635,23271,23273.0,D8,D1,telemetry,140,368,73cb474dc879a9c9,8,True,,,,D8,benign,
2633,23281,23283.0,D5,D2,heartbeat,35,458,,8,,,,,D5,benign,
2633,23281,23283.0,D5,D4,heartbeat,35,458,,8,,,,,D5,benign,
2633,23281,23283.0,D5,D6,heartbeat,35,458,,8,,,,,D5,benign,
2633,23281,23283.0,D5,D8,heartbeat,35,458,,8,,,,,D5,benign,
2633,23281,23283.0,D5,D9,heartbeat,35,458,,8,,,,,D5,benign,
2633,23281,23283.0,D5,D10,heartbeat,35,458,,8,,,,,D5,benign,
2633,23281,23284.0,D5,D1,heartbeat,35,458,,8,,,,,D5,benign,
2633,23281,23284.0,D5,D3,heartbeat,35,458,,8,,,,,D5,benign,
2633,23281,23284.0,D5,D7,heartbeat,35,458,,8,,,,,D5,benign,
2634,23285,23287.0,D5,D1,telemetry,90,459,67595750e0dc32a0,8,True,,,,D5,benign,
2632,23286,23290.0,D4,D1,telemetry,108,180,1eb1f41f55fdc40e,8,True,,,,D4,benign,
2636,23286,23290.0,D9,D1,telemetry,132,175,d8f0046b6785f780,8,True,,,,D9,benign,
2629,23292,23295.0,D2,D1,telemetry,103,180,117306feef12175a,8,True,,,,D2,benign,
2630,23300,23304.0,D3,D4,video,1381,345,d6a559a806c44e8a,8,True,,,policy:rate_limited,D3,flooding,flooding-1
2631,23300,23305.0,D3,D4,video,1368,346,d6a559a806c44e8a,8,True,,,policy:rate_limited,D3,flooding,flooding-1
2639,23328,23330.0,D7,D1,telemetry,117,502,d6427d81b079ef05,8,True,,,,D7,benign,
2640,23335,23339.0,D10,D1,telemetry,120,188,f018c09277074ef2,8,True,,,,D10,benign,
2638,23400,23404.0,D3,D4,video,1210,348,d6a559a806c44e8a,8,True,,,,D3,flooding,flooding-1
2647,23427,23429.0,D8,D10,heartbeat,45,369,,8,,,,,D8,benign,
2647,23427,23430.0,D8,D3,heartbeat,45,369,,8,,,,,D8,benign,
2647,23427,23430.0,D8,D4,heartbeat,45,369,,8,,,,,D8,benign,
2647,23427,23430.0,D8,D7,heartbeat,45,369,,8,,,,,D8,benign,
2647,23427,23430.0,D8,D9,heartbeat,45,369,,8,,,,,D8,benign,
2647,23427,23431.0,D8,D1,heartbeat,45,369,,8,,,,,D8,benign,
2647,23427,23431.0,D8,D2,heartbeat,45,369,,8,,,,,D8,benign,
2647,23427,23431.0,D8,D5,heartbeat,45,369,,8,,,,,D8,benign,
2647,23427,23431.0,D8,D6,heartbeat,45,369,,8,,,,,D8,benign,
2645,23431,23433.0,D6,D1,telemetry,112,152,8ca5cc8e0b74fbfc,8,True,,,,D6,benign,
2648,23458,23461.0,D8,D1,telemetry,107,370,73cb474dc879a9c9,8,True,,,,D8,benign,
2644,23464,23466.0,D6,D2,heartbeat,37,151,,8,,,,,D6,benign,
2644,23464,23466.0,D6,D3,heartbeat,37,151,,8,,,,,D6,benign,
2644,23464,23466.0,D6,D7,heartbeat,37,151,,8,,,,,D6,benign,
2644,23464,23467.0,D6,D1,heartbeat,37,151,,8,,,,,D6,benign,
2644,23464,23467.0,D6,D4,heartbeat,37,151,,8,,,,,D6,benign,
2644,23464,23467.0,D6,D5,heartbeat,37,151,,8,,,,,D6,benign,
2644,23464,23467.0,D6,D8,heartbeat,37,151,,8,,,,,D6,benign,
2644,23464,23467.0,D6,D9,heartbeat,37,151,,8,,,,,D6,benign,
2644,23464,23467.0,D6,D10,heartbeat,37,151,,8,,,,,D6,benign,
2649,23464,23467.0,D9,D1,telemetry,114,176,d8f0046b6785f780,8,True,,,,D9,benign,
2642,23466,23469.0,D4,D1,telemetry,109,181,1eb1f41f55fdc40e,8,True,,,,D4,benign,
2641,23478,23481.0,D2,D1,telemetry,144,181,117306feef12175a,8,True,,,,D2,benign,
2643,23487,23490.0,D5,D1,telemetry,115,460,67595750e0dc32a0,8,True,,,,D5,benign,
2650,23496,23500.0,D10,D1,telemetry,118,189,f018c09277074ef2,8,True,,,,D10,benign,
2646,23498,23501.0,D7,D1,telemetry,125,503,d6427d81b079ef05,8,True,,,,D7,benign,
2654,23591,23593.0,D7,D6,heartbeat,39,504,,8,,,,,D7,benign,
2654,23591,23593.0,D7,D9,heartbeat,39,504,,8,,,,,D7,benign,
2654,23591,23594.0,D7,D1,heartbeat,39,504,,8,,,,,D7,benign,
2654,23591,23594.0,D7,D2,heartbeat,39,504,,8,,,,,D7,benign,
2654,23591,23594.0,D7,D3,heartbeat,39,504,,8,,,,,D7,benign,
2654,23591,23594.0,D7,D4,heartbeat,39,504,,8,,,,,D7,benign,
2654,23591,23594.0,D7,D5,heartbeat,39,504,,8,,,,,D7,benign,
2654,23591,23594.0,D7,D8,heartbeat,39,504,,8,,,,,D7,benign,
2654,23591,23595.0,D7,D10,heartbeat,39,504,,8,,,,,D7,benign,
2652,23600,23603.0,D3,D4,video,1444,350,d6a559a806c44e8a,8,True,,,,D3,flooding,flooding-1
2653,23600,23603.0,D3,D4,video,1252,351,d6a559a806c44e8a,8,True,,,policy:rate_limited,D3,flooding,flooding-1
2665,23620,23623.0,D9,D1,heartbeat,44,177,,8,,,,,D9,benign,
2665,23620,23623.0,D9,D2,heartbeat,44,177,,8,,,,,D9,benign,
2665,23620,23623.0,D9,D3,heartbeat,44,177,,8,,,,,D9,benign,
2665,23620,23623.0,D9,D4,heartbeat,44,177,,8,,,,,D9,benign,
2665,23620,23623.0,D9,D5,heartbeat,44,177,,8,,,,,D9,benign,
2665,23620,23623.0,D9,D6,heartbeat,44,177,,8,,,,,D9,benign,
2665,23620,23623.0,D9,D10,heartbeat,44,177,,8,,,,,D9,benign,
2665,23620,23624.0,D9,D7,heartbeat,44,177,,8,,,,,D9,benign,
2665,23620,23624.0,D9,D8,heartbeat,44,177,,8,,,,,D9,benign,
2666,23644,23646.0,D9,D1,telemetry,111,178,d8f0046b6785f780,8,True,,,,D9,benign,
2661,23646,23649.0,D4,D1,telemetry,114,182,1eb1f41f55fdc40e,8,True,,,,D4,benign,
2664,23656,23658.0,D8,D1,telemetry,140,371,73cb474dc879a9c9,8,True,,,,D8,benign,
2655,23662,23664.0,D2,D1,telemetry,114,182,117306feef12175a,8,True,,,,D2,benign,
2662,23668,23671.0,D6,D1,telemetry,121,153,8ca5cc8e0b74fbfc,8,True,,,,D6,benign,
2667,23671,23673.0,D10,D1,telemetry,110,190,f018c09277074ef2,8,True,,,,D10,benign,
2663,23672,23674.0,D7,D1,telemetry,114,505,d6427d81b079ef05,8,True,,,,D7,benign,
2657,23700,23703.0,D3,D4,video,1272,353,d6a559a806c44e8a,8,True,,,policy:rate_limited,D3,flooding,flooding-1
2658,23700,23703.0,D3,D4,video,1279,354,d6a559a806c44e8a,8,True,,,policy:rate_limited,D3,flooding,flooding-1
2659,23700,23703.0,D3,D4,video,1421,355,d6a559a806c44e8a,8,True,,,policy:rate_limited,D3,flooding,flooding-1
2660,23700,23703.0,D3,D4,video,1435,356,d6a559a806c44e8a,8,True,,,policy:rate_limited,D3,flooding,flooding-1
2670,23701,23705.0,D5,D1,telemetry,125,461,67595750e0dc32a0,8,True,,,,D5,benign,
2668,23800,23803.0,D3,D4,video,1390,357,d6a559a806c44e8a,8,True,,,,D3,flooding,flooding-1
2669,23800,23803.0,D3,D4,video,1439,358,d6a559a806c44e8a,8,True,,,policy:rate_limited,D3,flooding,flooding-1
2679,23832,23835.0,D9,D1,telemetry,127,179,d8f0046b6785f780,8,True,,,,D9,benign,
2671,23837,23840.0,D2,D1,telemetry,117,183,117306feef12175a,8,True,,,,D2,benign,
2676,23838,23841.0,D4,D1,telemetry,118,183,1eb1f41f55fdc40e,8,True,,,,D4,benign,
2681,23845,23847.0,D10,D1,telemetry,118,192,f018c09277074ef2,8,True,,,,D10,benign,
2677,23850,23852.0,D7,D1,telemetry,121,506,d6427d81b079ef05,8,True,,,,D7,benign,
2678,23852,23854.0,D8,D1,telemetry,110,372,73cb474dc879a9c9,8,True,,,,D8,benign,
2680,23854,23856.0,D10,D6,heartbeat,40,191,,8,,,,,D10,benign,
2680,23854,23856.0,D10,D8,heartbeat,40,191,,8,,,,,D10,benign,
2680,23854,23857.0,D10,D1,heartbeat,40,191,,8,,,,,D10,benign,
2680,23854,23857.0,D10,D2,heartbeat,40,191,,8,,,,,D10,benign,
2680,23854,23857.0,D10,D3,heartbeat,40,191,,8,,,,,D10,benign,
2680,23854,23857.0,D10,D5,heartbeat,40,191,,8,,,,,D10,benign,
2680,23854,23857.0,D10,D7,heartbeat,40,191,,8,,,,,D10,benign,
2680,23854,23857.0,D10,D9,heartbeat,40,191,,8,,,,,D10,benign,
2680,23854,23858.0,D10,D4,heartbeat,40,191,,8,,,,,D10,benign,
2673,23900,23903.0,D3,D4,video,1239,360,d6a559a806c44e8a,8,True,,,policy:rate_limited,D3,flooding,flooding-1
2674,23900,23903.0,D3,D4,video,1358,361,d6a559a806c44e8a,8,True,,,policy:rate_limited,D3,flooding,flooding-1
2675,23900,23903.0,D3,D4,video,1271,362,d6a559a806c44e8a,8,True,,,policy:rate_limited,D3,flooding,flooding-1
2688,23901,23904.0,D6,D1,telemetry,138,154,8ca5cc8e0b74fbfc,8,True,,,,D6,benign,
2687,23910,23912.0,D5,D1,telemetry,107,462,67595750e0dc32a0,8,True,,,,D5,benign,
2686,23963,23965.0,D4,D7,heartbeat,36,184,,8,,,,,D4,benign,
2686,23963,23965.0,D4,D8,heartbeat,36,184,,8,,,,,D4,benign,
2686,23963,23966.0,D4,D2,heartbeat,36,184,,8,,,,,D4,benign,
2686,23963,23966.0,D4,D5,heartbeat,36,184,,8,,,,,D4,benign,
2686,23963,23966.0,D4,D6,heartbeat,36,184,,8,,,,,D4,benign,
2686,23963,23966.0,D4,D9,heartbeat,36,184,,8,,,,,D4,benign,
2686,23963,23966.0,D4,D10,heartbeat,36,184,,8,,,,,D4,benign,
2686,23963,23967.0,D4,D1,heartbeat,36,184,,8,,,,,D4,benign,
2686,23963,23967.0,D4,D3,heartbeat,36,184,,8,,,,,D4,benign,
2682,23973,23975.0,D3,D1,heartbeat,38,363,,8,,,,,D3,benign,
2682,23973,23975.0,D3,D2,heartbeat,38,363,,8,,,,,D3,benign,
2682,23973,23975.0,D3,D4,heartbeat,38,363,,8,,,,,D3,benign,
2682,23973,23975.0,D3,D6,heartbeat,38,363,,8,,,,,D3,benign,
2682,23973,23975.0,D3,D7,heartbeat,38,363,,8,,,,,D3,benign,
2682,23973,23976.0,D3,D5,heartbeat,38,363,,8,,,,,D3,benign,
2682,23973,23976.0,D3,D8,heartbeat,38,363,,8,,,,,D3,benign,
2682,23973,23976.0,D3,D9,heartbeat,38,363,,8,,,,,D3,benign,
2682,23973,23976.0,D3,D10,heartbeat,38,363,,8,,,,,D3,benign,
2683,24000,24003.0,D3,D4,video,1226,364,d6a559a806c44e8a,8,True,,,,D3,flooding,flooding-1
2684,24000,24003.0,D3,D4,video,1352,365,d6a559a806c44e8a,8,True,,,policy:rate_limited,D3,flooding,flooding-1
2685,24000,24003.0,D3,D4,video,1383,366,d6a559a806c44e8a,8,True,,,policy:rate_limited,D3,flooding,flooding-1
2696,24014,24016.0,D9,D1,telemetry,112,180,d8f0046b6785f780,8,True,,,,D9,benign,
2689,24021,24023.0,D2,D1,telemetry,128,184,117306feef12175a,8,True,,,,D2,benign,
2694,24021,24024.0,D7,D1,telemetry,119,507,d6427d81b079ef05,8,True,,,,D7,benign,
2697,24023,24026.0,D10,D1,telemetry,117,193,f018c09277074ef2,8,True,,,,D10,benign,
2693,24030,24032.0,D4,D1,telemetry,125,185,1eb1f41f55fdc40e,8,True,,,,D4,benign,
2695,24046,24048.0,D8,D1,telemetry,107,373,73cb474dc879a9c9,8,True,,,,D8,benign,
2707,24140,,D1,D9,heartbeat,42,91,,8,,,,channel_loss,D1,benign,
2698,24100,24102.0,D2,D1,trust_report,136,185,117306feef12175a,8,True,,,,D2,benign,
2700,24100,24102.0,D4,D1,trust_report,136,186,1eb1f41f55fdc40e,8,True,,,,D4,benign,
2702,24100,24102.0,D6,D1,trust_report,136,155,8ca5cc8e0b74fbfc,8,True,,,,D6,benign,
2704,24100,24102.0,D8,D1,trust_report,136,374,73cb474dc879a9c9,8,True,,,,D8,benign,
2705,24100,24102.0,D9,D1,trust_report,136,181,d8f0046b6785f780,8,True,,,,D9,benign,
2691,24100,24103.0,D3,D4,video,1388,368,d6a559a806c44e8a,8,True,,,policy:rate_limited,D3,flooding,flooding-1
2701,24100,24103.0,D5,D1,trust_report,136,463,67595750e0dc32a0,8,True,,,,D5,benign,
2703,24100,24103.0,D7,D1,trust_report,136,508,d6427d81b079ef05,8,True,,,,D7,benign,
2706,24100,24103.0,D10,D1,trust_report,136,194,f018c09277074ef2,8,True,,,,D10,benign,
2692,24100,24105.0,D3,D4,video,1253,369,d6a559a806c44e8a,8,True,,,policy:rate_limited,D3,flooding,flooding-1
2713,24124,24127.0,D5,D1,telemetry,118,464,67595750e0dc32a0,8,True,,,,D5,benign,
2714,24135,24138.0,D6,D1,telemetry,132,156,8ca5cc8e0b74fbfc,8,True,,,,D6,benign,
2707,24140,24142.0,D1,D3,heartbeat,42,91,,8,,,,,D1,benign,
2707,24140,24142.0,D1,D5,heartbeat,42,91,,8,,,,,D1,benign,
2707,24140,24142.0,D1,D10,heartbeat,42,91,,8,,,,,D1,benign,
2707,24140,24143.0,D1,D2,heartbeat,42,91,,8,,,,,D1,benign,
2707,24140,24143.0,D1,D4,heartbeat,42,91,,8,,,,,D1,benign,
2707,24140,24143.0,D1,D7,heartbeat,42,91,,8,,,,,D1,benign,
2707,24140,24143.0,D1,D8,heartbeat,42,91,,8,,,,,D1,benign,
2707,24140,24144.0,D1,D6,heartbeat,42,91,,8,,,,,D1,benign,
2717,24190,24193.0,D10,D1,telemetry,118,195,f018c09277074ef2,8,True,,,,D10,benign,
2715,24196,24198.0,D7,D1,telemetry,120,509,d6427d81b079ef05,8,True,,,,D7,benign,
2716,24198,24201.0,D9,D1,telemetry,114,182,d8f0046b6785f780,8,True,,,,D9,benign,
2708,24198,24202.0,D2,D1,telemetry,128,186,117306feef12175a,8,True,,,,D2,benign,
2710,24200,24203.0,D3,D4,video,1261,372,d6a559a806c44e8a,8,True,,,,D3,flooding,flooding-1
2711,24200,24203.0,D3,D4,video,1364,373,d6a559a806c44e8a,8,True,,,policy:rate_limited,D3,flooding,flooding-1
2712,24200,24203.0,D3,D4,video,1211,374,d6a559a806c44e8a,8,True,,,policy:rate_limited,D3,flooding,flooding-1
2709,24200,24204.0,D3,D4,video,1289,371,d6a559a806c44e8a,8,True,,,policy:rate_limited,D3,flooding,flooding-1
2722,24219,24221.0,D4,D1,telemetry,129,187,1eb1f41f55fdc40e,8,True,,,,D4,benign,
2723,24235,24239.0,D8,D1,telemetry,113,375,73cb474dc879a9c9,8,True,,,,D8,benign,
2719,24239,24241.0,D2,D5,heartbeat,42,187,,8,,,,,D2,benign,
2719,24239,24242.0,D2,D1,heartbeat,42,187,,8,,,,,D2,benign,
2719,24239,24242.0,D2,D6,heartbeat,42,187,,8,,,,,D2,benign,
2719,24239,24242.0,D2,D8,heartbeat,42,187,,8,,,,,D2,benign,
2719,24239,24243.0,D2,D3,heartbeat,42,187,,8,,,,,D2,benign,
2719,24239,24243.0,D2,D4,heartbeat,42,187,,8,,,,,D2,benign,
2719,24239,24243.0,D2,D7,heartbeat,42,187,,8,,,,,D2,benign,
2719,24239,24243.0,D2,D9,heartbeat,42,187,,8,,,,,D2,benign,
2719,24239,24243.0,D2,D10,heartbeat,42,187,,8,,,,,D2,benign,
2724,24273,24277.0,D1,D3,auth_request,152,93,,8,,True,,,D1,benign,
2726,24292,24294.0,D3,D2,rl_broadcast,32,378,,8,,,,,D3,benign,
2726,24292,24294.0,D3,D4,rl_broadcast,32,378,,8,,,,,D3,benign,
2726,24292,24294.0,D3,D6,rl_broadcast,32,378,,8,,,,,D3,benign,
2726,24292,24294.0,D3,D8,rl_broadcast,32,378,,8,,,,,D3,benign,
2725,24292,24295.0,D3,D1,auth_response,152,377,,8,,True,,,D3,benign,
2726,24292,24295.0,D3,D5,rl_broadcast,32,378,,8,,,,,D3,benign,
2726,24292,24295.0,D3,D7,rl_broadcast,32,378,,8,,,,,D3,benign,
2726,24292,24295.0,D3,D9,rl_broadcast,32,378,,8,,,,,D3,benign,
2726,24292,24295.0,D3,D10,rl_broadcast,32,378,,8,,,,,D3,benign,
2726,24292,24296.0,D3,D1,rl_broadcast,32,378,,8,,,,,D3,benign,
2718,24295,24299.0,D1,D3,command,79,92,df98f7ff236fce31,8,True,,,,D1,benign,
2732,24301,24303.0,D5,D1,heartbeat,44,465,,8,,,,,D5,benign,
2732,24301,24303.0,D5,D3,heartbeat,44,465,,8,,,,,D5,benign,
2732,24301,24303.0,D5,D6,heartbeat,44,465,,8,,,,,D5,benign,
2732,24301,24303.0,D5,D8,heartbeat,44,465,,8,,,,,D5,benign,
2721,24300,24304.0,D3,D4,video,1221,376,d6a559a806c44e8a,8,True,,,policy:rate_limited,D3,flooding,flooding-1
2732,24301,24304.0,D5,D4,heartbeat,44,465,,8,,,,,D5,benign,
2732,24301,24304.0,D5,D7,heartbeat,44,465,,8,,,,,D5,benign,
2732,24301,24304.0,D5,D9,heartbeat,44,465,,8,,,,,D5,benign,
2732,24301,24305.0,D5,D2,heartbeat,44,465,,8,,,,,D5,benign,
2732,24301,24305.0,D5,D10,heartbeat,44,465,,8,,,,,D5,benign,
2733,24329,24332.0,D5,D1,telemetry,139,466,67595750e0dc32a0,8,True,,,,D5,benign,
2738,24367,24370.0,D10,D1,telemetry,144,196,f018c09277074ef2,8,True,,,,D10,benign,
2734,24369,24371.0,D6,D1,telemetry,97,157,8ca5cc8e0b74fbfc,8,True,,,,D6,benign,
2735,24374,24376.0,D7,D1,telemetry,96,510,d6427d81b079ef05,8,True,,,,D7,benign,
2727,24376,24380.0,D2,D1,telemetry,125,188,117306feef12175a,8,True,,,,D2,benign,
2737,24386,24388.0,D9,D1,telemetry,137,183,d8f0046b6785f780,8,True,,,,D9,benign,
2736,24400,24402.0,D8,D5,heartbeat,32,376,,8,,,,,D8,benign,
2728,24400,24403.0,D3,D4,video,1245,379,d6a559a806c44e8a,8,True,,,,D3,flooding,flooding-1
2730,24400,24403.0,D3,D4,video,1375,381,d6a559a806c44e8a,8,True,,,policy:rate_limited,D3,flooding,flooding-1
2736,24400,24403.0,D8,D1,heartbeat,32,376,,8,,,,,D8,benign,
2736,24400,24403.0,D8,D2,heartbeat,32,376,,8,,,,,D8,benign,
2736,24400,24403.0,D8,D3,heartbeat,32,376,,8,,,,,D8,benign,
2736,24400,24403.0,D8,D4,heartbeat,32,376,,8,,,,,D8,benign,
2736,24400,24403.0,D8,D6,heartbeat,32,376,,8,,,,,D8,benign,
2736,24400,24403.0,D8,D7,heartbeat,32,376,,8,,,,,D8,benign,
2736,24400,24403.0,D8,D9,heartbeat,32,376,,8,,,,,D8,benign,
2736,24400,24403.0,D8,D10,heartbeat,32,376,,8,,,,,D8,benign,
2729,24400,24404.0,D3,D4,video,1341,380,d6a559a806c44e8a,8,True,,,policy:rate_limited,D3,flooding,flooding-1
2731,24400,24404.0,D3,D4,video,1436,382,d6a559a806c44e8a,8,True,,,policy:rate_limited,D3,flooding,flooding-1
2742,24402,24405.0,D4,D1,telemetry,107,188,1eb1f41f55fdc40e,8,True,,,,D4,benign,
2744,24431,24434.0,D8,D1,telemetry,112,377,73cb474dc879a9c9,8,True,,,,D8,benign,
2739,24464,24467.0,D3,D1,telemetry,127,383,df98f7ff236fce31,8,True,,,policy:rate_limited,D3,benign,
2743,24481,24483.0,D6,D4,heartbeat,43,158,,8,,,,,D6,benign,
2743,24481,24484.0,D6,D1,heartbeat,43,158,,8,,,,,D6,benign,
2743,24481,24484.0,D6,D2,heartbeat,43,158,,8,,,,,D6,benign,
2743,24481,24484.0,D6,D3,heartbeat,43,158,,8,,,,,D6,benign,
2743,24481,24484.0,D6,D5,heartbeat,43,158,,8,,,,,D6,benign,
2743,24481,24484.0,D6,D7,heartbeat,43,158,,8,,,,,D6,benign,
2743,24481,24484.0,D6,D8,heartbeat,43,158,,8,,,,,D6,benign,
2743,24481,24484.0,D6,D9,heartbeat,43,158,,8,,,,,D6,benign,
2743,24481,24484.0,D6,D10,heartbeat,43,158,,8,,,,,D6,benign,
2750,24596,,D9,D5,heartbeat,35,184,,8,,,,channel_loss,D9,benign,
2740,24500,24503.0,D3,D4,video,1320,384,d6a559a806c44e8a,8,True,,,policy:rate_limited,D3,flooding,flooding-1
2741,24500,24503.0,D3,D4,video,1289,385,d6a559a806c44e8a,8,True,,,policy:rate_limited,D3,flooding,flooding-1
2752,24532,24534.0,D10,D1,telemetry,129,197,f018c09277074ef2,8,True,,,,D10,benign,
2749,24546,24549.0,D7,D1,telemetry,104,512,d6427d81b079ef05,8,True,,,,D7,benign,
2753,24557,24559.0,D5,D1,auth_request,152,468,,8,,True,,,D5,benign,
2748,24561,24563.0,D7,D2,heartbeat,42,511,,8,,,,,D7,benign,
2748,24561,24563.0,D7,D4,heartbeat,42,511,,8,,,,,D7,benign,
2748,24561,24563.0,D7,D8,heartbeat,42,511,,8,,,,,D7,benign,
2748,24561,24564.0,D7,D1,heartbeat,42,511,,8,,,,,D7,benign,
2748,24561,24564.0,D7,D3,heartbeat,42,511,,8,,,,,D7,benign,
2748,24561,24564.0,D7,D5,heartbeat,42,511,,8,,,,,D7,benign,
2748,24561,24564.0,D7,D6,heartbeat,42,511,,8,,,,,D7,benign,
2748,24561,24564.0,D7,D9,heartbeat,42,511,,8,,,,,D7,benign,
2748,24561,24564.0,D7,D10,heartbeat,42,511,,8,,,,,D7,benign,
2745,24563,24566.0,D2,D1,telemetry,140,189,117306feef12175a,8,True,,,,D2,benign,
2751,24563,24566.0,D9,D1,telemetry,126,185,d8f0046b6785f780,8,True,,,,D9,benign,
2755,24574,24576.0,D1,D3,rl_broadcast,32,95,,8,,,,,D1,benign,
2755,24574,24576.0,D1,D6,rl_broadcast,32,95,,8,,,,,D1,benign,
2755,24574,24576.0,D1,D8,rl_broadcast,32,95,,8,,,,,D1,benign,
2755,24574,24576.0,D1,D10,rl_broadcast,32,95,,8,,,,,D1,benign,
2755,24574,24577.0,D1,D2,rl_broadcast,32,95,,8,,,,,D1,benign,
2755,24574,24577.0,D1,D4,rl_broadcast,32,95,,8,,,,,D1,benign,
2755,24574,24577.0,D1,D5,rl_broadcast,32,95,,8,,,,,D1,benign,
2755,24574,24577.0,D1,D7,rl_broadcast,32,95,,8,,,,,D1,benign,
2755,24574,24577.0,D1,D9,rl_broadcast,32,95,,8,,,,,D1,benign,
2754,24574,24578.0,D1,D5,auth_response,152,94,,8,,True,,,D1,benign,
2747,24578,24581.0,D5,D1,telemetry,122,467,0dee62aa864d09d9,8,True,,,,D5,benign,
2746,24593,24596.0,D4,D1,telemetry,137,189,1eb1f41f55fdc40e,8,True,,,,D4,benign,
2750,24596,24598.0,D9,D7,heartbeat,35,184,,8,,,,,D9,benign,
2750,24596,24598.0,D9,D8,heartbeat,35,184,,8,,,,,D9,benign,
2750,24596,24599.0,D9,D1,heartbeat,35,184,,8,,,,,D9,benign,
2750,24596,24599.0,D9,D3,heartbeat,35,184,,8,,,,,D9,benign,
2750,24596,24599.0,D9,D4,heartbeat,35,184,,8,,,,,D9,benign,
2750,24596,24599.0,D9,D6,heartbeat,35,184,,8,,,,,D9,benign,
2750,24596,24599.0,D9,D10,heartbeat,35,184,,8,,,,,D9,benign,
2750,24596,24601.0,D9,D2,heartbeat,35,184,,8,,,,,D9,benign,
2761,24607,24610.0,D6,D1,telemetry,112,159,8ca5cc8e0b74fbfc,8,True,,,,D6,benign,
2762,24612,24614.0,D8,D1,telemetry,110,378,73cb474dc879a9c9,8,True,,,,D8,benign,
2756,24657,24660.0,D3,D1,telemetry,128,386,df98f7ff236fce31,8,True,,,,D3,benign,
2763,24695,24697.0,D10,D1,telemetry,121,198,f018c09277074ef2,8,True,,,,D10,benign,
2760,24700,24703.0,D3,D4,video,1208,390,d6a559a806c44e8a,8,True,,,policy:rate_limited,D3,flooding,flooding-1
2757,24700,24704.0,D3,D4,video,1401,387,d6a559a806c44e8a,8,True,,,policy:rate_limited,D3,flooding,flooding-1
2758,24700,24704.0,D3,D4,video,1266,388,d6a559a806c44e8a,8,True,,,policy:rate_limited,D3,flooding,flooding-1
2759,24700,24704.0,D3,D4,video,1241,389,d6a559a806c44e8a,8,True,,,policy:rate_limited,D3,flooding,flooding-1
2767,24716,24719.0,D7,D1,telemetry,115,513,d6427d81b079ef05,8,True,,,,D7,benign,
2764,24737,24739.0,D2,D1,telemetry,102,190,117306feef12175a,8,True,,,,D2,benign,
2766,24744,24747.0,D5,D1,telemetry,105,469,0dee62aa864d09d9,8,True,,,,D5,benign,
2769,24756,24759.0,D9,D1,telemetry,149,186,d8f0046b6785f780,8,True,,,,D9,benign,
2765,24775,24778.0,D4,D1,telemetry,136,190,1eb1f41f55fdc40e,8,True,,,,D4,benign,
2768,24794,24797.0,D8,D1,telemetry,117,379,73cb474dc879a9c9,8,True,,,,D8,benign,
2773,24838,24840.0,D10,D2,heartbeat,37,199,,8,,,,,D10,benign,
2773,24838,24840.0,D10,D6,heartbeat,37,199,,8,,,,,D10,benign,
2773,24838,24840.0,D10,D9,heartbeat,37,199,,8,,,,,D10,benign,
2773,24838,24841.0,D10,D1,heartbeat,37,199,,8,,,,,D10,benign,
2773,24838,24841.0,D10,D3,heartbeat,37,199,,8,,,,,D10,benign,
2773,24838,24841.0,D10,D4,heartbeat,37,199,,8,,,,,D10,benign,
2773,24838,24841.0,D10,D5,heartbeat,37,199,,8,,,,,D10,benign,
2773,24838,24841.0,D10,D7,heartbeat,37,199,,8,,,,,D10,benign,
2773,24838,24841.0,D10,D8,heartbeat,37,199,,8,,,,,D10,benign,
2770,24839,24842.0,D3,D1,telemetry,139,391,df98f7ff236fce31,8,True,,,,D3,benign,
2771,24843,24846.0,D6,D1,telemetry,110,160,8ca5cc8e0b74fbfc,8,True,,,,D6,benign,
2774,24872,24875.0,D10,D1,telemetry,115,200,f018c09277074ef2,8,True,,,,D10,benign,
2772,24898,24902.0,D7,D1,telemetry,106,514,d6427d81b079ef05,8,True,,,,D7,benign,
2775,24922,24925.0,D2,D1,telemetry,116,191,117306feef12175a,8,True,,,,D2,benign,
2778,24949,24951.0,D4,D1,heartbeat,40,191,,8,,,,,D4,benign,
2778,24949,24951.0,D4,D5,heartbeat,40,191,,8,,,,,D4,benign,
2778,24949,24951.0,D4,D7,heartbeat,40,191,,8,,,,,D4,benign,
2778,24949,24951.0,D4,D8,heartbeat,40,191,,8,,,,,D4,benign,
2778,24949,24951.0,D4,D10,heartbeat,40,191,,8,,,,,D4,benign,
2778,24949,24952.0,D4,D3,heartbeat,40,191,,8,,,,,D4,benign,
2778,24949,24952.0,D4,D6,heartbeat,40,191,,8,,,,,D4,benign,
2778,24949,24953.0,D4,D2,heartbeat,40,191,,8,,,,,D4,benign,
2778,24949,24953.0,D4,D9,heartbeat,40,191,,8,,,,,D4,benign,
2782,24951,24954.0,D9,D1,telemetry,108,187,d8f0046b6785f780,8,True,,,,D9,benign,
2780,24951,24955.0,D5,D1,telemetry,119,470,0dee62aa864d09d9,8,True,,,,D5,benign,
2779,24962,24964.0,D4,D1,telemetry,136,192,1eb1f41f55fdc40e,8,True,,,,D4,benign,
2781,24987,24989.0,D8,D1,telemetry,125,380,73cb474dc879a9c9,8,True,,,,D8,benign,
2776,25000,25003.0,D3,D4,video,1320,392,d6a559a806c44e8a,8,True,,,,D3,flooding,flooding-1
2777,25000,25003.0,D3,D4,video,1441,393,d6a559a806c44e8a,8,True,,,policy:rate_limited,D3,flooding,flooding-1
2784,25021,25023.0,D3,D4,heartbeat,38,394,,8,,,,,D3,benign,
2784,25021,25023.0,D3,D5,heartbeat,38,394,,8,,,,,D3,benign,
2784,25021,25023.0,D3,D7,heartbeat,38,394,,8,,,,,D3,benign,
2784,25021,25023.0,D3,D9,heartbeat,38,394,,8,,,,,D3,benign,
2784,25021,25024.0,D3,D1,heartbeat,38,394,,8,,,,,D3,benign,
2784,25021,25024.0,D3,D2,heartbeat,38,394,,8,,,,,D3,benign,
2784,25021,25024.0,D3,D6,heartbeat,38,394,,8,,,,,D3,benign,
2784,25021,25024.0,D3,D10,heartbeat,38,394,,8,,,,,D3,benign,
2784,25021,25025.0,D3,D8,heartbeat,38,394,,8,,,,,D3,benign,
2785,25036,25040.0,D3,D1,telemetry,92,395,df98f7ff236fce31,8,True,,,policy:rate_limited,D3,benign,
2791,25039,25043.0,D10,D1,telemetry,101,201,f018c09277074ef2,8,True,,,,D10,benign,
2789,25049,25052.0,D7,D1,video,1144,516,d6427d81b079ef05,8,True,,,,D7,benign,
2788,25069,25071.0,D7,D1,telemetry,122,515,d6427d81b079ef05,8,True,,,,D7,benign,
2790,25081,25084.0,D7,D1,video,1024,517,d6427d81b079ef05,8,True,,,,D7,benign,
2787,25086,25088.0,D6,D1,telemetry,116,161,8ca5cc8e0b74fbfc,8,True,,,,D6,benign,
2783,25098,25100.0,D2,D1,telemetry,125,192,117306feef12175a,8,True,,,,D2,benign,
2794,25100,25102.0,D4,D1,trust_report,136,193,1eb1f41f55fdc40e,8,True,,,,D4,benign,
2796,25100,25102.0,D6,D1,trust_report,136,162,8ca5cc8e0b74fbfc,8,True,,,,D6,benign,
2797,25100,25102.0,D7,D1,trust_report,136,518,d6427d81b079ef05,8,True,,,,D7,benign,
2786,25100,25103.0,D3,D4,video,1277,396,d6a559a806c44e8a,8,False,,,policy:rate_limited,D3,flooding,flooding-1
2792,25100,25103.0,D2,D1,trust_report,136,193,117306feef12175a,8,True,,,,D2,benign,
2795,25100,25103.0,D5,D1,trust_report,136,471,0dee62aa864d09d9,8,True,,,,D5,benign,
2798,25100,25103.0,D8,D1,trust_report,136,381,73cb474dc879a9c9,8,True,,,,D8,benign,
2799,25100,25103.0,D9,D1,trust_report,136,188,d8f0046b6785f780,8,True,,,,D9,benign,
2800,25100,25104.0,D10,D1,trust_report,136,202,f018c09277074ef2,8,True,,,,D10,benign,
2801,25110,25112.0,D1,D6,heartbeat,36,96,,8,,,,,D1,benign,
2801,25110,25112.0,D1,D7,heartbeat,36,96,,8,,,,,D1,benign,
2801,25110,25112.0,D1,D8,heartbeat,36,96,,8,,,,,D1,benign,
2801,25110,25112.0,D1,D10,heartbeat,36,96,,8,,,,,D1,benign,
2801,25110,25113.0,D1,D2,heartbeat,36,96,,8,,,,,D1,benign,
2801,25110,25113.0,D1,D4,heartbeat,36,96,,8,,,,,D1,benign,
2801,25110,25113.0,D1,D9,heartbeat,36,96,,8,,,,,D1,benign,
2801,25110,25114.0,D1,D5,heartbeat,36,96,,8,,,,,D1,benign,
2801,25110,25115.0,D1,D3,heartbeat,36,96,,8,,,,,D1,benign,
2807,25133,25137.0,D9,D1,telemetry,97,189,d8f0046b6785f780,8,True,,,,D9,benign,
2804,25149,25151.0,D4,D1,telemetry,105,194,1eb1f41f55fdc40e,8,True,,,,D4,benign,
2805,25154,25157.0,D5,D1,telemetry,131,472,0dee62aa864d09d9,8,True,,,,D5,benign,
2806,25172,25175.0,D8,D1,telemetry,129,382,73cb474dc879a9c9,8,True,,,,D8,benign,
2809,25256,,D2,D5,heartbeat,35,194,,8,,,,channel_loss,D2,benign,
2809,25256,,D2,D7,heartbeat,35,194,,8,,,,channel_loss,D2,benign,
2816,25203,25205.0,D10,D1,telemetry,107,203,f018c09277074ef2,8,True,,,,D10,benign,
2808,25215,25218.0,D3,D4,auth_request,152,400,,8,,True,,,D3,benign,
2817,25233,25235.0,D4,D3,auth_response,152,195,,8,,True,,,D4,benign,
2818,25233,25235.0,D4,D1,rl_broadcast,32,196,,8,,,,,D4,benign,
2818,25233,25235.0,D4,D3,rl_broadcast,32,196,,8,,,,,D4,benign,
2818,25233,25235.0,D4,D7,rl_broadcast,32,196,,8,,,,,D4,benign,
2818,25233,25235.0,D4,D8,rl_broadcast,32,196,,8,,,,,D4,benign,
2818,25233,25236.0,D4,D2,rl_broadcast,32,196,,8,,,,,D4,benign,
2818,25233,25236.0,D4,D6,rl_broadcast,32,196,,8,,,,,D4,benign,
2818,25233,25236.0,D4,D9,rl_broadcast,32,196,,8,,,,,D4,benign,
2818,25233,25236.0,D4,D10,rl_broadcast,32,196,,8,,,,,D4,benign,
2818,25233,25238.0,D4,D5,rl_broadcast,32,196,,8,,,,,D4,benign,
2803,25235,25238.0,D3,D4,video,1310,399,95dfd2cddf5636a9,8,True,,,policy:rate_limited,D3,flooding,flooding-1
2802,25235,25239.0,D3,D4,video,1273,398,95dfd2cddf5636a9,8,True,,,policy:rate_limited,D3,flooding,flooding-1
2815,25253,25256.0,D7,D1,telemetry,134,519,d6427d81b079ef05,8,True,,,,D7,benign,
2809,25256,25258.0,D2,D4,heartbeat,35,194,,8,,,,,D2,benign,
2809,25256,25258.0,D2,D6,heartbeat,35,194,,8,,,,,D2,benign,
2809,25256,25258.0,D2,D8,heartbeat,35,194,,8,,,,,D2,benign,
2809,25256,25259.0,D2,D1,heartbeat,35,194,,8,,,,,D2,benign,
2809,25256,25259.0,D2,D9,heartbeat,35,194,,8,,,,,D2,benign,
2809,25256,25259.0,D2,D10,heartbeat,35,194,,8,,,,,D2,benign,
2809,25256,25260.0,D2,D3,heartbeat,35,194,,8,,,,,D2,benign,
2810,25271,25274.0,D2,D1,telemetry,127,195,117306feef12175a,8,True,,,,D2,benign,
2812,25300,25303.0,D3,D4,video,1341,402,95dfd2cddf5636a9,8,True,,,policy:rate_limited,D3,flooding,flooding-1
2813,25300,25303.0,D3,D4,video,1250,403,95dfd2cddf5636a9,8,True,,,policy:rate_limited,D3,flooding,flooding-1
2814,25300,25305.0,D3,D4,video,1445,404,95dfd2cddf5636a9,8,True,,,policy:rate_limited,D3,flooding,flooding-1
2826,25327,25329.0,D9,D1,telemetry,111,190,d8f0046b6785f780,8,True,,,,D9,benign,
2821,25328,25330.0,D4,D1,telemetry,120,197,1eb1f41f55fdc40e,8,True,,,,D4,benign,
2824,25329,25332.0,D6,D1,telemetry,116,163,8ca5cc8e0b74fbfc,8,True,,,,D6,benign,
2822,25332,25334.0,D5,D1,heartbeat,42,473,,8,,,,,D5,benign,
2822,25332,25334.0,D5,D3,heartbeat,42,473,,8,,,,,D5,benign,
2822,25332,25334.0,D5,D8,heartbeat,42,473,,8,,,,,D5,benign,
2822,25332,25335.0,D5,D7,heartbeat,42,473,,8,,,,,D5,benign,
2822,25332,25335.0,D5,D9,heartbeat,42,473,,8,,,,,D5,benign,
2822,25332,25335.0,D5,D10,heartbeat,42,473,,8,,,,,D5,benign,
2822,25332,25336.0,D5,D2,heartbeat,42,473,,8,,,,,D5,benign,
2822,25332,25336.0,D5,D4,heartbeat,42,473,,8,,,,,D5,benign,
2822,25332,25336.0,D5,D6,heartbeat,42,473,,8,,,,,D5,benign,
2823,25353,25356.0,D5,D1,telemetry,129,474,0dee62aa864d09d9,8,True,,,,D5,benign,
2825,25361,25364.0,D8,D1,telemetry,137,383,73cb474dc879a9c9,8,True,,,,D8,benign,
2827,25366,25368.0,D10,D1,telemetry,128,204,f018c09277074ef2,8,True,,,,D10,benign,
2831,25500,,D3,D4,video,1436,409,95dfd2cddf5636a9,8,,,,channel_loss,D3,flooding,flooding-1
2819,25400,25403.0,D3,D4,video,1218,405,95dfd2cddf5636a9,8,True,,,,D3,flooding,flooding-1
2820,25400,25403.0,D3,D4,video,1396,406,95dfd2cddf5636a9,8,True,,,policy:rate_limited,D3,flooding,flooding-1
2832,25431,25433.0,D7,D1,telemetry,105,520,d6427d81b079ef05,8,True,,,,D7,benign,
2833,25442,25444.0,D8,D3,heartbeat,38,384,,8,,,,,D8,benign,
2833,25442,25444.0,D8,D5,heartbeat,38,384,,8,,,,,D8,benign,
2833,25442,25444.0,D8,D9,heartbeat,38,384,,8,,,,,D8,benign,
2833,25442,25445.0,D8,D1,heartbeat,38,384,,8,,,,,D8,benign,
2833,25442,25445.0,D8,D2,heartbeat,38,384,,8,,,,,D8,benign,
2833,25442,25445.0,D8,D4,heartbeat,38,384,,8,,,,,D8,benign,
2833,25442,25445.0,D8,D6,heartbeat,38,384,,8,,,,,D8,benign,
2833,25442,25445.0,D8,D7,heartbeat,38,384,,8,,,,,D8,benign,
2833,25442,25445.0,D8,D10,heartbeat,38,384,,8,,,,,D8,benign,
2834,25447,25451.0,D3,D1,auth_request,152,410,,8,,,,policy:rate_limited,D3,benign,
2828,25453,25456.0,D2,D1,telemetry,141,196,117306feef12175a,8,True,,,,D2,benign,
2830,25500,25504.0,D3,D4,video,1210,408,95dfd2cddf5636a9,8,True,,,policy:rate_limited,D3,flooding,flooding-1
2842,25515,25517.0,D6,D1,heartbeat,44,164,,8,,,,,D6,benign,
2842,25515,25517.0,D6,D3,heartbeat,44,164,,8,,,,,D6,benign,
2842,25515,25517.0,D6,D4,heartbeat,44,164,,8,,,,,D6,benign,
2842,25515,25517.0,D6,D5,heartbeat,44,164,,8,,,,,D6,benign,
2844,25515,25517.0,D7,D1,heartbeat,43,521,,8,,,,,D7,benign,
2844,25515,25517.0,D7,D3,heartbeat,43,521,,8,,,,,D7,benign,
2844,25515,25517.0,D7,D8,heartbeat,43,521,,8,,,,,D7,benign,
2844,25515,25517.0,D7,D9,heartbeat,43,521,,8,,,,,D7,benign,
2844,25515,25517.0,D7,D10,heartbeat,43,521,,8,,,,,D7,benign,
2842,25515,25518.0,D6,D2,heartbeat,44,164,,8,,,,,D6,benign,
2842,25515,25518.0,D6,D7,heartbeat,44,164,,8,,,,,D6,benign,
2842,25515,25518.0,D6,D8,heartbeat,44,164,,8,,,,,D6,benign,
2842,25515,25518.0,D6,D9,heartbeat,44,164,,8,,,,,D6,benign,
2844,25515,25518.0,D7,D2,heartbeat,43,521,,8,,,,,D7,benign,
2844,25515,25518.0,D7,D4,heartbeat,43,521,,8,,,,,D7,benign,
2844,25515,25518.0,D7,D5,heartbeat,43,521,,8,,,,,D7,benign,
2844,25515,25518.0,D7,D6,heartbeat,43,521,,8,,,,,D7,benign,
2842,25515,25519.0,D6,D10,heartbeat,44,164,,8,,,,,D6,benign,
2840,25519,25522.0,D4,D1,telemetry,129,198,1eb1f41f55fdc40e,8,True,,,,D4,benign,
2847,25522,25524.0,D9,D1,telemetry,96,192,d8f0046b6785f780,8,True,,,,D9,benign,
2848,25528,25531.0,D10,D1,telemetry,110,205,f018c09277074ef2,8,True,,,,D10,benign,
2845,25549,25552.0,D8,D1,telemetry,127,385,73cb474dc879a9c9,8,True,,,,D8,benign,
2841,25563,25566.0,D5,D1,telemetry,117,475,0dee62aa864d09d9,8,True,,,,D5,benign,
2843,25567,25569.0,D6,D1,telemetry,100,165,8ca5cc8e0b74fbfc,8,True,,,,D6,benign,
2846,25570,25572.0,D9,D5,heartbeat,28,191,,8,,,,,D9,benign,
2846,25570,25573.0,D9,D1,heartbeat,28,191,,8,,,,,D9,benign,
2846,25570,25573.0,D9,D2,heartbeat,28,191,,8,,,,,D9,benign,
2846,25570,25573.0,D9,D3,heartbeat,28,191,,8,,,,,D9,benign,
2846,25570,25573.0,D9,D4,heartbeat,28,191,,8,,,,,D9,benign,
2846,25570,25573.0,D9,D6,heartbeat,28,191,,8,,,,,D9,benign,
2846,25570,25573.0,D9,D7,heartbeat,28,191,,8,,,,,D9,benign,
2846,25570,25574.0,D9,D8,heartbeat,28,191,,8,,,,,D9,benign,
2846,25570,25574.0,D9,D10,heartbeat,28,191,,8,,,,,D9,benign,
2835,25600,25603.0,D3,D4,video,1336,411,95dfd2cddf5636a9,8,True,,,,D3,flooding,flooding-1
2838,25600,25603.0,D3,D4,video,1424,414,95dfd2cddf5636a9,8,True,,,policy:rate_limited,D3,flooding,flooding-1
2836,25600,25604.0,D3,D4,video,1417,412,95dfd2cddf5636a9,8,True,,,policy:rate_limited,D3,flooding,flooding-1
2837,25600,25604.0,D3,D4,video,1330,413,95dfd2cddf5636a9,8,True,,,policy:rate_limited,D3,flooding,flooding-1
2839,25600,25604.0,D3,D4,video,1321,415,95dfd2cddf5636a9,8,True,,,policy:rate_limited,D3,flooding,flooding-1
2855,25611,25613.0,D7,D1,telemetry,114,522,d6427d81b079ef05,8,True,,,,D7,benign,
2849,25634,25637.0,D2,D1,telemetry,113,197,117306feef12175a,8,True,,,,D2,benign,
2858,25800,,D3,D4,video,1437,423,95dfd2cddf5636a9,8,,,,channel_loss,D3,flooding,flooding-1
2851,25700,25703.0,D3,D4,video,1449,417,95dfd2cddf5636a9,8,True,,,policy:rate_limited,D3,flooding,flooding-1
2854,25700,25703.0,D3,D4,video,1257,420,95dfd2cddf5636a9,8,True,,,policy:rate_limited,D3,flooding,flooding-1
2852,25700,25704.0,D3,D4,video,1259,418,95dfd2cddf5636a9,8,True,,,policy:rate_limited,D3,flooding,flooding-1
2853,25700,25704.0,D3,D4,video,1403,419,95dfd2cddf5636a9,8,True,,,policy:rate_limited,D3,flooding,flooding-1
2866,25702,25706.0,D10,D1,telemetry,116,206,f018c09277074ef2,8,True,,,,D10,benign,
2860,25708,25710.0,D4,D1,telemetry,119,199,1eb1f41f55fdc40e,8,True,,,,D4,benign,
2865,25713,25716.0,D9,D1,telemetry,112,193,d8f0046b6785f780,8,True,,,,D9,benign,
2864,25736,25740.0,D8,D1,telemetry,117,386,73cb474dc879a9c9,8,True,,,,D8,benign,
2861,25779,25783.0,D5,D1,telemetry,110,476,0dee62aa864d09d9,8,True,,,,D5,benign,
2863,25794,25798.0,D7,D1,telemetry,142,523,d6427d81b079ef05,8,True,,,,D7,benign,
2862,25797,25800.0,D6,D1,telemetry,112,166,8ca5cc8e0b74fbfc,8,True,,,,D6,benign,
2857,25800,25803.0,D3,D4,video,1410,422,95dfd2cddf5636a9,8,True,,,,D3,flooding,flooding-1
2856,25800,25804.0,D3,D4,video,1444,421,95dfd2cddf5636a9,8,True,,,policy:rate_limited,D3,flooding,flooding-1
2859,25800,25804.0,D3,D4,video,1373,424,95dfd2cddf5636a9,8,True,,,policy:rate_limited,D3,flooding,flooding-1
2873,25814,25816.0,D10,D1,heartbeat,31,207,,8,,,,,D10,benign,
2873,25814,25816.0,D10,D3,heartbeat,31,207,,8,,,,,D10,benign,
2873,25814,25816.0,D10,D8,heartbeat,31,207,,8,,,,,D10,benign,
2873,25814,25816.0,D10,D9,heartbeat,31,207,,8,,,,,D10,benign,
2873,25814,25817.0,D10,D2,heartbeat,31,207,,8,,,,,D10,benign,
2873,25814,25817.0,D10,D4,heartbeat,31,207,,8,,,,,D10,benign,
2873,25814,25817.0,D10,D6,heartbeat,31,207,,8,,,,,D10,benign,
2873,25814,25817.0,D10,D7,heartbeat,31,207,,8,,,,,D10,benign,
2873,25814,25818.0,D10,D5,heartbeat,31,207,,8,,,,,D10,benign,
2868,25815,25819.0,D2,D1,telemetry,122,198,117306feef12175a,8,True,,,,D2,benign,
2867,25840,25844.0,D1,D6,command,88,97,85cea15922ed038b,8,True,,,,D1,benign,
2874,25864,25867.0,D10,D1,telemetry,118,208,f018c09277074ef2,8,True,,,,D10,benign,
2872,25887,25889.0,D4,D1,telemetry,106,200,1eb1f41f55fdc40e,8,True,,,,D4,benign,
2871,25900,25903.0,D3,D4,video,1315,427,95dfd2cddf5636a9,8,True,,,policy:rate_limited,D3,flooding,flooding-1
2870,25900,25904.0,D3,D4,video,1359,426,95dfd2cddf5636a9,8,True,,,policy:rate_limited,D3,flooding,flooding-1
2882,25904,25906.0,D9,D1,telemetry,112,194,d8f0046b6785f780,8,True,,,,D9,benign,
2881,25926,25928.0,D8,D1,telemetry,110,387,73cb474dc879a9c9,8,True,,,,D8,benign,
2878,25971,25973.0,D4,D2,heartbeat,39,201,,8,,,,,D4,benign,
2878,25971,25973.0,D4,D3,heartbeat,39,201,,8,,,,,D4,benign,
2878,25971,25973.0,D4,D5,heartbeat,39,201,,8,,,,,D4,benign,
2878,25971,25973.0,D4,D6,heartbeat,39,201,,8,,,,,D4,benign,
2878,25971,25973.0,D4,D8,heartbeat,39,201,,8,,,,,D4,benign,
2878,25971,25974.0,D4,D1,heartbeat,39,201,,8,,,,,D4,benign,
2878,25971,25974.0,D4,D7,heartbeat,39,201,,8,,,,,D4,benign,
2878,25971,25975.0,D4,D9,heartbeat,39,201,,8,,,,,D4,benign,
2878,25971,25975.0,D4,D10,heartbeat,39,201,,8,,,,,D4,benign,
2880,25975,25977.0,D7,D1,telemetry,109,524,d6427d81b079ef05,8,True,,,,D7,benign,
2875,25986,25989.0,D2,D1,telemetry,136,199,117306feef12175a,8,True,,,,D2,benign,
2879,25991,25994.0,D5,D1,telemetry,125,477,0dee62aa864d09d9,8,True,,,,D5,benign,
2883,26033,,D3,D7,heartbeat,39,430,,8,,,,channel_loss,D3,benign,
2877,26000,26003.0,D3,D4,video,1252,429,95dfd2cddf5636a9,8,True,,,,D3,flooding,flooding-1
2876,26000,26004.0,D3,D4,video,1296,428,95dfd2cddf5636a9,8,True,,,policy:rate_limited,D3,flooding,flooding-1
2887,26024,26027.0,D6,D1,telemetry,113,167,8ca5cc8e0b74fbfc,8,True,,,,D6,benign,
2883,26033,26035.0,D3,D1,heartbeat,39,430,,8,,,,,D3,benign,
2883,26033,26035.0,D3,D2,heartbeat,39,430,,8,,,,,D3,benign,
2883,26033,26035.0,D3,D8,heartbeat,39,430,,8,,,,,D3,benign,
2883,26033,26035.0,D3,D9,heartbeat,39,430,,8,,,,,D3,benign,
2883,26033,26036.0,D3,D6,heartbeat,39,430,,8,,,,,D3,benign,
2883,26033,26037.0,D3,D4,heartbeat,39,430,,8,,,,,D3,benign,
2883,26033,26037.0,D3,D5,heartbeat,39,430,,8,,,,,D3,benign,
2883,26033,26038.0,D3,D10,heartbeat,39,430,,8,,,,,D3,benign,
2889,26037,26040.0,D10,D1,telemetry,152,209,f018c09277074ef2,8,True,,,,D10,benign,
2886,26076,26080.0,D4,D1,telemetry,130,202,1eb1f41f55fdc40e,8,True,,,,D4,benign,
2888,26094,26097.0,D9,D1,telemetry,132,195,d8f0046b6785f780,8,True,,,,D9,benign,
2890,26100,26102.0,D2,D1,trust_report,136,200,117306feef12175a,8,True,,,,D2,benign,
2892,26100,26102.0,D4,D1,trust_report,136,203,1eb1f41f55fdc40e,8,True,,,,D4,benign,
2893,26100,26102.0,D5,D1,trust_report,136,478,0dee62aa864d09d9,8,True,,,,D5,benign,
2898,26100,26102.0,D10,D1,trust_report,136,210,f018c09277074ef2,8,True,,,,D10,benign,
2885,26100,26103.0,D3,D4,video,1240,432,95dfd2cddf5636a9,8,True,,,policy:rate_limited,D3,flooding,flooding-1
2894,26100,26103.0,D6,D1,trust_report,136,168,8ca5cc8e0b74fbfc,8,True,,,,D6,benign,
2895,26100,26103.0,D7,D1,trust_report,136,525,d6427d81b079ef05,8,True,,,,D7,benign,
2897,26100,26103.0,D9,D1,trust_report,136,196,d8f0046b6785f780,8,True,,,,D9,benign,
2896,26100,26104.0,D8,D1,trust_report,136,388,73cb474dc879a9c9,8,True,,,,D8,benign,
2899,26114,26116.0,D1,D3,heartbeat,37,98,,8,,,,,D1,benign,
2899,26114,26116.0,D1,D6,heartbeat,37,98,,8,,,,,D1,benign,
2899,26114,26116.0,D1,D7,heartbeat,37,98,,8,,,,,D1,benign,
2899,26114,26117.0,D1,D4,heartbeat,37,98,,8,,,,,D1,benign,
2899,26114,26117.0,D1,D5,heartbeat,37,98,,8,,,,,D1,benign,
2899,26114,26117.0,D1,D8,heartbeat,37,98,,8,,,,,D1,benign,
2899,26114,26117.0,D1,D9,heartbeat,37,98,,8,,,,,D1,benign,
2899,26114,26118.0,D1,D2,heartbeat,37,98,,8,,,,,D1,benign,
2899,26114,26118.0,D1,D10,heartbeat,37,98,,8,,,,,D1,benign,
2908,26121,26125.0,D8,D1,telemetry,144,389,73cb474dc879a9c9,8,True,,,,D8,benign,
2907,26154,26158.0,D7,D1,telemetry,121,526,d6427d81b079ef05,8,True,,,,D7,benign,
2900,26158,26161.0,D2,D1,telemetry,128,201,117306feef12175a,8,True,,,,D2,benign,
2906,26199,26203.0,D5,D1,telemetry,113,479,0dee62aa864d09d9,8,True,,,,D5,benign,
2902,26200,26203.0,D3,D4,video,1299,435,95dfd2cddf5636a9,8,True,,,,D3,flooding,flooding-1
2903,26200,26203.0,D3,D4,video,1285,436,95dfd2cddf5636a9,8,True,,,policy:rate_limited,D3,flooding,flooding-1
2904,26200,26203.0,D3,D4,video,1430,437,95dfd2cddf5636a9,8,True,,,policy:rate_limited,D3,flooding,flooding-1
2905,26200,26203.0,D3,D4,video,1241,438,95dfd2cddf5636a9,8,True,,,policy:rate_limited,D3,flooding,flooding-1
2918,26208,26211.0,D10,D1,telemetry,137,211,f018c09277074ef2,8,True,,,,D10,benign,
2915,26254,26256.0,D4,D1,telemetry,137,204,1eb1f41f55fdc40e,8,True,,,,D4,benign,
2916,26259,26261.0,D6,D1,telemetry,113,169,8ca5cc8e0b74fbfc,8,True,,,,D6,benign,
2909,26269,26271.0,D2,D5,heartbeat,34,202,,8,,,,,D2,benign,
2909,26269,26271.0,D2,D8,heartbeat,34,202,,8,,,,,D2,benign,
2909,26269,26271.0,D2,D9,heartbeat,34,202,,8,,,,,D2,benign,
2909,26269,26272.0,D2,D3,heartbeat,34,202,,8,,,,,D2,benign,
2909,26269,26272.0,D2,D4,heartbeat,34,202,,8,,,,,D2,benign,
2909,26269,26272.0,D2,D6,heartbeat,34,202,,8,,,,,D2,benign,
2909,26269,26272.0,D2,D7,heartbeat,34,202,,8,,,,,D2,benign,
2909,26269,26272.0,D2,D10,heartbeat,34,202,,8,,,,,D2,benign,
2909,26269,26273.0,D2,D1,heartbeat,34,202,,8,,,,,D2,benign,
2917,26273,26275.0,D9,D1,telemetry,105,197,d8f0046b6785f780,8,True,,,,D9,benign,
2921,26400,,D3,D4,video,1320,445,95dfd2cddf5636a9,8,,,,channel_loss,D3,flooding,flooding-1
2911,26300,26303.0,D3,D4,video,1436,440,95dfd2cddf5636a9,8,True,,,policy:rate_limited,D3,flooding,flooding-1
2912,26300,26303.0,D3,D4,video,1224,441,95dfd2cddf5636a9,8,True,,,policy:rate_limited,D3,flooding,flooding-1
2913,26300,26303.0,D3,D4,video,1386,442,95dfd2cddf5636a9,8,True,,,policy:rate_limited,D3,flooding,flooding-1
2914,26300,26304.0,D3,D4,video,1259,443,95dfd2cddf5636a9,8,True,,,policy:rate_limited,D3,flooding,flooding-1
2910,26300,26305.0,D3,D4,video,1217,439,95dfd2cddf5636a9,8,True,,,policy:rate_limited,D3,flooding,flooding-1
2924,26318,26321.0,D8,D1,telemetry,107,390,73cb474dc879a9c9,8,True,,,,D8,benign,
2923,26333,26335.0,D7,D1,telemetry,112,527,d6427d81b079ef05,8,True,,,,D7,benign,
2919,26335,26338.0,D2,D1,telemetry,125,203,117306feef12175a,8,True,,,,D2,benign,
2922,26338,26340.0,D5,D6,heartbeat,36,480,,8,,,,,D5,benign,
2922,26338,26340.0,D5,D9,heartbeat,36,480,,8,,,,,D5,benign,
2922,26338,26341.0,D5,D1,heartbeat,36,480,,8,,,,,D5,benign,
2922,26338,26341.0,D5,D2,heartbeat,36,480,,8,,,,,D5,benign,
2922,26338,26341.0,D5,D3,heartbeat,36,480,,8,,,,,D5,benign,
2922,26338,26341.0,D5,D7,heartbeat,36,480,,8,,,,,D5,benign,
2922,26338,26341.0,D5,D8,heartbeat,36,480,,8,,,,,D5,benign,
2922,26338,26342.0,D5,D4,heartbeat,36,480,,8,,,,,D5,benign,
2922,26338,26342.0,D5,D10,heartbeat,36,480,,8,,,,,D5,benign,
2925,26372,26374.0,D10,D1,telemetry,118,212,f018c09277074ef2,8,True,,,,D10,benign,
2932,26415,26417.0,D5,D1,telemetry,105,481,0dee62aa864d09d9,8,True,,,,D5,benign,
2935,26417,26420.0,D8,D1,heartbeat,37,391,,8,,,,,D8,benign,
2935,26417,26420.0,D8,D2,heartbeat,37,391,,8,,,,,D8,benign,
2935,26417,26420.0,D8,D4,heartbeat,37,391,,8,,,,,D8,benign,
2935,26417,26420.0,D8,D5,heartbeat,37,391,,8,,,,,D8,benign,
2935,26417,26420.0,D8,D6,heartbeat,37,391,,8,,,,,D8,benign,
2935,26417,26420.0,D8,D7,heartbeat,37,391,,8,,,,,D8,benign,
2935,26417,26420.0,D8,D9,heartbeat,37,391,,8,,,,,D8,benign,
2935,26417,26421.0,D8,D3,heartbeat,37,391,,8,,,,,D8,benign,
2935,26417,26421.0,D8,D10,heartbeat,37,391,,8,,,,,D8,benign,
2931,26440,26444.0,D4,D1,telemetry,111,205,1eb1f41f55fdc40e,8,True,,,,D4,benign,
2936,26463,26466.0,D9,D1,telemetry,101,198,d8f0046b6785f780,8,True,,,,D9,benign,
2933,26486,26488.0,D6,D1,heartbeat,38,170,,8,,,,,D6,benign,
2933,26486,26488.0,D6,D4,heartbeat,38,170,,8,,,,,D6,benign,
2933,26486,26489.0,D6,D2,heartbeat,38,170,,8,,,,,D6,benign,
2933,26486,26489.0,D6,D3,heartbeat,38,170,,8,,,,,D6,benign,
2933,26486,26489.0,D6,D5,heartbeat,38,170,,8,,,,,D6,benign,
2933,26486,26489.0,D6,D7,heartbeat,38,170,,8,,,,,D6,benign,
2933,26486,26489.0,D6,D8,heartbeat,38,170,,8,,,,,D6,benign,
2933,26486,26490.0,D6,D9,heartbeat,38,170,,8,,,,,D6,benign,
2933,26486,26491.0,D6,D10,heartbeat,38,170,,8,,,,,D6,benign,
2934,26492,26495.0,D6,D1,telemetry,121,171,8ca5cc8e0b74fbfc,8,True,,,,D6,benign,
2927,26500,26503.0,D3,D4,video,1419,447,95dfd2cddf5636a9,8,True,,,,D3,flooding,flooding-1
2928,26500,26503.0,D3,D4,video,1230,448,95dfd2cddf5636a9,8,True,,,policy:rate_limited,D3,flooding,flooding-1
2929,26500,26503.0,D3,D4,video,1258,449,95dfd2cddf5636a9,8,True,,,policy:rate_limited,D3,flooding,flooding-1
2930,26500,26503.0,D3,D4,video,1277,450,95dfd2cddf5636a9,8,True,,,policy:rate_limited,D3,flooding,flooding-1
2926,26500,26504.0,D3,D4,video,1280,446,95dfd2cddf5636a9,8,True,,,policy:rate_limited,D3,flooding,flooding-1
2943,26504,26508.0,D8,D1,telemetry,131,392,73cb474dc879a9c9,8,True,,,,D8,benign,
2942,26508,26511.0,D7,D1,telemetry,105,529,d6427d81b079ef05,8,True,,,,D7,benign,
2937,26514,26518.0,D2,D1,telemetry,113,204,117306feef12175a,8,True,,,,D2,benign,
2944,26523,26525.0,D9,D3,heartbeat,36,199,,8,,,,,D9,benign,
2944,26523,26525.0,D9,D5,heartbeat,36,199,,8,,,,,D9,benign,
2944,26523,26525.0,D9,D6,heartbeat,36,199,,8,,,,,D9,benign,
2944,26523,26525.0,D9,D7,heartbeat,36,199,,8,,,,,D9,benign,
2944,26523,26525.0,D9,D8,heartbeat,36,199,,8,,,,,D9,benign,
2944,26523,26525.0,D9,D10,heartbeat,36,199,,8,,,,,D9,benign,
2944,26523,26526.0,D9,D1,heartbeat,36,199,,8,,,,,D9,benign,
2944,26523,26526.0,D9,D2,heartbeat,36,199,,8,,,,,D9,benign,
2944,26523,26528.0,D9,D4,heartbeat,36,199,,8,,,,,D9,benign,
2945,26542,26544.0,D10,D1,telemetry,117,213,f018c09277074ef2,8,True,,,,D10,benign,
2941,26560,26562.0,D7,D1,heartbeat,36,528,,8,,,,,D7,benign,
2941,26560,26562.0,D7,D2,heartbeat,36,528,,8,,,,,D7,benign,
2941,26560,26562.0,D7,D3,heartbeat,36,528,,8,,,,,D7,benign,
2941,26560,26562.0,D7,D6,heartbeat,36,528,,8,,,,,D7,benign,
2941,26560,26562.0,D7,D9,heartbeat,36,528,,8,,,,,D7,benign,
2941,26560,26563.0,D7,D4,heartbeat,36,528,,8,,,,,D7,benign,
2941,26560,26563.0,D7,D5,heartbeat,36,528,,8,,,,,D7,benign,
2941,26560,26563.0,D7,D10,heartbeat,36,528,,8,,,,,D7,benign,
2941,26560,26564.0,D7,D8,heartbeat,36,528,,8,,,,,D7,benign,
2947,26700,,D3,D4,video,1429,454,95dfd2cddf5636a9,8,,,,channel_loss,D3,flooding,flooding-1
2940,26600,26603.0,D3,D4,video,1399,453,95dfd2cddf5636a9,8,True,,,,D3,flooding,flooding-1
2939,26600,26604.0,D3,D4,video,1349,452,95dfd2cddf5636a9,8,True,,,policy:rate_limited,D3,flooding,flooding-1
2951,26614,26617.0,D5,D1,telemetry,127,482,0dee62aa864d09d9,8,True,,,,D5,benign,
2950,26631,26634.0,D4,D1,telemetry,99,206,1eb1f41f55fdc40e,8,True,,,,D4,benign,
2954,26652,26654.0,D9,D1,telemetry,121,200,d8f0046b6785f780,8,True,,,,D9,benign,
2946,26685,26687.0,D2,D1,telemetry,109,205,117306feef12175a,8,True,,,,D2,benign,
2952,26689,26693.0,D7,D1,telemetry,111,530,d6427d81b079ef05,8,True,,,,D7,benign,
2953,26690,26693.0,D8,D1,telemetry,130,393,73cb474dc879a9c9,8,True,,,,D8,benign,
2959,26800,,D3,D4,video,1372,461,95dfd2cddf5636a9,8,,,,channel_loss,D3,flooding,flooding-1
2948,26700,26703.0,D3,D4,video,1362,455,95dfd2cddf5636a9,8,True,,,policy:rate_limited,D3,flooding,flooding-1
2949,26700,26703.0,D3,D4,video,1221,456,95dfd2cddf5636a9,8,True,,,policy:rate_limited,D3,flooding,flooding-1
2965,26717,26720.0,D10,D1,telemetry,116,214,f018c09277074ef2,8,True,,,,D10,benign,
2964,26734,26736.0,D6,D1,telemetry,122,172,8ca5cc8e0b74fbfc,8,True,,,,D6,benign,
2969,26823,,D4,D1,telemetry,123,207,1eb1f41f55fdc40e,8,,,,channel_loss,D4,benign,
2956,26800,26803.0,D3,D4,video,1245,458,95dfd2cddf5636a9,8,True,,,,D3,flooding,flooding-1
2957,26800,26803.0,D3,D4,video,1434,459,95dfd2cddf5636a9,8,True,,,policy:rate_limited,D3,flooding,flooding-1
2958,26800,26803.0,D3,D4,video,1232,460,95dfd2cddf5636a9,8,True,,,policy:rate_limited,D3,flooding,flooding-1
2960,26800,26803.0,D3,D4,video,1445,462,95dfd2cddf5636a9,8,True,,,policy:rate_limited,D3,flooding,flooding-1
2961,26800,26803.0,D3,D4,video,1430,463,95dfd2cddf5636a9,8,True,,,policy:rate_limited,D3,flooding,flooding-1
2962,26800,26803.0,D3,D4,video,1381,464,95dfd2cddf5636a9,8,True,,,policy:rate_limited,D3,flooding,flooding-1
2963,26800,26803.0,D3,D4,video,1317,465,95dfd2cddf5636a9,8,True,,,policy:rate_limited,D3,flooding,flooding-1
2974,26814,26816.0,D10,D2,heartbeat,36,215,,8,,,,,D10,benign,
2974,26814,26816.0,D10,D8,heartbeat,36,215,,8,,,,,D10,benign,
2974,26814,26816.0,D10,D9,heartbeat,36,215,,8,,,,,D10,benign,
2974,26814,26817.0,D10,D1,heartbeat,36,215,,8,,,,,D10,benign,
2974,26814,26817.0,D10,D3,heartbeat,36,215,,8,,,,,D10,benign,
2974,26814,26817.0,D10,D4,heartbeat,36,215,,8,,,,,D10,benign,
2974,26814,26817.0,D10,D5,heartbeat,36,215,,8,,,,,D10,benign,
2974,26814,26817.0,D10,D6,heartbeat,36,215,,8,,,,,D10,benign,
2974,26814,26817.0,D10,D7,heartbeat,36,215,,8,,,,,D10,benign,
2970,26822,26825.0,D5,D1,telemetry,136,483,0dee62aa864d09d9,8,True,,,,D5,benign,
2973,26835,26838.0,D9,D1,telemetry,98,201,d8f0046b6785f780,8,True,,,,D9,benign,
2966,26863,26865.0,D2,D1,telemetry,112,206,117306feef12175a,8,True,,,,D2,benign,
2971,26870,26873.0,D7,D1,telemetry,112,531,d6427d81b079ef05,8,True,,,,D7,benign,
2972,26875,26878.0,D8,D1,telemetry,110,394,73cb474dc879a9c9,8,True,,,,D8,benign,
2975,26879,26881.0,D10,D1,telemetry,121,216,f018c09277074ef2,8,True,,,,D10,benign,
2967,26900,26903.0,D3,D4,video,1290,466,95dfd2cddf5636a9,8,True,,,policy:rate_limited,D3,flooding,flooding-1
2968,26900,26904.0,D3,D4,video,1422,467,95dfd2cddf5636a9,8,True,,,policy:rate_limited,D3,flooding,flooding-1
2979,26974,26976.0,D6,D1,telemetry,102,173,8ca5cc8e0b74fbfc,8,True,,,,D6,benign,
2978,26982,26984.0,D4,D5,heartbeat,44,208,,8,,,,,D4,benign,
2978,26982,26984.0,D4,D8,heartbeat,44,208,,8,,,,,D4,benign,
2978,26982,26984.0,D4,D9,heartbeat,44,208,,8,,,,,D4,benign,
2978,26982,26984.0,D4,D10,heartbeat,44,208,,8,,,,,D4,benign,
2978,26982,26985.0,D4,D1,heartbeat,44,208,,8,,,,,D4,benign,
2978,26982,26985.0,D4,D2,heartbeat,44,208,,8,,,,,D4,benign,
2978,26982,26985.0,D4,D3,heartbeat,44,208,,8,,,,,D4,benign,
2978,26982,26986.0,D4,D6,heartbeat,44,208,,8,,,,,D4,benign,
2978,26982,26986.0,D4,D7,heartbeat,44,208,,8,,,,,D4,benign,
2982,27035,,D3,D1,heartbeat,43,470,,8,,,,channel_loss,D3,benign,
2977,27000,27003.0,D3,D4,video,1264,469,95dfd2cddf5636a9,8,True,,,,D3,flooding,flooding-1
2986,27001,27004.0,D4,D1,telemetry,142,209,1eb1f41f55fdc40e,8,True,,,,D4,benign,
2990,27012,27015.0,D9,D1,telemetry,121,202,d8f0046b6785f780,8,True,,,,D9,benign,
2987,27024,27027.0,D5,D1,telemetry,94,484,0dee62aa864d09d9,8,True,,,,D5,benign,
2982,27035,27037.0,D3,D2,heartbeat,43,470,,8,,,,,D3,benign,
2982,27035,27037.0,D3,D8,heartbeat,43,470,,8,,,,,D3,benign,
2982,27035,27037.0,D3,D9,heartbeat,43,470,,8,,,,,D3,benign,
2982,27035,27037.0,D3,D10,heartbeat,43,470,,8,,,,,D3,benign,
2982,27035,27038.0,D3,D4,heartbeat,43,470,,8,,,,,D3,benign,
2982,27035,27038.0,D3,D5,heartbeat,43,470,,8,,,,,D3,benign,
2982,27035,27038.0,D3,D6,heartbeat,43,470,,8,,,,,D3,benign,
2981,27037,27040.0,D2,D1,telemetry,122,207,117306feef12175a,8,True,,,,D2,benign,
2988,27040,27042.0,D7,D1,telemetry,123,532,d6427d81b079ef05,8,True,,,,D7,benign,
2989,27054,27057.0,D8,D1,telemetry,110,395,73cb474dc879a9c9,8,True,,,,D8,benign,
2991,27057,27060.0,D10,D1,telemetry,120,217,f018c09277074ef2,8,True,,,,D10,benign,
3004,27200,,D3,D4,video,1271,478,95dfd2cddf5636a9,8,,,,channel_loss,D3,flooding,flooding-1
2980,27099,27101.0,D1,D3,heartbeat,38,99,,8,,,,,D1,benign,
2980,27099,27101.0,D1,D4,heartbeat,38,99,,8,,,,,D1,benign,
2980,27099,27101.0,D1,D6,heartbeat,38,99,,8,,,,,D1,benign,
2980,27099,27101.0,D1,D10,heartbeat,38,99,,8,,,,,D1,benign,
2980,27099,27102.0,D1,D5,heartbeat,38,99,,8,,,,,D1,benign,
2980,27099,27102.0,D1,D7,heartbeat,38,99,,8,,,,,D1,benign,
2980,27099,27102.0,D1,D8,heartbeat,38,99,,8,,,,,D1,benign,
2980,27099,27102.0,D1,D9,heartbeat,38,99,,8,,,,,D1,benign,
2995,27100,27102.0,D5,D1,trust_report,136,485,0dee62aa864d09d9,8,True,,,,D5,benign,
2980,27099,27103.0,D1,D2,heartbeat,38,99,,8,,,,,D1,benign,
2983,27100,27103.0,D3,D4,video,1208,471,95dfd2cddf5636a9,8,True,,,policy:rate_limited,D3,flooding,flooding-1
2984,27100,27103.0,D3,D4,video,1378,472,95dfd2cddf5636a9,8,True,,,policy:rate_limited,D3,flooding,flooding-1
2985,27100,27103.0,D3,D4,video,1436,473,95dfd2cddf5636a9,8,True,,,policy:rate_limited,D3,flooding,flooding-1
2992,27100,27103.0,D2,D1,trust_report,136,208,117306feef12175a,8,True,,,,D2,benign,
2994,27100,27103.0,D4,D1,trust_report,136,210,1eb1f41f55fdc40e,8,True,,,,D4,benign,
2996,27100,27103.0,D6,D1,trust_report,136,174,8ca5cc8e0b74fbfc,8,True,,,,D6,benign,
2997,27100,27103.0,D7,D1,trust_report,136,533,d6427d81b079ef05,8,True,,,,D7,benign,
2998,27100,27103.0,D8,D1,trust_report,136,396,73cb474dc879a9c9,8,True,,,,D8,benign,
2999,27100,27103.0,D9,D1,trust_report,136,203,d8f0046b6785f780,8,True,,,,D9,benign,
3000,27100,27103.0,D10,D1,trust_report,136,218,f018c09277074ef2,8,True,,,,D10,benign,
3005,27191,27193.0,D4,D1,telemetry,146,211,1eb1f41f55fdc40e,8,True,,,,D4,benign,
3009,27300,,D3,D4,video,1420,480,95dfd2cddf5636a9,8,,,,channel_loss,D3,flooding,flooding-1
3002,27200,27203.0,D3,D4,video,1444,476,95dfd2cddf5636a9,8,True,,,,D3,flooding,flooding-1
3003,27200,27203.0,D3,D4,video,1301,477,95dfd2cddf5636a9,8,True,,,policy:rate_limited,D3,flooding,flooding-1
3014,27201,27204.0,D9,D1,telemetry,108,204,d8f0046b6785f780,8,True,,,,D9,benign,
3011,27204,27207.0,D6,D1,telemetry,130,175,8ca5cc8e0b74fbfc,8,True,,,,D6,benign,
3007,27213,27216.0,D2,D1,telemetry,148,210,117306feef12175a,8,True,,,,D2,benign,
3015,27219,27222.0,D10,D1,telemetry,106,219,f018c09277074ef2,8,True,,,,D10,benign,
3012,27219,27223.0,D7,D1,telemetry,111,534,d6427d81b079ef05,8,True,,,,D7,benign,
3006,27224,27226.0,D2,D5,heartbeat,42,209,,8,,,,,D2,benign,
3006,27224,27226.0,D2,D9,heartbeat,42,209,,8,,,,,D2,benign,
3006,27224,27227.0,D2,D1,heartbeat,42,209,,8,,,,,D2,benign,
3006,27224,27227.0,D2,D3,heartbeat,42,209,,8,,,,,D2,benign,
3006,27224,27227.0,D2,D6,heartbeat,42,209,,8,,,,,D2,benign,
3006,27224,27227.0,D2,D7,heartbeat,42,209,,8,,,,,D2,benign,
3006,27224,27227.0,D2,D8,heartbeat,42,209,,8,,,,,D2,benign,
3006,27224,27227.0,D2,D10,heartbeat,42,209,,8,,,,,D2,benign,
3006,27224,27228.0,D2,D4,heartbeat,42,209,,8,,,,,D2,benign,
3010,27225,27228.0,D5,D1,telemetry,130,486,0dee62aa864d09d9,8,True,,,,D5,benign,
3013,27248,27251.0,D8,D1,telemetry,143,397,73cb474dc879a9c9,8,True,,,,D8,benign,
3008,27300,27303.0,D3,D4,video,1291,479,95dfd2cddf5636a9,8,True,,,policy:rate_limited,D3,flooding,flooding-1
3016,27347,27349.0,D1,D5,command,81,100,0dee62aa864d09d9,8,True,,,,D1,benign,
3022,27370,27372.0,D4,D1,telemetry,120,212,1eb1f41f55fdc40e,8,True,,,,D4,benign,
3025,27377,27380.0,D9,D1,telemetry,137,205,d8f0046b6785f780,8,True,,,,D9,benign,
3023,27378,27380.0,D5,D1,heartbeat,44,487,,8,,,,,D5,benign,
3023,27378,27380.0,D5,D3,heartbeat,44,487,,8,,,,,D5,benign,
3023,27378,27380.0,D5,D6,heartbeat,44,487,,8,,,,,D5,benign,
3023,27378,27380.0,D5,D9,heartbeat,44,487,,8,,,,,D5,benign,
3023,27378,27381.0,D5,D2,heartbeat,44,487,,8,,,,,D5,benign,
3023,27378,27381.0,D5,D4,heartbeat,44,487,,8,,,,,D5,benign,
3023,27378,27381.0,D5,D7,heartbeat,44,487,,8,,,,,D5,benign,
3023,27378,27381.0,D5,D10,heartbeat,44,487,,8,,,,,D5,benign,
3023,27378,27382.0,D5,D8,heartbeat,44,487,,8,,,,,D5,benign,
3026,27385,27387.0,D10,D1,telemetry,134,220,f018c09277074ef2,8,True,,,,D10,benign,
3024,27389,27392.0,D7,D1,telemetry,123,535,d6427d81b079ef05,8,True,,,,D7,benign,
3017,27395,27398.0,D2,D1,telemetry,91,211,117306feef12175a,8,True,,,,D2,benign,
3019,27400,27403.0,D3,D4,video,1391,482,95dfd2cddf5636a9,8,True,,,,D3,flooding,flooding-1
3020,27400,27403.0,D3,D4,video,1240,483,95dfd2cddf5636a9,8,True,,,policy:rate_limited,D3,flooding,flooding-1
3021,27400,27403.0,D3,D4,video,1317,484,95dfd2cddf5636a9,8,True,,,policy:rate_limited,D3,flooding,flooding-1
3034,27428,27431.0,D8,D1,telemetry,108,399,73cb474dc879a9c9,8,True,,,,D8,benign,
3032,27439,27441.0,D6,D1,telemetry,129,176,8ca5cc8e0b74fbfc,8,True,,,,D6,benign,
3031,27441,27445.0,D5,D1,telemetry,128,488,0dee62aa864d09d9,8,True,,,,D5,benign,
3033,27450,27452.0,D8,D4,heartbeat,39,398,,8,,,,,D8,benign,
3033,27450,27452.0,D8,D5,heartbeat,39,398,,8,,,,,D8,benign,
3033,27450,27453.0,D8,D1,heartbeat,39,398,,8,,,,,D8,benign,
3033,27450,27453.0,D8,D2,heartbeat,39,398,,8,,,,,D8,benign,
3033,27450,27453.0,D8,D3,heartbeat,39,398,,8,,,,,D8,benign,
3033,27450,27453.0,D8,D7,heartbeat,39,398,,8,,,,,D8,benign,
3033,27450,27453.0,D8,D9,heartbeat,39,398,,8,,,,,D8,benign,
3033,27450,27453.0,D8,D10,heartbeat,39,398,,8,,,,,D8,benign,
3033,27450,27454.0,D8,D6,heartbeat,39,398,,8,,,,,D8,benign,
3035,27484,27486.0,D9,D4,heartbeat,45,206,,8,,,,,D9,benign,
3035,27484,27486.0,D9,D6,heartbeat,45,206,,8,,,,,D9,benign,
3035,27484,27486.0,D9,D8,heartbeat,45,206,,8,,,,,D9,benign,
3035,27484,27487.0,D9,D1,heartbeat,45,206,,8,,,,,D9,benign,
3035,27484,27487.0,D9,D3,heartbeat,45,206,,8,,,,,D9,benign,
3035,27484,27487.0,D9,D5,heartbeat,45,206,,8,,,,,D9,benign,
3035,27484,27488.0,D9,D2,heartbeat,45,206,,8,,,,,D9,benign,
3035,27484,27488.0,D9,D7,heartbeat,45,206,,8,,,,,D9,benign,
3035,27484,27488.0,D9,D10,heartbeat,45,206,,8,,,,,D9,benign,
3027,27500,27503.0,D3,D4,video,1293,485,95dfd2cddf5636a9,8,True,,,policy:rate_limited,D3,flooding,flooding-1
3028,27500,27503.0,D3,D4,video,1242,486,95dfd2cddf5636a9,8,True,,,policy:rate_limited,D3,flooding,flooding-1
3029,27500,27503.0,D3,D4,video,1297,487,95dfd2cddf5636a9,8,True,,,policy:rate_limited,D3,flooding,flooding-1
3030,27500,27504.0,D3,D4,video,1278,488,95dfd2cddf5636a9,8,True,,,policy:rate_limited,D3,flooding,flooding-1
3044,27509,27511.0,D6,D2,heartbeat,40,177,,8,,,,,D6,benign,
3044,27509,27511.0,D6,D9,heartbeat,40,177,,8,,,,,D6,benign,
3044,27509,27512.0,D6,D1,heartbeat,40,177,,8,,,,,D6,benign,
3044,27509,27512.0,D6,D3,heartbeat,40,177,,8,,,,,D6,benign,
3044,27509,27512.0,D6,D4,heartbeat,40,177,,8,,,,,D6,benign,
3044,27509,27512.0,D6,D8,heartbeat,40,177,,8,,,,,D6,benign,
3044,27509,27512.0,D6,D10,heartbeat,40,177,,8,,,,,D6,benign,
3044,27509,27513.0,D6,D5,heartbeat,40,177,,8,,,,,D6,benign,
3044,27509,27513.0,D6,D7,heartbeat,40,177,,8,,,,,D6,benign,
3043,27550,27553.0,D4,D1,telemetry,126,213,1eb1f41f55fdc40e,8,True,,,,D4,benign,
3045,27555,27557.0,D7,D1,heartbeat,36,536,,8,,,,,D7,benign,
3045,27555,27557.0,D7,D2,heartbeat,36,536,,8,,,,,D7,benign,
3045,27555,27557.0,D7,D4,heartbeat,36,536,,8,,,,,D7,benign,
3045,27555,27557.0,D7,D5,heartbeat,36,536,,8,,,,,D7,benign,
3045,27555,27558.0,D7,D6,heartbeat,36,536,,8,,,,,D7,benign,
3045,27555,27558.0,D7,D9,heartbeat,36,536,,8,,,,,D7,benign,
3045,27555,27558.0,D7,D10,heartbeat,36,536,,8,,,,,D7,benign,
3045,27555,27559.0,D7,D8,heartbeat,36,536,,8,,,,,D7,benign,
3048,27559,27561.0,D10,D1,telemetry,126,221,f018c09277074ef2,8,True,,,,D10,benign,
3047,27560,27563.0,D9,D1,telemetry,113,207,d8f0046b6785f780,8,True,,,,D9,benign,
3046,27563,27567.0,D7,D1,telemetry,123,537,d6427d81b079ef05,8,True,,,,D7,benign,
3036,27567,27570.0,D2,D1,telemetry,117,212,117306feef12175a,8,True,,,,D2,benign,
3038,27600,27603.0,D3,D4,video,1225,490,95dfd2cddf5636a9,8,True,,,,D3,flooding,flooding-1
3039,27600,27603.0,D3,D4,video,1222,491,95dfd2cddf5636a9,8,True,,,policy:rate_limited,D3,flooding,flooding-1
3040,27600,27603.0,D3,D4,video,1327,492,95dfd2cddf5636a9,8,True,,,policy:rate_limited,D3,flooding,flooding-1
3042,27600,27603.0,D3,D4,video,1365,494,95dfd2cddf5636a9,8,True,,,policy:rate_limited,D3,flooding,flooding-1
3041,27600,27605.0,D3,D4,video,1340,493,95dfd2cddf5636a9,8,True,,,policy:rate_limited,D3,flooding,flooding-1
3053,27625,27628.0,D8,D1,telemetry,119,400,73cb474dc879a9c9,8,True,,,,D8,benign,
3051,27643,27646.0,D5,D1,telemetry,117,489,0dee62aa864d09d9,8,True,,,,D5,benign,
3052,27682,27685.0,D6,D1,telemetry,125,178,8ca5cc8e0b74fbfc,8,True,,,,D6,benign,
3049,27700,27703.0,D3,D4,video,1354,495,95dfd2cddf5636a9,8,True,,,policy:rate_limited,D3,flooding,flooding-1
3050,27700,27703.0,D3,D4,video,1430,496,95dfd2cddf5636a9,8,True,,,policy:rate_limited,D3,flooding,flooding-1
3059,27704,27708.0,D7,D1,video,950,539,d6427d81b079ef05,8,True,,,,D7,benign,
3064,27729,27731.0,D10,D1,telemetry,125,222,f018c09277074ef2,8,True,,,,D10,benign,
3058,27731,27733.0,D7,D1,telemetry,119,538,d6427d81b079ef05,8,True,,,,D7,benign,
3060,27734,27738.0,D7,D1,video,1033,540,d6427d81b079ef05,8,True,,,,D7,benign,
3057,27737,27739.0,D4,D1,telemetry,91,214,1eb1f41f55fdc40e,8,True,,,,D4,benign,
3054,27744,27746.0,D2,D1,telemetry,124,213,117306feef12175a,8,True,,,,D2,benign,
3063,27748,27751.0,D9,D1,telemetry,115,208,d8f0046b6785f780,8,True,,,,D9,benign,
3061,27757,27760.0,D7,D1,video,1085,541,d6427d81b079ef05,8,True,,,,D7,benign,
3062,27797,27801.0,D7,D1,video,1168,542,d6427d81b079ef05,8,True,,,,D7,benign,
3056,27800,27805.0,D3,D4,video,1307,498,95dfd2cddf5636a9,8,True,,,,D3,flooding,flooding-1
3072,27814,27816.0,D10,D6,heartbeat,39,223,,8,,,,,D10,benign,
3072,27814,27816.0,D10,D8,heartbeat,39,223,,8,,,,,D10,benign,
3072,27814,27817.0,D10,D1,heartbeat,39,223,,8,,,,,D10,benign,
3072,27814,27817.0,D10,D2,heartbeat,39,223,,8,,,,,D10,benign,
3072,27814,27817.0,D10,D3,heartbeat,39,223,,8,,,,,D10,benign,
3072,27814,27817.0,D10,D4,heartbeat,39,223,,8,,,,,D10,benign,
3072,27814,27817.0,D10,D5,heartbeat,39,223,,8,,,,,D10,benign,
3072,27814,27817.0,D10,D7,heartbeat,39,223,,8,,,,,D10,benign,
3072,27814,27817.0,D10,D9,heartbeat,39,223,,8,,,,,D10,benign,
3071,27816,27819.0,D8,D1,telemetry,115,401,73cb474dc879a9c9,8,True,,,,D8,benign,
3067,27854,27857.0,D5,D1,telemetry,115,490,0dee62aa864d09d9,8,True,,,,D5,benign,
3068,27857,27860.0,D7,D1,video,1173,543,d6427d81b079ef05,8,True,,,,D7,benign,
3069,27857,27860.0,D7,D1,video,1242,544,d6427d81b079ef05,8,True,,,,D7,benign,
3070,27857,27861.0,D7,D1,video,1300,545,d6427d81b079ef05,8,True,,,,D7,benign,
3073,27899,27903.0,D10,D1,telemetry,117,224,f018c09277074ef2,8,True,,,,D10,benign,
3066,27900,27903.0,D3,D4,video,1390,500,95dfd2cddf5636a9,8,True,,,policy:rate_limited,D3,flooding,flooding-1
3065,27900,27905.0,D3,D4,video,1341,499,95dfd2cddf5636a9,8,True,,,policy:rate_limited,D3,flooding,flooding-1
3079,27913,27915.0,D6,D1,telemetry,98,179,8ca5cc8e0b74fbfc,8,True,,,,D6,benign,
3080,27913,27916.0,D7,D1,telemetry,128,546,d6427d81b079ef05,8,True,,,,D7,benign,
3074,27917,27919.0,D2,D1,telemetry,117,214,117306feef12175a,8,True,,,,D2,benign,
3078,27921,27924.0,D4,D1,telemetry,109,216,1eb1f41f55fdc40e,8,True,,,,D4,benign,
3085,27931,27934.0,D9,D1,telemetry,113,209,d8f0046b6785f780,8,True,,,,D9,benign,
3081,27961,27964.0,D7,D1,video,998,547,d6427d81b079ef05,8,True,,,,D7,benign,
3082,27980,27984.0,D7,D1,video,1142,548,d6427d81b079ef05,8,True,,,,D7,benign,
3077,27986,27988.0,D4,D3,heartbeat,42,215,,8,,,,,D4,benign,
3077,27986,27988.0,D4,D5,heartbeat,42,215,,8,,,,,D4,benign,
3077,27986,27988.0,D4,D7,heartbeat,42,215,,8,,,,,D4,benign,
3077,27986,27988.0,D4,D8,heartbeat,42,215,,8,,,,,D4,benign,
3077,27986,27988.0,D4,D9,heartbeat,42,215,,8,,,,,D4,benign,
3077,27986,27989.0,D4,D1,heartbeat,42,215,,8,,,,,D4,benign,
3077,27986,27989.0,D4,D6,heartbeat,42,215,,8,,,,,D4,benign,
3077,27986,27990.0,D4,D2,heartbeat,42,215,,8,,,,,D4,benign,
3077,27986,27990.0,D4,D10,heartbeat,42,215,,8,,,,,D4,benign,
3083,27988,27992.0,D7,D1,video,1137,549,d6427d81b079ef05,8,True,,,,D7,benign,
3084,27996,27999.0,D8,D1,telemetry,90,402,73cb474dc879a9c9,8,True,,,,D8,benign,
3076,28000,28004.0,D3,D4,video,1327,502,95dfd2cddf5636a9,8,True,,,,D3,flooding,flooding-1
3091,28029,28032.0,D7,D1,video,1352,551,d6427d81b079ef05,8,True,,,,D7,benign,
3092,28035,28038.0,D7,D1,video,1057,552,d6427d81b079ef05,8,True,,,,D7,benign,
3086,28049,28051.0,D3,D2,heartbeat,43,503,,8,,,,,D3,benign,
3086,28049,28051.0,D3,D4,heartbeat,43,503,,8,,,,,D3,benign,
3086,28049,28051.0,D3,D5,heartbeat,43,503,,8,,,,,D3,benign,
3086,28049,28051.0,D3,D6,heartbeat,43,503,,8,,,,,D3,benign,
3086,28049,28052.0,D3,D1,heartbeat,43,503,,8,,,,,D3,benign,
3086,28049,28052.0,D3,D8,heartbeat,43,503,,8,,,,,D3,benign,
3086,28049,28052.0,D3,D9,heartbeat,43,503,,8,,,,,D3,benign,
3086,28049,28053.0,D3,D10,heartbeat,43,503,,8,,,,,D3,benign,
3093,28054,28057.0,D7,D1,video,1227,553,d6427d81b079ef05,8,True,,,,D7,benign,
3094,28067,28070.0,D10,D1,telemetry,131,225,f018c09277074ef2,8,True,,,,D10,benign,
3089,28068,28071.0,D5,D1,telemetry,127,491,0dee62aa864d09d9,8,True,,,,D5,benign,
3090,28086,28088.0,D7,D1,telemetry,109,550,d6427d81b079ef05,8,True,,,,D7,benign,
3102,28100,28102.0,D9,D1,trust_report,136,210,d8f0046b6785f780,8,True,,,,D9,benign,
3095,28100,28103.0,D2,D1,trust_report,136,215,117306feef12175a,8,True,,,,D2,benign,
3097,28100,28103.0,D4,D1,trust_report,136,217,1eb1f41f55fdc40e,8,True,,,,D4,benign,
3098,28100,28103.0,D5,D1,trust_report,136,492,0dee62aa864d09d9,8,True,,,,D5,benign,
3099,28100,28103.0,D6,D1,trust_report,136,180,8ca5cc8e0b74fbfc,8,True,,,,D6,benign,
3100,28100,28103.0,D7,D1,trust_report,136,554,d6427d81b079ef05,8,True,,,,D7,benign,
3101,28100,28103.0,D8,D1,trust_report,136,403,73cb474dc879a9c9,8,True,,,,D8,benign,
3103,28100,28103.0,D10,D1,trust_report,136,226,f018c09277074ef2,8,True,,,,D10,benign,
3088,28100,28104.0,D3,D4,video,1211,505,95dfd2cddf5636a9,8,True,,,policy:rate_limited,D3,flooding,flooding-1
3109,28104,28107.0,D4,D1,telemetry,131,218,1eb1f41f55fdc40e,8,True,,,,D4,benign,
3106,28106,28108.0,D2,D1,telemetry,122,217,117306feef12175a,8,True,,,,D2,benign,
3114,28119,28122.0,D9,D1,telemetry,134,211,d8f0046b6785f780,8,True,,,,D9,benign,
3110,28139,28141.0,D6,D1,telemetry,148,181,8ca5cc8e0b74fbfc,8,True,,,,D6,benign,
3104,28148,28151.0,D1,D2,heartbeat,43,101,,8,,,,,D1,benign,
3104,28148,28151.0,D1,D4,heartbeat,43,101,,8,,,,,D1,benign,
3104,28148,28151.0,D1,D5,heartbeat,43,101,,8,,,,,D1,benign,
3104,28148,28151.0,D1,D7,heartbeat,43,101,,8,,,,,D1,benign,
3104,28148,28151.0,D1,D8,heartbeat,43,101,,8,,,,,D1,benign,
3104,28148,28151.0,D1,D9,heartbeat,43,101,,8,,,,,D1,benign,
3104,28148,28151.0,D1,D10,heartbeat,43,101,,8,,,,,D1,benign,
3104,28148,28152.0,D1,D3,heartbeat,43,101,,8,,,,,D1,benign,
3104,28148,28152.0,D1,D6,heartbeat,43,101,,8,,,,,D1,benign,
3111,28162,28165.0,D7,D1,video,978,555,d6427d81b079ef05,8,True,,,,D7,benign,
3112,28165,28169.0,D7,D1,video,988,556,d6427d81b079ef05,8,True,,,,D7,benign,
3105,28177,28179.0,D2,D1,heartbeat,40,216,,8,,,,,D2,benign,
3105,28177,28179.0,D2,D3,heartbeat,40,216,,8,,,,,D2,benign,
3105,28177,28179.0,D2,D6,heartbeat,40,216,,8,,,,,D2,benign,
3105,28177,28179.0,D2,D7,heartbeat,40,216,,8,,,,,D2,benign,
3105,28177,28179.0,D2,D8,heartbeat,40,216,,8,,,,,D2,benign,
3105,28177,28180.0,D2,D4,heartbeat,40,216,,8,,,,,D2,benign,
3105,28177,28180.0,D2,D5,heartbeat,40,216,,8,,,,,D2,benign,
3105,28177,28180.0,D2,D9,heartbeat,40,216,,8,,,,,D2,benign,
3105,28177,28180.0,D2,D10,heartbeat,40,216,,8,,,,,D2,benign,
3113,28187,28190.0,D8,D1,telemetry,129,404,73cb474dc879a9c9,8,True,,,,D8,benign,
3107,28200,28203.0,D3,D4,video,1379,507,95dfd2cddf5636a9,8,True,,,,D3,flooding,flooding-1
3108,28200,28205.0,D3,D4,video,1304,508,95dfd2cddf5636a9,8,True,,,policy:rate_limited,D3,flooding,flooding-1
3121,28220,28224.0,D7,D1,video,1150,558,d6427d81b079ef05,8,True,,,,D7,benign,
3122,28235,28238.0,D7,D1,video,1025,559,d6427d81b079ef05,8,True,,,,D7,benign,
3124,28240,28242.0,D10,D1,telemetry,128,227,f018c09277074ef2,8,True,,,,D10,benign,
3119,28267,28269.0,D5,D1,telemetry,141,493,0dee62aa864d09d9,8,True,,,,D5,benign,
3120,28271,28274.0,D7,D1,telemetry,114,557,d6427d81b079ef05,8,True,,,,D7,benign,
3118,28286,28290.0,D4,D1,telemetry,91,219,1eb1f41f55fdc40e,8,True,,,,D4,benign,
3115,28293,28297.0,D2,D1,telemetry,110,218,117306feef12175a,8,True,,,,D2,benign,
3123,28295,28297.0,D9,D1,telemetry,124,212,d8f0046b6785f780,8,True,,,,D9,benign,
3117,28300,28304.0,D3,D4,video,1210,510,95dfd2cddf5636a9,8,True,,,policy:rate_limited,D3,flooding,flooding-1
3128,28348,28351.0,D7,D1,video,1178,560,d6427d81b079ef05,8,True,,,,D7,benign,
3129,28366,28369.0,D7,D1,video,1151,561,d6427d81b079ef05,8,True,,,,D7,benign,
3127,28366,28370.0,D6,D1,telemetry,110,182,8ca5cc8e0b74fbfc,8,True,,,,D6,benign,
3131,28381,28383.0,D8,D1,telemetry,112,405,73cb474dc879a9c9,8,True,,,,D8,benign,
3126,28383,28385.0,D5,D1,heartbeat,48,494,,8,,,,,D5,benign,
3126,28383,28385.0,D5,D4,heartbeat,48,494,,8,,,,,D5,benign,
3126,28383,28385.0,D5,D6,heartbeat,48,494,,8,,,,,D5,benign,
3126,28383,28385.0,D5,D7,heartbeat,48,494,,8,,,,,D5,benign,
3126,28383,28385.0,D5,D8,heartbeat,48,494,,8,,,,,D5,benign,
3126,28383,28386.0,D5,D2,heartbeat,48,494,,8,,,,,D5,benign,
3126,28383,28386.0,D5,D3,heartbeat,48,494,,8,,,,,D5,benign,
3126,28383,28386.0,D5,D9,heartbeat,48,494,,8,,,,,D5,benign,
3126,28383,28386.0,D5,D10,heartbeat,48,494,,8,,,,,D5,benign,
3130,28394,28397.0,D7,D1,video,1160,562,d6427d81b079ef05,8,True,,,,D7,benign,
3125,28400,28403.0,D3,D4,video,1290,511,95dfd2cddf5636a9,8,True,,,,D3,flooding,flooding-1
3141,28409,28412.0,D7,D1,video,1175,564,d6427d81b079ef05,8,True,,,,D7,benign,
3149,28412,28414.0,D10,D1,telemetry,126,228,f018c09277074ef2,8,True,,,,D10,benign,
3142,28418,28422.0,D7,D1,video,1055,565,d6427d81b079ef05,8,True,,,,D7,benign,
3143,28440,28443.0,D7,D1,video,1250,566,d6427d81b079ef05,8,True,,,,D7,benign,
3140,28450,28453.0,D7,D1,telemetry,120,563,d6427d81b079ef05,8,True,,,,D7,benign,
3144,28458,28461.0,D7,D1,video,983,567,d6427d81b079ef05,8,True,,,,D7,benign,
3146,28469,28471.0,D8,D1,heartbeat,40,406,,8,,,,,D8,benign,
3146,28469,28471.0,D8,D6,heartbeat,40,406,,8,,,,,D8,benign,
3146,28469,28471.0,D8,D10,heartbeat,40,406,,8,,,,,D8,benign,
3138,28469,28472.0,D4,D1,telemetry,109,220,1eb1f41f55fdc40e,8,True,,,,D4,benign,
3146,28469,28472.0,D8,D2,heartbeat,40,406,,8,,,,,D8,benign,
3146,28469,28472.0,D8,D3,heartbeat,40,406,,8,,,,,D8,benign,
3146,28469,28472.0,D8,D4,heartbeat,40,406,,8,,,,,D8,benign,
3146,28469,28472.0,D8,D5,heartbeat,40,406,,8,,,,,D8,benign,
3146,28469,28472.0,D8,D7,heartbeat,40,406,,8,,,,,D8,benign,
3146,28469,28472.0,D8,D9,heartbeat,40,406,,8,,,,,D8,benign,
3139,28477,28480.0,D5,D1,telemetry,133,495,0dee62aa864d09d9,8,True,,,,D5,benign,
3147,28478,28480.0,D9,D1,heartbeat,41,213,,8,,,,,D9,benign,
3147,28478,28480.0,D9,D3,heartbeat,41,213,,8,,,,,D9,benign,
3147,28478,28480.0,D9,D7,heartbeat,41,213,,8,,,,,D9,benign,
3147,28478,28480.0,D9,D8,heartbeat,41,213,,8,,,,,D9,benign,
3147,28478,28481.0,D9,D4,heartbeat,41,213,,8,,,,,D9,benign,
3147,28478,28481.0,D9,D5,heartbeat,41,213,,8,,,,,D9,benign,
3147,28478,28481.0,D9,D6,heartbeat,41,213,,8,,,,,D9,benign,
3147,28478,28481.0,D9,D10,heartbeat,41,213,,8,,,,,D9,benign,
3147,28478,28482.0,D9,D2,heartbeat,41,213,,8,,,,,D9,benign,
3145,28479,28482.0,D7,D1,video,1050,568,d6427d81b079ef05,8,True,,,,D7,benign,
3132,28482,28485.0,D2,D1,telemetry,100,219,117306feef12175a,8,True,,,,D2,benign,
3148,28488,28491.0,D9,D1,telemetry,100,214,d8f0046b6785f780,8,True,,,,D9,benign,
3134,28500,28503.0,D3,D4,video,1201,513,95dfd2cddf5636a9,8,True,,,policy:rate_limited,D3,flooding,flooding-1
3137,28500,28503.0,D3,D4,video,1448,516,95dfd2cddf5636a9,8,True,,,policy:rate_limited,D3,flooding,flooding-1
3135,28500,28504.0,D3,D4,video,1399,514,95dfd2cddf5636a9,8,True,,,policy:rate_limited,D3,flooding,flooding-1
3136,28500,28504.0,D3,D4,video,1360,515,95dfd2cddf5636a9,8,True,,,policy:rate_limited,D3,flooding,flooding-1
3151,28531,28533.0,D6,D2,heartbeat,36,183,,8,,,,,D6,benign,
3151,28531,28533.0,D6,D5,heartbeat,36,183,,8,,,,,D6,benign,
3151,28531,28533.0,D6,D8,heartbeat,36,183,,8,,,,,D6,benign,
3151,28531,28533.0,D6,D9,heartbeat,36,183,,8,,,,,D6,benign,
3151,28531,28534.0,D6,D1,heartbeat,36,183,,8,,,,,D6,benign,
3151,28531,28534.0,D6,D3,heartbeat,36,183,,8,,,,,D6,benign,
3151,28531,28534.0,D6,D4,heartbeat,36,183,,8,,,,,D6,benign,
3151,28531,28534.0,D6,D7,heartbeat,36,183,,8,,,,,D6,benign,
3151,28531,28534.0,D6,D10,heartbeat,36,183,,8,,,,,D6,benign,
3153,28542,28546.0,D7,D1,video,1159,570,d6427d81b079ef05,8,True,,,,D7,benign,
3155,28574,28576.0,D10,D1,telemetry,103,229,f018c09277074ef2,8,True,,,,D10,benign,
3154,28577,28579.0,D8,D1,telemetry,112,407,73cb474dc879a9c9,8,True,,,,D8,benign,
3152,28586,28588.0,D7,D5,heartbeat,37,569,,8,,,,,D7,benign,
3152,28586,28588.0,D7,D10,heartbeat,37,569,,8,,,,,D7,benign,
3152,28586,28589.0,D7,D1,heartbeat,37,569,,8,,,,,D7,benign,
3152,28586,28589.0,D7,D4,heartbeat,37,569,,8,,,,,D7,benign,
3152,28586,28589.0,D7,D6,heartbeat,37,569,,8,,,,,D7,benign,
3152,28586,28589.0,D7,D8,heartbeat,37,569,,8,,,,,D7,benign,
3152,28586,28589.0,D7,D9,heartbeat,37,569,,8,,,,,D7,benign,
3152,28586,28590.0,D7,D2,heartbeat,37,569,,8,,,,,D7,benign,
3150,28600,28604.0,D3,D4,video,1443,517,95dfd2cddf5636a9,8,True,,,,D3,flooding,flooding-1
3161,28604,28607.0,D6,D1,telemetry,127,184,8ca5cc8e0b74fbfc,8,True,,,,D6,benign,
3162,28630,28633.0,D7,D1,telemetry,120,571,d6427d81b079ef05,8,True,,,,D7,benign,
3159,28649,28653.0,D4,D1,telemetry,108,221,1eb1f41f55fdc40e,8,True,,,,D4,benign,
3156,28653,28658.0,D2,D1,telemetry,123,220,117306feef12175a,8,True,,,,D2,benign,
3163,28659,28662.0,D7,D1,video,1090,572,d6427d81b079ef05,8,True,,,,D7,benign,
3164,28664,28667.0,D7,D1,video,1033,573,d6427d81b079ef05,8,True,,,,D7,benign,
3166,28666,28668.0,D9,D1,telemetry,102,215,d8f0046b6785f780,8,True,,,,D9,benign,
3160,28690,28692.0,D5,D1,telemetry,131,496,0dee62aa864d09d9,8,True,,,,D5,benign,
3165,28691,28694.0,D7,D1,video,1077,574,d6427d81b079ef05,8,True,,,,D7,benign,
3167,28700,28702.0,D3,D1,auth_request,152,520,,8,,,,policy:rate_limited,D3,benign,
3158,28700,28704.0,D3,D4,video,1417,519,95dfd2cddf5636a9,8,True,,,policy:rate_limited,D3,flooding,flooding-1
3177,28707,28711.0,D7,D1,video,1117,576,d6427d81b079ef05,8,True,,,,D7,benign,
3172,28713,28717.0,D5,D1,video,1088,497,0dee62aa864d09d9,8,True,,,,D5,benign,
3173,28723,28726.0,D5,D1,video,1089,498,0dee62aa864d09d9,8,True,,,,D5,benign,
3178,28725,28728.0,D7,D1,video,884,577,d6427d81b079ef05,8,True,,,,D7,benign,
3174,28736,28739.0,D5,D1,video,1031,499,0dee62aa864d09d9,8,True,,,,D5,benign,
3184,28741,28744.0,D10,D1,telemetry,125,231,f018c09277074ef2,8,True,,,,D10,benign,
3175,28756,28759.0,D5,D1,video,1128,500,0dee62aa864d09d9,8,True,,,,D5,benign,
3182,28758,28761.0,D8,D1,telemetry,132,408,73cb474dc879a9c9,8,True,,,,D8,benign,
3179,28769,28772.0,D7,D1,video,1036,578,d6427d81b079ef05,8,True,,,,D7,benign,
3180,28771,28774.0,D7,D1,video,1207,579,d6427d81b079ef05,8,True,,,,D7,benign,
3181,28772,28775.0,D7,D1,video,1160,580,d6427d81b079ef05,8,True,,,,D7,benign,
3183,28773,28775.0,D10,D7,heartbeat,45,230,,8,,,,,D10,benign,
3183,28773,28775.0,D10,D8,heartbeat,45,230,,8,,,,,D10,benign,
3183,28773,28775.0,D10,D9,heartbeat,45,230,,8,,,,,D10,benign,
3183,28773,28776.0,D10,D1,heartbeat,45,230,,8,,,,,D10,benign,
3183,28773,28776.0,D10,D2,heartbeat,45,230,,8,,,,,D10,benign,
3183,28773,28776.0,D10,D3,heartbeat,45,230,,8,,,,,D10,benign,
3183,28773,28776.0,D10,D4,heartbeat,45,230,,8,,,,,D10,benign,
3183,28773,28776.0,D10,D5,heartbeat,45,230,,8,,,,,D10,benign,
3183,28773,28776.0,D10,D6,heartbeat,45,230,,8,,,,,D10,benign,
3176,28799,28802.0,D7,D1,telemetry,122,575,d6427d81b079ef05,8,True,,,,D7,benign,
3168,28800,28803.0,D3,D4,video,1307,521,95dfd2cddf5636a9,8,True,,,,D3,flooding,flooding-1
3169,28800,28803.0,D3,D4,video,1212,522,95dfd2cddf5636a9,8,True,,,policy:rate_limited,D3,flooding,flooding-1
3171,28800,28803.0,D3,D4,video,1409,524,95dfd2cddf5636a9,8,True,,,policy:rate_limited,D3,flooding,flooding-1
3170,28800,28804.0,D3,D4,video,1370,523,95dfd2cddf5636a9,8,True,,,policy:rate_limited,D3,flooding,flooding-1
3193,28802,28805.0,D7,D1,video,1012,581,d6427d81b079ef05,8,True,,,,D7,benign,
3194,28803,28806.0,D7,D1,video,1046,582,d6427d81b079ef05,8,True,,,,D7,benign,
3190,28807,28809.0,D5,D1,video,1147,502,0dee62aa864d09d9,8,True,,,,D5,benign,
3191,28813,28816.0,D5,D1,video,1163,503,0dee62aa864d09d9,8,True,,,,D5,benign,
3188,28825,28829.0,D4,D1,telemetry,121,222,1eb1f41f55fdc40e,8,True,,,,D4,benign,
3192,28839,28841.0,D6,D1,telemetry,120,185,8ca5cc8e0b74fbfc,8,True,,,,D6,benign,
3185,28840,28844.0,D2,D1,telemetry,107,221,117306feef12175a,8,True,,,,D2,benign,
3197,28849,28853.0,D9,D1,telemetry,109,216,d8f0046b6785f780,8,True,,,,D9,benign,
3195,28856,28860.0,D7,D1,video,1352,583,d6427d81b079ef05,8,True,,,,D7,benign,
3189,28887,28890.0,D5,D1,telemetry,132,501,0dee62aa864d09d9,8,True,,,,D5,benign,
3196,28889,28892.0,D7,D1,video,894,584,d6427d81b079ef05,8,True,,,,D7,benign,
3187,28900,28904.0,D3,D4,video,1385,526,95dfd2cddf5636a9,8,True,,,policy:rate_limited,D3,flooding,flooding-1
3202,28913,28917.0,D7,D1,video,898,586,d6427d81b079ef05,8,True,,,,D7,benign,
3206,28915,28917.0,D10,D1,telemetry,128,232,f018c09277074ef2,8,True,,,,D10,benign,
3203,28937,28940.0,D7,D1,video,1045,587,d6427d81b079ef05,8,True,,,,D7,benign,
3199,28939,28942.0,D5,D1,video,1282,504,0dee62aa864d09d9,8,True,,,,D5,benign,
3205,28951,28953.0,D8,D1,telemetry,120,409,73cb474dc879a9c9,8,True,,,,D8,benign,
3204,28959,28961.0,D7,D1,video,913,588,d6427d81b079ef05,8,True,,,,D7,benign,
3201,28983,28986.0,D7,D1,telemetry,143,585,d6427d81b079ef05,8,True,,,,D7,benign,
3198,28985,28987.0,D4,D1,heartbeat,45,223,,8,,,,,D4,benign,
3198,28985,28987.0,D4,D2,heartbeat,45,223,,8,,,,,D4,benign,
3198,28985,28987.0,D4,D8,heartbeat,45,223,,8,,,,,D4,benign,
3198,28985,28987.0,D4,D10,heartbeat,45,223,,8,,,,,D4,benign,
3198,28985,28988.0,D4,D3,heartbeat,45,223,,8,,,,,D4,benign,
3198,28985,28988.0,D4,D5,heartbeat,45,223,,8,,,,,D4,benign,
3198,28985,28988.0,D4,D6,heartbeat,45,223,,8,,,,,D4,benign,
3198,28985,28988.0,D4,D7,heartbeat,45,223,,8,,,,,D4,benign,
3200,28985,28988.0,D5,D1,video,1352,505,0dee62aa864d09d9,8,True,,,,D5,benign,
3198,28985,28989.0,D4,D9,heartbeat,45,223,,8,,,,,D4,benign,
3211,29019,29022.0,D4,D1,telemetry,116,224,1eb1f41f55fdc40e,8,True,,,,D4,benign,
3207,29026,29029.0,D2,D1,telemetry,105,222,117306feef12175a,8,True,,,,D2,benign,
3213,29026,29029.0,D5,D1,video,1035,507,0dee62aa864d09d9,8,True,,,,D5,benign,
3219,29030,29033.0,D9,D1,telemetry,136,217,d8f0046b6785f780,8,True,,,,D9,benign,
3217,29057,29060.0,D7,D1,video,1083,589,d6427d81b079ef05,8,True,,,,D7,benign,
3216,29069,29071.0,D6,D1,telemetry,120,186,8ca5cc8e0b74fbfc,8,True,,,,D6,benign,
3220,29080,29082.0,D10,D1,telemetry,127,233,f018c09277074ef2,8,True,,,,D10,benign,
3208,29081,29083.0,D3,D1,heartbeat,37,527,,8,,,,,D3,benign,
3208,29081,29083.0,D3,D4,heartbeat,37,527,,8,,,,,D3,benign,
3208,29081,29083.0,D3,D5,heartbeat,37,527,,8,,,,,D3,benign,
3208,29081,29083.0,D3,D6,heartbeat,37,527,,8,,,,,D3,benign,
3208,29081,29083.0,D3,D8,heartbeat,37,527,,8,,,,,D3,benign,
3208,29081,29084.0,D3,D2,heartbeat,37,527,,8,,,,,D3,benign,
3208,29081,29084.0,D3,D9,heartbeat,37,527,,8,,,,,D3,benign,
3208,29081,29084.0,D3,D10,heartbeat,37,527,,8,,,,,D3,benign,
3214,29082,29086.0,D5,D1,video,1115,508,0dee62aa864d09d9,8,True,,,,D5,benign,
3215,29087,29090.0,D5,D1,video,1070,509,0dee62aa864d09d9,8,True,,,,D5,benign,
3218,29090,29093.0,D7,D1,video,999,590,d6427d81b079ef05,8,True,,,,D7,benign,
3212,29093,29095.0,D5,D1,telemetry,122,506,0dee62aa864d09d9,8,True,,,,D5,benign,
3231,29164,,D2,D9,heartbeat,36,224,,8,,,,channel_loss,D2,benign,
3221,29100,29102.0,D2,D1,trust_report,136,223,117306feef12175a,8,True,,,,D2,benign,
3225,29100,29102.0,D6,D1,trust_report,136,187,8ca5cc8e0b74fbfc,8,True,,,,D6,benign,
3226,29100,29102.0,D7,D1,trust_report,136,591,d6427d81b079ef05,8,True,,,,D7,benign,
3229,29100,29102.0,D10,D1,trust_report,136,234,f018c09277074ef2,8,True,,,,D10,benign,
3224,29100,29103.0,D5,D1,trust_report,136,510,0dee62aa864d09d9,8,True,,,,D5,benign,
3227,29100,29103.0,D8,D1,trust_report,136,410,73cb474dc879a9c9,8,True,,,,D8,benign,
3228,29100,29103.0,D9,D1,trust_report,136,218,d8f0046b6785f780,8,True,,,,D9,benign,
3210,29100,29104.0,D3,D4,video,1308,529,95dfd2cddf5636a9,8,True,,,,D3,flooding,flooding-1
3223,29100,29104.0,D4,D1,trust_report,136,225,1eb1f41f55fdc40e,8,True,,,,D4,benign,
3230,29111,29113.0,D1,D3,heartbeat,39,102,,8,,,,,D1,benign,
3230,29111,29113.0,D1,D6,heartbeat,39,102,,8,,,,,D1,benign,
3230,29111,29113.0,D1,D10,heartbeat,39,102,,8,,,,,D1,benign,
3230,29111,29114.0,D1,D2,heartbeat,39,102,,8,,,,,D1,benign,
3230,29111,29114.0,D1,D4,heartbeat,39,102,,8,,,,,D1,benign,
3230,29111,29114.0,D1,D5,heartbeat,39,102,,8,,,,,D1,benign,
3230,29111,29114.0,D1,D7,heartbeat,39,102,,8,,,,,D1,benign,
3230,29111,29114.0,D1,D8,heartbeat,39,102,,8,,,,,D1,benign,
3230,29111,29114.0,D1,D9,heartbeat,39,102,,8,,,,,D1,benign,
3234,29118,29121.0,D5,D1,video,1183,511,0dee62aa864d09d9,8,True,,,,D5,benign,
3235,29120,29123.0,D5,D1,video,955,512,0dee62aa864d09d9,8,True,,,,D5,benign,
3236,29132,29135.0,D5,D1,video,1016,513,0dee62aa864d09d9,8,True,,,,D5,benign,
3237,29137,29141.0,D5,D1,video,1163,514,0dee62aa864d09d9,8,True,,,,D5,benign,
3240,29146,29148.0,D8,D1,telemetry,107,411,73cb474dc879a9c9,8,True,,,,D8,benign,
3238,29152,29154.0,D7,D1,telemetry,124,592,d6427d81b079ef05,8,True,,,,D7,benign,
3231,29164,29166.0,D2,D3,heartbeat,36,224,,8,,,,,D2,benign,
3231,29164,29167.0,D2,D4,heartbeat,36,224,,8,,,,,D2,benign,
3231,29164,29167.0,D2,D6,heartbeat,36,224,,8,,,,,D2,benign,
3231,29164,29167.0,D2,D7,heartbeat,36,224,,8,,,,,D2,benign,
3231,29164,29167.0,D2,D8,heartbeat,36,224,,8,,,,,D2,benign,
3231,29164,29167.0,D2,D10,heartbeat,36,224,,8,,,,,D2,benign,
3231,29164,29168.0,D2,D1,heartbeat,36,224,,8,,,,,D2,benign,
3239,29164,29168.0,D7,D1,video,1281,593,d6427d81b079ef05,8,True,,,,D7,benign,
3231,29164,29169.0,D2,D5,heartbeat,36,224,,8,,,,,D2,benign,
3232,29200,29203.0,D3,D4,video,1439,531,95dfd2cddf5636a9,8,True,,,,D3,flooding,flooding-1
3233,29200,29204.0,D3,D4,video,1253,532,95dfd2cddf5636a9,8,True,,,policy:rate_limited,D3,flooding,flooding-1
3248,29208,29212.0,D4,D1,telemetry,123,226,1eb1f41f55fdc40e,8,True,,,,D4,benign,
3252,29214,29216.0,D9,D1,telemetry,127,219,d8f0046b6785f780,8,True,,,,D9,benign,
3241,29216,29218.0,D2,D1,telemetry,111,225,117306feef12175a,8,True,,,,D2,benign,
3250,29226,29230.0,D5,D1,video,1016,516,0dee62aa864d09d9,8,True,,,,D5,benign,
3253,29251,29253.0,D10,D1,telemetry,112,235,f018c09277074ef2,8,True,,,,D10,benign,
3251,29290,29294.0,D5,D1,video,1110,517,0dee62aa864d09d9,8,True,,,,D5,benign,
3249,29298,29300.0,D5,D1,telemetry,98,515,0dee62aa864d09d9,8,True,,,,D5,benign,
3244,29300,29303.0,D3,D4,video,1255,535,95dfd2cddf5636a9,8,True,,,policy:rate_limited,D3,flooding,flooding-1
3245,29300,29303.0,D3,D4,video,1256,536,95dfd2cddf5636a9,8,True,,,policy:rate_limited,D3,flooding,flooding-1
3243,29300,29304.0,D3,D4,video,1299,534,95dfd2cddf5636a9,8,True,,,policy:rate_limited,D3,flooding,flooding-1
3246,29300,29304.0,D3,D4,video,1357,537,95dfd2cddf5636a9,8,True,,,policy:rate_limited,D3,flooding,flooding-1
3247,29300,29304.0,D3,D4,video,1302,538,95dfd2cddf5636a9,8,True,,,policy:rate_limited,D3,flooding,flooding-1
3262,29316,29318.0,D6,D1,telemetry,105,188,8ca5cc8e0b74fbfc,8,True,,,,D6,benign,
3259,29320,29323.0,D5,D1,video,1192,519,0dee62aa864d09d9,8,True,,,,D5,benign,
3260,29321,29325.0,D5,D1,video,974,520,0dee62aa864d09d9,8,True,,,,D5,benign,
3263,29326,29328.0,D7,D1,telemetry,118,594,d6427d81b079ef05,8,True,,,,D7,benign,
3264,29329,29331.0,D8,D1,telemetry,100,412,73cb474dc879a9c9,8,True,,,,D8,benign,
3261,29378,29381.0,D5,D1,video,869,521,0dee62aa864d09d9,8,True,,,,D5,benign,
3255,29387,29389.0,D2,D1,telemetry,127,226,117306feef12175a,8,True,,,,D2,benign,
3257,29387,29389.0,D4,D1,telemetry,135,227,1eb1f41f55fdc40e,8,True,,,,D4,benign,
3258,29392,29394.0,D5,D1,heartbeat,41,518,,8,,,,,D5,benign,
3258,29392,29394.0,D5,D4,heartbeat,41,518,,8,,,,,D5,benign,
3258,29392,29394.0,D5,D7,heartbeat,41,518,,8,,,,,D5,benign,
3258,29392,29394.0,D5,D8,heartbeat,41,518,,8,,,,,D5,benign,
3258,29392,29394.0,D5,D10,heartbeat,41,518,,8,,,,,D5,benign,
3258,29392,29395.0,D5,D3,heartbeat,41,518,,8,,,,,D5,benign,
3258,29392,29395.0,D5,D6,heartbeat,41,518,,8,,,,,D5,benign,
3258,29392,29395.0,D5,D9,heartbeat,41,518,,8,,,,,D5,benign,
3258,29392,29396.0,D5,D2,heartbeat,41,518,,8,,,,,D5,benign,
3254,29396,29398.0,D1,D10,command,74,103,f018c09277074ef2,8,True,,,,D1,benign,
3256,29400,29404.0,D3,D4,video,1227,539,95dfd2cddf5636a9,8,True,,,,D3,flooding,flooding-1
3278,29402,29405.0,D9,D1,telemetry,110,221,d8f0046b6785f780,8,True,,,,D9,benign,
3269,29414,29417.0,D5,D1,video,1170,523,0dee62aa864d09d9,8,True,,,,D5,benign,
3279,29428,29430.0,D10,D1,telemetry,127,236,f018c09277074ef2,8,True,,,,D10,benign,
3270,29428,29432.0,D5,D1,video,1198,524,0dee62aa864d09d9,8,True,,,,D5,benign,
3271,29429,29433.0,D5,D1,video,1042,525,0dee62aa864d09d9,8,True,,,,D5,benign,
3276,29437,29439.0,D8,D3,heartbeat,41,413,,8,,,,,D8,benign,
3276,29437,29439.0,D8,D4,heartbeat,41,413,,8,,,,,D8,benign,
3276,29437,29439.0,D8,D5,heartbeat,41,413,,8,,,,,D8,benign,
3276,29437,29439.0,D8,D9,heartbeat,41,413,,8,,,,,D8,benign,
3276,29437,29440.0,D8,D1,heartbeat,41,413,,8,,,,,D8,benign,
3276,29437,29440.0,D8,D2,heartbeat,41,413,,8,,,,,D8,benign,
3276,29437,29440.0,D8,D6,heartbeat,41,413,,8,,,,,D8,benign,
3276,29437,29440.0,D8,D7,heartbeat,41,413,,8,,,,,D8,benign,
3276,29437,29440.0,D8,D10,heartbeat,41,413,,8,,,,,D8,benign,
3272,29446,29450.0,D5,D1,video,1114,526,0dee62aa864d09d9,8,True,,,,D5,benign,
3277,29454,29456.0,D9,D1,heartbeat,34,220,,8,,,,,D9,benign,
3277,29454,29456.0,D9,D2,heartbeat,34,220,,8,,,,,D9,benign,
3277,29454,29456.0,D9,D3,heartbeat,34,220,,8,,,,,D9,benign,
3277,29454,29456.0,D9,D4,heartbeat,34,220,,8,,,,,D9,benign,
3277,29454,29456.0,D9,D6,heartbeat,34,220,,8,,,,,D9,benign,
3277,29454,29456.0,D9,D10,heartbeat,34,220,,8,,,,,D9,benign,
3277,29454,29457.0,D9,D7,heartbeat,34,220,,8,,,,,D9,benign,
3277,29454,29458.0,D9,D5,heartbeat,34,220,,8,,,,,D9,benign,
3277,29454,29458.0,D9,D8,heartbeat,34,220,,8,,,,,D9,benign,
3273,29456,29460.0,D5,D1,video,1163,527,0dee62aa864d09d9,8,True,,,,D5,benign,
3274,29472,29475.0,D5,D1,video,1016,528,0dee62aa864d09d9,8,True,,,,D5,benign,
3290,29599,,D7,D5,heartbeat,38,595,,8,,,,channel_loss,D7,benign,
3268,29499,29501.0,D5,D1,telemetry,125,522,0dee62aa864d09d9,8,True,,,,D5,benign,
3275,29499,29502.0,D5,D1,video,1204,529,0dee62aa864d09d9,8,True,,,,D5,benign,
3266,29500,29503.0,D3,D4,video,1419,541,95dfd2cddf5636a9,8,True,,,policy:rate_limited,D3,flooding,flooding-1
3267,29500,29503.0,D3,D4,video,1444,542,95dfd2cddf5636a9,8,True,,,policy:rate_limited,D3,flooding,flooding-1
3291,29502,29505.0,D7,D1,telemetry,128,596,d6427d81b079ef05,8,True,,,,D7,benign,
3284,29504,29507.0,D5,D1,video,1125,530,0dee62aa864d09d9,8,True,,,,D5,benign,
3288,29516,29518.0,D6,D2,heartbeat,37,189,,8,,,,,D6,benign,
3288,29516,29518.0,D6,D10,heartbeat,37,189,,8,,,,,D6,benign,
3288,29516,29519.0,D6,D1,heartbeat,37,189,,8,,,,,D6,benign,
3288,29516,29519.0,D6,D3,heartbeat,37,189,,8,,,,,D6,benign,
3288,29516,29519.0,D6,D4,heartbeat,37,189,,8,,,,,D6,benign,
3288,29516,29519.0,D6,D8,heartbeat,37,189,,8,,,,,D6,benign,
3288,29516,29519.0,D6,D9,heartbeat,37,189,,8,,,,,D6,benign,
3288,29516,29520.0,D6,D5,heartbeat,37,189,,8,,,,,D6,benign,
3288,29516,29520.0,D6,D7,heartbeat,37,189,,8,,,,,D6,benign,
3292,29519,29522.0,D8,D1,telemetry,135,414,73cb474dc879a9c9,8,True,,,,D8,benign,
3285,29541,29544.0,D5,D1,video,1013,531,0dee62aa864d09d9,8,True,,,,D5,benign,
3286,29544,29547.0,D5,D1,video,1015,532,0dee62aa864d09d9,8,True,,,,D5,benign,
3289,29562,29564.0,D6,D1,telemetry,113,190,8ca5cc8e0b74fbfc,8,True,,,,D6,benign,
3280,29576,29579.0,D2,D1,telemetry,128,227,117306feef12175a,8,True,,,,D2,benign,
3283,29580,29583.0,D4,D1,telemetry,118,228,1eb1f41f55fdc40e,8,True,,,,D4,benign,
3287,29587,29590.0,D5,D1,video,1157,533,0dee62aa864d09d9,8,True,,,,D5,benign,
3293,29591,29593.0,D9,D1,telemetry,119,222,d8f0046b6785f780,8,True,,,,D9,benign,
3294,29595,29599.0,D10,D1,telemetry,123,237,f018c09277074ef2,8,True,,,,D10,benign,
3290,29599,29601.0,D7,D2,heartbeat,38,595,,8,,,,,D7,benign,
3290,29599,29601.0,D7,D4,heartbeat,38,595,,8,,,,,D7,benign,
3290,29599,29602.0,D7,D1,heartbeat,38,595,,8,,,,,D7,benign,
3290,29599,29602.0,D7,D6,heartbeat,38,595,,8,,,,,D7,benign,
3290,29599,29602.0,D7,D8,heartbeat,38,595,,8,,,,,D7,benign,
3290,29599,29602.0,D7,D9,heartbeat,38,595,,8,,,,,D7,benign,
3290,29599,29603.0,D7,D10,heartbeat,38,595,,8,,,,,D7,benign,
3281,29600,29603.0,D3,D4,video,1318,543,95dfd2cddf5636a9,8,True,,,,D3,flooding,flooding-1
3282,29600,29603.0,D3,D4,video,1311,544,95dfd2cddf5636a9,8,True,,,policy:rate_limited,D3,flooding,flooding-1
3297,29610,29613.0,D5,D1,video,1201,534,0dee62aa864d09d9,8,True,,,,D5,benign,
3298,29662,29665.0,D5,D1,video,1101,535,0dee62aa864d09d9,8,True,,,,D5,benign,
3300,29672,29674.0,D7,D1,telemetry,117,597,d6427d81b079ef05,8,True,,,,D7,benign,
3299,29691,29694.0,D5,D1,video,1127,536,0dee62aa864d09d9,8,True,,,,D5,benign,
3296,29700,29704.0,D3,D4,video,1436,546,95dfd2cddf5636a9,8,True,,,policy:rate_limited,D3,flooding,flooding-1
3309,29703,29707.0,D8,D1,telemetry,120,415,73cb474dc879a9c9,8,True,,,,D8,benign,
3304,29704,29707.0,D5,D1,telemetry,114,537,0dee62aa864d09d9,8,True,,,,D5,benign,
3305,29706,29711.0,D5,D1,video,1082,538,0dee62aa864d09d9,8,True,,,,D5,benign,
3306,29726,29729.0,D5,D1,video,881,539,0dee62aa864d09d9,8,True,,,,D5,benign,
3303,29759,29762.0,D4,D1,telemetry,132,229,1eb1f41f55fdc40e,8,True,,,,D4,benign,
3312,29762,29764.0,D10,D1,telemetry,119,239,f018c09277074ef2,8,True,,,,D10,benign,
3301,29766,29770.0,D2,D1,telemetry,125,228,117306feef12175a,8,True,,,,D2,benign,
3311,29777,29779.0,D10,D5,heartbeat,36,238,,8,,,,,D10,benign,
3311,29777,29779.0,D10,D6,heartbeat,36,238,,8,,,,,D10,benign,
3311,29777,29779.0,D10,D7,heartbeat,36,238,,8,,,,,D10,benign,
3311,29777,29779.0,D10,D9,heartbeat,36,238,,8,,,,,D10,benign,
3311,29777,29780.0,D10,D1,heartbeat,36,238,,8,,,,,D10,benign,
3311,29777,29780.0,D10,D2,heartbeat,36,238,,8,,,,,D10,benign,
3311,29777,29780.0,D10,D3,heartbeat,36,238,,8,,,,,D10,benign,
3311,29777,29780.0,D10,D4,heartbeat,36,238,,8,,,,,D10,benign,
3311,29777,29781.0,D10,D8,heartbeat,36,238,,8,,,,,D10,benign,
3310,29784,29787.0,D9,D1,telemetry,109,223,d8f0046b6785f780,8,True,,,,D9,benign,
3308,29788,29790.0,D6,D1,telemetry,130,191,8ca5cc8e0b74fbfc,8,True,,,,D6,benign,
3307,29791,29795.0,D5,D1,video,1117,540,0dee62aa864d09d9,8,True,,,,D5,benign,
3302,29800,29803.0,D3,D4,video,1398,547,95dfd2cddf5636a9,8,True,,,,D3,flooding,flooding-1
3318,29815,29818.0,D5,D1,video,1027,541,0dee62aa864d09d9,8,True,,,,D5,benign,
3319,29828,29831.0,D5,D1,video,1105,542,0dee62aa864d09d9,8,True,,,,D5,benign,
3320,29844,29847.0,D5,D1,video,1186,543,0dee62aa864d09d9,8,True,,,,D5,benign,
3322,29848,29851.0,D7,D1,telemetry,116,598,d6427d81b079ef05,8,True,,,,D7,benign,
3314,29900,29903.0,D3,D4,video,1257,549,95dfd2cddf5636a9,8,True,,,policy:rate_limited,D3,flooding,flooding-1
3315,29900,29903.0,D3,D4,video,1376,550,95dfd2cddf5636a9,8,True,,,policy:rate_limited,D3,flooding,flooding-1
3316,29900,29903.0,D3,D4,video,1376,551,95dfd2cddf5636a9,8,True,,,policy:rate_limited,D3,flooding,flooding-1
3321,29900,29903.0,D5,D1,video,1215,544,0dee62aa864d09d9,8,True,,,,D5,benign,
3317,29900,29904.0,D3,D4,video,1364,552,95dfd2cddf5636a9,8,True,,,policy:rate_limited,D3,flooding,flooding-1
3325,29901,29904.0,D5,D1,telemetry,126,545,0dee62aa864d09d9,8,True,,,,D5,benign,
3327,29901,29904.0,D8,D1,telemetry,133,416,73cb474dc879a9c9,8,True,,,,D8,benign,
3329,29924,29927.0,D10,D1,telemetry,113,240,f018c09277074ef2,8,True,,,,D10,benign,
3324,29937,29939.0,D4,D1,telemetry,109,230,1eb1f41f55fdc40e,8,True,,,,D4,benign,
3323,29942,29944.0,D2,D1,telemetry,116,229,117306feef12175a,8,True,,,,D2,benign,
3328,29979,29981.0,D9,D1,telemetry,117,224,d8f0046b6785f780,8,True,,,,D9,benign,
3326,29996,29999.0,D5,D1,video,1197,546,0dee62aa864d09d9,8,True,,,,D5,benign,
3335,30020,30022.0,D4,D1,heartbeat,42,231,,8,,,,,D4,benign,
3335,30020,30022.0,D4,D2,heartbeat,42,231,,8,,,,,D4,benign,
3335,30020,30022.0,D4,D5,heartbeat,42,231,,8,,,,,D4,benign,
3335,30020,30022.0,D4,D8,heartbeat,42,231,,8,,,,,D4,benign,
3335,30020,30022.0,D4,D9,heartbeat,42,231,,8,,,,,D4,benign,
3335,30020,30023.0,D4,D6,heartbeat,42,231,,8,,,,,D4,benign,
3335,30020,30023.0,D4,D7,heartbeat,42,231,,8,,,,,D4,benign,
3335,30020,30024.0,D4,D3,heartbeat,42,231,,8,,,,,D4,benign,
3335,30020,30024.0,D4,D10,heartbeat,42,231,,8,,,,,D4,benign,
3340,30028,30030.0,D7,D1,telemetry,120,599,d6427d81b079ef05,8,True,,,,D7,benign,
3339,30034,30037.0,D6,D1,telemetry,129,192,8ca5cc8e0b74fbfc,8,True,,,,D6,benign,
3336,30046,30049.0,D5,D1,video,1123,547,0dee62aa864d09d9,8,True,,,,D5,benign,
3337,30048,30050.0,D5,D1,video,1107,548,0dee62aa864d09d9,8,True,,,,D5,benign,
3330,30067,30069.0,D3,D6,heartbeat,44,553,,8,,,,,D3,benign,
3330,30067,30070.0,D3,D1,heartbeat,44,553,,8,,,,,D3,benign,
3330,30067,30070.0,D3,D4,heartbeat,44,553,,8,,,,,D3,benign,
3330,30067,30070.0,D3,D5,heartbeat,44,553,,8,,,,,D3,benign,
3330,30067,30070.0,D3,D8,heartbeat,44,553,,8,,,,,D3,benign,
3330,30067,30070.0,D3,D9,heartbeat,44,553,,8,,,,,D3,benign,
3330,30067,30070.0,D3,D10,heartbeat,44,553,,8,,,,,D3,benign,
3330,30067,30071.0,D3,D2,heartbeat,44,553,,8,,,,,D3,benign,
3338,30088,30092.0,D5,D1,video,1279,549,0dee62aa864d09d9,8,True,,,,D5,benign,
3341,30092,30094.0,D8,D1,telemetry,114,417,73cb474dc879a9c9,8,True,,,,D8,benign,
3342,30096,30098.0,D10,D1,telemetry,121,241,f018c09277074ef2,8,True,,,,D10,benign,
3360,30160,,D9,D1,telemetry,114,226,d8f0046b6785f780,8,,,,channel_loss,D9,benign,
3345,30100,30102.0,D4,D1,trust_report,136,232,1eb1f41f55fdc40e,8,True,,,,D4,benign,
3348,30100,30102.0,D7,D1,trust_report,136,600,d6427d81b079ef05,8,True,,,,D7,benign,
3332,30100,30103.0,D3,D4,video,1413,555,95dfd2cddf5636a9,8,True,,,,D3,flooding,flooding-1
3333,30100,30103.0,D3,D4,video,1269,556,95dfd2cddf5636a9,8,True,,,policy:rate_limited,D3,flooding,flooding-1
3334,30100,30103.0,D3,D4,video,1297,557,95dfd2cddf5636a9,8,True,,,policy:rate_limited,D3,flooding,flooding-1
3343,30100,30103.0,D2,D1,trust_report,136,230,117306feef12175a,8,True,,,,D2,benign,
3347,30100,30103.0,D6,D1,trust_report,136,193,8ca5cc8e0b74fbfc,8,True,,,,D6,benign,
3350,30100,30103.0,D9,D1,trust_report,136,225,d8f0046b6785f780,8,True,,,,D9,benign,
3351,30100,30103.0,D10,D1,trust_report,136,242,f018c09277074ef2,8,True,,,,D10,benign,
3346,30100,30104.0,D5,D1,trust_report,136,550,0dee62aa864d09d9,8,True,,,,D5,benign,
3349,30100,30104.0,D8,D1,trust_report,136,418,73cb474dc879a9c9,8,True,,,,D8,benign,
3357,30103,30106.0,D5,D1,video,1061,552,0dee62aa864d09d9,8,True,,,,D5,benign,
3356,30113,30116.0,D5,D1,telemetry,114,551,0dee62aa864d09d9,8,True,,,,D5,benign,
3354,30127,30129.0,D2,D1,telemetry,84,232,117306feef12175a,8,True,,,,D2,benign,
3355,30129,30133.0,D4,D1,telemetry,103,233,1eb1f41f55fdc40e,8,True,,,,D4,benign,
3353,30137,30139.0,D2,D5,heartbeat,53,231,,8,,,,,D2,benign,
3353,30137,30139.0,D2,D6,heartbeat,53,231,,8,,,,,D2,benign,
3353,30137,30139.0,D2,D8,heartbeat,53,231,,8,,,,,D2,benign,
3353,30137,30139.0,D2,D9,heartbeat,53,231,,8,,,,,D2,benign,
3353,30137,30140.0,D2,D1,heartbeat,53,231,,8,,,,,D2,benign,
3353,30137,30140.0,D2,D3,heartbeat,53,231,,8,,,,,D2,benign,
3353,30137,30140.0,D2,D4,heartbeat,53,231,,8,,,,,D2,benign,
3353,30137,30140.0,D2,D10,heartbeat,53,231,,8,,,,,D2,benign,
3353,30137,30142.0,D2,D7,heartbeat,53,231,,8,,,,,D2,benign,
3352,30149,30151.0,D1,D3,heartbeat,34,104,,8,,,,,D1,benign,
3352,30149,30151.0,D1,D6,heartbeat,34,104,,8,,,,,D1,benign,
3352,30149,30151.0,D1,D8,heartbeat,34,104,,8,,,,,D1,benign,
3352,30149,30152.0,D1,D2,heartbeat,34,104,,8,,,,,D1,benign,
3352,30149,30152.0,D1,D4,heartbeat,34,104,,8,,,,,D1,benign,
3352,30149,30152.0,D1,D5,heartbeat,34,104,,8,,,,,D1,benign,
3352,30149,30152.0,D1,D7,heartbeat,34,104,,8,,,,,D1,benign,
3352,30149,30152.0,D1,D9,heartbeat,34,104,,8,,,,,D1,benign,
3352,30149,30152.0,D1,D10,heartbeat,34,104,,8,,,,,D1,benign,
3358,30173,30177.0,D5,D1,video,1322,553,0dee62aa864d09d9,8,True,,,,D5,benign,
3359,30196,30198.0,D7,D1,telemetry,126,601,d6427d81b079ef05,8,True,,,,D7,benign,
3363,30231,30234.0,D5,D1,video,1071,554,0dee62aa864d09d9,8,True,,,,D5,benign,
3364,30258,30261.0,D5,D1,video,1205,555,0dee62aa864d09d9,8,True,,,,D5,benign,
3368,30266,30269.0,D10,D1,telemetry,115,243,f018c09277074ef2,8,True,,,,D10,benign,
3366,30270,30273.0,D6,D1,telemetry,124,194,8ca5cc8e0b74fbfc,8,True,,,,D6,benign,
3365,30280,30283.0,D5,D1,video,1208,556,0dee62aa864d09d9,8,True,,,,D5,benign,
3367,30283,30286.0,D8,D1,telemetry,109,419,73cb474dc879a9c9,8,True,,,,D8,benign,
3362,30300,30303.0,D3,D4,video,1258,560,95dfd2cddf5636a9,8,True,,,,D3,flooding,flooding-1
3375,30304,30307.0,D5,D1,video,1050,559,0dee62aa864d09d9,8,True,,,,D5,benign,
3374,30317,30320.0,D5,D1,telemetry,111,558,0dee62aa864d09d9,8,True,,,,D5,benign,
3372,30319,30321.0,D4,D1,telemetry,102,234,1eb1f41f55fdc40e,8,True,,,,D4,benign,
3380,30323,30326.0,D2,D1,auth_request,152,234,,8,,True,,,D2,benign,
3382,30341,30343.0,D1,D2,rl_broadcast,32,106,,8,,,,,D1,benign,
3382,30341,30343.0,D1,D8,rl_broadcast,32,106,,8,,,,,D1,benign,
3382,30341,30343.0,D1,D9,rl_broadcast,32,106,,8,,,,,D1,benign,
3382,30341,30343.0,D1,D10,rl_broadcast,32,106,,8,,,,,D1,benign,
3381,30341,30344.0,D1,D2,auth_response,152,105,,8,,True,,,D1,benign,
3382,30341,30344.0,D1,D4,rl_broadcast,32,106,,8,,,,,D1,benign,
3382,30341,30344.0,D1,D5,rl_broadcast,32,106,,8,,,,,D1,benign,
3382,30341,30344.0,D1,D6,rl_broadcast,32,106,,8,,,,,D1,benign,
3382,30341,30344.0,D1,D7,rl_broadcast,32,106,,8,,,,,D1,benign,
3376,30341,30345.0,D5,D1,video,1075,560,0dee62aa864d09d9,8,True,,,,D5,benign,
3382,30341,30345.0,D1,D3,rl_broadcast,32,106,,8,,,,,D1,benign,
3369,30344,30348.0,D2,D1,telemetry,118,233,dea752a1285564d2,8,True,,,,D2,benign,
3379,30352,30355.0,D9,D1,telemetry,102,227,d8f0046b6785f780,8,True,,,,D9,benign,
3377,30364,30367.0,D5,D1,video,1021,561,0dee62aa864d09d9,8,True,,,,D5,benign,
3378,30377,30380.0,D7,D1,telemetry,115,602,d6427d81b079ef05,8,True,,,,D7,benign,
3373,30396,30398.0,D5,D2,heartbeat,37,557,,8,,,,,D5,benign,
3373,30396,30398.0,D5,D6,heartbeat,37,557,,8,,,,,D5,benign,
3373,30396,30398.0,D5,D8,heartbeat,37,557,,8,,,,,D5,benign,
3373,30396,30399.0,D5,D1,heartbeat,37,557,,8,,,,,D5,benign,
3373,30396,30399.0,D5,D3,heartbeat,37,557,,8,,,,,D5,benign,
3373,30396,30399.0,D5,D4,heartbeat,37,557,,8,,,,,D5,benign,
3373,30396,30399.0,D5,D7,heartbeat,37,557,,8,,,,,D5,benign,
3373,30396,30399.0,D5,D9,heartbeat,37,557,,8,,,,,D5,benign,
3373,30396,30400.0,D5,D10,heartbeat,37,557,,8,,,,,D5,benign,
3370,30400,30403.0,D3,D4,video,1382,561,95dfd2cddf5636a9,8,True,,,,D3,flooding,flooding-1
3371,30400,30403.0,D3,D4,video,1222,562,95dfd2cddf5636a9,8,True,,,policy:rate_limited,D3,flooding,flooding-1
3395,30446,30449.0,D10,D1,auth_request,152,245,,8,,True,,,D10,benign,
3393,30455,30457.0,D9,D8,heartbeat,42,228,,8,,,,,D9,benign,
3393,30455,30458.0,D9,D1,heartbeat,42,228,,8,,,,,D9,benign,
3393,30455,30458.0,D9,D3,heartbeat,42,228,,8,,,,,D9,benign,
3393,30455,30458.0,D9,D5,heartbeat,42,228,,8,,,,,D9,benign,
3393,30455,30458.0,D9,D6,heartbeat,42,228,,8,,,,,D9,benign,
3393,30455,30458.0,D9,D7,heartbeat,42,228,,8,,,,,D9,benign,
3393,30455,30459.0,D9,D2,heartbeat,42,228,,8,,,,,D9,benign,
3393,30455,30459.0,D9,D4,heartbeat,42,228,,8,,,,,D9,benign,
3393,30455,30459.0,D9,D10,heartbeat,42,228,,8,,,,,D9,benign,
3398,30464,30466.0,D1,D5,rl_broadcast,32,108,,8,,,,,D1,benign,
3398,30464,30466.0,D1,D7,rl_broadcast,32,108,,8,,,,,D1,benign,
3398,30464,30466.0,D1,D9,rl_broadcast,32,108,,8,,,,,D1,benign,
3398,30464,30467.0,D1,D2,rl_broadcast,32,108,,8,,,,,D1,benign,
3398,30464,30467.0,D1,D3,rl_broadcast,32,108,,8,,,,,D1,benign,
3398,30464,30467.0,D1,D4,rl_broadcast,32,108,,8,,,,,D1,benign,
3398,30464,30467.0,D1,D6,rl_broadcast,32,108,,8,,,,,D1,benign,
3398,30464,30467.0,D1,D10,rl_broadcast,32,108,,8,,,,,D1,benign,
3397,30464,30468.0,D1,D10,auth_response,152,107,,8,,True,,,D1,benign,
3398,30464,30468.0,D1,D8,rl_broadcast,32,108,,8,,,,,D1,benign,
3389,30467,30470.0,D5,D1,video,1004,562,0dee62aa864d09d9,8,True,,,,D5,benign,
3394,30468,30471.0,D10,D1,telemetry,128,244,8ecdece5aa881ce9,8,True,,,,D10,benign,
3391,30472,30474.0,D8,D2,heartbeat,41,420,,8,,,,,D8,benign,
3391,30472,30474.0,D8,D3,heartbeat,41,420,,8,,,,,D8,benign,
3391,30472,30474.0,D8,D4,heartbeat,41,420,,8,,,,,D8,benign,
3391,30472,30475.0,D8,D1,heartbeat,41,420,,8,,,,,D8,benign,
3391,30472,30475.0,D8,D5,heartbeat,41,420,,8,,,,,D8,benign,
3391,30472,30475.0,D8,D6,heartbeat,41,420,,8,,,,,D8,benign,
3391,30472,30475.0,D8,D7,heartbeat,41,420,,8,,,,,D8,benign,
3391,30472,30475.0,D8,D9,heartbeat,41,420,,8,,,,,D8,benign,
3391,30472,30476.0,D8,D10,heartbeat,41,420,,8,,,,,D8,benign,
3392,30481,30483.0,D8,D1,telemetry,139,421,73cb474dc879a9c9,8,True,,,,D8,benign,
3383,30493,30496.0,D2,D1,telemetry,134,235,dea752a1285564d2,8,True,,,,D2,benign,
3388,30497,30502.0,D4,D1,telemetry,128,235,1eb1f41f55fdc40e,8,True,,,,D4,benign,
3385,30500,30503.0,D3,D4,video,1431,564,95dfd2cddf5636a9,8,True,,,policy:rate_limited,D3,flooding,flooding-1
3387,30500,30503.0,D3,D4,video,1252,566,95dfd2cddf5636a9,8,True,,,policy:rate_limited,D3,flooding,flooding-1
3404,30501,30503.0,D6,D2,heartbeat,39,197,,8,,,,,D6,benign,
3404,30501,30503.0,D6,D7,heartbeat,39,197,,8,,,,,D6,benign,
3386,30500,30504.0,D3,D4,video,1436,565,95dfd2cddf5636a9,8,True,,,policy:rate_limited,D3,flooding,flooding-1
3404,30501,30504.0,D6,D3,heartbeat,39,197,,8,,,,,D6,benign,
3404,30501,30504.0,D6,D4,heartbeat,39,197,,8,,,,,D6,benign,
3404,30501,30504.0,D6,D5,heartbeat,39,197,,8,,,,,D6,benign,
3404,30501,30504.0,D6,D8,heartbeat,39,197,,8,,,,,D6,benign,
3404,30501,30504.0,D6,D9,heartbeat,39,197,,8,,,,,D6,benign,
3404,30501,30504.0,D6,D10,heartbeat,39,197,,8,,,,,D6,benign,
3404,30501,30505.0,D6,D1,heartbeat,39,197,,8,,,,,D6,benign,
3396,30511,30514.0,D6,D1,auth_request,152,196,,8,,True,,,D6,benign,
3401,30513,30515.0,D5,D1,telemetry,119,563,0dee62aa864d09d9,8,True,,,,D5,benign,
3408,30529,30531.0,D1,D6,auth_response,152,109,,8,,True,,,D1,benign,
3409,30529,30531.0,D1,D2,rl_broadcast,32,110,,8,,,,,D1,benign,
3409,30529,30531.0,D1,D4,rl_broadcast,32,110,,8,,,,,D1,benign,
3409,30529,30531.0,D1,D8,rl_broadcast,32,110,,8,,,,,D1,benign,
3409,30529,30532.0,D1,D3,rl_broadcast,32,110,,8,,,,,D1,benign,
3409,30529,30532.0,D1,D5,rl_broadcast,32,110,,8,,,,,D1,benign,
3409,30529,30532.0,D1,D6,rl_broadcast,32,110,,8,,,,,D1,benign,
3409,30529,30532.0,D1,D7,rl_broadcast,32,110,,8,,,,,D1,benign,
3409,30529,30532.0,D1,D9,rl_broadcast,32,110,,8,,,,,D1,benign,
3409,30529,30532.0,D1,D10,rl_broadcast,32,110,,8,,,,,D1,benign,
3390,30531,30533.0,D6,D1,telemetry,116,195,d8cf8ac70dedea2d,8,True,,,,D6,benign,
3402,30536,30540.0,D5,D1,video,1186,564,0dee62aa864d09d9,8,True,,,,D5,benign,
3406,30537,30541.0,D9,D1,telemetry,137,229,d8f0046b6785f780,8,True,,,,D9,benign,
3407,30562,30565.0,D7,D1,auth_request,152,604,,8,,True,,,D7,benign,
3411,30580,30582.0,D1,D2,rl_broadcast,32,112,,8,,,,,D1,benign,
3411,30580,30582.0,D1,D8,rl_broadcast,32,112,,8,,,,,D1,benign,
3410,30580,30583.0,D1,D7,auth_response,152,111,,8,,True,,,D1,benign,
3411,30580,30583.0,D1,D4,rl_broadcast,32,112,,8,,,,,D1,benign,
3411,30580,30583.0,D1,D5,rl_broadcast,32,112,,8,,,,,D1,benign,
3411,30580,30583.0,D1,D7,rl_broadcast,32,112,,8,,,,,D1,benign,
3411,30580,30583.0,D1,D9,rl_broadcast,32,112,,8,,,,,D1,benign,
3411,30580,30584.0,D1,D3,rl_broadcast,32,112,,8,,,,,D1,benign,
3411,30580,30584.0,D1,D10,rl_broadcast,32,112,,8,,,,,D1,benign,
3411,30580,30585.0,D1,D6,rl_broadcast,32,112,,8,,,,,D1,benign,
3405,30583,30586.0,D7,D1,telemetry,130,603,2892c58c74b7e674,8,True,,,,D7,benign,
3403,30583,30587.0,D5,D1,video,1120,565,0dee62aa864d09d9,8,True,,,,D5,benign,
3399,30600,30603.0,D3,D4,video,1358,567,95dfd2cddf5636a9,8,True,,,,D3,flooding,flooding-1
3400,30600,30604.0,D3,D4,video,1285,568,95dfd2cddf5636a9,8,True,,,policy:rate_limited,D3,flooding,flooding-1
3417,30603,30605.0,D10,D1,telemetry,95,246,8ecdece5aa881ce9,8,True,,,,D10,benign,
3415,30640,30642.0,D7,D1,heartbeat,36,605,,8,,,,,D7,benign,
3415,30640,30642.0,D7,D4,heartbeat,36,605,,8,,,,,D7,benign,
3415,30640,30642.0,D7,D8,heartbeat,36,605,,8,,,,,D7,benign,
3415,30640,30642.0,D7,D9,heartbeat,36,605,,8,,,,,D7,benign,
3415,30640,30643.0,D7,D2,heartbeat,36,605,,8,,,,,D7,benign,
3415,30640,30643.0,D7,D5,heartbeat,36,605,,8,,,,,D7,benign,
3415,30640,30643.0,D7,D6,heartbeat,36,605,,8,,,,,D7,benign,
3415,30640,30643.0,D7,D10,heartbeat,36,605,,8,,,,,D7,benign,
3412,30670,30673.0,D2,D1,telemetry,95,236,dea752a1285564d2,8,True,,,,D2,benign,
3418,30683,30686.0,D8,D1,auth_request,152,423,,8,,True,,,D8,benign,
3423,30706,,D1,D9,rl_broadcast,32,116,,8,,,,channel_loss,D1,benign,
3419,30689,30691.0,D4,D1,auth_request,152,237,,8,,True,,,D4,benign,
3421,30701,30703.0,D1,D8,rl_broadcast,32,114,,8,,,,,D1,benign,
3421,30701,30703.0,D1,D10,rl_broadcast,32,114,,8,,,,,D1,benign,
3420,30701,30704.0,D1,D8,auth_response,152,113,,8,,True,,,D1,benign,
3421,30701,30704.0,D1,D2,rl_broadcast,32,114,,8,,,,,D1,benign,
3421,30701,30704.0,D1,D3,rl_broadcast,32,114,,8,,,,,D1,benign,
3421,30701,30704.0,D1,D6,rl_broadcast,32,114,,8,,,,,D1,benign,
3421,30701,30704.0,D1,D9,rl_broadcast,32,114,,8,,,,,D1,benign,
3421,30701,30705.0,D1,D4,rl_broadcast,32,114,,8,,,,,D1,benign,
3421,30701,30705.0,D1,D5,rl_broadcast,32,114,,8,,,,,D1,benign,
3421,30701,30705.0,D1,D7,rl_broadcast,32,114,,8,,,,,D1,benign,
3416,30704,30706.0,D8,D1,telemetry,111,422,efc1e4c31b172ba4,8,True,,,,D8,benign,
3423,30706,30708.0,D1,D4,rl_broadcast,32,116,,8,,,,,D1,benign,
3423,30706,30708.0,D1,D7,rl_broadcast,32,116,,8,,,,,D1,benign,
3422,30706,30709.0,D1,D4,auth_response,152,115,,8,,True,,,D1,benign,
3423,30706,30709.0,D1,D2,rl_broadcast,32,116,,8,,,,,D1,benign,
3423,30706,30709.0,D1,D3,rl_broadcast,32,116,,8,,,,,D1,benign,
3423,30706,30709.0,D1,D6,rl_broadcast,32,116,,8,,,,,D1,benign,
3423,30706,30709.0,D1,D8,rl_broadcast,32,116,,8,,,,,D1,benign,
3423,30706,30709.0,D1,D10,rl_broadcast,32,116,,8,,,,,D1,benign,
3423,30706,30710.0,D1,D5,rl_broadcast,32,116,,8,,,,,D1,benign,
3414,30709,30712.0,D4,D1,telemetry,119,236,38b0de290972baf9,8,True,,,,D4,benign,
3427,30718,30720.0,D5,D1,video,1032,567,0dee62aa864d09d9,8,True,,,,D5,benign,
3430,30725,30728.0,D7,D1,telemetry,120,606,2892c58c74b7e674,8,True,,,,D7,benign,
3429,30727,30730.0,D6,D1,telemetry,144,198,d8cf8ac70dedea2d,8,True,,,,D6,benign,
3433,30729,30731.0,D9,D1,auth_request,152,231,,8,,True,,,D9,benign,
3426,30728,30731.0,D5,D1,telemetry,118,566,0dee62aa864d09d9,8,True,,,,D5,benign,
3435,30746,30748.0,D1,D3,rl_broadcast,32,118,,8,,,,,D1,benign,
3435,30746,30748.0,D1,D8,rl_broadcast,32,118,,8,,,,,D1,benign,
3434,30746,30749.0,D1,D9,auth_response,152,117,,8,,True,,,D1,benign,
3435,30746,30749.0,D1,D2,rl_broadcast,32,118,,8,,,,,D1,benign,
3435,30746,30749.0,D1,D4,rl_broadcast,32,118,,8,,,,,D1,benign,
3435,30746,30749.0,D1,D5,rl_broadcast,32,118,,8,,,,,D1,benign,
3435,30746,30749.0,D1,D6,rl_broadcast,32,118,,8,,,,,D1,benign,
3435,30746,30749.0,D1,D7,rl_broadcast,32,118,,8,,,,,D1,benign,
3435,30746,30749.0,D1,D9,rl_broadcast,32,118,,8,,,,,D1,benign,
3435,30746,30749.0,D1,D10,rl_broadcast,32,118,,8,,,,,D1,benign,
3431,30749,30752.0,D9,D1,telemetry,132,230,6399288a76ba9107,8,True,,,,D9,benign,
3428,30752,30754.0,D5,D1,video,1017,568,0dee62aa864d09d9,8,True,,,,D5,benign,
3432,30780,30783.0,D10,D1,telemetry,145,247,8ecdece5aa881ce9,8,True,,,,D10,benign,
3438,30900,,D3,D4,video,1312,573,95dfd2cddf5636a9,8,,,,channel_loss,D3,flooding,flooding-1
3425,30800,30803.0,D3,D4,video,1260,571,95dfd2cddf5636a9,8,True,,,,D3,flooding,flooding-1
3424,30800,30804.0,D3,D4,video,1374,570,95dfd2cddf5636a9,8,True,,,policy:rate_limited,D3,flooding,flooding-1
3444,30819,30821.0,D10,D2,heartbeat,41,248,,8,,,,,D10,benign,
3444,30819,30821.0,D10,D5,heartbeat,41,248,,8,,,,,D10,benign,
3444,30819,30822.0,D10,D1,heartbeat,41,248,,8,,,,,D10,benign,
3444,30819,30822.0,D10,D6,heartbeat,41,248,,8,,,,,D10,benign,
3444,30819,30822.0,D10,D7,heartbeat,41,248,,8,,,,,D10,benign,
3444,30819,30822.0,D10,D8,heartbeat,41,248,,8,,,,,D10,benign,
3444,30819,30823.0,D10,D3,heartbeat,41,248,,8,,,,,D10,benign,
3444,30819,30823.0,D10,D4,heartbeat,41,248,,8,,,,,D10,benign,
3444,30819,30823.0,D10,D9,heartbeat,41,248,,8,,,,,D10,benign,
3442,30850,30853.0,D5,D1,video,1057,569,0dee62aa864d09d9,8,True,,,,D5,benign,
3436,30852,30854.0,D2,D1,telemetry,118,237,dea752a1285564d2,8,True,,,,D2,benign,
3443,30865,30868.0,D8,D1,telemetry,103,424,efc1e4c31b172ba4,8,True,,,,D8,benign,
3441,30868,30871.0,D4,D1,telemetry,117,238,38b0de290972baf9,8,True,,,,D4,benign,
3439,30900,30903.0,D3,D4,video,1314,574,95dfd2cddf5636a9,8,True,,,policy:rate_limited,D3,flooding,flooding-1
3440,30900,30903.0,D3,D4,video,1297,575,95dfd2cddf5636a9,8,True,,,policy:rate_limited,D3,flooding,flooding-1
3454,30902,30904.0,D9,D1,telemetry,132,232,6399288a76ba9107,8,True,,,,D9,benign,
3453,30907,30909.0,D7,D1,telemetry,137,607,2892c58c74b7e674,8,True,,,,D7,benign,
3450,30927,30929.0,D5,D1,telemetry,109,570,0dee62aa864d09d9,8,True,,,,D5,benign,
3451,30933,30936.0,D5,D1,video,924,571,0dee62aa864d09d9,8,True,,,,D5,benign,
3455,30943,30946.0,D10,D1,telemetry,104,249,8ecdece5aa881ce9,8,True,,,,D10,benign,
3452,30967,30969.0,D6,D1,telemetry,118,199,d8cf8ac70dedea2d,8,True,,,,D6,benign,
3457,31032,,D3,D4,heartbeat,41,581,,8,,,,channel_loss,D3,benign,
3461,31041,,D4,D2,heartbeat,36,239,,8,,,,channel_loss,D4,benign,
3447,31000,31003.0,D3,D4,video,1247,578,95dfd2cddf5636a9,8,True,,,,D3,flooding,flooding-1
3449,31000,31003.0,D3,D4,video,1379,580,95dfd2cddf5636a9,8,True,,,policy:rate_limited,D3,flooding,flooding-1
3446,31000,31005.0,D3,D4,video,1364,577,95dfd2cddf5636a9,8,True,,,policy:rate_limited,D3,flooding,flooding-1
3448,31000,31006.0,D3,D4,video,1385,579,95dfd2cddf5636a9,8,True,,,policy:rate_limited,D3,flooding,flooding-1
3463,31021,31025.0,D5,D1,video,1236,572,0dee62aa864d09d9,8,True,,,,D5,benign,
3456,31026,31030.0,D2,D1,telemetry,132,238,dea752a1285564d2,8,True,,,,D2,benign,
3457,31032,31035.0,D3,D2,heartbeat,41,581,,8,,,,,D3,benign,
3457,31032,31035.0,D3,D5,heartbeat,41,581,,8,,,,,D3,benign,
3457,31032,31035.0,D3,D8,heartbeat,41,581,,8,,,,,D3,benign,
3457,31032,31035.0,D3,D9,heartbeat,41,581,,8,,,,,D3,benign,
3457,31032,31036.0,D3,D1,heartbeat,41,581,,8,,,,,D3,benign,
3457,31032,31036.0,D3,D6,heartbeat,41,581,,8,,,,,D3,benign,
3457,31032,31036.0,D3,D10,heartbeat,41,581,,8,,,,,D3,benign,
3464,31034,31038.0,D5,D1,video,1009,573,0dee62aa864d09d9,8,True,,,,D5,benign,
3461,31041,31043.0,D4,D1,heartbeat,36,239,,8,,,,,D4,benign,
3461,31041,31043.0,D4,D7,heartbeat,36,239,,8,,,,,D4,benign,
3461,31041,31044.0,D4,D3,heartbeat,36,239,,8,,,,,D4,benign,
3461,31041,31044.0,D4,D5,heartbeat,36,239,,8,,,,,D4,benign,
3461,31041,31044.0,D4,D8,heartbeat,36,239,,8,,,,,D4,benign,
3461,31041,31044.0,D4,D9,heartbeat,36,239,,8,,,,,D4,benign,
3461,31041,31044.0,D4,D10,heartbeat,36,239,,8,,,,,D4,benign,
3461,31041,31045.0,D4,D6,heartbeat,36,239,,8,,,,,D4,benign,
3462,31056,31059.0,D4,D1,telemetry,108,240,38b0de290972baf9,8,True,,,,D4,benign,
3466,31056,31059.0,D8,D1,telemetry,121,425,efc1e4c31b172ba4,8,True,,,,D8,benign,
3465,31087,31089.0,D7,D1,telemetry,110,608,2892c58c74b7e674,8,True,,,,D7,benign,
3467,31096,31098.0,D9,D1,telemetry,125,233,6399288a76ba9107,8,True,,,,D9,benign,
3477,31142,,D1,D6,heartbeat,46,119,,8,,,,channel_loss,D1,benign,
3474,31100,31102.0,D8,D1,trust_report,136,426,efc1e4c31b172ba4,8,True,,,,D8,benign,
3475,31100,31102.0,D9,D1,trust_report,136,234,6399288a76ba9107,8,True,,,,D9,benign,
3476,31100,31102.0,D10,D1,trust_report,136,250,8ecdece5aa881ce9,8,True,,,,D10,benign,
3459,31100,31103.0,D3,D4,video,1244,583,95dfd2cddf5636a9,8,True,,,policy:rate_limited,D3,flooding,flooding-1
3460,31100,31103.0,D3,D4,video,1309,584,95dfd2cddf5636a9,8,True,,,policy:rate_limited,D3,flooding,flooding-1
3468,31100,31103.0,D2,D1,trust_report,136,239,dea752a1285564d2,8,True,,,,D2,benign,
3471,31100,31103.0,D5,D1,trust_report,136,574,0dee62aa864d09d9,8,True,,,,D5,benign,
3472,31100,31103.0,D6,D1,trust_report,136,200,d8cf8ac70dedea2d,8,True,,,,D6,benign,
3473,31100,31103.0,D7,D1,trust_report,136,609,2892c58c74b7e674,8,True,,,,D7,benign,
3458,31100,31104.0,D3,D4,video,1398,582,95dfd2cddf5636a9,8,True,,,policy:rate_limited,D3,flooding,flooding-1
3470,31100,31104.0,D4,D1,trust_report,136,241,38b0de290972baf9,8,True,,,,D4,benign,
3488,31108,31112.0,D10,D1,telemetry,109,251,8ecdece5aa881ce9,8,True,,,,D10,benign,
3483,31127,31131.0,D5,D1,video,1084,576,0dee62aa864d09d9,8,True,,,,D5,benign,
3482,31139,31142.0,D5,D1,telemetry,126,575,0dee62aa864d09d9,8,True,,,,D5,benign,
3477,31142,31144.0,D1,D2,heartbeat,46,119,,8,,,,,D1,benign,
3477,31142,31144.0,D1,D3,heartbeat,46,119,,8,,,,,D1,benign,
3477,31142,31145.0,D1,D4,heartbeat,46,119,,8,,,,,D1,benign,
3477,31142,31145.0,D1,D7,heartbeat,46,119,,8,,,,,D1,benign,
3477,31142,31145.0,D1,D8,heartbeat,46,119,,8,,,,,D1,benign,
3477,31142,31145.0,D1,D9,heartbeat,46,119,,8,,,,,D1,benign,
3477,31142,31146.0,D1,D5,heartbeat,46,119,,8,,,,,D1,benign,
3477,31142,31146.0,D1,D10,heartbeat,46,119,,8,,,,,D1,benign,
3484,31144,31147.0,D5,D1,video,1024,577,0dee62aa864d09d9,8,True,,,,D5,benign,
3485,31152,31155.0,D5,D1,video,1080,578,0dee62aa864d09d9,8,True,,,,D5,benign,
3478,31185,31187.0,D2,D3,heartbeat,38,240,,8,,,,,D2,benign,
3478,31185,31187.0,D2,D4,heartbeat,38,240,,8,,,,,D2,benign,
3478,31185,31187.0,D2,D5,heartbeat,38,240,,8,,,,,D2,benign,
3478,31185,31188.0,D2,D1,heartbeat,38,240,,8,,,,,D2,benign,
3478,31185,31188.0,D2,D6,heartbeat,38,240,,8,,,,,D2,benign,
3478,31185,31188.0,D2,D7,heartbeat,38,240,,8,,,,,D2,benign,
3478,31185,31188.0,D2,D9,heartbeat,38,240,,8,,,,,D2,benign,
3478,31185,31188.0,D2,D10,heartbeat,38,240,,8,,,,,D2,benign,
3478,31185,31189.0,D2,D8,heartbeat,38,240,,8,,,,,D2,benign,
3486,31193,31196.0,D5,D1,video,1146,579,0dee62aa864d09d9,8,True,,,,D5,benign,
3487,31195,31197.0,D6,D1,telemetry,127,201,d8cf8ac70dedea2d,8,True,,,,D6,benign,
3490,31300,,D3,D4,video,1268,589,95dfd2cddf5636a9,8,,,,out_of_range,D3,flooding,flooding-1
3491,31300,,D3,D4,video,1335,590,95dfd2cddf5636a9,8,,,,out_of_range,D3,flooding,flooding-1
3492,31300,,D3,D4,video,1383,591,95dfd2cddf5636a9,8,,,,out_of_range,D3,flooding,flooding-1
3481,31200,31203.0,D3,D4,video,1304,588,95dfd2cddf5636a9,8,True,,,,D3,flooding,flooding-1
3480,31200,31204.0,D3,D4,video,1252,587,95dfd2cddf5636a9,8,True,,,policy:rate_limited,D3,flooding,flooding-1
3489,31207,31210.0,D2,D1,telemetry,119,241,dea752a1285564d2,8,True,,,,D2,benign,
3493,31232,31234.0,D4,D1,telemetry,120,242,38b0de290972baf9,8,True,,,,D4,benign,
3497,31236,31239.0,D8,D1,telemetry,134,427,efc1e4c31b172ba4,8,True,,,,D8,benign,
3494,31253,31256.0,D5,D1,video,1012,580,0dee62aa864d09d9,8,True,,,,D5,benign,
3496,31270,31273.0,D7,D1,telemetry,102,610,2892c58c74b7e674,8,True,,,,D7,benign,
3499,31270,31273.0,D10,D1,telemetry,129,252,8ecdece5aa881ce9,8,True,,,,D10,benign,
3495,31274,31277.0,D5,D1,video,1008,581,0dee62aa864d09d9,8,True,,,,D5,benign,
3498,31276,31280.0,D9,D1,telemetry,93,235,6399288a76ba9107,8,True,,,,D9,benign,
3502,31400,,D3,D4,video,1347,593,95dfd2cddf5636a9,8,,,,out_of_range,D3,flooding,flooding-1
3503,31400,,D3,D4,video,1228,594,95dfd2cddf5636a9,8,,,,out_of_range,D3,flooding,flooding-1
3504,31336,31339.0,D5,D1,telemetry,112,582,0dee62aa864d09d9,8,True,,,,D5,benign,
3500,31378,31380.0,D2,D1,telemetry,115,242,dea752a1285564d2,8,True,,,,D2,benign,
3505,31500,,D3,D4,video,1242,595,95dfd2cddf5636a9,8,,,,out_of_range,D3,flooding,flooding-1
3511,31423,31425.0,D6,D1,telemetry,115,202,d8cf8ac70dedea2d,8,True,,,,D6,benign,
3506,31424,31426.0,D4,D1,telemetry,121,243,38b0de290972baf9,8,True,,,,D4,benign,
3508,31423,31429.0,D5,D1,video,1062,584,0dee62aa864d09d9,8,True,,,,D5,benign,
3514,31429,31432.0,D8,D1,telemetry,138,429,efc1e4c31b172ba4,8,True,,,,D8,benign,
3509,31436,31439.0,D5,D1,video,1266,585,0dee62aa864d09d9,8,True,,,,D5,benign,
3516,31437,31441.0,D10,D1,telemetry,119,253,8ecdece5aa881ce9,8,True,,,,D10,benign,
3507,31443,31445.0,D5,D2,heartbeat,42,583,,8,,,,,D5,benign,
3507,31443,31445.0,D5,D3,heartbeat,42,583,,8,,,,,D5,benign,
3507,31443,31445.0,D5,D4,heartbeat,42,583,,8,,,,,D5,benign,
3507,31443,31445.0,D5,D7,heartbeat,42,583,,8,,,,,D5,benign,
3507,31443,31445.0,D5,D8,heartbeat,42,583,,8,,,,,D5,benign,
3507,31443,31446.0,D5,D1,heartbeat,42,583,,8,,,,,D5,benign,
3507,31443,31446.0,D5,D9,heartbeat,42,583,,8,,,,,D5,benign,
3507,31443,31447.0,D5,D6,heartbeat,42,583,,8,,,,,D5,benign,
3507,31443,31447.0,D5,D10,heartbeat,42,583,,8,,,,,D5,benign,
3512,31445,31448.0,D7,D1,telemetry,119,611,2892c58c74b7e674,8,True,,,,D7,benign,
3515,31463,31467.0,D9,D1,telemetry,132,236,6399288a76ba9107,8,True,,,,D9,benign,
3510,31477,31481.0,D5,D1,video,1077,586,0dee62aa864d09d9,8,True,,,,D5,benign,
3513,31489,31491.0,D8,D4,heartbeat,40,428,,8,,,,,D8,benign,
3513,31489,31491.0,D8,D7,heartbeat,40,428,,8,,,,,D8,benign,
3513,31489,31491.0,D8,D10,heartbeat,40,428,,8,,,,,D8,benign,
3513,31489,31492.0,D8,D1,heartbeat,40,428,,8,,,,,D8,benign,
3513,31489,31492.0,D8,D2,heartbeat,40,428,,8,,,,,D8,benign,
3513,31489,31492.0,D8,D3,heartbeat,40,428,,8,,,,,D8,benign,
3513,31489,31492.0,D8,D5,heartbeat,40,428,,8,,,,,D8,benign,
3513,31489,31492.0,D8,D6,heartbeat,40,428,,8,,,,,D8,benign,
3513,31489,31492.0,D8,D9,heartbeat,40,428,,8,,,,,D8,benign,
3519,31600,,D3,D4,video,1277,597,95dfd2cddf5636a9,8,,,,out_of_range,D3,flooding,flooding-1
3524,31503,31505.0,D9,D2,heartbeat,39,237,,8,,,,,D9,benign,
3524,31503,31505.0,D9,D4,heartbeat,39,237,,8,,,,,D9,benign,
3524,31503,31505.0,D9,D5,heartbeat,39,237,,8,,,,,D9,benign,
3524,31503,31505.0,D9,D10,heartbeat,39,237,,8,,,,,D9,benign,
3524,31503,31506.0,D9,D1,heartbeat,39,237,,8,,,,,D9,benign,
3524,31503,31506.0,D9,D3,heartbeat,39,237,,8,,,,,D9,benign,
3524,31503,31506.0,D9,D6,heartbeat,39,237,,8,,,,,D9,benign,
3524,31503,31506.0,D9,D8,heartbeat,39,237,,8,,,,,D9,benign,
3524,31503,31507.0,D9,D7,heartbeat,39,237,,8,,,,,D9,benign,
3522,31530,31532.0,D6,D4,heartbeat,42,203,,8,,,,,D6,benign,
3522,31530,31532.0,D6,D5,heartbeat,42,203,,8,,,,,D6,benign,
3522,31530,31532.0,D6,D10,heartbeat,42,203,,8,,,,,D6,benign,
3522,31530,31533.0,D6,D1,heartbeat,42,203,,8,,,,,D6,benign,
3522,31530,31533.0,D6,D2,heartbeat,42,203,,8,,,,,D6,benign,
3522,31530,31533.0,D6,D9,heartbeat,42,203,,8,,,,,D6,benign,
3522,31530,31534.0,D6,D7,heartbeat,42,203,,8,,,,,D6,benign,
3522,31530,31534.0,D6,D8,heartbeat,42,203,,8,,,,,D6,benign,
3520,31537,31539.0,D5,D1,telemetry,123,587,0dee62aa864d09d9,8,True,,,,D5,benign,
3517,31554,31557.0,D2,D1,telemetry,137,243,dea752a1285564d2,8,True,,,,D2,benign,
3523,31575,31580.0,D6,D1,video,1278,204,d8cf8ac70dedea2d,8,True,,,,D6,benign,
3521,31593,31596.0,D5,D1,video,1153,588,0dee62aa864d09d9,8,True,,,,D5,benign,
3525,31700,,D3,D4,video,1379,598,95dfd2cddf5636a9,8,,,,out_of_range,D3,flooding,flooding-1
3526,31700,,D3,D4,video,1415,599,95dfd2cddf5636a9,8,,,,out_of_range,D3,flooding,flooding-1
3527,31700,,D3,D4,video,1245,600,95dfd2cddf5636a9,8,,,,out_of_range,D3,flooding,flooding-1
3528,31603,31606.0,D4,D1,telemetry,116,244,38b0de290972baf9,8,True,,,,D4,benign,
3537,31604,31607.0,D10,D1,telemetry,109,254,8ecdece5aa881ce9,8,True,,,,D10,benign,
3533,31611,31614.0,D7,D1,heartbeat,39,612,,8,,,,,D7,benign,
3533,31611,31614.0,D7,D4,heartbeat,39,612,,8,,,,,D7,benign,
3533,31611,31614.0,D7,D5,heartbeat,39,612,,8,,,,,D7,benign,
3533,31611,31614.0,D7,D6,heartbeat,39,612,,8,,,,,D7,benign,
3533,31611,31614.0,D7,D9,heartbeat,39,612,,8,,,,,D7,benign,
3533,31611,31614.0,D7,D10,heartbeat,39,612,,8,,,,,D7,benign,
3533,31611,31615.0,D7,D2,heartbeat,39,612,,8,,,,,D7,benign,
3533,31611,31615.0,D7,D8,heartbeat,39,612,,8,,,,,D7,benign,
3535,31613,31616.0,D8,D1,telemetry,133,430,efc1e4c31b172ba4,8,True,,,,D8,benign,
3534,31614,31617.0,D7,D1,telemetry,123,613,2892c58c74b7e674,8,True,,,,D7,benign,
3530,31629,31633.0,D6,D1,video,988,206,d8cf8ac70dedea2d,8,True,,,,D6,benign,
3531,31650,31653.0,D6,D1,video,1071,207,d8cf8ac70dedea2d,8,True,,,,D6,benign,
3536,31658,31661.0,D9,D1,telemetry,89,238,6399288a76ba9107,8,True,,,,D9,benign,
3532,31663,31667.0,D6,D1,video,1074,208,d8cf8ac70dedea2d,8,True,,,,D6,benign,
3529,31667,31671.0,D6,D1,telemetry,126,205,d8cf8ac70dedea2d,8,True,,,,D6,benign,
3540,31800,,D3,D4,video,1310,602,95dfd2cddf5636a9,8,,,,out_of_range,D3,flooding,flooding-1
3541,31800,,D3,D4,video,1405,603,95dfd2cddf5636a9,8,,,,out_of_range,D3,flooding,flooding-1
3542,31800,,D3,D4,video,1360,604,95dfd2cddf5636a9,8,,,,out_of_range,D3,flooding,flooding-1
3538,31727,31729.0,D2,D1,telemetry,114,244,dea752a1285564d2,8,True,,,,D2,benign,
3546,31744,31747.0,D8,D1,video,1036,431,efc1e4c31b172ba4,8,True,,,,D8,benign,
3544,31748,31751.0,D5,D1,telemetry,126,589,0dee62aa864d09d9,8,True,,,,D5,benign,
3547,31769,31772.0,D8,D1,video,1103,432,efc1e4c31b172ba4,8,True,,,,D8,benign,
3551,31779,31781.0,D10,D1,telemetry,113,256,8ecdece5aa881ce9,8,True,,,,D10,benign,
3548,31778,31782.0,D8,D1,video,965,433,efc1e4c31b172ba4,8,True,,,,D8,benign,
3550,31782,31784.0,D10,D4,heartbeat,37,255,,8,,,,,D10,benign,
3550,31782,31784.0,D10,D6,heartbeat,37,255,,8,,,,,D10,benign,
3550,31782,31784.0,D10,D8,heartbeat,37,255,,8,,,,,D10,benign,
3550,31782,31785.0,D10,D1,heartbeat,37,255,,8,,,,,D10,benign,
3550,31782,31785.0,D10,D2,heartbeat,37,255,,8,,,,,D10,benign,
3550,31782,31785.0,D10,D3,heartbeat,37,255,,8,,,,,D10,benign,
3550,31782,31785.0,D10,D5,heartbeat,37,255,,8,,,,,D10,benign,
3550,31782,31785.0,D10,D7,heartbeat,37,255,,8,,,,,D10,benign,
3550,31782,31785.0,D10,D9,heartbeat,37,255,,8,,,,,D10,benign,
3543,31787,31790.0,D4,D1,telemetry,117,245,38b0de290972baf9,8,True,,,,D4,benign,
3545,31789,31792.0,D7,D1,telemetry,127,614,2892c58c74b7e674,8,True,,,,D7,benign,
3549,31789,31792.0,D8,D1,video,1082,434,efc1e4c31b172ba4,8,True,,,,D8,benign,
3552,31793,31796.0,D3,D1,auth_request,152,605,,8,,True,,,D3,benign,
3556,31900,,D3,D4,video,1434,606,95dfd2cddf5636a9,8,,,,out_of_range,D3,flooding,flooding-1
3557,31900,,D3,D4,video,1217,607,95dfd2cddf5636a9,8,,,,out_of_range,D3,flooding,flooding-1
3565,31807,31810.0,D8,D1,telemetry,119,435,efc1e4c31b172ba4,8,True,,,,D8,benign,
3554,31811,31813.0,D1,D3,rl_broadcast,32,121,,8,,,,,D1,benign,
3554,31811,31813.0,D1,D5,rl_broadcast,32,121,,8,,,,,D1,benign,
3554,31811,31813.0,D1,D6,rl_broadcast,32,121,,8,,,,,D1,benign,
3554,31811,31813.0,D1,D8,rl_broadcast,32,121,,8,,,,,D1,benign,
3554,31811,31813.0,D1,D10,rl_broadcast,32,121,,8,,,,,D1,benign,
3553,31811,31814.0,D1,D3,auth_response,152,120,,8,,True,,,D1,benign,
3554,31811,31814.0,D1,D2,rl_broadcast,32,121,,8,,,,,D1,benign,
3554,31811,31814.0,D1,D4,rl_broadcast,32,121,,8,,,,,D1,benign,
3554,31811,31814.0,D1,D7,rl_broadcast,32,121,,8,,,,,D1,benign,
3554,31811,31815.0,D1,D9,rl_broadcast,32,121,,8,,,,,D1,benign,
3539,31814,31816.0,D3,D1,telemetry,125,601,2e0fb72f7f042c4f,8,True,,,,D3,benign,
3558,31816,31819.0,D6,D1,video,1236,209,d8cf8ac70dedea2d,8,True,,,,D6,benign,
3559,31827,31831.0,D6,D1,video,1021,210,d8cf8ac70dedea2d,8,True,,,,D6,benign,
3560,31830,31833.0,D6,D1,video,1102,211,d8cf8ac70dedea2d,8,True,,,,D6,benign,
3569,31835,31837.0,D9,D1,telemetry,124,239,6399288a76ba9107,8,True,,,,D9,benign,
3566,31848,31850.0,D8,D1,video,1166,436,efc1e4c31b172ba4,8,True,,,,D8,benign,
3561,31848,31851.0,D6,D1,video,1065,212,d8cf8ac70dedea2d,8,True,,,,D6,benign,
3562,31860,31863.0,D6,D1,video,1109,213,d8cf8ac70dedea2d,8,True,,,,D6,benign,
3567,31862,31865.0,D8,D1,video,1117,437,efc1e4c31b172ba4,8,True,,,,D8,benign,
3563,31869,31872.0,D6,D1,video,1050,214,d8cf8ac70dedea2d,8,True,,,,D6,benign,
3564,31872,31875.0,D6,D1,video,1161,215,d8cf8ac70dedea2d,8,True,,,,D6,benign,
3568,31872,31875.0,D8,D1,video,988,438,efc1e4c31b172ba4,8,True,,,,D8,benign,
3555,31898,31900.0,D2,D1,telemetry,136,245,dea752a1285564d2,8,True,,,,D2,benign,
3571,32000,,D3,D4,video,1377,609,95dfd2cddf5636a9,8,,,,out_of_range,D3,flooding,flooding-1
3574,31906,31909.0,D6,D1,telemetry,125,216,d8cf8ac70dedea2d,8,True,,,,D6,benign,
3575,31920,31923.0,D6,D1,video,995,217,d8cf8ac70dedea2d,8,True,,,,D6,benign,
3576,31923,31926.0,D6,D1,video,1123,218,d8cf8ac70dedea2d,8,True,,,,D6,benign,
3580,31942,31945.0,D8,D1,video,1254,439,efc1e4c31b172ba4,8,True,,,,D8,benign,
3584,31957,31959.0,D10,D1,telemetry,93,257,8ecdece5aa881ce9,8,True,,,,D10,benign,
3573,31959,31961.0,D5,D1,telemetry,97,590,0dee62aa864d09d9,8,True,,,,D5,benign,
3572,31962,31965.0,D4,D1,telemetry,139,246,38b0de290972baf9,8,True,,,,D4,benign,
3579,31963,31967.0,D7,D1,telemetry,124,615,2892c58c74b7e674,8,True,,,,D7,benign,
3581,31968,31971.0,D8,D1,video,1096,440,efc1e4c31b172ba4,8,True,,,,D8,benign,
3582,31974,31977.0,D8,D1,video,1104,441,efc1e4c31b172ba4,8,True,,,,D8,benign,
3570,31977,31980.0,D3,D1,telemetry,111,608,2e0fb72f7f042c4f,8,True,,,,D3,benign,
3577,31978,31981.0,D6,D1,video,1151,219,d8cf8ac70dedea2d,8,True,,,,D6,benign,
3578,31985,31988.0,D6,D1,video,945,220,d8cf8ac70dedea2d,8,True,,,,D6,benign,
3583,31986,31989.0,D8,D1,video,1078,442,efc1e4c31b172ba4,8,True,,,,D8,benign,
3589,32044,,D4,D2,heartbeat,37,247,,8,,,,channel_loss,D4,benign,
3587,32100,,D3,D4,video,1306,611,95dfd2cddf5636a9,8,,,,out_of_range,D3,flooding,flooding-1
3588,32100,,D3,D4,video,1260,612,95dfd2cddf5636a9,8,,,,out_of_range,D3,flooding,flooding-1
3590,32005,32008.0,D8,D1,telemetry,125,443,efc1e4c31b172ba4,8,True,,,,D8,benign,
3592,32017,32019.0,D9,D1,telemetry,125,240,6399288a76ba9107,8,True,,,,D9,benign,
3591,32019,32022.0,D8,D1,video,867,444,efc1e4c31b172ba4,8,True,,,,D8,benign,
3586,32027,32029.0,D3,D8,heartbeat,45,610,,8,,,,,D3,benign,
3586,32027,32029.0,D3,D10,heartbeat,45,610,,8,,,,,D3,benign,
3586,32027,32030.0,D3,D1,heartbeat,45,610,,8,,,,,D3,benign,
3586,32027,32030.0,D3,D2,heartbeat,45,610,,8,,,,,D3,benign,
3586,32027,32030.0,D3,D5,heartbeat,45,610,,8,,,,,D3,benign,
3586,32027,32030.0,D3,D9,heartbeat,45,610,,8,,,,,D3,benign,
3589,32044,32046.0,D4,D5,heartbeat,37,247,,8,,,,,D4,benign,
3589,32044,32046.0,D4,D6,heartbeat,37,247,,8,,,,,D4,benign,
3589,32044,32046.0,D4,D7,heartbeat,37,247,,8,,,,,D4,benign,
3589,32044,32046.0,D4,D10,heartbeat,37,247,,8,,,,,D4,benign,
3589,32044,32047.0,D4,D1,heartbeat,37,247,,8,,,,,D4,benign,
3589,32044,32047.0,D4,D9,heartbeat,37,247,,8,,,,,D4,benign,
3589,32044,32048.0,D4,D8,heartbeat,37,247,,8,,,,,D4,benign,
3585,32078,32082.0,D2,D1,telemetry,146,246,dea752a1285564d2,8,True,,,,D2,benign,
3605,32200,,D3,D4,video,1355,615,95dfd2cddf5636a9,8,,,,out_of_range,D3,flooding,flooding-1
3606,32200,,D3,D4,video,1440,616,95dfd2cddf5636a9,8,,,,out_of_range,D3,flooding,flooding-1
3607,32200,,D3,D4,video,1382,617,95dfd2cddf5636a9,8,,,,out_of_range,D3,flooding,flooding-1
3608,32200,,D3,D4,video,1250,618,95dfd2cddf5636a9,8,,,,out_of_range,D3,flooding,flooding-1
3595,32100,32102.0,D4,D1,trust_report,136,248,38b0de290972baf9,8,True,,,,D4,benign,
3598,32100,32102.0,D7,D1,trust_report,136,616,2892c58c74b7e674,8,True,,,,D7,benign,
3600,32100,32102.0,D9,D1,trust_report,136,241,6399288a76ba9107,8,True,,,,D9,benign,
3601,32100,32102.0,D10,D1,trust_report,136,258,8ecdece5aa881ce9,8,True,,,,D10,benign,
3593,32100,32103.0,D2,D1,trust_report,136,247,dea752a1285564d2,8,True,,,,D2,benign,
3594,32100,32103.0,D3,D1,trust_report,136,613,2e0fb72f7f042c4f,8,True,,,,D3,benign,
3596,32100,32103.0,D5,D1,trust_report,136,591,0dee62aa864d09d9,8,True,,,,D5,benign,
3597,32100,32103.0,D6,D1,trust_report,136,221,d8cf8ac70dedea2d,8,True,,,,D6,benign,
3599,32100,32103.0,D8,D1,trust_report,136,445,efc1e4c31b172ba4,8,True,,,,D8,benign,
3612,32110,32114.0,D6,D1,video,895,223,d8cf8ac70dedea2d,8,True,,,,D6,benign,
3613,32130,32133.0,D6,D1,video,1399,224,d8cf8ac70dedea2d,8,True,,,,D6,benign,
3614,32132,32135.0,D7,D1,telemetry,116,617,2892c58c74b7e674,8,True,,,,D7,benign,
3611,32133,32136.0,D6,D1,telemetry,135,222,d8cf8ac70dedea2d,8,True,,,,D6,benign,
3619,32135,32139.0,D10,D1,telemetry,107,259,8ecdece5aa881ce9,8,True,,,,D10,benign,
3609,32139,32141.0,D4,D1,telemetry,132,249,38b0de290972baf9,8,True,,,,D4,benign,
3616,32144,32147.0,D8,D1,video,1148,447,efc1e4c31b172ba4,8,True,,,,D8,benign,
3617,32151,32154.0,D8,D1,video,1177,448,efc1e4c31b172ba4,8,True,,,,D8,benign,
3603,32154,32156.0,D2,D3,heartbeat,45,248,,8,,,,,D2,benign,
3603,32154,32156.0,D2,D4,heartbeat,45,248,,8,,,,,D2,benign,
3603,32154,32156.0,D2,D8,heartbeat,45,248,,8,,,,,D2,benign,
3603,32154,32156.0,D2,D9,heartbeat,45,248,,8,,,,,D2,benign,
3603,32154,32157.0,D2,D1,heartbeat,45,248,,8,,,,,D2,benign,
3603,32154,32157.0,D2,D5,heartbeat,45,248,,8,,,,,D2,benign,
3603,32154,32157.0,D2,D6,heartbeat,45,248,,8,,,,,D2,benign,
3603,32154,32157.0,D2,D7,heartbeat,45,248,,8,,,,,D2,benign,
3603,32154,32157.0,D2,D10,heartbeat,45,248,,8,,,,,D2,benign,
3610,32167,32170.0,D5,D1,telemetry,142,592,0dee62aa864d09d9,8,True,,,,D5,benign,
3602,32171,32173.0,D1,D2,heartbeat,41,122,,8,,,,,D1,benign,
3602,32171,32173.0,D1,D5,heartbeat,41,122,,8,,,,,D1,benign,
3602,32171,32173.0,D1,D6,heartbeat,41,122,,8,,,,,D1,benign,
3602,32171,32173.0,D1,D9,heartbeat,41,122,,8,,,,,D1,benign,
3602,32171,32174.0,D1,D3,heartbeat,41,122,,8,,,,,D1,benign,
3602,32171,32174.0,D1,D8,heartbeat,41,122,,8,,,,,D1,benign,
3602,32171,32174.0,D1,D10,heartbeat,41,122,,8,,,,,D1,benign,
3602,32171,32175.0,D1,D4,heartbeat,41,122,,8,,,,,D1,benign,
3602,32171,32175.0,D1,D7,heartbeat,41,122,,8,,,,,D1,benign,
3604,32175,32178.0,D3,D1,telemetry,135,614,2e0fb72f7f042c4f,8,True,,,,D3,benign,
3615,32186,32190.0,D8,D1,telemetry,125,446,efc1e4c31b172ba4,8,True,,,,D8,benign,
3618,32196,32199.0,D9,D1,telemetry,109,242,6399288a76ba9107,8,True,,,,D9,benign,
3621,32300,,D3,D4,video,1385,619,95dfd2cddf5636a9,8,,,,out_of_range,D3,flooding,flooding-1
3622,32300,,D3,D4,video,1263,620,95dfd2cddf5636a9,8,,,,out_of_range,D3,flooding,flooding-1
3620,32253,32255.0,D2,D1,telemetry,127,249,dea752a1285564d2,8,True,,,,D2,benign,
3623,32258,32261.0,D6,D1,video,1090,225,d8cf8ac70dedea2d,8,True,,,,D6,benign,
3624,32281,32285.0,D6,D1,video,1148,226,d8cf8ac70dedea2d,8,True,,,,D6,benign,
3626,32400,,D3,D4,video,1276,622,95dfd2cddf5636a9,8,,,,out_of_range,D3,flooding,flooding-1
3627,32400,,D3,D4,video,1430,623,95dfd2cddf5636a9,8,,,,out_of_range,D3,flooding,flooding-1
3634,32309,32312.0,D10,D1,telemetry,123,260,8ecdece5aa881ce9,8,True,,,,D10,benign,
3631,32311,32313.0,D7,D1,telemetry,124,618,2892c58c74b7e674,8,True,,,,D7,benign,
3628,32322,32325.0,D4,D1,telemetry,109,250,38b0de290972baf9,8,True,,,,D4,benign,
3630,32364,32367.0,D6,D1,telemetry,126,227,d8cf8ac70dedea2d,8,True,,,,D6,benign,
3632,32369,32372.0,D8,D1,telemetry,117,449,efc1e4c31b172ba4,8,True,,,,D8,benign,
3633,32372,32376.0,D9,D1,telemetry,125,243,6399288a76ba9107,8,True,,,,D9,benign,
3629,32376,32378.0,D5,D1,telemetry,112,593,0dee62aa864d09d9,8,True,,,,D5,benign,
3625,32375,32379.0,D3,D1,telemetry,120,621,2e0fb72f7f042c4f,8,True,,,,D3,benign,
3636,32500,,D3,D4,video,1318,624,95dfd2cddf5636a9,8,,,,out_of_range,D3,flooding,flooding-1
3637,32500,,D3,D4,video,1345,625,95dfd2cddf5636a9,8,,,,out_of_range,D3,flooding,flooding-1
3635,32443,32446.0,D2,D1,telemetry,115,250,dea752a1285564d2,8,True,,,,D2,benign,
3639,32454,32457.0,D6,D1,video,1034,228,d8cf8ac70dedea2d,8,True,,,,D6,benign,
3640,32463,32467.0,D6,D1,video,1048,229,d8cf8ac70dedea2d,8,True,,,,D6,benign,
3641,32468,32472.0,D6,D1,video,1188,230,d8cf8ac70dedea2d,8,True,,,,D6,benign,
3645,32470,32474.0,D10,D1,telemetry,124,261,8ecdece5aa881ce9,8,True,,,,D10,benign,
3642,32472,32475.0,D6,D1,video,1112,231,d8cf8ac70dedea2d,8,True,,,,D6,benign,
3644,32482,32484.0,D8,D1,heartbeat,39,450,,8,,,,,D8,benign,
3644,32482,32484.0,D8,D5,heartbeat,39,450,,8,,,,,D8,benign,
3644,32482,32484.0,D8,D6,heartbeat,39,450,,8,,,,,D8,benign,
3644,32482,32484.0,D8,D7,heartbeat,39,450,,8,,,,,D8,benign,
3644,32482,32484.0,D8,D9,heartbeat,39,450,,8,,,,,D8,benign,
3644,32482,32485.0,D8,D2,heartbeat,39,450,,8,,,,,D8,benign,
3644,32482,32485.0,D8,D4,heartbeat,39,450,,8,,,,,D8,benign,
3644,32482,32485.0,D8,D10,heartbeat,39,450,,8,,,,,D8,benign,
3638,32485,32487.0,D5,D3,heartbeat,39,594,,8,,,,,D5,benign,
3638,32485,32487.0,D5,D9,heartbeat,39,594,,8,,,,,D5,benign,
3638,32485,32488.0,D5,D2,heartbeat,39,594,,8,,,,,D5,benign,
3638,32485,32488.0,D5,D4,heartbeat,39,594,,8,,,,,D5,benign,
3638,32485,32488.0,D5,D8,heartbeat,39,594,,8,,,,,D5,benign,
3638,32485,32488.0,D5,D10,heartbeat,39,594,,8,,,,,D5,benign,
3638,32485,32489.0,D5,D1,heartbeat,39,594,,8,,,,,D5,benign,
3638,32485,32489.0,D5,D6,heartbeat,39,594,,8,,,,,D5,benign,
3638,32485,32489.0,D5,D7,heartbeat,39,594,,8,,,,,D5,benign,
3643,32494,32497.0,D7,D1,telemetry,116,619,2892c58c74b7e674,8,True,,,,D7,benign,
3647,32600,,D3,D4,video,1360,627,95dfd2cddf5636a9,8,,,,out_of_range,D3,flooding,flooding-1
3648,32600,,D3,D4,video,1274,628,95dfd2cddf5636a9,8,,,,out_of_range,D3,flooding,flooding-1
3649,32600,,D3,D4,video,1314,629,95dfd2cddf5636a9,8,,,,out_of_range,D3,flooding,flooding-1
3650,32600,,D3,D4,video,1356,630,95dfd2cddf5636a9,8,,,,out_of_range,D3,flooding,flooding-1
3651,32505,32508.0,D4,D1,telemetry,114,251,38b0de290972baf9,8,True,,,,D4,benign,
3659,32506,32508.0,D9,D1,heartbeat,35,244,,8,,,,,D9,benign,
3659,32506,32508.0,D9,D3,heartbeat,35,244,,8,,,,,D9,benign,
3659,32506,32508.0,D9,D4,heartbeat,35,244,,8,,,,,D9,benign,
3659,32506,32508.0,D9,D7,heartbeat,35,244,,8,,,,,D9,benign,
3659,32506,32508.0,D9,D8,heartbeat,35,244,,8,,,,,D9,benign,
3659,32506,32508.0,D9,D10,heartbeat,35,244,,8,,,,,D9,benign,
3659,32506,32509.0,D9,D5,heartbeat,35,244,,8,,,,,D9,benign,
3659,32506,32509.0,D9,D6,heartbeat,35,244,,8,,,,,D9,benign,
3659,32506,32510.0,D9,D2,heartbeat,35,244,,8,,,,,D9,benign,
3656,32508,32511.0,D7,D1,video,1012,620,2892c58c74b7e674,8,True,,,,D7,benign,
3657,32510,32513.0,D7,D1,video,1317,621,2892c58c74b7e674,8,True,,,,D7,benign,
3653,32512,32514.0,D6,D2,heartbeat,40,232,,8,,,,,D6,benign,
3653,32512,32514.0,D6,D5,heartbeat,40,232,,8,,,,,D6,benign,
3653,32512,32514.0,D6,D7,heartbeat,40,232,,8,,,,,D6,benign,
3653,32512,32514.0,D6,D9,heartbeat,40,232,,8,,,,,D6,benign,
3653,32512,32515.0,D6,D1,heartbeat,40,232,,8,,,,,D6,benign,
3653,32512,32515.0,D6,D4,heartbeat,40,232,,8,,,,,D6,benign,
3653,32512,32515.0,D6,D8,heartbeat,40,232,,8,,,,,D6,benign,
3653,32512,32516.0,D6,D10,heartbeat,40,232,,8,,,,,D6,benign,
3654,32545,32549.0,D6,D1,video,1198,233,d8cf8ac70dedea2d,8,True,,,,D6,benign,
3658,32554,32557.0,D8,D1,telemetry,139,451,efc1e4c31b172ba4,8,True,,,,D8,benign,
3660,32555,32557.0,D9,D1,telemetry,136,245,6399288a76ba9107,8,True,,,,D9,benign,
3655,32556,32559.0,D6,D1,video,1109,234,d8cf8ac70dedea2d,8,True,,,,D6,benign,
3646,32564,32568.0,D3,D1,telemetry,108,626,2e0fb72f7f042c4f,8,True,,,,D3,benign,
3652,32585,32588.0,D5,D1,telemetry,83,595,0dee62aa864d09d9,8,True,,,,D5,benign,
3662,32700,,D3,D4,video,1345,631,95dfd2cddf5636a9,8,,,,out_of_range,D3,flooding,flooding-1
3670,32601,32604.0,D7,D1,video,1058,624,2892c58c74b7e674,8,True,,,,D7,benign,
3664,32603,32606.0,D6,D1,telemetry,115,235,d8cf8ac70dedea2d,8,True,,,,D6,benign,
3661,32614,32617.0,D2,D1,telemetry,109,251,dea752a1285564d2,8,True,,,,D2,benign,
3671,32640,32643.0,D7,D1,video,1088,625,2892c58c74b7e674,8,True,,,,D7,benign,
3672,32640,32645.0,D10,D1,telemetry,121,262,8ecdece5aa881ce9,8,True,,,,D10,benign,
3668,32661,32663.0,D7,D8,heartbeat,42,622,,8,,,,,D7,benign,
3668,32661,32663.0,D7,D9,heartbeat,42,622,,8,,,,,D7,benign,
3668,32661,32664.0,D7,D1,heartbeat,42,622,,8,,,,,D7,benign,
3668,32661,32664.0,D7,D4,heartbeat,42,622,,8,,,,,D7,benign,
3668,32661,32664.0,D7,D5,heartbeat,42,622,,8,,,,,D7,benign,
3668,32661,32664.0,D7,D6,heartbeat,42,622,,8,,,,,D7,benign,
3668,32661,32664.0,D7,D10,heartbeat,42,622,,8,,,,,D7,benign,
3668,32661,32665.0,D7,D2,heartbeat,42,622,,8,,,,,D7,benign,
3665,32665,32669.0,D6,D1,video,1181,236,d8cf8ac70dedea2d,8,True,,,,D6,benign,
3669,32666,32669.0,D7,D1,telemetry,123,623,2892c58c74b7e674,8,True,,,,D7,benign,
3666,32682,32685.0,D6,D1,video,1204,237,d8cf8ac70dedea2d,8,True,,,,D6,benign,
3663,32684,32688.0,D4,D1,telemetry,131,252,38b0de290972baf9,8,True,,,,D4,benign,
3667,32693,32696.0,D6,D1,video,1059,238,d8cf8ac70dedea2d,8,True,,,,D6,benign,
3675,32800,,D3,D4,video,1391,633,95dfd2cddf5636a9,8,,,,out_of_range,D3,flooding,flooding-1
3676,32800,,D3,D4,video,1445,634,95dfd2cddf5636a9,8,,,,out_of_range,D3,flooding,flooding-1
3677,32800,,D3,D4,video,1444,635,95dfd2cddf5636a9,8,,,,out_of_range,D3,flooding,flooding-1
3678,32800,,D3,D4,video,1273,636,95dfd2cddf5636a9,8,,,,out_of_range,D3,flooding,flooding-1
3680,32705,32708.0,D7,D1,video,1026,626,2892c58c74b7e674,8,True,,,,D7,benign,
3682,32743,32745.0,D8,D1,telemetry,115,452,efc1e4c31b172ba4,8,True,,,,D8,benign,
3683,32747,32750.0,D9,D1,telemetry,131,246,6399288a76ba9107,8,True,,,,D9,benign,
3674,32757,32761.0,D3,D1,telemetry,101,632,2e0fb72f7f042c4f,8,True,,,,D3,benign,
3681,32761,32764.0,D7,D1,video,1056,627,2892c58c74b7e674,8,True,,,,D7,benign,
3684,32766,32768.0,D10,D3,heartbeat,43,263,,8,,,,,D10,benign,
3684,32766,32768.0,D10,D4,heartbeat,43,263,,8,,,,,D10,benign,
3684,32766,32768.0,D10,D6,heartbeat,43,263,,8,,,,,D10,benign,
3684,32766,32768.0,D10,D8,heartbeat,43,263,,8,,,,,D10,benign,
3684,32766,32769.0,D10,D1,heartbeat,43,263,,8,,,,,D10,benign,
3684,32766,32769.0,D10,D2,heartbeat,43,263,,8,,,,,D10,benign,
3684,32766,32769.0,D10,D7,heartbeat,43,263,,8,,,,,D10,benign,
3684,32766,32769.0,D10,D9,heartbeat,43,263,,8,,,,,D10,benign,
3684,32766,32770.0,D10,D5,heartbeat,43,263,,8,,,,,D10,benign,
3692,32838,,D7,D1,video,981,629,2892c58c74b7e674,8,,,,channel_loss,D7,benign,
3685,32900,,D3,D4,video,1304,637,95dfd2cddf5636a9,8,,,,out_of_range,D3,flooding,flooding-1
3686,32900,,D3,D4,video,1311,638,95dfd2cddf5636a9,8,,,,out_of_range,D3,flooding,flooding-1
3673,32800,32803.0,D2,D1,telemetry,128,252,dea752a1285564d2,8,True,,,,D2,benign,
3679,32800,32803.0,D5,D1,telemetry,115,596,0dee62aa864d09d9,8,True,,,,D5,benign,
3694,32812,32814.0,D10,D1,telemetry,121,264,8ecdece5aa881ce9,8,True,,,,D10,benign,
3691,32836,32840.0,D7,D1,telemetry,100,628,2892c58c74b7e674,8,True,,,,D7,benign,
3688,32846,32848.0,D6,D1,telemetry,137,239,d8cf8ac70dedea2d,8,True,,,,D6,benign,
3689,32859,32862.0,D6,D1,video,1184,240,d8cf8ac70dedea2d,8,True,,,,D6,benign,
3693,32859,32862.0,D7,D1,video,1217,630,2892c58c74b7e674,8,True,,,,D7,benign,
3690,32863,32866.0,D6,D1,video,1009,241,d8cf8ac70dedea2d,8,True,,,,D6,benign,
3687,32872,32875.0,D4,D1,telemetry,114,253,38b0de290972baf9,8,True,,,,D4,benign,
3697,33000,,D3,D4,video,1279,640,95dfd2cddf5636a9,8,,,,out_of_range,D3,flooding,flooding-1
3705,32923,32926.0,D9,D1,telemetry,107,247,6399288a76ba9107,8,True,,,,D9,benign,
3704,32930,32932.0,D8,D1,telemetry,93,453,efc1e4c31b172ba4,8,True,,,,D8,benign,
3696,32942,32945.0,D3,D1,telemetry,122,639,2e0fb72f7f042c4f,8,True,,,,D3,benign,
3701,32944,32948.0,D7,D1,video,1004,631,2892c58c74b7e674,8,True,,,,D7,benign,
3698,32950,32955.0,D6,D1,video,1140,242,d8cf8ac70dedea2d,8,True,,,,D6,benign,
3699,32960,32964.0,D6,D1,video,949,243,d8cf8ac70dedea2d,8,True,,,,D6,benign,
3702,32978,32982.0,D7,D1,video,1118,632,2892c58c74b7e674,8,True,,,,D7,benign,
3703,32981,32985.0,D7,D1,video,1127,633,2892c58c74b7e674,8,True,,,,D7,benign,
3695,32982,32985.0,D2,D1,telemetry,93,253,dea752a1285564d2,8,True,,,,D2,benign,
3700,32984,32987.0,D6,D1,video,996,244,d8cf8ac70dedea2d,8,True,,,,D6,benign,
3706,32990,32993.0,D10,D1,telemetry,119,265,8ecdece5aa881ce9,8,True,,,,D10,benign,
3708,33100,,D3,D4,video,1212,642,95dfd2cddf5636a9,8,,,,out_of_range,D3,flooding,flooding-1
3709,33100,,D3,D4,video,1271,643,95dfd2cddf5636a9,8,,,,out_of_range,D3,flooding,flooding-1
3712,33001,33003.0,D5,D1,telemetry,138,597,0dee62aa864d09d9,8,True,,,,D5,benign,
3710,33003,33005.0,D4,D1,heartbeat,42,254,,8,,,,,D4,benign,
3710,33003,33005.0,D4,D2,heartbeat,42,254,,8,,,,,D4,benign,
3710,33003,33005.0,D4,D5,heartbeat,42,254,,8,,,,,D4,benign,
3710,33003,33005.0,D4,D8,heartbeat,42,254,,8,,,,,D4,benign,
3710,33003,33005.0,D4,D10,heartbeat,42,254,,8,,,,,D4,benign,
3710,33003,33006.0,D4,D6,heartbeat,42,254,,8,,,,,D4,benign,
3710,33003,33006.0,D4,D7,heartbeat,42,254,,8,,,,,D4,benign,
3710,33003,33006.0,D4,D9,heartbeat,42,254,,8,,,,,D4,benign,
3716,33010,33012.0,D7,D1,telemetry,121,634,2892c58c74b7e674,8,True,,,,D7,benign,
3707,33027,33029.0,D3,D1,heartbeat,34,641,,8,,,,,D3,benign,
3707,33027,33029.0,D3,D5,heartbeat,34,641,,8,,,,,D3,benign,
3707,33027,33029.0,D3,D9,heartbeat,34,641,,8,,,,,D3,benign,
3707,33027,33030.0,D3,D10,heartbeat,34,641,,8,,,,,D3,benign,
3707,33027,33031.0,D3,D2,heartbeat,34,641,,8,,,,,D3,benign,
3711,33051,33054.0,D4,D1,telemetry,108,255,38b0de290972baf9,8,True,,,,D4,benign,
3717,33054,33058.0,D7,D1,video,1032,635,2892c58c74b7e674,8,True,,,,D7,benign,
3714,33058,33061.0,D6,D1,video,1400,246,d8cf8ac70dedea2d,8,True,,,,D6,benign,
3718,33061,33064.0,D7,D1,video,1055,636,2892c58c74b7e674,8,True,,,,D7,benign,
3715,33083,33085.0,D6,D1,video,1076,247,d8cf8ac70dedea2d,8,True,,,,D6,benign,
3713,33090,33093.0,D6,D1,telemetry,123,245,d8cf8ac70dedea2d,8,True,,,,D6,benign,
3719,33091,33094.0,D7,D1,video,1232,637,2892c58c74b7e674,8,True,,,,D7,benign,
3720,33093,33097.0,D7,D1,video,1135,638,2892c58c74b7e674,8,True,,,,D7,benign,
3734,33200,,D3,D4,video,1233,646,95dfd2cddf5636a9,8,,,,out_of_range,D3,flooding,flooding-1
3735,33200,,D3,D4,video,1373,647,95dfd2cddf5636a9,8,,,,out_of_range,D3,flooding,flooding-1
3721,33100,33102.0,D2,D1,trust_report,136,254,dea752a1285564d2,8,True,,,,D2,benign,
3723,33100,33102.0,D4,D1,trust_report,136,256,38b0de290972baf9,8,True,,,,D4,benign,
3724,33100,33102.0,D5,D1,trust_report,136,598,0dee62aa864d09d9,8,True,,,,D5,benign,
3725,33100,33102.0,D6,D1,trust_report,136,248,d8cf8ac70dedea2d,8,True,,,,D6,benign,
3728,33100,33102.0,D9,D1,trust_report,136,248,6399288a76ba9107,8,True,,,,D9,benign,
3729,33100,33102.0,D10,D1,trust_report,136,266,8ecdece5aa881ce9,8,True,,,,D10,benign,
3722,33100,33103.0,D3,D1,trust_report,136,644,2e0fb72f7f042c4f,8,True,,,,D3,benign,
3726,33100,33103.0,D7,D1,trust_report,136,639,2892c58c74b7e674,8,True,,,,D7,benign,
3727,33100,33103.0,D8,D1,trust_report,136,454,efc1e4c31b172ba4,8,True,,,,D8,benign,
3742,33102,33105.0,D9,D1,telemetry,119,249,6399288a76ba9107,8,True,,,,D9,benign,
3736,33112,33115.0,D6,D1,video,928,249,d8cf8ac70dedea2d,8,True,,,,D6,benign,
3737,33113,33116.0,D6,D1,video,1028,250,d8cf8ac70dedea2d,8,True,,,,D6,benign,
3730,33128,33130.0,D1,D3,heartbeat,43,123,,8,,,,,D1,benign,
3730,33128,33130.0,D1,D6,heartbeat,43,123,,8,,,,,D1,benign,
3730,33128,33130.0,D1,D8,heartbeat,43,123,,8,,,,,D1,benign,
3730,33128,33130.0,D1,D10,heartbeat,43,123,,8,,,,,D1,benign,
3730,33128,33131.0,D1,D4,heartbeat,43,123,,8,,,,,D1,benign,
3730,33128,33131.0,D1,D5,heartbeat,43,123,,8,,,,,D1,benign,
3730,33128,33131.0,D1,D7,heartbeat,43,123,,8,,,,,D1,benign,
3741,33128,33131.0,D8,D1,telemetry,117,455,efc1e4c31b172ba4,8,True,,,,D8,benign,
3730,33128,33132.0,D1,D2,heartbeat,43,123,,8,,,,,D1,benign,
3730,33128,33132.0,D1,D9,heartbeat,43,123,,8,,,,,D1,benign,
3733,33137,33140.0,D3,D1,telemetry,114,645,2e0fb72f7f042c4f,8,True,,,,D3,benign,
3739,33152,33155.0,D7,D1,video,1159,641,2892c58c74b7e674,8,True,,,,D7,benign,
3743,33154,33157.0,D10,D1,telemetry,120,267,8ecdece5aa881ce9,8,True,,,,D10,benign,
3731,33163,33165.0,D2,D5,heartbeat,34,255,,8,,,,,D2,benign,
3731,33163,33165.0,D2,D9,heartbeat,34,255,,8,,,,,D2,benign,
3731,33163,33166.0,D2,D1,heartbeat,34,255,,8,,,,,D2,benign,
3731,33163,33166.0,D2,D6,heartbeat,34,255,,8,,,,,D2,benign,
3731,33163,33166.0,D2,D8,heartbeat,34,255,,8,,,,,D2,benign,
3731,33163,33166.0,D2,D10,heartbeat,34,255,,8,,,,,D2,benign,
3731,33163,33167.0,D2,D3,heartbeat,34,255,,8,,,,,D2,benign,
3731,33163,33167.0,D2,D4,heartbeat,34,255,,8,,,,,D2,benign,
3731,33163,33167.0,D2,D7,heartbeat,34,255,,8,,,,,D2,benign,
3732,33164,33167.0,D2,D1,telemetry,134,256,dea752a1285564d2,8,True,,,,D2,benign,
3740,33180,33183.0,D7,D1,video,1101,642,2892c58c74b7e674,8,True,,,,D7,benign,
3738,33192,33198.0,D7,D1,telemetry,119,640,2892c58c74b7e674,8,True,,,,D7,benign,
3744,33300,,D3,D4,video,1367,648,95dfd2cddf5636a9,8,,,,out_of_range,D3,flooding,flooding-1
3745,33300,,D3,D4,video,1356,649,95dfd2cddf5636a9,8,,,,out_of_range,D3,flooding,flooding-1
3746,33300,,D3,D4,video,1310,650,95dfd2cddf5636a9,8,,,,out_of_range,D3,flooding,flooding-1
3748,33206,33208.0,D5,D1,telemetry,119,599,0dee62aa864d09d9,8,True,,,,D5,benign,
3747,33236,33238.0,D4,D1,telemetry,135,257,38b0de290972baf9,8,True,,,,D4,benign,
3750,33241,33245.0,D7,D1,video,1094,643,2892c58c74b7e674,8,True,,,,D7,benign,
3749,33261,33264.0,D6,D1,video,1028,251,d8cf8ac70dedea2d,8,True,,,,D6,benign,
3751,33265,33268.0,D7,D1,video,1216,644,2892c58c74b7e674,8,True,,,,D7,benign,
3753,33286,33290.0,D9,D1,telemetry,130,250,6399288a76ba9107,8,True,,,,D9,benign,
3752,33289,33292.0,D7,D1,video,859,645,2892c58c74b7e674,8,True,,,,D7,benign,
3756,33400,,D3,D4,video,1216,652,95dfd2cddf5636a9,8,,,,out_of_range,D3,flooding,flooding-1
3757,33400,,D3,D4,video,1253,653,95dfd2cddf5636a9,8,,,,out_of_range,D3,flooding,flooding-1
3759,33303,33307.0,D6,D1,video,1203,253,d8cf8ac70dedea2d,8,True,,,,D6,benign,
3762,33312,33315.0,D7,D1,video,1086,647,2892c58c74b7e674,8,True,,,,D7,benign,
3760,33316,33319.0,D6,D1,video,927,254,d8cf8ac70dedea2d,8,True,,,,D6,benign,
3765,33319,33321.0,D8,D1,telemetry,94,456,efc1e4c31b172ba4,8,True,,,,D8,benign,
3758,33320,33323.0,D6,D1,telemetry,138,252,d8cf8ac70dedea2d,8,True,,,,D6,benign,
3755,33322,33324.0,D3,D1,telemetry,107,651,2e0fb72f7f042c4f,8,True,,,,D3,benign,
3766,33328,33330.0,D10,D1,telemetry,125,268,8ecdece5aa881ce9,8,True,,,,D10,benign,
3754,33336,33338.0,D2,D1,telemetry,113,257,dea752a1285564d2,8,True,,,,D2,benign,
3763,33343,33348.0,D7,D1,video,1085,648,2892c58c74b7e674,8,True,,,,D7,benign,
3761,33362,33364.0,D7,D1,telemetry,127,646,2892c58c74b7e674,8,True,,,,D7,benign,
3764,33391,33394.0,D7,D1,video,1067,649,2892c58c74b7e674,8,True,,,,D7,benign,
3769,33404,33408.0,D5,D1,telemetry,129,600,0dee62aa864d09d9,8,True,,,,D5,benign,
3773,33405,33409.0,D7,D1,video,1301,650,2892c58c74b7e674,8,True,,,,D7,benign,
3768,33417,33419.0,D4,D1,telemetry,130,258,38b0de290972baf9,8,True,,,,D4,benign,
3770,33424,33427.0,D6,D1,video,1193,255,d8cf8ac70dedea2d,8,True,,,,D6,benign,
3771,33449,33452.0,D6,D1,video,1365,256,d8cf8ac70dedea2d,8,True,,,,D6,benign,
3774,33449,33453.0,D7,D1,video,1061,651,2892c58c74b7e674,8,True,,,,D7,benign,
3775,33460,33464.0,D7,D1,video,1217,652,2892c58c74b7e674,8,True,,,,D7,benign,
3777,33465,33467.0,D9,D1,heartbeat,36,251,,8,,,,,D9,benign,
3777,33465,33467.0,D9,D4,heartbeat,36,251,,8,,,,,D9,benign,
3777,33465,33467.0,D9,D7,heartbeat,36,251,,8,,,,,D9,benign,
3777,33465,33468.0,D9,D2,heartbeat,36,251,,8,,,,,D9,benign,
3777,33465,33468.0,D9,D3,heartbeat,36,251,,8,,,,,D9,benign,
3777,33465,33468.0,D9,D5,heartbeat,36,251,,8,,,,,D9,benign,
3777,33465,33468.0,D9,D8,heartbeat,36,251,,8,,,,,D9,benign,
3777,33465,33468.0,D9,D10,heartbeat,36,251,,8,,,,,D9,benign,
3767,33466,33468.0,D1,D8,command,95,124,efc1e4c31b172ba4,8,True,,,,D1,benign,
3777,33465,33469.0,D9,D6,heartbeat,36,251,,8,,,,,D9,benign,
3778,33467,33470.0,D9,D1,telemetry,105,252,6399288a76ba9107,8,True,,,,D9,benign,
3772,33471,33475.0,D6,D1,video,1241,257,d8cf8ac70dedea2d,8,True,,,,D6,benign,
3776,33487,33489.0,D8,D2,heartbeat,36,457,,8,,,,,D8,benign,
3776,33487,33489.0,D8,D5,heartbeat,36,457,,8,,,,,D8,benign,
3776,33487,33489.0,D8,D7,heartbeat,36,457,,8,,,,,D8,benign,
3776,33487,33489.0,D8,D10,heartbeat,36,457,,8,,,,,D8,benign,
3776,33487,33490.0,D8,D4,heartbeat,36,457,,8,,,,,D8,benign,
3776,33487,33490.0,D8,D6,heartbeat,36,457,,8,,,,,D8,benign,
3776,33487,33490.0,D8,D9,heartbeat,36,457,,8,,,,,D8,benign,
3776,33487,33491.0,D8,D1,heartbeat,36,457,,8,,,,,D8,benign,
3779,33496,33498.0,D10,D1,telemetry,110,269,8ecdece5aa881ce9,8,True,,,,D10,benign,
3786,33503,,D6,D5,heartbeat,44,258,,8,,,,channel_loss,D6,benign,
3782,33600,,D3,D4,video,1440,655,95dfd2cddf5636a9,8,,,,out_of_range,D3,flooding,flooding-1
3783,33600,,D3,D4,video,1438,656,95dfd2cddf5636a9,8,,,,out_of_range,D3,flooding,flooding-1
3784,33600,,D3,D4,video,1327,657,95dfd2cddf5636a9,8,,,,out_of_range,D3,flooding,flooding-1
3786,33503,33505.0,D6,D2,heartbeat,44,258,,8,,,,,D6,benign,
3786,33503,33505.0,D6,D9,heartbeat,44,258,,8,,,,,D6,benign,
3786,33503,33506.0,D6,D1,heartbeat,44,258,,8,,,,,D6,benign,
3786,33503,33506.0,D6,D4,heartbeat,44,258,,8,,,,,D6,benign,
3786,33503,33506.0,D6,D7,heartbeat,44,258,,8,,,,,D6,benign,
3786,33503,33506.0,D6,D8,heartbeat,44,258,,8,,,,,D6,benign,
3786,33503,33506.0,D6,D10,heartbeat,44,258,,8,,,,,D6,benign,
3788,33504,33508.0,D6,D1,video,1102,260,d8cf8ac70dedea2d,8,True,,,,D6,benign,
3795,33511,33514.0,D8,D1,telemetry,119,458,efc1e4c31b172ba4,8,True,,,,D8,benign,
3781,33515,33517.0,D3,D1,telemetry,97,654,2e0fb72f7f042c4f,8,True,,,,D3,benign,
3780,33516,33519.0,D2,D1,telemetry,107,258,dea752a1285564d2,8,True,,,,D2,benign,
3785,33517,33519.0,D5,D2,heartbeat,39,601,,8,,,,,D5,benign,
3785,33517,33519.0,D5,D6,heartbeat,39,601,,8,,,,,D5,benign,
3785,33517,33519.0,D5,D7,heartbeat,39,601,,8,,,,,D5,benign,
3785,33517,33519.0,D5,D8,heartbeat,39,601,,8,,,,,D5,benign,
3785,33517,33519.0,D5,D9,heartbeat,39,601,,8,,,,,D5,benign,
3785,33517,33520.0,D5,D1,heartbeat,39,601,,8,,,,,D5,benign,
3785,33517,33520.0,D5,D3,heartbeat,39,601,,8,,,,,D5,benign,
3785,33517,33521.0,D5,D4,heartbeat,39,601,,8,,,,,D5,benign,
3785,33517,33521.0,D5,D10,heartbeat,39,601,,8,,,,,D5,benign,
3789,33528,33531.0,D6,D1,video,1041,261,d8cf8ac70dedea2d,8,True,,,,D6,benign,
3792,33528,33532.0,D7,D1,video,1346,654,2892c58c74b7e674,8,True,,,,D7,benign,
3791,33534,33536.0,D7,D1,telemetry,110,653,2892c58c74b7e674,8,True,,,,D7,benign,
3787,33557,33559.0,D6,D1,telemetry,125,259,d8cf8ac70dedea2d,8,True,,,,D6,benign,
3793,33560,33563.0,D7,D1,video,1283,655,2892c58c74b7e674,8,True,,,,D7,benign,
3790,33562,33565.0,D6,D1,video,1144,262,d8cf8ac70dedea2d,8,True,,,,D6,benign,
3794,33583,33586.0,D7,D1,video,1272,656,2892c58c74b7e674,8,True,,,,D7,benign,
3796,33700,,D3,D4,video,1300,658,95dfd2cddf5636a9,8,,,,out_of_range,D3,flooding,flooding-1
3799,33601,33604.0,D6,D1,video,1059,263,d8cf8ac70dedea2d,8,True,,,,D6,benign,
3797,33606,33610.0,D4,D1,telemetry,118,259,38b0de290972baf9,8,True,,,,D4,benign,
3804,33609,33612.0,D7,D1,video,1321,658,2892c58c74b7e674,8,True,,,,D7,benign,
3798,33619,33621.0,D5,D1,telemetry,129,602,0dee62aa864d09d9,8,True,,,,D5,benign,
3805,33621,33624.0,D7,D1,video,1254,659,2892c58c74b7e674,8,True,,,,D7,benign,
3803,33633,33635.0,D7,D2,heartbeat,46,657,,8,,,,,D7,benign,
3803,33633,33635.0,D7,D6,heartbeat,46,657,,8,,,,,D7,benign,
3803,33633,33635.0,D7,D10,heartbeat,46,657,,8,,,,,D7,benign,
3803,33633,33636.0,D7,D1,heartbeat,46,657,,8,,,,,D7,benign,
3803,33633,33636.0,D7,D5,heartbeat,46,657,,8,,,,,D7,benign,
3803,33633,33636.0,D7,D8,heartbeat,46,657,,8,,,,,D7,benign,
3803,33633,33636.0,D7,D9,heartbeat,46,657,,8,,,,,D7,benign,
3803,33633,33637.0,D7,D4,heartbeat,46,657,,8,,,,,D7,benign,
3806,33647,33651.0,D7,D1,video,1173,660,2892c58c74b7e674,8,True,,,,D7,benign,
3810,33648,33651.0,D9,D1,telemetry,108,253,6399288a76ba9107,8,True,,,,D9,benign,
3800,33658,33661.0,D6,D1,video,1085,264,d8cf8ac70dedea2d,8,True,,,,D6,benign,
3807,33670,33673.0,D7,D1,video,1001,661,2892c58c74b7e674,8,True,,,,D7,benign,
3811,33672,33674.0,D10,D1,telemetry,128,270,8ecdece5aa881ce9,8,True,,,,D10,benign,
3801,33675,33678.0,D6,D1,video,1112,265,d8cf8ac70dedea2d,8,True,,,,D6,benign,
3808,33688,33691.0,D7,D1,video,1152,662,2892c58c74b7e674,8,True,,,,D7,benign,
3814,33800,,D3,D4,video,1427,660,95dfd2cddf5636a9,8,,,,out_of_range,D3,flooding,flooding-1
3802,33697,33701.0,D6,D1,video,1061,266,d8cf8ac70dedea2d,8,True,,,,D6,benign,
3809,33700,33702.0,D8,D1,telemetry,145,459,efc1e4c31b172ba4,8,True,,,,D8,benign,
3812,33701,33703.0,D2,D1,telemetry,112,259,dea752a1285564d2,8,True,,,,D2,benign,
3817,33704,33706.0,D7,D1,telemetry,116,663,2892c58c74b7e674,8,True,,,,D7,benign,
3821,33716,33718.0,D10,D1,heartbeat,45,271,,8,,,,,D10,benign,
3821,33716,33718.0,D10,D4,heartbeat,45,271,,8,,,,,D10,benign,
3821,33716,33718.0,D10,D6,heartbeat,45,271,,8,,,,,D10,benign,
3821,33716,33718.0,D10,D8,heartbeat,45,271,,8,,,,,D10,benign,
3821,33716,33718.0,D10,D9,heartbeat,45,271,,8,,,,,D10,benign,
3813,33715,33719.0,D3,D1,telemetry,128,659,2e0fb72f7f042c4f,8,True,,,,D3,benign,
3821,33716,33719.0,D10,D3,heartbeat,45,271,,8,,,,,D10,benign,
3821,33716,33720.0,D10,D2,heartbeat,45,271,,8,,,,,D10,benign,
3821,33716,33720.0,D10,D5,heartbeat,45,271,,8,,,,,D10,benign,
3821,33716,33720.0,D10,D7,heartbeat,45,271,,8,,,,,D10,benign,
3818,33719,33723.0,D7,D1,video,1131,664,2892c58c74b7e674,8,True,,,,D7,benign,
3819,33758,33762.0,D7,D1,video,1148,665,2892c58c74b7e674,8,True,,,,D7,benign,
3820,33779,33782.0,D7,D1,video,1178,666,2892c58c74b7e674,8,True,,,,D7,benign,
3815,33781,33783.0,D4,D1,telemetry,124,260,38b0de290972baf9,8,True,,,,D4,benign,
3816,33788,33791.0,D6,D1,telemetry,127,267,d8cf8ac70dedea2d,8,True,,,,D6,benign,
3825,33811,33815.0,D7,D1,video,1232,668,2892c58c74b7e674,8,True,,,,D7,benign,
3823,33818,33821.0,D5,D1,telemetry,104,603,0dee62aa864d09d9,8,True,,,,D5,benign,
3831,33833,33835.0,D9,D1,telemetry,110,254,6399288a76ba9107,8,True,,,,D9,benign,
3832,33841,33844.0,D10,D1,telemetry,117,272,8ecdece5aa881ce9,8,True,,,,D10,benign,
3826,33861,33864.0,D7,D1,video,889,669,2892c58c74b7e674,8,True,,,,D7,benign,
3827,33863,33866.0,D7,D1,video,1029,670,2892c58c74b7e674,8,True,,,,D7,benign,
3824,33876,33879.0,D7,D1,telemetry,131,667,2892c58c74b7e674,8,True,,,,D7,benign,
3828,33876,33880.0,D7,D1,video,1011,671,2892c58c74b7e674,8,True,,,,D7,benign,
3830,33882,33886.0,D8,D1,telemetry,141,460,efc1e4c31b172ba4,8,True,,,,D8,benign,
3822,33888,33890.0,D2,D1,telemetry,116,260,dea752a1285564d2,8,True,,,,D2,benign,
3829,33891,33893.0,D7,D1,video,1070,672,2892c58c74b7e674,8,True,,,,D7,benign,
3834,34000,,D3,D4,video,1315,662,95dfd2cddf5636a9,8,,,,out_of_range,D3,flooding,flooding-1
3836,33902,33905.0,D6,D1,video,1150,268,d8cf8ac70dedea2d,8,True,,,,D6,benign,
3833,33904,33906.0,D3,D1,telemetry,138,661,2e0fb72f7f042c4f,8,True,,,,D3,benign,
3837,33907,33909.0,D6,D1,video,926,269,d8cf8ac70dedea2d,8,True,,,,D6,benign,
3842,33922,33925.0,D7,D1,video,1198,673,2892c58c74b7e674,8,True,,,,D7,benign,
3838,33941,33943.0,D6,D1,video,927,270,d8cf8ac70dedea2d,8,True,,,,D6,benign,
3839,33946,33949.0,D6,D1,video,977,271,d8cf8ac70dedea2d,8,True,,,,D6,benign,
3840,33959,33962.0,D6,D1,video,1012,272,d8cf8ac70dedea2d,8,True,,,,D6,benign,
3835,33970,33974.0,D4,D1,telemetry,116,261,38b0de290972baf9,8,True,,,,D4,benign,
3841,33995,33999.0,D6,D1,video,1136,273,d8cf8ac70dedea2d,8,True,,,,D6,benign,
3848,34100,,D3,D4,video,1298,665,95dfd2cddf5636a9,8,,,,out_of_range,D3,flooding,flooding-1
3849,34100,,D3,D4,video,1345,666,95dfd2cddf5636a9,8,,,,out_of_range,D3,flooding,flooding-1
3850,34100,,D3,D4,video,1247,667,95dfd2cddf5636a9,8,,,,out_of_range,D3,flooding,flooding-1
3861,34010,34013.0,D9,D1,telemetry,132,255,6399288a76ba9107,8,True,,,,D9,benign,
3862,34019,34021.0,D10,D1,telemetry,143,273,8ecdece5aa881ce9,8,True,,,,D10,benign,
3852,34018,34022.0,D5,D1,telemetry,109,604,0dee62aa864d09d9,8,True,,,,D5,benign,
3853,34026,34028.0,D6,D1,telemetry,124,274,d8cf8ac70dedea2d,8,True,,,,D6,benign,
3857,34039,34042.0,D7,D1,video,1300,675,2892c58c74b7e674,8,True,,,,D7,benign,
3858,34042,34045.0,D7,D1,video,1032,676,2892c58c74b7e674,8,True,,,,D7,benign,
3851,34045,34047.0,D4,D1,heartbeat,43,262,,8,,,,,D4,benign,
3851,34045,34047.0,D4,D8,heartbeat,43,262,,8,,,,,D4,benign,
3851,34045,34047.0,D4,D9,heartbeat,43,262,,8,,,,,D4,benign,
3851,34045,34047.0,D4,D10,heartbeat,43,262,,8,,,,,D4,benign,
3851,34045,34048.0,D4,D2,heartbeat,43,262,,8,,,,,D4,benign,
3851,34045,34048.0,D4,D5,heartbeat,43,262,,8,,,,,D4,benign,
3851,34045,34048.0,D4,D6,heartbeat,43,262,,8,,,,,D4,benign,
3851,34045,34048.0,D4,D7,heartbeat,43,262,,8,,,,,D4,benign,
3854,34050,34054.0,D6,D1,video,1040,275,d8cf8ac70dedea2d,8,True,,,,D6,benign,
3856,34054,34056.0,D7,D1,telemetry,114,674,2892c58c74b7e674,8,True,,,,D7,benign,
3844,34058,34060.0,D1,D10,command,73,126,8ecdece5aa881ce9,8,True,,,,D1,benign,
3860,34064,34066.0,D8,D1,telemetry,120,461,efc1e4c31b172ba4,8,True,,,,D8,benign,
3845,34067,34070.0,D2,D1,telemetry,126,261,dea752a1285564d2,8,True,,,,D2,benign,
3859,34069,34072.0,D7,D1,video,1175,677,2892c58c74b7e674,8,True,,,,D7,benign,
3846,34071,34073.0,D3,D9,heartbeat,37,663,,8,,,,,D3,benign,
3846,34071,34074.0,D3,D1,heartbeat,37,663,,8,,,,,D3,benign,
3846,34071,34074.0,D3,D2,heartbeat,37,663,,8,,,,,D3,benign,
3846,34071,34074.0,D3,D10,heartbeat,37,663,,8,,,,,D3,benign,
3846,34071,34076.0,D3,D5,heartbeat,37,663,,8,,,,,D3,benign,
3855,34074,34077.0,D6,D1,video,1292,276,d8cf8ac70dedea2d,8,True,,,,D6,benign,
3847,34092,34094.0,D3,D1,telemetry,125,664,2e0fb72f7f042c4f,8,True,,,,D3,benign,
3843,34096,34098.0,D1,D3,heartbeat,42,125,,8,,,,,D1,benign,
3843,34096,34098.0,D1,D6,heartbeat,42,125,,8,,,,,D1,benign,
3843,34096,34098.0,D1,D8,heartbeat,42,125,,8,,,,,D1,benign,
3843,34096,34098.0,D1,D9,heartbeat,42,125,,8,,,,,D1,benign,
3843,34096,34098.0,D1,D10,heartbeat,42,125,,8,,,,,D1,benign,
3843,34096,34099.0,D1,D2,heartbeat,42,125,,8,,,,,D1,benign,
3843,34096,34099.0,D1,D5,heartbeat,42,125,,8,,,,,D1,benign,
3843,34096,34100.0,D1,D7,heartbeat,42,125,,8,,,,,D1,benign,
3873,34200,,D3,D4,video,1434,669,95dfd2cddf5636a9,8,,,,out_of_range,D3,flooding,flooding-1
3874,34200,,D3,D4,video,1209,670,95dfd2cddf5636a9,8,,,,out_of_range,D3,flooding,flooding-1
3843,34096,34101.0,D1,D4,heartbeat,42,125,,8,,,,,D1,benign,
3867,34100,34102.0,D6,D1,trust_report,136,277,d8cf8ac70dedea2d,8,True,,,,D6,benign,
3868,34100,34102.0,D7,D1,trust_report,136,678,2892c58c74b7e674,8,True,,,,D7,benign,
3869,34100,34102.0,D8,D1,trust_report,136,462,efc1e4c31b172ba4,8,True,,,,D8,benign,
3864,34100,34103.0,D3,D1,trust_report,136,668,2e0fb72f7f042c4f,8,True,,,,D3,benign,
3865,34100,34103.0,D4,D1,trust_report,136,263,38b0de290972baf9,8,True,,,,D4,benign,
3870,34100,34103.0,D9,D1,trust_report,136,256,6399288a76ba9107,8,True,,,,D9,benign,
3863,34100,34104.0,D2,D1,trust_report,136,262,dea752a1285564d2,8,True,,,,D2,benign,
3866,34100,34104.0,D5,D1,trust_report,136,605,0dee62aa864d09d9,8,True,,,,D5,benign,
3871,34100,34104.0,D10,D1,trust_report,136,274,8ecdece5aa881ce9,8,True,,,,D10,benign,
3876,34137,34140.0,D6,D1,video,1189,278,d8cf8ac70dedea2d,8,True,,,,D6,benign,
3877,34143,34146.0,D6,D1,video,1201,279,d8cf8ac70dedea2d,8,True,,,,D6,benign,
3878,34155,34159.0,D6,D1,video,1228,280,d8cf8ac70dedea2d,8,True,,,,D6,benign,
3875,34162,34165.0,D4,D1,telemetry,135,264,38b0de290972baf9,8,True,,,,D4,benign,
3879,34166,34169.0,D7,D1,video,925,679,2892c58c74b7e674,8,True,,,,D7,benign,
3880,34167,34170.0,D7,D1,video,1204,680,2892c58c74b7e674,8,True,,,,D7,benign,
3872,34188,34190.0,D2,D1,heartbeat,41,263,,8,,,,,D2,benign,
3872,34188,34190.0,D2,D4,heartbeat,41,263,,8,,,,,D2,benign,
3872,34188,34190.0,D2,D5,heartbeat,41,263,,8,,,,,D2,benign,
3872,34188,34190.0,D2,D6,heartbeat,41,263,,8,,,,,D2,benign,
3872,34188,34190.0,D2,D7,heartbeat,41,263,,8,,,,,D2,benign,
3872,34188,34191.0,D2,D3,heartbeat,41,263,,8,,,,,D2,benign,
3872,34188,34191.0,D2,D8,heartbeat,41,263,,8,,,,,D2,benign,
3872,34188,34191.0,D2,D9,heartbeat,41,263,,8,,,,,D2,benign,
3872,34188,34191.0,D2,D10,heartbeat,41,263,,8,,,,,D2,benign,
3882,34192,34194.0,D10,D1,telemetry,112,275,8ecdece5aa881ce9,8,True,,,,D10,benign,
3881,34193,34196.0,D9,D1,telemetry,138,257,6399288a76ba9107,8,True,,,,D9,benign,
3885,34300,,D3,D4,video,1207,672,95dfd2cddf5636a9,8,,,,out_of_range,D3,flooding,flooding-1
3886,34300,,D3,D4,video,1421,673,95dfd2cddf5636a9,8,,,,out_of_range,D3,flooding,flooding-1
3887,34300,,D3,D4,video,1239,674,95dfd2cddf5636a9,8,,,,out_of_range,D3,flooding,flooding-1
3894,34206,34211.0,D7,D1,video,1266,682,2892c58c74b7e674,8,True,,,,D7,benign,
3890,34208,34212.0,D6,D1,video,1051,282,d8cf8ac70dedea2d,8,True,,,,D6,benign,
3888,34220,34224.0,D5,D1,telemetry,89,606,0dee62aa864d09d9,8,True,,,,D5,benign,
3891,34229,34232.0,D6,D1,video,1084,283,d8cf8ac70dedea2d,8,True,,,,D6,benign,
3893,34235,34237.0,D7,D1,telemetry,124,681,2892c58c74b7e674,8,True,,,,D7,benign,
3895,34243,34246.0,D7,D1,video,1012,683,2892c58c74b7e674,8,True,,,,D7,benign,
3899,34245,34247.0,D8,D1,telemetry,129,463,efc1e4c31b172ba4,8,True,,,,D8,benign,
3883,34247,34250.0,D2,D1,telemetry,125,264,dea752a1285564d2,8,True,,,,D2,benign,
3889,34255,34258.0,D6,D1,telemetry,144,281,d8cf8ac70dedea2d,8,True,,,,D6,benign,
3896,34271,34276.0,D7,D1,video,1072,684,2892c58c74b7e674,8,True,,,,D7,benign,
3884,34275,34278.0,D3,D1,telemetry,112,671,2e0fb72f7f042c4f,8,True,,,,D3,benign,
3892,34278,34281.0,D6,D1,video,883,284,d8cf8ac70dedea2d,8,True,,,,D6,benign,
3897,34293,34295.0,D7,D1,video,1115,685,2892c58c74b7e674,8,True,,,,D7,benign,
3900,34400,,D3,D4,video,1388,675,95dfd2cddf5636a9,8,,,,out_of_range,D3,flooding,flooding-1
3898,34300,34305.0,D7,D1,video,1141,686,2892c58c74b7e674,8,True,,,,D7,benign,
3902,34318,34321.0,D6,D1,video,1122,285,d8cf8ac70dedea2d,8,True,,,,D6,benign,
3904,34350,34353.0,D7,D1,video,887,687,2892c58c74b7e674,8,True,,,,D7,benign,
3901,34353,34355.0,D4,D1,telemetry,143,265,38b0de290972baf9,8,True,,,,D4,benign,
3906,34365,34367.0,D10,D1,telemetry,126,276,8ecdece5aa881ce9,8,True,,,,D10,benign,
3905,34381,34384.0,D9,D1,telemetry,121,258,6399288a76ba9107,8,True,,,,D9,benign,
3903,34385,34389.0,D6,D1,video,1076,286,d8cf8ac70dedea2d,8,True,,,,D6,benign,
3909,34500,,D3,D4,video,1273,677,95dfd2cddf5636a9,8,,,,out_of_range,D3,flooding,flooding-1
3910,34500,,D3,D4,video,1274,678,95dfd2cddf5636a9,8,,,,out_of_range,D3,flooding,flooding-1
3916,34411,34416.0,D7,D1,video,1103,689,2892c58c74b7e674,8,True,,,,D7,benign,
3915,34414,34417.0,D7,D1,telemetry,115,688,2892c58c74b7e674,8,True,,,,D7,benign,
3919,34424,34426.0,D8,D1,telemetry,103,464,efc1e4c31b172ba4,8,True,,,,D8,benign,
3911,34424,34427.0,D5,D1,telemetry,117,607,0dee62aa864d09d9,8,True,,,,D5,benign,
3907,34425,34428.0,D2,D1,telemetry,113,265,dea752a1285564d2,8,True,,,,D2,benign,
3920,34434,34436.0,D9,D3,heartbeat,45,259,,8,,,,,D9,benign,
3920,34434,34436.0,D9,D8,heartbeat,45,259,,8,,,,,D9,benign,
3920,34434,34436.0,D9,D10,heartbeat,45,259,,8,,,,,D9,benign,
3920,34434,34437.0,D9,D1,heartbeat,45,259,,8,,,,,D9,benign,
3920,34434,34437.0,D9,D4,heartbeat,45,259,,8,,,,,D9,benign,
3920,34434,34437.0,D9,D5,heartbeat,45,259,,8,,,,,D9,benign,
3920,34434,34437.0,D9,D6,heartbeat,45,259,,8,,,,,D9,benign,
3920,34434,34437.0,D9,D7,heartbeat,45,259,,8,,,,,D9,benign,
3920,34434,34438.0,D9,D2,heartbeat,45,259,,8,,,,,D9,benign,
3917,34439,34442.0,D7,D1,video,1133,690,2892c58c74b7e674,8,True,,,,D7,benign,
3914,34454,34457.0,D6,D1,video,1272,289,d8cf8ac70dedea2d,8,True,,,,D6,benign,
3908,34464,34466.0,D3,D1,telemetry,115,676,2e0fb72f7f042c4f,8,True,,,,D3,benign,
3918,34481,34484.0,D7,D1,video,1179,691,2892c58c74b7e674,8,True,,,,D7,benign,
3912,34482,34484.0,D6,D1,heartbeat,32,287,,8,,,,,D6,benign,
3912,34482,34484.0,D6,D7,heartbeat,32,287,,8,,,,,D6,benign,
3912,34482,34484.0,D6,D10,heartbeat,32,287,,8,,,,,D6,benign,
3912,34482,34485.0,D6,D4,heartbeat,32,287,,8,,,,,D6,benign,
3912,34482,34485.0,D6,D5,heartbeat,32,287,,8,,,,,D6,benign,
3912,34482,34485.0,D6,D8,heartbeat,32,287,,8,,,,,D6,benign,
3912,34482,34486.0,D6,D9,heartbeat,32,287,,8,,,,,D6,benign,
3912,34482,34487.0,D6,D2,heartbeat,32,287,,8,,,,,D6,benign,
3913,34486,34488.0,D6,D1,telemetry,122,288,d8cf8ac70dedea2d,8,True,,,,D6,benign,
3923,34558,,D5,D7,heartbeat,45,608,,8,,,,channel_loss,D5,benign,
3921,34600,,D3,D4,video,1228,679,95dfd2cddf5636a9,8,,,,out_of_range,D3,flooding,flooding-1
3926,34526,34529.0,D7,D1,video,1105,693,2892c58c74b7e674,8,True,,,,D7,benign,
3930,34530,34532.0,D10,D1,telemetry,107,277,8ecdece5aa881ce9,8,True,,,,D10,benign,
3928,34532,34534.0,D8,D4,heartbeat,42,465,,8,,,,,D8,benign,
3928,34532,34534.0,D8,D6,heartbeat,42,465,,8,,,,,D8,benign,
3928,34532,34534.0,D8,D7,heartbeat,42,465,,8,,,,,D8,benign,
3928,34532,34534.0,D8,D10,heartbeat,42,465,,8,,,,,D8,benign,
3928,34532,34535.0,D8,D1,heartbeat,42,465,,8,,,,,D8,benign,
3928,34532,34535.0,D8,D2,heartbeat,42,465,,8,,,,,D8,benign,
3928,34532,34535.0,D8,D5,heartbeat,42,465,,8,,,,,D8,benign,
3928,34532,34535.0,D8,D9,heartbeat,42,465,,8,,,,,D8,benign,
3922,34535,34538.0,D4,D1,telemetry,121,266,38b0de290972baf9,8,True,,,,D4,benign,
3923,34558,34560.0,D5,D3,heartbeat,45,608,,8,,,,,D5,benign,
3923,34558,34560.0,D5,D8,heartbeat,45,608,,8,,,,,D5,benign,
3923,34558,34560.0,D5,D10,heartbeat,45,608,,8,,,,,D5,benign,
3923,34558,34561.0,D5,D1,heartbeat,45,608,,8,,,,,D5,benign,
3923,34558,34561.0,D5,D2,heartbeat,45,608,,8,,,,,D5,benign,
3923,34558,34561.0,D5,D4,heartbeat,45,608,,8,,,,,D5,benign,
3923,34558,34561.0,D5,D6,heartbeat,45,608,,8,,,,,D5,benign,
3923,34558,34561.0,D5,D9,heartbeat,45,608,,8,,,,,D5,benign,
3927,34559,34562.0,D7,D1,video,1159,694,2892c58c74b7e674,8,True,,,,D7,benign,
3929,34560,34563.0,D9,D1,telemetry,101,260,6399288a76ba9107,8,True,,,,D9,benign,
3924,34581,34584.0,D6,D1,video,1098,290,d8cf8ac70dedea2d,8,True,,,,D6,benign,
3925,34587,34590.0,D7,D1,telemetry,119,692,2892c58c74b7e674,8,True,,,,D7,benign,
3935,34628,,D7,D5,heartbeat,38,695,,8,,,,channel_loss,D7,benign,
3931,34614,34616.0,D2,D1,telemetry,112,266,dea752a1285564d2,8,True,,,,D2,benign,
3936,34617,34620.0,D7,D1,video,1182,696,2892c58c74b7e674,8,True,,,,D7,benign,
3939,34619,34621.0,D8,D1,telemetry,148,466,efc1e4c31b172ba4,8,True,,,,D8,benign,
3935,34628,34630.0,D7,D1,heartbeat,38,695,,8,,,,,D7,benign,
3935,34628,34630.0,D7,D6,heartbeat,38,695,,8,,,,,D7,benign,
3935,34628,34630.0,D7,D9,heartbeat,38,695,,8,,,,,D7,benign,
3935,34628,34631.0,D7,D2,heartbeat,38,695,,8,,,,,D7,benign,
3935,34628,34631.0,D7,D4,heartbeat,38,695,,8,,,,,D7,benign,
3935,34628,34631.0,D7,D8,heartbeat,38,695,,8,,,,,D7,benign,
3935,34628,34632.0,D7,D10,heartbeat,38,695,,8,,,,,D7,benign,
3937,34629,34633.0,D7,D1,video,1090,697,2892c58c74b7e674,8,True,,,,D7,benign,
3940,34644,34646.0,D5,D1,auth_request,152,610,,8,,True,,,D5,benign,
3932,34658,34660.0,D3,D1,telemetry,132,680,2e0fb72f7f042c4f,8,True,,,,D3,benign,
3941,34661,34663.0,D1,D5,auth_response,152,127,,8,,True,,,D1,benign,
3942,34661,34663.0,D1,D2,rl_broadcast,32,128,,8,,,,,D1,benign,
3942,34661,34663.0,D1,D5,rl_broadcast,32,128,,8,,,,,D1,benign,
3942,34661,34663.0,D1,D9,rl_broadcast,32,128,,8,,,,,D1,benign,
3942,34661,34664.0,D1,D3,rl_broadcast,32,128,,8,,,,,D1,benign,
3942,34661,34664.0,D1,D4,rl_broadcast,32,128,,8,,,,,D1,benign,
3942,34661,34664.0,D1,D6,rl_broadcast,32,128,,8,,,,,D1,benign,
3942,34661,34664.0,D1,D7,rl_broadcast,32,128,,8,,,,,D1,benign,
3942,34661,34664.0,D1,D8,rl_broadcast,32,128,,8,,,,,D1,benign,
3942,34661,34664.0,D1,D10,rl_broadcast,32,128,,8,,,,,D1,benign,
3938,34662,34666.0,D7,D1,video,1015,698,2892c58c74b7e674,8,True,,,,D7,benign,
3933,34663,34666.0,D5,D1,telemetry,108,609,9bb3d7b27aeba5ed,8,True,,,,D5,benign,
3944,34800,,D3,D4,video,1220,681,95dfd2cddf5636a9,8,,,,out_of_range,D3,flooding,flooding-1
3945,34800,,D3,D4,video,1449,682,95dfd2cddf5636a9,8,,,,out_of_range,D3,flooding,flooding-1
3934,34700,34703.0,D6,D1,video,1045,291,d8cf8ac70dedea2d,8,True,,,,D6,benign,
3960,34703,34706.0,D10,D1,telemetry,92,279,8ecdece5aa881ce9,8,True,,,,D10,benign,
3959,34714,34716.0,D10,D4,heartbeat,34,278,,8,,,,,D10,benign,
3959,34714,34716.0,D10,D7,heartbeat,34,278,,8,,,,,D10,benign,
3959,34714,34716.0,D10,D9,heartbeat,34,278,,8,,,,,D10,benign,
3959,34714,34717.0,D10,D1,heartbeat,34,278,,8,,,,,D10,benign,
3959,34714,34717.0,D10,D2,heartbeat,34,278,,8,,,,,D10,benign,
3959,34714,34717.0,D10,D3,heartbeat,34,278,,8,,,,,D10,benign,
3959,34714,34717.0,D10,D5,heartbeat,34,278,,8,,,,,D10,benign,
3959,34714,34717.0,D10,D6,heartbeat,34,278,,8,,,,,D10,benign,
3959,34714,34717.0,D10,D8,heartbeat,34,278,,8,,,,,D10,benign,
3946,34728,34730.0,D4,D1,telemetry,122,267,38b0de290972baf9,8,True,,,,D4,benign,
3952,34728,34731.0,D7,D1,video,1266,700,2892c58c74b7e674,8,True,,,,D7,benign,
3947,34734,34738.0,D6,D1,telemetry,113,292,d8cf8ac70dedea2d,8,True,,,,D6,benign,
3953,34739,34742.0,D7,D1,video,971,701,2892c58c74b7e674,8,True,,,,D7,benign,
3958,34754,34757.0,D9,D1,telemetry,133,261,6399288a76ba9107,8,True,,,,D9,benign,
3951,34757,34760.0,D7,D1,telemetry,121,699,2892c58c74b7e674,8,True,,,,D7,benign,
3956,34761,34764.0,D8,D1,video,1000,468,efc1e4c31b172ba4,8,True,,,,D8,benign,
3954,34766,34769.0,D7,D1,video,1056,702,2892c58c74b7e674,8,True,,,,D7,benign,
3948,34779,34782.0,D6,D1,video,1228,293,d8cf8ac70dedea2d,8,True,,,,D6,benign,
3949,34780,34783.0,D6,D1,video,1226,294,d8cf8ac70dedea2d,8,True,,,,D6,benign,
3943,34792,34795.0,D2,D1,telemetry,130,267,dea752a1285564d2,8,True,,,,D2,benign,
3957,34797,34800.0,D8,D1,video,1063,469,efc1e4c31b172ba4,8,True,,,,D8,benign,
3962,34900,,D3,D4,video,1312,684,95dfd2cddf5636a9,8,,,,out_of_range,D3,flooding,flooding-1
3955,34799,34802.0,D8,D1,telemetry,112,467,efc1e4c31b172ba4,8,True,,,,D8,benign,
3950,34800,34802.0,D6,D1,video,1053,295,d8cf8ac70dedea2d,8,True,,,,D6,benign,
3966,34804,34807.0,D8,D1,video,959,470,efc1e4c31b172ba4,8,True,,,,D8,benign,
3963,34829,34831.0,D5,D1,telemetry,98,611,9bb3d7b27aeba5ed,8,True,,,,D5,benign,
3964,34835,34839.0,D6,D1,video,1061,296,d8cf8ac70dedea2d,8,True,,,,D6,benign,
3967,34835,34839.0,D8,D1,video,843,471,efc1e4c31b172ba4,8,True,,,,D8,benign,
3965,34853,34856.0,D6,D1,video,1300,297,d8cf8ac70dedea2d,8,True,,,,D6,benign,
3968,34854,34858.0,D8,D1,video,937,472,efc1e4c31b172ba4,8,True,,,,D8,benign,
3969,34856,34859.0,D8,D1,video,1181,473,efc1e4c31b172ba4,8,True,,,,D8,benign,
3961,34859,34863.0,D3,D1,telemetry,113,683,2e0fb72f7f042c4f,8,True,,,,D3,benign,
3971,34871,34874.0,D10,D1,telemetry,108,280,8ecdece5aa881ce9,8,True,,,,D10,benign,
3970,34878,34881.0,D8,D1,video,1149,474,efc1e4c31b172ba4,8,True,,,,D8,benign,
3975,34906,34910.0,D6,D1,video,975,299,d8cf8ac70dedea2d,8,True,,,,D6,benign,
3973,34913,34915.0,D4,D1,telemetry,126,268,38b0de290972baf9,8,True,,,,D4,benign,
3977,34928,34930.0,D7,D1,telemetry,133,703,2892c58c74b7e674,8,True,,,,D7,benign,
3983,34930,34933.0,D9,D1,telemetry,121,262,6399288a76ba9107,8,True,,,,D9,benign,
3976,34946,34949.0,D6,D1,video,1049,300,d8cf8ac70dedea2d,8,True,,,,D6,benign,
3978,34947,34950.0,D7,D1,video,999,704,2892c58c74b7e674,8,True,,,,D7,benign,
3980,34946,34951.0,D8,D1,video,1156,476,efc1e4c31b172ba4,8,True,,,,D8,benign,
3981,34955,34959.0,D8,D1,video,1099,477,efc1e4c31b172ba4,8,True,,,,D8,benign,
3972,34970,34973.0,D2,D1,telemetry,129,268,dea752a1285564d2,8,True,,,,D2,benign,
3982,34979,34983.0,D8,D1,video,1184,478,efc1e4c31b172ba4,8,True,,,,D8,benign,
3974,34980,34983.0,D6,D1,telemetry,119,298,d8cf8ac70dedea2d,8,True,,,,D6,benign,
3979,34991,34995.0,D8,D1,telemetry,130,475,efc1e4c31b172ba4,8,True,,,,D8,benign,
3992,35003,35006.0,D7,D1,video,1190,705,2892c58c74b7e674,8,True,,,,D7,benign,
3987,35024,35026.0,D4,D1,heartbeat,39,269,,8,,,,,D4,benign,
3987,35024,35026.0,D4,D6,heartbeat,39,269,,8,,,,,D4,benign,
3987,35024,35026.0,D4,D9,heartbeat,39,269,,8,,,,,D4,benign,
3987,35024,35027.0,D4,D5,heartbeat,39,269,,8,,,,,D4,benign,
3987,35024,35027.0,D4,D7,heartbeat,39,269,,8,,,,,D4,benign,
3987,35024,35027.0,D4,D8,heartbeat,39,269,,8,,,,,D4,benign,
3987,35024,35028.0,D4,D2,heartbeat,39,269,,8,,,,,D4,benign,
3987,35024,35028.0,D4,D10,heartbeat,39,269,,8,,,,,D4,benign,
3995,35028,35031.0,D8,D1,video,997,479,efc1e4c31b172ba4,8,True,,,,D8,benign,
3989,35030,35034.0,D5,D1,telemetry,122,612,9bb3d7b27aeba5ed,8,True,,,,D5,benign,
3998,35035,35038.0,D10,D1,telemetry,98,281,8ecdece5aa881ce9,8,True,,,,D10,benign,
3986,35043,35045.0,D3,D1,telemetry,133,686,2e0fb72f7f042c4f,8,True,,,,D3,benign,
3996,35056,35059.0,D8,D1,video,1211,480,efc1e4c31b172ba4,8,True,,,,D8,benign,
3993,35061,35063.0,D7,D1,video,978,706,2892c58c74b7e674,8,True,,,,D7,benign,
3985,35068,35070.0,D3,D5,heartbeat,45,685,,8,,,,,D3,benign,
3985,35068,35071.0,D3,D1,heartbeat,45,685,,8,,,,,D3,benign,
3985,35068,35071.0,D3,D2,heartbeat,45,685,,8,,,,,D3,benign,
3985,35068,35071.0,D3,D9,heartbeat,45,685,,8,,,,,D3,benign,
3985,35068,35071.0,D3,D10,heartbeat,45,685,,8,,,,,D3,benign,
3990,35069,35073.0,D6,D1,video,1064,301,d8cf8ac70dedea2d,8,True,,,,D6,benign,
3991,35076,35078.0,D6,D1,video,984,302,d8cf8ac70dedea2d,8,True,,,,D6,benign,
3984,35085,35087.0,D1,D3,heartbeat,42,129,,8,,,,,D1,benign,
3984,35085,35087.0,D1,D4,heartbeat,42,129,,8,,,,,D1,benign,
3984,35085,35087.0,D1,D5,heartbeat,42,129,,8,,,,,D1,benign,
3984,35085,35087.0,D1,D7,heartbeat,42,129,,8,,,,,D1,benign,
3984,35085,35087.0,D1,D8,heartbeat,42,129,,8,,,,,D1,benign,
3984,35085,35088.0,D1,D6,heartbeat,42,129,,8,,,,,D1,benign,
3984,35085,35089.0,D1,D2,heartbeat,42,129,,8,,,,,D1,benign,
3984,35085,35089.0,D1,D9,heartbeat,42,129,,8,,,,,D1,benign,
3984,35085,35089.0,D1,D10,heartbeat,42,129,,8,,,,,D1,benign,
3988,35088,35092.0,D4,D1,telemetry,101,270,38b0de290972baf9,8,True,,,,D4,benign,
3994,35091,35095.0,D7,D1,video,1089,707,2892c58c74b7e674,8,True,,,,D7,benign,
4008,35174,,D2,D6,heartbeat,44,270,,8,,,,channel_loss,D2,benign,
4010,35200,,D3,D4,video,1211,688,95dfd2cddf5636a9,8,,,,out_of_range,D3,flooding,flooding-1
4000,35100,35102.0,D3,D1,trust_report,136,687,2e0fb72f7f042c4f,8,True,,,,D3,benign,
4003,35100,35102.0,D6,D1,trust_report,136,303,d8cf8ac70dedea2d,8,True,,,,D6,benign,
4004,35100,35102.0,D7,D1,trust_report,136,708,2892c58c74b7e674,8,True,,,,D7,benign,
3997,35099,35103.0,D8,D1,video,1099,481,efc1e4c31b172ba4,8,True,,,,D8,benign,
3999,35100,35103.0,D2,D1,trust_report,136,269,dea752a1285564d2,8,True,,,,D2,benign,
4001,35100,35103.0,D4,D1,trust_report,136,271,38b0de290972baf9,8,True,,,,D4,benign,
4002,35100,35103.0,D5,D1,trust_report,136,613,9bb3d7b27aeba5ed,8,True,,,,D5,benign,
4005,35100,35103.0,D8,D1,trust_report,136,482,efc1e4c31b172ba4,8,True,,,,D8,benign,
4006,35100,35103.0,D9,D1,trust_report,136,263,6399288a76ba9107,8,True,,,,D9,benign,
4007,35100,35103.0,D10,D1,trust_report,136,282,8ecdece5aa881ce9,8,True,,,,D10,benign,
4015,35101,35103.0,D7,D1,video,1130,710,2892c58c74b7e674,8,True,,,,D7,benign,
4014,35103,35105.0,D7,D1,telemetry,125,709,2892c58c74b7e674,8,True,,,,D7,benign,
4020,35106,35109.0,D8,D1,video,1040,484,efc1e4c31b172ba4,8,True,,,,D8,benign,
4021,35109,35113.0,D8,D1,video,1153,485,efc1e4c31b172ba4,8,True,,,,D8,benign,
4022,35113,35116.0,D8,D1,video,953,486,efc1e4c31b172ba4,8,True,,,,D8,benign,
4027,35120,35124.0,D9,D1,telemetry,113,264,6399288a76ba9107,8,True,,,,D9,benign,
4023,35135,35138.0,D8,D1,video,1166,487,efc1e4c31b172ba4,8,True,,,,D8,benign,
4009,35144,35146.0,D2,D1,telemetry,127,271,dea752a1285564d2,8,True,,,,D2,benign,
4024,35144,35147.0,D8,D1,video,1203,488,efc1e4c31b172ba4,8,True,,,,D8,benign,
4011,35149,35152.0,D6,D1,video,1097,304,d8cf8ac70dedea2d,8,True,,,,D6,benign,
4016,35161,35164.0,D7,D1,video,1198,711,2892c58c74b7e674,8,True,,,,D7,benign,
4017,35162,35165.0,D7,D1,video,1030,712,2892c58c74b7e674,8,True,,,,D7,benign,
4019,35172,35174.0,D8,D1,telemetry,133,483,efc1e4c31b172ba4,8,True,,,,D8,benign,
4008,35174,35176.0,D2,D1,heartbeat,44,270,,8,,,,,D2,benign,
4008,35174,35176.0,D2,D3,heartbeat,44,270,,8,,,,,D2,benign,
4008,35174,35177.0,D2,D4,heartbeat,44,270,,8,,,,,D2,benign,
4008,35174,35177.0,D2,D5,heartbeat,44,270,,8,,,,,D2,benign,
4008,35174,35177.0,D2,D7,heartbeat,44,270,,8,,,,,D2,benign,
4008,35174,35177.0,D2,D8,heartbeat,44,270,,8,,,,,D2,benign,
4008,35174,35177.0,D2,D9,heartbeat,44,270,,8,,,,,D2,benign,
4008,35174,35177.0,D2,D10,heartbeat,44,270,,8,,,,,D2,benign,
4025,35175,35179.0,D8,D1,video,1082,489,efc1e4c31b172ba4,8,True,,,,D8,benign,
4026,35179,35182.0,D8,D1,video,1054,490,efc1e4c31b172ba4,8,True,,,,D8,benign,
4012,35193,35196.0,D6,D1,video,1080,305,d8cf8ac70dedea2d,8,True,,,,D6,benign,
4018,35194,35197.0,D7,D1,video,1379,713,2892c58c74b7e674,8,True,,,,D7,benign,
4013,35197,35200.0,D6,D1,video,1026,306,d8cf8ac70dedea2d,8,True,,,,D6,benign,
4029,35300,,D3,D4,video,1341,690,95dfd2cddf5636a9,8,,,,out_of_range,D3,flooding,flooding-1
4030,35300,,D3,D4,video,1370,691,95dfd2cddf5636a9,8,,,,out_of_range,D3,flooding,flooding-1
4031,35300,,D3,D4,video,1307,692,95dfd2cddf5636a9,8,,,,out_of_range,D3,flooding,flooding-1
4032,35300,,D3,D4,video,1416,693,95dfd2cddf5636a9,8,,,,out_of_range,D3,flooding,flooding-1
4042,35203,35206.0,D10,D1,telemetry,118,283,8ecdece5aa881ce9,8,True,,,,D10,benign,
4035,35205,35208.0,D6,D1,telemetry,120,307,d8cf8ac70dedea2d,8,True,,,,D6,benign,
4028,35232,35235.0,D3,D1,telemetry,124,689,2e0fb72f7f042c4f,8,True,,,,D3,benign,
4036,35241,35245.0,D6,D1,video,1199,308,d8cf8ac70dedea2d,8,True,,,,D6,benign,
4034,35247,35249.0,D5,D1,telemetry,109,614,9bb3d7b27aeba5ed,8,True,,,,D5,benign,
4040,35253,35256.0,D7,D1,video,1088,715,2892c58c74b7e674,8,True,,,,D7,benign,
4037,35262,35265.0,D6,D1,video,1075,309,d8cf8ac70dedea2d,8,True,,,,D6,benign,
4038,35265,35268.0,D6,D1,video,871,310,d8cf8ac70dedea2d,8,True,,,,D6,benign,
4041,35266,35269.0,D7,D1,video,855,716,2892c58c74b7e674,8,True,,,,D7,benign,
4033,35273,35275.0,D4,D1,telemetry,117,272,38b0de290972baf9,8,True,,,,D4,benign,
4039,35278,35282.0,D7,D1,telemetry,125,714,2892c58c74b7e674,8,True,,,,D7,benign,
4055,35415,,D3,D4,auth_request,152,696,,8,,,,out_of_range,D3,benign,
4047,35303,35307.0,D7,D1,video,1139,717,2892c58c74b7e674,8,True,,,,D7,benign,
4048,35309,35312.0,D7,D1,video,1223,718,2892c58c74b7e674,8,True,,,,D7,benign,
4053,35311,35314.0,D9,D1,telemetry,127,265,6399288a76ba9107,8,True,,,,D9,benign,
4051,35320,35324.0,D8,D1,video,1084,492,efc1e4c31b172ba4,8,True,,,,D8,benign,
4043,35323,35325.0,D2,D1,telemetry,127,272,dea752a1285564d2,8,True,,,,D2,benign,
4050,35363,35366.0,D8,D1,telemetry,112,491,efc1e4c31b172ba4,8,True,,,,D8,benign,
4046,35371,35374.0,D6,D1,video,1131,311,d8cf8ac70dedea2d,8,True,,,,D6,benign,
4054,35375,35378.0,D10,D1,telemetry,104,284,8ecdece5aa881ce9,8,True,,,,D10,benign,
4049,35391,35394.0,D7,D1,video,1113,719,2892c58c74b7e674,8,True,,,,D7,benign,
4052,35396,35400.0,D8,D1,video,1353,493,efc1e4c31b172ba4,8,True,,,,D8,benign,
4071,35453,,D9,D7,heartbeat,40,266,,8,,,,channel_loss,D9,benign,
4060,35413,35416.0,D6,D1,video,1259,313,d8cf8ac70dedea2d,8,True,,,,D6,benign,
4056,35418,35420.0,D3,D1,telemetry,116,697,2e0fb72f7f042c4f,8,True,,,,D3,benign,
4069,35428,35431.0,D8,D1,video,1248,494,efc1e4c31b172ba4,8,True,,,,D8,benign,
4067,35434,35438.0,D7,D1,video,1315,721,2892c58c74b7e674,8,True,,,,D7,benign,
4061,35443,35447.0,D6,D1,video,1040,314,d8cf8ac70dedea2d,8,True,,,,D6,benign,
4062,35444,35447.0,D6,D1,video,883,315,d8cf8ac70dedea2d,8,True,,,,D6,benign,
4070,35446,35450.0,D8,D1,video,958,495,efc1e4c31b172ba4,8,True,,,,D8,benign,
4059,35447,35450.0,D6,D1,telemetry,92,312,d8cf8ac70dedea2d,8,True,,,,D6,benign,
4066,35450,35452.0,D7,D1,telemetry,128,720,2892c58c74b7e674,8,True,,,,D7,benign,
4063,35451,35455.0,D6,D1,video,1123,316,d8cf8ac70dedea2d,8,True,,,,D6,benign,
4071,35453,35455.0,D9,D4,heartbeat,40,266,,8,,,,,D9,benign,
4071,35453,35455.0,D9,D5,heartbeat,40,266,,8,,,,,D9,benign,
4071,35453,35455.0,D9,D6,heartbeat,40,266,,8,,,,,D9,benign,
4071,35453,35456.0,D9,D3,heartbeat,40,266,,8,,,,,D9,benign,
4071,35453,35456.0,D9,D8,heartbeat,40,266,,8,,,,,D9,benign,
4071,35453,35456.0,D9,D10,heartbeat,40,266,,8,,,,,D9,benign,
4071,35453,35457.0,D9,D1,heartbeat,40,266,,8,,,,,D9,benign,
4071,35453,35457.0,D9,D2,heartbeat,40,266,,8,,,,,D9,benign,
4068,35459,35461.0,D7,D1,video,1096,722,2892c58c74b7e674,8,True,,,,D7,benign,
4058,35459,35462.0,D5,D1,telemetry,144,615,9bb3d7b27aeba5ed,8,True,,,,D5,benign,
4057,35462,35466.0,D4,D1,telemetry,119,273,38b0de290972baf9,8,True,,,,D4,benign,
4064,35469,35471.0,D6,D1,video,994,317,d8cf8ac70dedea2d,8,True,,,,D6,benign,
4072,35493,35495.0,D9,D1,telemetry,138,267,6399288a76ba9107,8,True,,,,D9,benign,
4065,35499,35502.0,D6,D1,video,1199,318,d8cf8ac70dedea2d,8,True,,,,D6,benign,
4073,35501,35503.0,D2,D1,telemetry,123,273,dea752a1285564d2,8,True,,,,D2,benign,
4075,35506,35508.0,D6,D1,heartbeat,45,319,,8,,,,,D6,benign,
4075,35506,35508.0,D6,D5,heartbeat,45,319,,8,,,,,D6,benign,
4075,35506,35508.0,D6,D8,heartbeat,45,319,,8,,,,,D6,benign,
4075,35506,35508.0,D6,D10,heartbeat,45,319,,8,,,,,D6,benign,
4075,35506,35509.0,D6,D2,heartbeat,45,319,,8,,,,,D6,benign,
4075,35506,35509.0,D6,D4,heartbeat,45,319,,8,,,,,D6,benign,
4075,35506,35509.0,D6,D7,heartbeat,45,319,,8,,,,,D6,benign,
4075,35506,35510.0,D6,D9,heartbeat,45,319,,8,,,,,D6,benign,
4078,35512,35515.0,D7,D1,video,1045,723,2892c58c74b7e674,8,True,,,,D7,benign,
4079,35525,35528.0,D7,D1,video,964,724,2892c58c74b7e674,8,True,,,,D7,benign,
4080,35530,35534.0,D7,D1,video,1028,725,2892c58c74b7e674,8,True,,,,D7,benign,
4076,35537,35541.0,D6,D1,video,884,320,d8cf8ac70dedea2d,8,True,,,,D6,benign,
4083,35538,35542.0,D8,D1,video,1226,498,efc1e4c31b172ba4,8,True,,,,D8,benign,
4074,35542,35544.0,D5,D1,heartbeat,38,616,,8,,,,,D5,benign,
4074,35542,35544.0,D5,D4,heartbeat,38,616,,8,,,,,D5,benign,
4074,35542,35544.0,D5,D7,heartbeat,38,616,,8,,,,,D5,benign,
4074,35542,35544.0,D5,D8,heartbeat,38,616,,8,,,,,D5,benign,
4074,35542,35544.0,D5,D10,heartbeat,38,616,,8,,,,,D5,benign,
4082,35542,35544.0,D8,D1,telemetry,141,497,efc1e4c31b172ba4,8,True,,,,D8,benign,
4074,35542,35545.0,D5,D2,heartbeat,38,616,,8,,,,,D5,benign,
4074,35542,35545.0,D5,D3,heartbeat,38,616,,8,,,,,D5,benign,
4074,35542,35545.0,D5,D6,heartbeat,38,616,,8,,,,,D5,benign,
4074,35542,35546.0,D5,D9,heartbeat,38,616,,8,,,,,D5,benign,
4085,35545,35548.0,D10,D1,telemetry,91,285,8ecdece5aa881ce9,8,True,,,,D10,benign,
4084,35573,35575.0,D8,D1,video,1042,499,efc1e4c31b172ba4,8,True,,,,D8,benign,
4081,35576,35578.0,D8,D1,heartbeat,42,496,,8,,,,,D8,benign,
4081,35576,35578.0,D8,D2,heartbeat,42,496,,8,,,,,D8,benign,
4081,35576,35578.0,D8,D4,heartbeat,42,496,,8,,,,,D8,benign,
4081,35576,35578.0,D8,D5,heartbeat,42,496,,8,,,,,D8,benign,
4081,35576,35578.0,D8,D7,heartbeat,42,496,,8,,,,,D8,benign,
4081,35576,35578.0,D8,D9,heartbeat,42,496,,8,,,,,D8,benign,
4081,35576,35579.0,D8,D6,heartbeat,42,496,,8,,,,,D8,benign,
4081,35576,35580.0,D8,D10,heartbeat,42,496,,8,,,,,D8,benign,
4077,35581,35584.0,D6,D1,video,1078,321,d8cf8ac70dedea2d,8,True,,,,D6,benign,
4087,35601,35604.0,D3,D1,telemetry,127,698,2e0fb72f7f042c4f,8,True,,,,D3,benign,
4094,35605,35608.0,D7,D1,video,1279,728,2892c58c74b7e674,8,True,,,,D7,benign,
4095,35611,35615.0,D7,D1,video,1164,729,2892c58c74b7e674,8,True,,,,D7,benign,
4096,35613,35616.0,D7,D1,video,1053,730,2892c58c74b7e674,8,True,,,,D7,benign,
4093,35618,35621.0,D7,D1,telemetry,131,727,2892c58c74b7e674,8,True,,,,D7,benign,
4092,35628,35630.0,D7,D5,heartbeat,41,726,,8,,,,,D7,benign,
4092,35628,35630.0,D7,D10,heartbeat,41,726,,8,,,,,D7,benign,
4092,35628,35631.0,D7,D1,heartbeat,41,726,,8,,,,,D7,benign,
4092,35628,35631.0,D7,D2,heartbeat,41,726,,8,,,,,D7,benign,
4092,35628,35631.0,D7,D4,heartbeat,41,726,,8,,,,,D7,benign,
4092,35628,35631.0,D7,D6,heartbeat,41,726,,8,,,,,D7,benign,
4092,35628,35631.0,D7,D8,heartbeat,41,726,,8,,,,,D7,benign,
4092,35628,35632.0,D7,D9,heartbeat,41,726,,8,,,,,D7,benign,
4097,35631,35634.0,D7,D1,video,1045,731,2892c58c74b7e674,8,True,,,,D7,benign,
4098,35642,35644.0,D7,D1,video,974,732,2892c58c74b7e674,8,True,,,,D7,benign,
4089,35647,35649.0,D4,D1,telemetry,119,274,38b0de290972baf9,8,True,,,,D4,benign,
4099,35665,35667.0,D8,D1,video,937,500,efc1e4c31b172ba4,8,True,,,,D8,benign,
4090,35669,35671.0,D5,D1,telemetry,124,617,9bb3d7b27aeba5ed,8,True,,,,D5,benign,
4101,35670,35672.0,D9,D1,telemetry,112,268,6399288a76ba9107,8,True,,,,D9,benign,
4100,35676,35680.0,D8,D1,video,902,501,efc1e4c31b172ba4,8,True,,,,D8,benign,
4091,35678,35680.0,D6,D1,telemetry,117,322,d8cf8ac70dedea2d,8,True,,,,D6,benign,
4086,35680,35683.0,D2,D1,telemetry,104,274,dea752a1285564d2,8,True,,,,D2,benign,
4109,35714,35720.0,D10,D1,telemetry,134,287,8ecdece5aa881ce9,8,True,,,,D10,benign,
4108,35719,35721.0,D10,D4,heartbeat,41,286,,8,,,,,D10,benign,
4108,35719,35721.0,D10,D6,heartbeat,41,286,,8,,,,,D10,benign,
4108,35719,35721.0,D10,D8,heartbeat,41,286,,8,,,,,D10,benign,
4108,35719,35722.0,D10,D1,heartbeat,41,286,,8,,,,,D10,benign,
4108,35719,35722.0,D10,D2,heartbeat,41,286,,8,,,,,D10,benign,
4108,35719,35722.0,D10,D3,heartbeat,41,286,,8,,,,,D10,benign,
4108,35719,35722.0,D10,D7,heartbeat,41,286,,8,,,,,D10,benign,
4108,35719,35722.0,D10,D9,heartbeat,41,286,,8,,,,,D10,benign,
4108,35719,35723.0,D10,D5,heartbeat,41,286,,8,,,,,D10,benign,
4105,35730,35733.0,D8,D1,telemetry,121,502,efc1e4c31b172ba4,8,True,,,,D8,benign,
4106,35743,35746.0,D8,D1,video,1185,503,efc1e4c31b172ba4,8,True,,,,D8,benign,
4107,35743,35747.0,D8,D1,video,1123,504,efc1e4c31b172ba4,8,True,,,,D8,benign,
4104,35797,35799.0,D7,D1,telemetry,116,733,2892c58c74b7e674,8,True,,,,D7,benign,
4102,35796,35800.0,D3,D1,telemetry,120,700,2e0fb72f7f042c4f,8,True,,,,D3,benign,
4117,35807,35810.0,D8,D1,video,1077,505,efc1e4c31b172ba4,8,True,,,,D8,benign,
4113,35825,35827.0,D4,D1,telemetry,136,275,38b0de290972baf9,8,True,,,,D4,benign,
4115,35838,35842.0,D6,D1,video,1081,323,d8cf8ac70dedea2d,8,True,,,,D6,benign,
4110,35856,35859.0,D2,D1,telemetry,121,275,dea752a1285564d2,8,True,,,,D2,benign,
4119,35861,35865.0,D9,D1,telemetry,110,269,6399288a76ba9107,8,True,,,,D9,benign,
4114,35865,35867.0,D5,D1,telemetry,127,618,9bb3d7b27aeba5ed,8,True,,,,D5,benign,
4118,35877,35881.0,D8,D1,video,1115,506,efc1e4c31b172ba4,8,True,,,,D8,benign,
4120,35887,35889.0,D10,D1,telemetry,135,288,8ecdece5aa881ce9,8,True,,,,D10,benign,
4116,35897,35900.0,D6,D1,video,1192,324,d8cf8ac70dedea2d,8,True,,,,D6,benign,
4124,35907,35909.0,D6,D1,telemetry,116,325,d8cf8ac70dedea2d,8,True,,,,D6,benign,
4125,35911,35914.0,D6,D1,video,998,326,d8cf8ac70dedea2d,8,True,,,,D6,benign,
4130,35916,35919.0,D8,D1,video,1211,508,efc1e4c31b172ba4,8,True,,,,D8,benign,
4129,35920,35923.0,D8,D1,telemetry,111,507,efc1e4c31b172ba4,8,True,,,,D8,benign,
4131,35935,35937.0,D8,D1,video,1093,509,efc1e4c31b172ba4,8,True,,,,D8,benign,
4132,35941,35944.0,D8,D1,video,1219,510,efc1e4c31b172ba4,8,True,,,,D8,benign,
4126,35954,35957.0,D6,D1,video,1290,327,d8cf8ac70dedea2d,8,True,,,,D6,benign,
4127,35965,35968.0,D6,D1,video,1142,328,d8cf8ac70dedea2d,8,True,,,,D6,benign,
4128,35968,35970.0,D7,D1,telemetry,119,734,2892c58c74b7e674,8,True,,,,D7,benign,
4133,35970,35972.0,D8,D1,video,957,511,efc1e4c31b172ba4,8,True,,,,D8,benign,
4121,35991,35993.0,D3,D1,telemetry,111,704,2e0fb72f7f042c4f,8,True,,,policy:rate_limited,D3,benign,
4140,36007,36009.0,D4,D1,telemetry,124,277,38b0de290972baf9,8,True,,,,D4,benign,
4144,36011,36014.0,D8,D1,video,1040,512,efc1e4c31b172ba4,8,True,,,,D8,benign,
4145,36021,36024.0,D8,D1,video,1194,513,efc1e4c31b172ba4,8,True,,,,D8,benign,
4142,36029,36032.0,D6,D1,video,1198,329,d8cf8ac70dedea2d,8,True,,,,D6,benign,
4135,36031,36034.0,D2,D1,telemetry,133,276,dea752a1285564d2,8,True,,,,D2,benign,
4143,36033,36036.0,D6,D1,video,1083,330,d8cf8ac70dedea2d,8,True,,,,D6,benign,
4139,36050,36052.0,D4,D2,heartbeat,36,276,,8,,,,,D4,benign,
4139,36050,36052.0,D4,D7,heartbeat,36,276,,8,,,,,D4,benign,
4139,36050,36052.0,D4,D10,heartbeat,36,276,,8,,,,,D4,benign,
4139,36050,36053.0,D4,D1,heartbeat,36,276,,8,,,,,D4,benign,
4139,36050,36053.0,D4,D6,heartbeat,36,276,,8,,,,,D4,benign,
4139,36050,36053.0,D4,D9,heartbeat,36,276,,8,,,,,D4,benign,
4139,36050,36054.0,D4,D5,heartbeat,36,276,,8,,,,,D4,benign,
4139,36050,36054.0,D4,D8,heartbeat,36,276,,8,,,,,D4,benign,
4148,36056,36058.0,D9,D1,telemetry,118,270,6399288a76ba9107,8,True,,,,D9,benign,
4149,36063,36066.0,D10,D1,telemetry,119,289,8ecdece5aa881ce9,8,True,,,,D10,benign,
4146,36068,36071.0,D8,D1,video,1292,514,efc1e4c31b172ba4,8,True,,,,D8,benign,
4141,36072,36074.0,D5,D1,telemetry,119,619,9bb3d7b27aeba5ed,8,True,,,,D5,benign,
4136,36073,36075.0,D3,D1,heartbeat,43,707,,8,,,,,D3,benign,
4136,36073,36075.0,D3,D2,heartbeat,43,707,,8,,,,,D3,benign,
4136,36073,36075.0,D3,D9,heartbeat,43,707,,8,,,,,D3,benign,
4136,36073,36076.0,D3,D10,heartbeat,43,707,,8,,,,,D3,benign,
4136,36073,36077.0,D3,D5,heartbeat,43,707,,8,,,,,D3,benign,
4147,36075,36079.0,D8,D1,video,998,515,efc1e4c31b172ba4,8,True,,,,D8,benign,
4134,36085,36087.0,D1,D7,heartbeat,35,130,,8,,,,,D1,benign,
4134,36085,36087.0,D1,D8,heartbeat,35,130,,8,,,,,D1,benign,
4134,36085,36087.0,D1,D9,heartbeat,35,130,,8,,,,,D1,benign,
4134,36085,36087.0,D1,D10,heartbeat,35,130,,8,,,,,D1,benign,
4134,36085,36088.0,D1,D2,heartbeat,35,130,,8,,,,,D1,benign,
4134,36085,36088.0,D1,D3,heartbeat,35,130,,8,,,,,D1,benign,
4134,36085,36088.0,D1,D4,heartbeat,35,130,,8,,,,,D1,benign,
4134,36085,36088.0,D1,D5,heartbeat,35,130,,8,,,,,D1,benign,
4134,36085,36089.0,D1,D6,heartbeat,35,130,,8,,,,,D1,benign,
4152,36100,36102.0,D4,D1,trust_report,136,278,38b0de290972baf9,8,True,,,,D4,benign,
4155,36100,36102.0,D7,D1,trust_report,136,735,2892c58c74b7e674,8,True,,,,D7,benign,
4156,36100,36102.0,D8,D1,trust_report,136,516,efc1e4c31b172ba4,8,True,,,,D8,benign,
4158,36100,36102.0,D10,D1,trust_report,136,290,8ecdece5aa881ce9,8,True,,,,D10,benign,
4150,36100,36103.0,D2,D1,trust_report,136,277,dea752a1285564d2,8,True,,,,D2,benign,
4151,36100,36103.0,D3,D1,trust_report,136,710,2e0fb72f7f042c4f,8,True,,,,D3,benign,
4153,36100,36103.0,D5,D1,trust_report,136,620,9bb3d7b27aeba5ed,8,True,,,,D5,benign,
4154,36100,36103.0,D6,D1,trust_report,136,331,d8cf8ac70dedea2d,8,True,,,,D6,benign,
4157,36100,36103.0,D9,D1,trust_report,136,271,6399288a76ba9107,8,True,,,,D9,benign,
4168,36107,36112.0,D6,D1,video,1155,333,d8cf8ac70dedea2d,8,True,,,,D6,benign,
4171,36109,36112.0,D8,D1,telemetry,133,517,efc1e4c31b172ba4,8,True,,,,D8,benign,
4170,36143,36146.0,D7,D1,telemetry,137,736,2892c58c74b7e674,8,True,,,,D7,benign,
4172,36146,36151.0,D8,D1,video,1087,518,efc1e4c31b172ba4,8,True,,,,D8,benign,
4173,36152,36155.0,D8,D1,video,1209,519,efc1e4c31b172ba4,8,True,,,,D8,benign,
4167,36153,36156.0,D6,D1,telemetry,108,332,d8cf8ac70dedea2d,8,True,,,,D6,benign,
4169,36154,36158.0,D6,D1,video,1094,334,d8cf8ac70dedea2d,8,True,,,,D6,benign,
4159,36176,36179.0,D3,D1,telemetry,137,711,2e0fb72f7f042c4f,8,True,,,,D3,benign,
4166,36184,36186.0,D4,D1,telemetry,121,279,38b0de290972baf9,8,True,,,,D4,benign,
4174,36215,36217.0,D2,D1,heartbeat,46,278,,8,,,,,D2,benign,
4174,36215,36217.0,D2,D4,heartbeat,46,278,,8,,,,,D2,benign,
4174,36215,36217.0,D2,D6,heartbeat,46,278,,8,,,,,D2,benign,
4174,36215,36217.0,D2,D7,heartbeat,46,278,,8,,,,,D2,benign,
4174,36215,36217.0,D2,D10,heartbeat,46,278,,8,,,,,D2,benign,
4174,36215,36218.0,D2,D3,heartbeat,46,278,,8,,,,,D2,benign,
4174,36215,36218.0,D2,D5,heartbeat,46,278,,8,,,,,D2,benign,
4174,36215,36218.0,D2,D8,heartbeat,46,278,,8,,,,,D2,benign,
4174,36215,36218.0,D2,D9,heartbeat,46,278,,8,,,,,D2,benign,
4175,36218,36220.0,D2,D1,telemetry,97,279,dea752a1285564d2,8,True,,,,D2,benign,
4183,36228,36231.0,D10,D1,telemetry,124,291,8ecdece5aa881ce9,8,True,,,,D10,benign,
4182,36246,36248.0,D9,D1,telemetry,106,272,6399288a76ba9107,8,True,,,,D9,benign,
4178,36252,36256.0,D6,D1,video,1072,335,d8cf8ac70dedea2d,8,True,,,,D6,benign,
4179,36273,36276.0,D6,D1,video,1176,336,d8cf8ac70dedea2d,8,True,,,,D6,benign,
4180,36278,36281.0,D6,D1,video,1205,337,d8cf8ac70dedea2d,8,True,,,,D6,benign,
4177,36289,36292.0,D5,D1,telemetry,125,621,9bb3d7b27aeba5ed,8,True,,,,D5,benign,
4181,36297,36300.0,D8,D1,telemetry,120,520,efc1e4c31b172ba4,8,True,,,,D8,benign,
4188,36302,36305.0,D6,D1,video,1146,339,d8cf8ac70dedea2d,8,True,,,,D6,benign,
4190,36318,36320.0,D7,D1,telemetry,112,737,2892c58c74b7e674,8,True,,,,D7,benign,
4189,36320,36323.0,D6,D1,video,1202,340,d8cf8ac70dedea2d,8,True,,,,D6,benign,
4185,36365,36368.0,D3,D1,telemetry,127,719,2e0fb72f7f042c4f,8,True,,,,D3,benign,
4186,36368,36371.0,D4,D1,telemetry,128,280,38b0de290972baf9,8,True,,,,D4,benign,
4187,36390,36393.0,D6,D1,telemetry,91,338,d8cf8ac70dedea2d,8,True,,,,D6,benign,
4184,36396,36399.0,D2,D1,telemetry,112,280,dea752a1285564d2,8,True,,,,D2,benign,
4191,36397,36400.0,D10,D1,telemetry,114,292,8ecdece5aa881ce9,8,True,,,,D10,benign,
4202,36403,36406.0,D8,D1,video,998,522,efc1e4c31b172ba4,8,True,,,,D8,benign,
4196,36429,36432.0,D6,D1,video,1077,341,d8cf8ac70dedea2d,8,True,,,,D6,benign,
4204,36433,36435.0,D9,D1,heartbeat,37,273,,8,,,,,D9,benign,
4204,36433,36435.0,D9,D3,heartbeat,37,273,,8,,,,,D9,benign,
4204,36433,36435.0,D9,D4,heartbeat,37,273,,8,,,,,D9,benign,
4204,36433,36435.0,D9,D7,heartbeat,37,273,,8,,,,,D9,benign,
4204,36433,36435.0,D9,D8,heartbeat,37,273,,8,,,,,D9,benign,
4204,36433,36436.0,D9,D2,heartbeat,37,273,,8,,,,,D9,benign,
4204,36433,36436.0,D9,D5,heartbeat,37,273,,8,,,,,D9,benign,
4204,36433,36436.0,D9,D6,heartbeat,37,273,,8,,,,,D9,benign,
4204,36433,36437.0,D9,D10,heartbeat,37,273,,8,,,,,D9,benign,
4205,36439,36442.0,D9,D1,telemetry,135,274,6399288a76ba9107,8,True,,,,D9,benign,
4197,36441,36445.0,D6,D1,video,1088,342,d8cf8ac70dedea2d,8,True,,,,D6,benign,
4198,36459,36462.0,D6,D1,video,1153,343,d8cf8ac70dedea2d,8,True,,,,D6,benign,
4203,36469,36472.0,D8,D1,video,1102,523,efc1e4c31b172ba4,8,True,,,,D8,benign,
4201,36480,36483.0,D8,D1,telemetry,108,521,efc1e4c31b172ba4,8,True,,,,D8,benign,
4200,36486,36488.0,D7,D1,telemetry,123,738,2892c58c74b7e674,8,True,,,,D7,benign,
4195,36491,36494.0,D5,D1,telemetry,137,622,9bb3d7b27aeba5ed,8,True,,,,D5,benign,
4199,36492,36494.0,D6,D1,video,967,344,d8cf8ac70dedea2d,8,True,,,,D6,benign,
4217,36518,36521.0,D8,D1,video,1146,525,efc1e4c31b172ba4,8,True,,,,D8,benign,
4215,36530,36533.0,D6,D1,video,1008,346,d8cf8ac70dedea2d,8,True,,,,D6,benign,
4212,36544,36546.0,D4,D1,telemetry,121,281,38b0de290972baf9,8,True,,,,D4,benign,
4214,36553,36556.0,D6,D1,heartbeat,38,345,,8,,,,,D6,benign,
4214,36553,36556.0,D6,D2,heartbeat,38,345,,8,,,,,D6,benign,
4214,36553,36556.0,D6,D4,heartbeat,38,345,,8,,,,,D6,benign,
4214,36553,36556.0,D6,D5,heartbeat,38,345,,8,,,,,D6,benign,
4214,36553,36556.0,D6,D7,heartbeat,38,345,,8,,,,,D6,benign,
4214,36553,36556.0,D6,D8,heartbeat,38,345,,8,,,,,D6,benign,
4214,36553,36556.0,D6,D10,heartbeat,38,345,,8,,,,,D6,benign,
4214,36553,36557.0,D6,D9,heartbeat,38,345,,8,,,,,D6,benign,
4213,36556,36558.0,D5,D3,heartbeat,36,623,,8,,,,,D5,benign,
4213,36556,36558.0,D5,D7,heartbeat,36,623,,8,,,,,D5,benign,
4213,36556,36558.0,D5,D8,heartbeat,36,623,,8,,,,,D5,benign,
4213,36556,36558.0,D5,D9,heartbeat,36,623,,8,,,,,D5,benign,
4213,36556,36559.0,D5,D1,heartbeat,36,623,,8,,,,,D5,benign,
4213,36556,36559.0,D5,D2,heartbeat,36,623,,8,,,,,D5,benign,
4213,36556,36559.0,D5,D4,heartbeat,36,623,,8,,,,,D5,benign,
4213,36556,36559.0,D5,D6,heartbeat,36,623,,8,,,,,D5,benign,
4213,36556,36559.0,D5,D10,heartbeat,36,623,,8,,,,,D5,benign,
4207,36562,36564.0,D3,D1,telemetry,105,723,2e0fb72f7f042c4f,8,True,,,,D3,benign,
4219,36566,36569.0,D10,D1,telemetry,121,293,8ecdece5aa881ce9,8,True,,,,D10,benign,
4216,36569,36571.0,D8,D4,heartbeat,48,524,,8,,,,,D8,benign,
4216,36569,36571.0,D8,D5,heartbeat,48,524,,8,,,,,D8,benign,
4216,36569,36571.0,D8,D7,heartbeat,48,524,,8,,,,,D8,benign,
4216,36569,36572.0,D8,D1,heartbeat,48,524,,8,,,,,D8,benign,
4216,36569,36572.0,D8,D6,heartbeat,48,524,,8,,,,,D8,benign,
4216,36569,36572.0,D8,D9,heartbeat,48,524,,8,,,,,D8,benign,
4216,36569,36572.0,D8,D10,heartbeat,48,524,,8,,,,,D8,benign,
4216,36569,36573.0,D8,D2,heartbeat,48,524,,8,,,,,D8,benign,
4206,36583,36586.0,D2,D1,telemetry,126,281,dea752a1285564d2,8,True,,,,D2,benign,
4218,36600,36603.0,D8,D1,video,934,526,efc1e4c31b172ba4,8,True,,,,D8,benign,
4228,36601,36604.0,D8,D1,video,1067,528,efc1e4c31b172ba4,8,True,,,,D8,benign,
4229,36619,36622.0,D8,D1,video,1011,529,efc1e4c31b172ba4,8,True,,,,D8,benign,
4224,36622,36626.0,D6,D1,telemetry,119,347,d8cf8ac70dedea2d,8,True,,,,D6,benign,
4230,36631,36634.0,D8,D1,video,1105,530,efc1e4c31b172ba4,8,True,,,,D8,benign,
4233,36633,36636.0,D9,D1,telemetry,130,275,6399288a76ba9107,8,True,,,,D9,benign,
4225,36647,36649.0,D7,D2,heartbeat,36,739,,8,,,,,D7,benign,
4225,36647,36649.0,D7,D4,heartbeat,36,739,,8,,,,,D7,benign,
4225,36647,36649.0,D7,D6,heartbeat,36,739,,8,,,,,D7,benign,
4225,36647,36649.0,D7,D8,heartbeat,36,739,,8,,,,,D7,benign,
4225,36647,36650.0,D7,D1,heartbeat,36,739,,8,,,,,D7,benign,
4225,36647,36650.0,D7,D9,heartbeat,36,739,,8,,,,,D7,benign,
4225,36647,36650.0,D7,D10,heartbeat,36,739,,8,,,,,D7,benign,
4225,36647,36651.0,D7,D5,heartbeat,36,739,,8,,,,,D7,benign,
4231,36653,36657.0,D8,D1,video,1150,531,efc1e4c31b172ba4,8,True,,,,D8,benign,
4232,36658,36661.0,D8,D1,video,1146,532,efc1e4c31b172ba4,8,True,,,,D8,benign,
4226,36666,36668.0,D7,D1,telemetry,99,740,2892c58c74b7e674,8,True,,,,D7,benign,
4234,36675,36677.0,D10,D2,heartbeat,42,294,,8,,,,,D10,benign,
4234,36675,36677.0,D10,D5,heartbeat,42,294,,8,,,,,D10,benign,
4234,36675,36677.0,D10,D8,heartbeat,42,294,,8,,,,,D10,benign,
4234,36675,36678.0,D10,D1,heartbeat,42,294,,8,,,,,D10,benign,
4234,36675,36678.0,D10,D3,heartbeat,42,294,,8,,,,,D10,benign,
4234,36675,36678.0,D10,D4,heartbeat,42,294,,8,,,,,D10,benign,
4234,36675,36678.0,D10,D6,heartbeat,42,294,,8,,,,,D10,benign,
4234,36675,36678.0,D10,D9,heartbeat,42,294,,8,,,,,D10,benign,
4234,36675,36679.0,D10,D7,heartbeat,42,294,,8,,,,,D10,benign,
4227,36677,36679.0,D8,D1,telemetry,106,527,efc1e4c31b172ba4,8,True,,,,D8,benign,
4223,36698,36702.0,D5,D1,telemetry,97,624,9bb3d7b27aeba5ed,8,True,,,,D5,benign,
4240,36703,36706.0,D6,D1,video,1172,348,d8cf8ac70dedea2d,8,True,,,,D6,benign,
4239,36720,36723.0,D4,D1,telemetry,123,282,38b0de290972baf9,8,True,,,,D4,benign,
4245,36728,36731.0,D10,D1,telemetry,102,295,8ecdece5aa881ce9,8,True,,,,D10,benign,
4242,36740,36743.0,D8,D1,video,1012,533,efc1e4c31b172ba4,8,True,,,,D8,benign,
4241,36741,36744.0,D6,D1,video,1164,349,d8cf8ac70dedea2d,8,True,,,,D6,benign,
4243,36744,36747.0,D8,D1,video,1180,534,efc1e4c31b172ba4,8,True,,,,D8,benign,
4236,36747,36749.0,D3,D1,telemetry,140,731,2e0fb72f7f042c4f,8,True,,,,D3,benign,
4235,36755,36759.0,D2,D1,telemetry,130,282,dea752a1285564d2,8,True,,,,D2,benign,
4244,36759,36761.0,D8,D1,video,984,535,efc1e4c31b172ba4,8,True,,,,D8,benign,
4251,36820,36823.0,D8,D1,video,1234,537,efc1e4c31b172ba4,8,True,,,,D8,benign,
4255,36823,36827.0,D9,D1,telemetry,93,276,6399288a76ba9107,8,True,,,,D9,benign,
4252,36837,36841.0,D8,D1,video,1139,538,efc1e4c31b172ba4,8,True,,,,D8,benign,
4249,36849,36852.0,D7,D1,telemetry,123,741,2892c58c74b7e674,8,True,,,,D7,benign,
4247,36856,36860.0,D6,D1,telemetry,106,350,d8cf8ac70dedea2d,8,True,,,,D6,benign,
4253,36858,36861.0,D8,D1,video,1203,539,efc1e4c31b172ba4,8,True,,,,D8,benign,
4254,36869,36872.0,D8,D1,video,1278,540,efc1e4c31b172ba4,8,True,,,,D8,benign,
4250,36874,36877.0,D8,D1,telemetry,99,536,efc1e4c31b172ba4,8,True,,,,D8,benign,
4248,36888,36891.0,D6,D1,video,1035,351,d8cf8ac70dedea2d,8,True,,,,D6,benign,
4256,36892,36894.0,D10,D1,telemetry,121,296,8ecdece5aa881ce9,8,True,,,,D10,benign,
4261,36908,36911.0,D4,D1,telemetry,117,283,38b0de290972baf9,8,True,,,,D4,benign,
4262,36910,36913.0,D5,D1,telemetry,106,625,9bb3d7b27aeba5ed,8,True,,,,D5,benign,
4263,36925,36928.0,D8,D1,video,1099,541,efc1e4c31b172ba4,8,True,,,,D8,benign,
4264,36929,36932.0,D8,D1,video,1212,542,efc1e4c31b172ba4,8,True,,,,D8,benign,
4257,36939,36942.0,D2,D1,telemetry,123,283,dea752a1285564d2,8,True,,,,D2,benign,
4258,36941,36945.0,D3,D1,telemetry,106,735,2e0fb72f7f042c4f,8,True,,,,D3,benign,
4265,36984,36988.0,D8,D1,video,1137,543,efc1e4c31b172ba4,8,True,,,,D8,benign,
4280,37011,37014.0,D9,D1,telemetry,118,277,6399288a76ba9107,8,True,,,,D9,benign,
4278,37017,37021.0,D8,D1,video,1118,545,efc1e4c31b172ba4,8,True,,,,D8,benign,
4276,37018,37021.0,D7,D1,telemetry,129,742,2892c58c74b7e674,8,True,,,,D7,benign,
4279,37030,37033.0,D8,D1,video,1256,546,efc1e4c31b172ba4,8,True,,,,D8,benign,
4275,37038,37041.0,D6,D1,video,1182,353,d8cf8ac70dedea2d,8,True,,,,D6,benign,
4281,37053,37055.0,D10,D1,telemetry,124,297,8ecdece5aa881ce9,8,True,,,,D10,benign,
4277,37056,37058.0,D8,D1,telemetry,135,544,efc1e4c31b172ba4,8,True,,,,D8,benign,
4267,37067,37069.0,D3,D1,heartbeat,33,738,,8,,,,,D3,benign,
4267,37067,37069.0,D3,D5,heartbeat,33,738,,8,,,,,D3,benign,
4267,37067,37070.0,D3,D2,heartbeat,33,738,,8,,,,,D3,benign,
4267,37067,37071.0,D3,D9,heartbeat,33,738,,8,,,,,D3,benign,
4267,37067,37071.0,D3,D10,heartbeat,33,738,,8,,,,,D3,benign,
4272,37085,37087.0,D4,D7,heartbeat,44,284,,8,,,,,D4,benign,
4272,37085,37088.0,D4,D1,heartbeat,44,284,,8,,,,,D4,benign,
4272,37085,37088.0,D4,D2,heartbeat,44,284,,8,,,,,D4,benign,
4272,37085,37088.0,D4,D5,heartbeat,44,284,,8,,,,,D4,benign,
4272,37085,37088.0,D4,D6,heartbeat,44,284,,8,,,,,D4,benign,
4272,37085,37088.0,D4,D8,heartbeat,44,284,,8,,,,,D4,benign,
4272,37085,37088.0,D4,D9,heartbeat,44,284,,8,,,,,D4,benign,
4272,37085,37088.0,D4,D10,heartbeat,44,284,,8,,,,,D4,benign,
4273,37088,37090.0,D4,D1,telemetry,133,285,38b0de290972baf9,8,True,,,,D4,benign,
4274,37097,37099.0,D6,D1,telemetry,104,352,d8cf8ac70dedea2d,8,True,,,,D6,benign,
4266,37099,37101.0,D1,D8,heartbeat,33,131,,8,,,,,D1,benign,
4266,37099,37102.0,D1,D2,heartbeat,33,131,,8,,,,,D1,benign,
4266,37099,37102.0,D1,D3,heartbeat,33,131,,8,,,,,D1,benign,
4266,37099,37102.0,D1,D4,heartbeat,33,131,,8,,,,,D1,benign,
4266,37099,37102.0,D1,D5,heartbeat,33,131,,8,,,,,D1,benign,
4266,37099,37102.0,D1,D9,heartbeat,33,131,,8,,,,,D1,benign,
4286,37100,37102.0,D6,D1,trust_report,136,354,d8cf8ac70dedea2d,8,True,,,,D6,benign,
4266,37099,37103.0,D1,D6,heartbeat,33,131,,8,,,,,D1,benign,
4266,37099,37103.0,D1,D7,heartbeat,33,131,,8,,,,,D1,benign,
4266,37099,37103.0,D1,D10,heartbeat,33,131,,8,,,,,D1,benign,
4282,37100,37103.0,D2,D1,trust_report,136,284,dea752a1285564d2,8,True,,,,D2,benign,
4283,37100,37103.0,D3,D1,trust_report,136,743,2e0fb72f7f042c4f,8,True,,,,D3,benign,
4284,37100,37103.0,D4,D1,trust_report,136,286,38b0de290972baf9,8,True,,,,D4,benign,
4285,37100,37103.0,D5,D1,trust_report,136,626,9bb3d7b27aeba5ed,8,True,,,,D5,benign,
4287,37100,37103.0,D7,D1,trust_report,136,743,2892c58c74b7e674,8,True,,,,D7,benign,
4288,37100,37103.0,D8,D1,trust_report,136,547,efc1e4c31b172ba4,8,True,,,,D8,benign,
4289,37100,37103.0,D9,D1,trust_report,136,278,6399288a76ba9107,8,True,,,,D9,benign,
4290,37100,37103.0,D10,D1,trust_report,136,298,8ecdece5aa881ce9,8,True,,,,D10,benign,
4295,37112,37115.0,D5,D1,telemetry,136,627,9bb3d7b27aeba5ed,8,True,,,,D5,benign,
4291,37115,37118.0,D2,D1,telemetry,118,285,dea752a1285564d2,8,True,,,,D2,benign,
4292,37140,37143.0,D3,D1,telemetry,114,744,2e0fb72f7f042c4f,8,True,,,,D3,benign,
4300,37144,37147.0,D8,D1,video,1145,548,efc1e4c31b172ba4,8,True,,,,D8,benign,
4301,37166,37170.0,D8,D1,video,1055,549,efc1e4c31b172ba4,8,True,,,,D8,benign,
4299,37187,37189.0,D7,D1,telemetry,115,744,2892c58c74b7e674,8,True,,,,D7,benign,
4296,37187,37190.0,D6,D1,video,1151,355,d8cf8ac70dedea2d,8,True,,,,D6,benign,
4302,37187,37190.0,D9,D1,telemetry,114,279,6399288a76ba9107,8,True,,,,D9,benign,
4297,37197,37201.0,D6,D1,video,1083,356,d8cf8ac70dedea2d,8,True,,,,D6,benign,
4298,37198,37201.0,D6,D1,video,1000,357,d8cf8ac70dedea2d,8,True,,,,D6,benign,
4309,37220,37222.0,D10,D1,telemetry,107,299,8ecdece5aa881ce9,8,True,,,,D10,benign,
4307,37223,37227.0,D8,D1,video,1081,551,efc1e4c31b172ba4,8,True,,,,D8,benign,
4306,37245,37247.0,D8,D1,telemetry,91,550,efc1e4c31b172ba4,8,True,,,,D8,benign,
4303,37247,37249.0,D2,D1,heartbeat,36,286,,8,,,,,D2,benign,
4303,37247,37249.0,D2,D4,heartbeat,36,286,,8,,,,,D2,benign,
4303,37247,37249.0,D2,D5,heartbeat,36,286,,8,,,,,D2,benign,
4303,37247,37249.0,D2,D10,heartbeat,36,286,,8,,,,,D2,benign,
4303,37247,37250.0,D2,D3,heartbeat,36,286,,8,,,,,D2,benign,
4303,37247,37250.0,D2,D6,heartbeat,36,286,,8,,,,,D2,benign,
4303,37247,37250.0,D2,D7,heartbeat,36,286,,8,,,,,D2,benign,
4303,37247,37250.0,D2,D8,heartbeat,36,286,,8,,,,,D2,benign,
4303,37247,37250.0,D2,D9,heartbeat,36,286,,8,,,,,D2,benign,
4305,37264,37266.0,D4,D1,telemetry,133,287,38b0de290972baf9,8,True,,,,D4,benign,
4308,37294,37299.0,D8,D1,video,1141,552,efc1e4c31b172ba4,8,True,,,,D8,benign,
4304,37299,37302.0,D2,D1,telemetry,120,287,dea752a1285564d2,8,True,,,,D2,benign,
4313,37307,37311.0,D6,D1,video,1090,359,d8cf8ac70dedea2d,8,True,,,,D6,benign,
4312,37322,37325.0,D6,D1,telemetry,105,358,d8cf8ac70dedea2d,8,True,,,,D6,benign,
4311,37325,37327.0,D5,D1,telemetry,116,628,9bb3d7b27aeba5ed,8,True,,,,D5,benign,
4310,37329,37331.0,D3,D1,telemetry,116,747,2e0fb72f7f042c4f,8,True,,,,D3,benign,
4314,37334,37337.0,D6,D1,video,978,360,d8cf8ac70dedea2d,8,True,,,,D6,benign,
4316,37361,37364.0,D8,D1,video,1100,553,efc1e4c31b172ba4,8,True,,,,D8,benign,
4318,37366,37369.0,D9,D1,telemetry,122,281,6399288a76ba9107,8,True,,,,D9,benign,
4315,37369,37374.0,D7,D1,telemetry,149,745,2892c58c74b7e674,8,True,,,,D7,benign,
4317,37387,37389.0,D9,D2,heartbeat,43,280,,8,,,,,D9,benign,
4317,37387,37389.0,D9,D7,heartbeat,43,280,,8,,,,,D9,benign,
4317,37387,37389.0,D9,D8,heartbeat,43,280,,8,,,,,D9,benign,
4317,37387,37389.0,D9,D10,heartbeat,43,280,,8,,,,,D9,benign,
4317,37387,37390.0,D9,D1,heartbeat,43,280,,8,,,,,D9,benign,
4317,37387,37390.0,D9,D4,heartbeat,43,280,,8,,,,,D9,benign,
4317,37387,37390.0,D9,D5,heartbeat,43,280,,8,,,,,D9,benign,
4317,37387,37390.0,D9,D6,heartbeat,43,280,,8,,,,,D9,benign,
4317,37387,37391.0,D9,D3,heartbeat,43,280,,8,,,,,D9,benign,
4319,37396,37399.0,D10,D1,telemetry,105,300,8ecdece5aa881ce9,8,True,,,,D10,benign,
4324,37435,37438.0,D8,D1,telemetry,131,554,efc1e4c31b172ba4,8,True,,,,D8,benign,
4323,37457,37461.0,D4,D1,telemetry,123,288,38b0de290972baf9,8,True,,,,D4,benign,
4320,37477,37480.0,D2,D1,telemetry,117,288,dea752a1285564d2,8,True,,,,D2,benign,
4328,37523,37526.0,D5,D1,telemetry,107,630,9bb3d7b27aeba5ed,8,True,,,,D5,benign,
4325,37526,37528.0,D3,D1,telemetry,139,750,2e0fb72f7f042c4f,8,True,,,,D3,benign,
4331,37545,37548.0,D7,D1,telemetry,119,746,2892c58c74b7e674,8,True,,,,D7,benign,
4333,37550,37553.0,D9,D1,telemetry,129,282,6399288a76ba9107,8,True,,,,D9,benign,
4330,37553,37556.0,D6,D1,telemetry,92,362,d8cf8ac70dedea2d,8,True,,,,D6,benign,
4332,37555,37557.0,D8,D5,heartbeat,39,555,,8,,,,,D8,benign,
4332,37555,37557.0,D8,D9,heartbeat,39,555,,8,,,,,D8,benign,
4332,37555,37558.0,D8,D1,heartbeat,39,555,,8,,,,,D8,benign,
4332,37555,37558.0,D8,D2,heartbeat,39,555,,8,,,,,D8,benign,
4332,37555,37558.0,D8,D4,heartbeat,39,555,,8,,,,,D8,benign,
4332,37555,37558.0,D8,D6,heartbeat,39,555,,8,,,,,D8,benign,
4332,37555,37558.0,D8,D10,heartbeat,39,555,,8,,,,,D8,benign,
4327,37556,37558.0,D5,D1,heartbeat,40,629,,8,,,,,D5,benign,
4327,37556,37558.0,D5,D4,heartbeat,40,629,,8,,,,,D5,benign,
4327,37556,37558.0,D5,D6,heartbeat,40,629,,8,,,,,D5,benign,
4332,37555,37559.0,D8,D7,heartbeat,39,555,,8,,,,,D8,benign,
4327,37556,37559.0,D5,D2,heartbeat,40,629,,8,,,,,D5,benign,
4327,37556,37559.0,D5,D3,heartbeat,40,629,,8,,,,,D5,benign,
4327,37556,37559.0,D5,D7,heartbeat,40,629,,8,,,,,D5,benign,
4327,37556,37559.0,D5,D9,heartbeat,40,629,,8,,,,,D5,benign,
4327,37556,37559.0,D5,D10,heartbeat,40,629,,8,,,,,D5,benign,
4327,37556,37560.0,D5,D8,heartbeat,40,629,,8,,,,,D5,benign,
4334,37557,37560.0,D10,D1,telemetry,126,301,8ecdece5aa881ce9,8,True,,,,D10,benign,
4329,37571,37573.0,D6,D1,heartbeat,49,361,,8,,,,,D6,benign,
4329,37571,37573.0,D6,D5,heartbeat,49,361,,8,,,,,D6,benign,
4329,37571,37574.0,D6,D2,heartbeat,49,361,,8,,,,,D6,benign,
4329,37571,37574.0,D6,D4,heartbeat,49,361,,8,,,,,D6,benign,
4329,37571,37574.0,D6,D7,heartbeat,49,361,,8,,,,,D6,benign,
4329,37571,37574.0,D6,D8,heartbeat,49,361,,8,,,,,D6,benign,
4329,37571,37574.0,D6,D10,heartbeat,49,361,,8,,,,,D6,benign,
4329,37571,37575.0,D6,D9,heartbeat,49,361,,8,,,,,D6,benign,
4339,37616,37619.0,D8,D1,telemetry,124,556,efc1e4c31b172ba4,8,True,,,,D8,benign,
4338,37617,37619.0,D7,D2,heartbeat,45,747,,8,,,,,D7,benign,
4338,37617,37619.0,D7,D5,heartbeat,45,747,,8,,,,,D7,benign,
4338,37617,37619.0,D7,D8,heartbeat,45,747,,8,,,,,D7,benign,
4338,37617,37619.0,D7,D9,heartbeat,45,747,,8,,,,,D7,benign,
4338,37617,37619.0,D7,D10,heartbeat,45,747,,8,,,,,D7,benign,
4338,37617,37620.0,D7,D1,heartbeat,45,747,,8,,,,,D7,benign,
4338,37617,37620.0,D7,D4,heartbeat,45,747,,8,,,,,D7,benign,
4338,37617,37621.0,D7,D6,heartbeat,45,747,,8,,,,,D7,benign,
4337,37641,37643.0,D4,D1,telemetry,120,289,38b0de290972baf9,8,True,,,,D4,benign,
4335,37657,37660.0,D2,D1,telemetry,119,289,dea752a1285564d2,8,True,,,,D2,benign,
4348,37716,,D10,D2,heartbeat,43,302,,8,,,,channel_loss,D10,benign,
4348,37716,37718.0,D10,D3,heartbeat,43,302,,8,,,,,D10,benign,
4348,37716,37718.0,D10,D4,heartbeat,43,302,,8,,,,,D10,benign,
4348,37716,37718.0,D10,D6,heartbeat,43,302,,8,,,,,D10,benign,
4348,37716,37718.0,D10,D7,heartbeat,43,302,,8,,,,,D10,benign,
4348,37716,37718.0,D10,D8,heartbeat,43,302,,8,,,,,D10,benign,
4348,37716,37718.0,D10,D9,heartbeat,43,302,,8,,,,,D10,benign,
4348,37716,37719.0,D10,D1,heartbeat,43,302,,8,,,,,D10,benign,
4348,37716,37719.0,D10,D5,heartbeat,43,302,,8,,,,,D10,benign,
4345,37720,37725.0,D7,D1,telemetry,130,748,2892c58c74b7e674,8,True,,,,D7,benign,
4349,37724,37727.0,D10,D1,telemetry,124,303,8ecdece5aa881ce9,8,True,,,,D10,benign,
4340,37727,37730.0,D3,D1,telemetry,126,753,2e0fb72f7f042c4f,8,True,,,,D3,benign,
4343,37730,37734.0,D5,D1,telemetry,126,631,9bb3d7b27aeba5ed,8,True,,,,D5,benign,
4347,37734,37737.0,D9,D1,telemetry,134,283,6399288a76ba9107,8,True,,,,D9,benign,
4344,37791,37794.0,D6,D1,telemetry,142,363,d8cf8ac70dedea2d,8,True,,,,D6,benign,
4346,37797,37799.0,D8,D1,telemetry,118,557,efc1e4c31b172ba4,8,True,,,,D8,benign,
4351,37827,37830.0,D4,D1,telemetry,144,290,38b0de290972baf9,8,True,,,,D4,benign,
4350,37845,37847.0,D2,D1,telemetry,129,290,dea752a1285564d2,8,True,,,,D2,benign,
4352,37891,37893.0,D7,D1,telemetry,113,749,2892c58c74b7e674,8,True,,,,D7,benign,
4353,37891,37894.0,D10,D1,telemetry,99,304,8ecdece5aa881ce9,8,True,,,,D10,benign,
4359,37922,37924.0,D9,D1,telemetry,111,284,6399288a76ba9107,8,True,,,,D9,benign,
4354,37924,37927.0,D3,D1,telemetry,117,756,2e0fb72f7f042c4f,8,True,,,,D3,benign,
4357,37927,37930.0,D5,D1,telemetry,107,632,9bb3d7b27aeba5ed,8,True,,,,D5,benign,
4358,37986,37988.0,D8,D1,telemetry,112,558,efc1e4c31b172ba4,8,True,,,,D8,benign,
4364,38008,38011.0,D4,D1,telemetry,147,292,38b0de290972baf9,8,True,,,,D4,benign,
4365,38016,38019.0,D6,D1,telemetry,108,364,d8cf8ac70dedea2d,8,True,,,,D6,benign,
4360,38020,38023.0,D2,D1,telemetry,107,291,dea752a1285564d2,8,True,,,,D2,benign,
4361,38050,38052.0,D3,D1,heartbeat,37,759,,8,,,,,D3,benign,
4361,38050,38052.0,D3,D5,heartbeat,37,759,,8,,,,,D3,benign,
4361,38050,38052.0,D3,D10,heartbeat,37,759,,8,,,,,D3,benign,
4361,38050,38053.0,D3,D9,heartbeat,37,759,,8,,,,,D3,benign,
4361,38050,38054.0,D3,D2,heartbeat,37,759,,8,,,,,D3,benign,
4366,38064,38066.0,D7,D1,telemetry,125,750,2892c58c74b7e674,8,True,,,,D7,benign,
4367,38064,38067.0,D10,D1,telemetry,134,305,8ecdece5aa881ce9,8,True,,,,D10,benign,
4363,38099,38101.0,D4,D6,heartbeat,35,291,,8,,,,,D4,benign,
4363,38099,38101.0,D4,D9,heartbeat,35,291,,8,,,,,D4,benign,
4363,38099,38101.0,D4,D10,heartbeat,35,291,,8,,,,,D4,benign,
4363,38099,38102.0,D4,D1,heartbeat,35,291,,8,,,,,D4,benign,
4363,38099,38102.0,D4,D2,heartbeat,35,291,,8,,,,,D4,benign,
4363,38099,38102.0,D4,D7,heartbeat,35,291,,8,,,,,D4,benign,
4363,38099,38102.0,D4,D8,heartbeat,35,291,,8,,,,,D4,benign,
4372,38100,38102.0,D6,D1,trust_report,136,365,d8cf8ac70dedea2d,8,True,,,,D6,benign,
4375,38100,38102.0,D9,D1,trust_report,136,285,6399288a76ba9107,8,True,,,,D9,benign,
4376,38100,38102.0,D10,D1,trust_report,136,306,8ecdece5aa881ce9,8,True,,,,D10,benign,
4363,38099,38103.0,D4,D5,heartbeat,35,291,,8,,,,,D4,benign,
4368,38100,38103.0,D2,D1,trust_report,136,292,dea752a1285564d2,8,True,,,,D2,benign,
4369,38100,38103.0,D3,D1,trust_report,136,761,2e0fb72f7f042c4f,8,True,,,,D3,benign,
4370,38100,38103.0,D4,D1,trust_report,136,293,38b0de290972baf9,8,True,,,,D4,benign,
4371,38100,38103.0,D5,D1,trust_report,136,633,9bb3d7b27aeba5ed,8,True,,,,D5,benign,
4374,38100,38103.0,D8,D1,trust_report,136,559,efc1e4c31b172ba4,8,True,,,,D8,benign,
4373,38100,38104.0,D7,D1,trust_report,136,751,2892c58c74b7e674,8,True,,,,D7,benign,
4386,38102,38105.0,D9,D1,telemetry,127,286,6399288a76ba9107,8,True,,,,D9,benign,
4379,38109,38111.0,D3,D1,telemetry,124,762,2e0fb72f7f042c4f,8,True,,,,D3,benign,
4377,38112,38114.0,D1,D2,heartbeat,38,132,,8,,,,,D1,benign,
4377,38112,38114.0,D1,D3,heartbeat,38,132,,8,,,,,D1,benign,
4377,38112,38114.0,D1,D8,heartbeat,38,132,,8,,,,,D1,benign,
4377,38112,38114.0,D1,D10,heartbeat,38,132,,8,,,,,D1,benign,
4377,38112,38115.0,D1,D4,heartbeat,38,132,,8,,,,,D1,benign,
4377,38112,38115.0,D1,D5,heartbeat,38,132,,8,,,,,D1,benign,
4377,38112,38115.0,D1,D6,heartbeat,38,132,,8,,,,,D1,benign,
4377,38112,38115.0,D1,D7,heartbeat,38,132,,8,,,,,D1,benign,
4377,38112,38115.0,D1,D9,heartbeat,38,132,,8,,,,,D1,benign,
4384,38134,38138.0,D5,D1,telemetry,122,634,9bb3d7b27aeba5ed,8,True,,,,D5,benign,
4385,38178,38183.0,D8,D1,telemetry,118,560,efc1e4c31b172ba4,8,True,,,,D8,benign,
4378,38198,38200.0,D2,D4,heartbeat,42,293,,8,,,,,D2,benign,
4378,38198,38200.0,D2,D5,heartbeat,42,293,,8,,,,,D2,benign,
4378,38198,38200.0,D2,D8,heartbeat,42,293,,8,,,,,D2,benign,
4378,38198,38200.0,D2,D10,heartbeat,42,293,,8,,,,,D2,benign,
4378,38198,38201.0,D2,D1,heartbeat,42,293,,8,,,,,D2,benign,
4378,38198,38201.0,D2,D3,heartbeat,42,293,,8,,,,,D2,benign,
4378,38198,38201.0,D2,D6,heartbeat,42,293,,8,,,,,D2,benign,
4378,38198,38201.0,D2,D7,heartbeat,42,293,,8,,,,,D2,benign,
4378,38198,38201.0,D2,D9,heartbeat,42,293,,8,,,,,D2,benign,
4391,38201,38204.0,D4,D1,telemetry,109,294,38b0de290972baf9,8,True,,,,D4,benign,
4387,38203,38205.0,D2,D1,telemetry,116,294,dea752a1285564d2,8,True,,,,D2,benign,
4393,38233,38235.0,D7,D1,telemetry,120,752,2892c58c74b7e674,8,True,,,,D7,benign,
4395,38241,38244.0,D10,D1,telemetry,129,307,8ecdece5aa881ce9,8,True,,,,D10,benign,
4392,38252,38255.0,D6,D1,telemetry,126,366,d8cf8ac70dedea2d,8,True,,,,D6,benign,
4394,38295,38298.0,D9,D1,telemetry,113,287,6399288a76ba9107,8,True,,,,D9,benign,
4388,38297,38300.0,D3,D1,telemetry,134,767,2e0fb72f7f042c4f,8,True,,,,D3,benign,
4400,38342,38344.0,D5,D1,telemetry,114,635,9bb3d7b27aeba5ed,8,True,,,,D5,benign,
4396,38370,38372.0,D1,D5,command,69,133,9bb3d7b27aeba5ed,8,True,,,,D1,benign,
4399,38376,38379.0,D4,D1,telemetry,112,295,38b0de290972baf9,8,True,,,,D4,benign,
4401,38376,38379.0,D8,D1,telemetry,138,561,efc1e4c31b172ba4,8,True,,,,D8,benign,
4397,38384,38387.0,D2,D1,telemetry,121,295,dea752a1285564d2,8,True,,,,D2,benign,
4402,38399,38401.0,D9,D1,heartbeat,37,288,,8,,,,,D9,benign,
4402,38399,38401.0,D9,D3,heartbeat,37,288,,8,,,,,D9,benign,
4402,38399,38402.0,D9,D2,heartbeat,37,288,,8,,,,,D9,benign,
4402,38399,38402.0,D9,D5,heartbeat,37,288,,8,,,,,D9,benign,
4402,38399,38402.0,D9,D7,heartbeat,37,288,,8,,,,,D9,benign,
4402,38399,38402.0,D9,D8,heartbeat,37,288,,8,,,,,D9,benign,
4402,38399,38402.0,D9,D10,heartbeat,37,288,,8,,,,,D9,benign,
4402,38399,38403.0,D9,D4,heartbeat,37,288,,8,,,,,D9,benign,
4402,38399,38403.0,D9,D6,heartbeat,37,288,,8,,,,,D9,benign,
4407,38407,38409.0,D7,D1,telemetry,124,753,2892c58c74b7e674,8,True,,,,D7,benign,
4409,38417,38420.0,D10,D1,telemetry,128,308,8ecdece5aa881ce9,8,True,,,,D10,benign,
4408,38477,38480.0,D9,D1,telemetry,113,289,6399288a76ba9107,8,True,,,,D9,benign,
4403,38495,38498.0,D3,D1,telemetry,120,771,2e0fb72f7f042c4f,8,True,,,,D3,benign,
4406,38500,38504.0,D6,D1,telemetry,125,367,d8cf8ac70dedea2d,8,True,,,,D6,benign,
4417,38512,38514.0,D8,D4,heartbeat,39,562,,8,,,,,D8,benign,
4417,38512,38514.0,D8,D6,heartbeat,39,562,,8,,,,,D8,benign,
4417,38512,38514.0,D8,D9,heartbeat,39,562,,8,,,,,D8,benign,
4417,38512,38515.0,D8,D1,heartbeat,39,562,,8,,,,,D8,benign,
4417,38512,38515.0,D8,D2,heartbeat,39,562,,8,,,,,D8,benign,
4417,38512,38515.0,D8,D7,heartbeat,39,562,,8,,,,,D8,benign,
4417,38512,38515.0,D8,D10,heartbeat,39,562,,8,,,,,D8,benign,
4417,38512,38516.0,D8,D5,heartbeat,39,562,,8,,,,,D8,benign,
4414,38544,38546.0,D6,D4,heartbeat,44,368,,8,,,,,D6,benign,
4414,38544,38546.0,D6,D5,heartbeat,44,368,,8,,,,,D6,benign,
4414,38544,38546.0,D6,D8,heartbeat,44,368,,8,,,,,D6,benign,
4414,38544,38547.0,D6,D1,heartbeat,44,368,,8,,,,,D6,benign,
4414,38544,38547.0,D6,D2,heartbeat,44,368,,8,,,,,D6,benign,
4414,38544,38547.0,D6,D7,heartbeat,44,368,,8,,,,,D6,benign,
4414,38544,38547.0,D6,D9,heartbeat,44,368,,8,,,,,D6,benign,
4414,38544,38547.0,D6,D10,heartbeat,44,368,,8,,,,,D6,benign,
4413,38546,38549.0,D5,D1,telemetry,113,637,9bb3d7b27aeba5ed,8,True,,,,D5,benign,
4412,38557,38559.0,D5,D2,heartbeat,44,636,,8,,,,,D5,benign,
4411,38557,38560.0,D4,D1,telemetry,120,296,38b0de290972baf9,8,True,,,,D4,benign,
4412,38557,38560.0,D5,D3,heartbeat,44,636,,8,,,,,D5,benign,
4412,38557,38560.0,D5,D8,heartbeat,44,636,,8,,,,,D5,benign,
4412,38557,38560.0,D5,D10,heartbeat,44,636,,8,,,,,D5,benign,
4412,38557,38561.0,D5,D1,heartbeat,44,636,,8,,,,,D5,benign,
4412,38557,38561.0,D5,D4,heartbeat,44,636,,8,,,,,D5,benign,
4412,38557,38561.0,D5,D6,heartbeat,44,636,,8,,,,,D5,benign,
4412,38557,38561.0,D5,D7,heartbeat,44,636,,8,,,,,D5,benign,
4412,38557,38561.0,D5,D9,heartbeat,44,636,,8,,,,,D5,benign,
4410,38563,38566.0,D2,D1,telemetry,126,296,dea752a1285564d2,8,True,,,,D2,benign,
4418,38569,38573.0,D8,D1,telemetry,128,563,efc1e4c31b172ba4,8,True,,,,D8,benign,
4415,38584,38586.0,D7,D9,heartbeat,50,754,,8,,,,,D7,benign,
4415,38584,38587.0,D7,D1,heartbeat,50,754,,8,,,,,D7,benign,
4415,38584,38587.0,D7,D2,heartbeat,50,754,,8,,,,,D7,benign,
4415,38584,38587.0,D7,D5,heartbeat,50,754,,8,,,,,D7,benign,
4415,38584,38587.0,D7,D6,heartbeat,50,754,,8,,,,,D7,benign,
4415,38584,38587.0,D7,D8,heartbeat,50,754,,8,,,,,D7,benign,
4415,38584,38587.0,D7,D10,heartbeat,50,754,,8,,,,,D7,benign,
4415,38584,38588.0,D7,D4,heartbeat,50,754,,8,,,,,D7,benign,
4416,38591,38593.0,D7,D1,telemetry,111,755,2892c58c74b7e674,8,True,,,,D7,benign,
4419,38595,38598.0,D10,D1,telemetry,135,309,8ecdece5aa881ce9,8,True,,,,D10,benign,
4424,38672,,D10,D3,heartbeat,44,310,,8,,,,channel_loss,D10,benign,
4425,38715,,D3,D4,auth_request,152,777,,8,,,,out_of_range,D3,benign,
4423,38658,38661.0,D9,D1,telemetry,109,290,6399288a76ba9107,8,True,,,,D9,benign,
4424,38672,38674.0,D10,D2,heartbeat,44,310,,8,,,,,D10,benign,
4424,38672,38674.0,D10,D5,heartbeat,44,310,,8,,,,,D10,benign,
4424,38672,38674.0,D10,D6,heartbeat,44,310,,8,,,,,D10,benign,
4424,38672,38674.0,D10,D8,heartbeat,44,310,,8,,,,,D10,benign,
4424,38672,38674.0,D10,D9,heartbeat,44,310,,8,,,,,D10,benign,
4424,38672,38675.0,D10,D1,heartbeat,44,310,,8,,,,,D10,benign,
4424,38672,38675.0,D10,D4,heartbeat,44,310,,8,,,,,D10,benign,
4424,38672,38675.0,D10,D7,heartbeat,44,310,,8,,,,,D10,benign,
4420,38685,38688.0,D3,D1,telemetry,104,774,2e0fb72f7f042c4f,8,True,,,,D3,benign,
4426,38735,38737.0,D2,D1,telemetry,115,297,dea752a1285564d2,8,True,,,,D2,benign,
4432,38736,38738.0,D6,D1,telemetry,105,369,d8cf8ac70dedea2d,8,True,,,,D6,benign,
4430,38747,38750.0,D4,D1,telemetry,115,297,38b0de290972baf9,8,True,,,,D4,benign,
4431,38752,38754.0,D5,D1,telemetry,119,638,9bb3d7b27aeba5ed,8,True,,,,D5,benign,
4434,38759,38763.0,D8,D1,telemetry,121,564,efc1e4c31b172ba4,8,True,,,,D8,benign,
4433,38770,38773.0,D7,D1,telemetry,127,756,2892c58c74b7e674,8,True,,,,D7,benign,
4435,38771,38774.0,D10,D1,telemetry,136,311,8ecdece5aa881ce9,8,True,,,,D10,benign,
4443,38842,38845.0,D9,D1,telemetry,126,291,6399288a76ba9107,8,True,,,,D9,benign,
4436,38877,38880.0,D3,D1,telemetry,125,781,2e0fb72f7f042c4f,8,True,,,,D3,benign,
4444,38910,38913.0,D2,D1,telemetry,132,298,dea752a1285564d2,8,True,,,,D2,benign,
4446,38925,38927.0,D4,D1,telemetry,135,298,38b0de290972baf9,8,True,,,,D4,benign,
4450,38945,38948.0,D8,D1,telemetry,117,565,efc1e4c31b172ba4,8,True,,,,D8,benign,
4451,38948,38951.0,D10,D1,telemetry,93,312,8ecdece5aa881ce9,8,True,,,,D10,benign,
4449,38950,38952.0,D7,D1,telemetry,118,757,2892c58c74b7e674,8,True,,,,D7,benign,
4448,38967,38971.0,D6,D1,telemetry,121,370,d8cf8ac70dedea2d,8,True,,,,D6,benign,
4447,38968,38973.0,D5,D1,telemetry,119,639,9bb3d7b27aeba5ed,8,True,,,,D5,benign,
4453,39021,39023.0,D3,D9,heartbeat,33,789,,8,,,,,D3,benign,
4453,39021,39023.0,D3,D10,heartbeat,33,789,,8,,,,,D3,benign,
4453,39021,39024.0,D3,D1,heartbeat,33,789,,8,,,,,D3,benign,
4453,39021,39024.0,D3,D2,heartbeat,33,789,,8,,,,,D3,benign,
4453,39021,39024.0,D3,D5,heartbeat,33,789,,8,,,,,D3,benign,
4461,39024,39026.0,D9,D1,telemetry,133,292,6399288a76ba9107,8,True,,,,D9,benign,
4460,39049,39052.0,D4,D1,heartbeat,41,299,,8,,,,,D4,benign,
4460,39049,39052.0,D4,D2,heartbeat,41,299,,8,,,,,D4,benign,
4460,39049,39052.0,D4,D6,heartbeat,41,299,,8,,,,,D4,benign,
4460,39049,39052.0,D4,D7,heartbeat,41,299,,8,,,,,D4,benign,
4460,39049,39052.0,D4,D8,heartbeat,41,299,,8,,,,,D4,benign,
4460,39049,39052.0,D4,D9,heartbeat,41,299,,8,,,,,D4,benign,
4460,39049,39052.0,D4,D10,heartbeat,41,299,,8,,,,,D4,benign,
4460,39049,39053.0,D4,D5,heartbeat,41,299,,8,,,,,D4,benign,
4454,39069,39072.0,D3,D1,telemetry,125,790,2e0fb72f7f042c4f,8,True,,,,D3,benign,
4452,39090,39094.0,D2,D1,telemetry,114,299,dea752a1285564d2,8,True,,,,D2,benign,
4463,39100,39102.0,D3,D1,trust_report,136,796,2e0fb72f7f042c4f,8,True,,,,D3,benign,
4464,39100,39102.0,D4,D1,trust_report,136,300,38b0de290972baf9,8,True,,,,D4,benign,
4468,39100,39102.0,D8,D1,trust_report,136,566,efc1e4c31b172ba4,8,True,,,,D8,benign,
4470,39100,39102.0,D10,D1,trust_report,136,313,8ecdece5aa881ce9,8,True,,,,D10,benign,
4465,39100,39103.0,D5,D1,trust_report,136,640,9bb3d7b27aeba5ed,8,True,,,,D5,benign,
4466,39100,39103.0,D6,D1,trust_report,136,371,d8cf8ac70dedea2d,8,True,,,,D6,benign,
4467,39100,39103.0,D7,D1,trust_report,136,758,2892c58c74b7e674,8,True,,,,D7,benign,
4469,39100,39103.0,D9,D1,trust_report,136,293,6399288a76ba9107,8,True,,,,D9,benign,
4462,39100,39104.0,D2,D1,trust_report,136,300,dea752a1285564d2,8,True,,,,D2,benign,
4477,39106,39108.0,D4,D1,telemetry,105,301,38b0de290972baf9,8,True,,,,D4,benign,
4482,39110,39114.0,D10,D1,telemetry,120,314,8ecdece5aa881ce9,8,True,,,,D10,benign,
4471,39117,39119.0,D1,D2,heartbeat,49,134,,8,,,,,D1,benign,
4471,39117,39119.0,D1,D4,heartbeat,49,134,,8,,,,,D1,benign,
4471,39117,39119.0,D1,D6,heartbeat,49,134,,8,,,,,D1,benign,
4471,39117,39119.0,D1,D8,heartbeat,49,134,,8,,,,,D1,benign,
4471,39117,39119.0,D1,D10,heartbeat,49,134,,8,,,,,D1,benign,
4471,39117,39120.0,D1,D3,heartbeat,49,134,,8,,,,,D1,benign,
4471,39117,39120.0,D1,D5,heartbeat,49,134,,8,,,,,D1,benign,
4471,39117,39120.0,D1,D7,heartbeat,49,134,,8,,,,,D1,benign,
4471,39117,39120.0,D1,D9,heartbeat,49,134,,8,,,,,D1,benign,
4480,39120,39122.0,D7,D1,telemetry,122,759,2892c58c74b7e674,8,True,,,,D7,benign,
4481,39131,39133.0,D8,D1,telemetry,100,567,efc1e4c31b172ba4,8,True,,,,D8,benign,
4472,39165,39167.0,D2,D6,heartbeat,41,301,,8,,,,,D2,benign,
4472,39165,39167.0,D2,D7,heartbeat,41,301,,8,,,,,D2,benign,
4472,39165,39167.0,D2,D10,heartbeat,41,301,,8,,,,,D2,benign,
4472,39165,39168.0,D2,D3,heartbeat,41,301,,8,,,,,D2,benign,
4472,39165,39168.0,D2,D8,heartbeat,41,301,,8,,,,,D2,benign,
4472,39165,39168.0,D2,D9,heartbeat,41,301,,8,,,,,D2,benign,
4472,39165,39169.0,D2,D1,heartbeat,41,301,,8,,,,,D2,benign,
4472,39165,39169.0,D2,D4,heartbeat,41,301,,8,,,,,D2,benign,
4472,39165,39169.0,D2,D5,heartbeat,41,301,,8,,,,,D2,benign,
4478,39167,39170.0,D5,D1,telemetry,119,641,9bb3d7b27aeba5ed,8,True,,,,D5,benign,
4479,39197,39199.0,D6,D1,telemetry,114,372,d8cf8ac70dedea2d,8,True,,,,D6,benign,
4488,39216,39219.0,D9,D1,telemetry,109,294,6399288a76ba9107,8,True,,,,D9,benign,
4483,39264,39267.0,D2,D1,telemetry,122,302,dea752a1285564d2,8,True,,,,D2,benign,
4484,39267,39270.0,D3,D1,telemetry,136,801,2e0fb72f7f042c4f,8,True,,,,D3,benign,
4489,39272,39277.0,D10,D1,telemetry,122,315,8ecdece5aa881ce9,8,True,,,,D10,benign,
4486,39295,39297.0,D4,D1,telemetry,127,302,38b0de290972baf9,8,True,,,,D4,benign,
4487,39295,39297.0,D7,D1,telemetry,109,760,2892c58c74b7e674,8,True,,,,D7,benign,
4492,39318,39322.0,D8,D1,telemetry,119,568,efc1e4c31b172ba4,8,True,,,,D8,benign,
4493,39368,39370.0,D9,D3,heartbeat,38,295,,8,,,,,D9,benign,
4493,39368,39370.0,D9,D4,heartbeat,38,295,,8,,,,,D9,benign,
4493,39368,39370.0,D9,D5,heartbeat,38,295,,8,,,,,D9,benign,
4493,39368,39370.0,D9,D6,heartbeat,38,295,,8,,,,,D9,benign,
4493,39368,39370.0,D9,D10,heartbeat,38,295,,8,,,,,D9,benign,
4493,39368,39371.0,D9,D1,heartbeat,38,295,,8,,,,,D9,benign,
4493,39368,39371.0,D9,D2,heartbeat,38,295,,8,,,,,D9,benign,
4493,39368,39371.0,D9,D7,heartbeat,38,295,,8,,,,,D9,benign,
4493,39368,39371.0,D9,D8,heartbeat,38,295,,8,,,,,D9,benign,
4491,39375,39377.0,D5,D1,telemetry,125,642,9bb3d7b27aeba5ed,8,True,,,,D5,benign,
4494,39400,39403.0,D9,D1,telemetry,111,296,6399288a76ba9107,8,True,,,,D9,benign,
4502,39429,39431.0,D6,D1,telemetry,113,373,d8cf8ac70dedea2d,8,True,,,,D6,benign,
4504,39441,39444.0,D10,D1,telemetry,106,316,8ecdece5aa881ce9,8,True,,,,D10,benign,
4495,39447,39449.0,D2,D1,telemetry,108,303,dea752a1285564d2,8,True,,,,D2,benign,
4496,39458,39461.0,D3,D1,telemetry,122,804,2e0fb72f7f042c4f,8,True,,,,D3,benign,
4503,39475,39477.0,D7,D1,telemetry,123,761,2892c58c74b7e674,8,True,,,,D7,benign,
4501,39483,39485.0,D4,D1,telemetry,132,303,38b0de290972baf9,8,True,,,,D4,benign,
4512,39504,39506.0,D8,D1,telemetry,99,570,efc1e4c31b172ba4,8,True,,,,D8,benign,
4507,39508,39510.0,D5,D1,heartbeat,44,643,,8,,,,,D5,benign,
4507,39508,39510.0,D5,D3,heartbeat,44,643,,8,,,,,D5,benign,
4507,39508,39510.0,D5,D6,heartbeat,44,643,,8,,,,,D5,benign,
4507,39508,39510.0,D5,D7,heartbeat,44,643,,8,,,,,D5,benign,
4507,39508,39511.0,D5,D2,heartbeat,44,643,,8,,,,,D5,benign,
4507,39508,39511.0,D5,D9,heartbeat,44,643,,8,,,,,D5,benign,
4507,39508,39511.0,D5,D10,heartbeat,44,643,,8,,,,,D5,benign,
4507,39508,39512.0,D5,D4,heartbeat,44,643,,8,,,,,D5,benign,
4507,39508,39512.0,D5,D8,heartbeat,44,643,,8,,,,,D5,benign,
4511,39537,39539.0,D8,D1,heartbeat,37,569,,8,,,,,D8,benign,
4511,39537,39539.0,D8,D5,heartbeat,37,569,,8,,,,,D8,benign,
4511,39537,39540.0,D8,D4,heartbeat,37,569,,8,,,,,D8,benign,
4511,39537,39541.0,D8,D2,heartbeat,37,569,,8,,,,,D8,benign,
4511,39537,39541.0,D8,D6,heartbeat,37,569,,8,,,,,D8,benign,
4511,39537,39541.0,D8,D7,heartbeat,37,569,,8,,,,,D8,benign,
4511,39537,39541.0,D8,D9,heartbeat,37,569,,8,,,,,D8,benign,
4511,39537,39541.0,D8,D10,heartbeat,37,569,,8,,,,,D8,benign,
4508,39571,39574.0,D5,D1,telemetry,142,644,9bb3d7b27aeba5ed,8,True,,,,D5,benign,
4510,39572,39574.0,D7,D5,heartbeat,40,762,,8,,,,,D7,benign,
4510,39572,39574.0,D7,D9,heartbeat,40,762,,8,,,,,D7,benign,
4510,39572,39575.0,D7,D1,heartbeat,40,762,,8,,,,,D7,benign,
4510,39572,39575.0,D7,D4,heartbeat,40,762,,8,,,,,D7,benign,
4510,39572,39575.0,D7,D6,heartbeat,40,762,,8,,,,,D7,benign,
4510,39572,39575.0,D7,D10,heartbeat,40,762,,8,,,,,D7,benign,
4510,39572,39576.0,D7,D2,heartbeat,40,762,,8,,,,,D7,benign,
4510,39572,39576.0,D7,D8,heartbeat,40,762,,8,,,,,D7,benign,
4509,39591,39593.0,D6,D1,heartbeat,41,374,,8,,,,,D6,benign,
4509,39591,39593.0,D6,D8,heartbeat,41,374,,8,,,,,D6,benign,
4509,39591,39594.0,D6,D2,heartbeat,41,374,,8,,,,,D6,benign,
4509,39591,39594.0,D6,D4,heartbeat,41,374,,8,,,,,D6,benign,
4509,39591,39594.0,D6,D5,heartbeat,41,374,,8,,,,,D6,benign,
4509,39591,39594.0,D6,D7,heartbeat,41,374,,8,,,,,D6,benign,
4509,39591,39594.0,D6,D9,heartbeat,41,374,,8,,,,,D6,benign,
4513,39591,39594.0,D9,D1,telemetry,123,297,6399288a76ba9107,8,True,,,,D9,benign,
4509,39591,39595.0,D6,D10,heartbeat,41,374,,8,,,,,D6,benign,
4524,39616,39619.0,D10,D1,telemetry,110,318,8ecdece5aa881ce9,8,True,,,,D10,benign,
4514,39628,39631.0,D2,D1,telemetry,103,304,dea752a1285564d2,8,True,,,,D2,benign,
4515,39642,39644.0,D3,D1,telemetry,122,811,2e0fb72f7f042c4f,8,True,,,,D3,benign,
4522,39645,39648.0,D7,D1,telemetry,129,763,2892c58c74b7e674,8,True,,,,D7,benign,
4521,39660,39662.0,D6,D1,telemetry,123,375,d8cf8ac70dedea2d,8,True,,,,D6,benign,
4520,39668,39670.0,D4,D1,telemetry,134,304,38b0de290972baf9,8,True,,,,D4,benign,
4523,39673,39675.0,D10,D3,heartbeat,35,317,,8,,,,,D10,benign,
4523,39673,39675.0,D10,D4,heartbeat,35,317,,8,,,,,D10,benign,
4523,39673,39675.0,D10,D5,heartbeat,35,317,,8,,,,,D10,benign,
4523,39673,39676.0,D10,D1,heartbeat,35,317,,8,,,,,D10,benign,
4523,39673,39676.0,D10,D2,heartbeat,35,317,,8,,,,,D10,benign,
4523,39673,39676.0,D10,D7,heartbeat,35,317,,8,,,,,D10,benign,
4523,39673,39676.0,D10,D8,heartbeat,35,317,,8,,,,,D10,benign,
4523,39673,39677.0,D10,D6,heartbeat,35,317,,8,,,,,D10,benign,
4523,39673,39678.0,D10,D9,heartbeat,35,317,,8,,,,,D10,benign,
4529,39702,39705.0,D8,D1,telemetry,128,571,efc1e4c31b172ba4,8,True,,,,D8,benign,
4528,39772,39775.0,D5,D1,telemetry,124,645,9bb3d7b27aeba5ed,8,True,,,,D5,benign,
4530,39773,39777.0,D9,D1,telemetry,121,298,6399288a76ba9107,8,True,,,,D9,benign,
4531,39790,39794.0,D10,D1,telemetry,126,319,8ecdece5aa881ce9,8,True,,,,D10,benign,
4532,39811,39814.0,D2,D1,telemetry,120,305,dea752a1285564d2,8,True,,,,D2,benign,
4537,39825,39828.0,D7,D1,telemetry,127,764,2892c58c74b7e674,8,True,,,,D7,benign,
4533,39833,39836.0,D3,D1,telemetry,115,819,2e0fb72f7f042c4f,8,True,,,,D3,benign,
4536,39855,39859.0,D4,D1,telemetry,135,305,38b0de290972baf9,8,True,,,,D4,benign,
4538,39894,39897.0,D8,D1,telemetry,115,572,efc1e4c31b172ba4,8,True,,,,D8,benign,
4544,39905,39908.0,D6,D1,telemetry,134,376,d8cf8ac70dedea2d,8,True,,,,D6,benign,
4545,39959,39961.0,D9,D1,telemetry,124,299,6399288a76ba9107,8,True,,,,D9,benign,
4546,39959,39962.0,D10,D1,telemetry,114,320,8ecdece5aa881ce9,8,True,,,,D10,benign,
4543,39989,39991.0,D5,D1,telemetry,103,646,9bb3d7b27aeba5ed,8,True,,,,D5,benign,
4539,39999,40001.0,D2,D1,telemetry,107,306,dea752a1285564d2,8,True,,,,D2,benign,
4552,40007,40009.0,D7,D1,telemetry,120,765,2892c58c74b7e674,8,True,,,,D7,benign,
4547,40017,40019.0,D3,D1,heartbeat,38,825,,8,,,,,D3,benign,
4547,40017,40019.0,D3,D9,heartbeat,38,825,,8,,,,,D3,benign,
4547,40017,40019.0,D3,D10,heartbeat,38,825,,8,,,,,D3,benign,
4547,40017,40020.0,D3,D5,heartbeat,38,825,,8,,,,,D3,benign,
4548,40018,40020.0,D3,D1,telemetry,136,826,2e0fb72f7f042c4f,8,True,,,,D3,benign,
4547,40017,40021.0,D3,D2,heartbeat,38,825,,8,,,,,D3,benign,
4551,40037,40039.0,D4,D1,telemetry,121,307,38b0de290972baf9,8,True,,,,D4,benign,
4553,40073,40075.0,D8,D1,telemetry,108,573,efc1e4c31b172ba4,8,True,,,,D8,benign,
4550,40077,40079.0,D4,D1,heartbeat,42,306,,8,,,,,D4,benign,
4550,40077,40079.0,D4,D5,heartbeat,42,306,,8,,,,,D4,benign,
4550,40077,40079.0,D4,D6,heartbeat,42,306,,8,,,,,D4,benign,
4550,40077,40079.0,D4,D9,heartbeat,42,306,,8,,,,,D4,benign,
4550,40077,40080.0,D4,D7,heartbeat,42,306,,8,,,,,D4,benign,
4550,40077,40080.0,D4,D8,heartbeat,42,306,,8,,,,,D4,benign,
4550,40077,40081.0,D4,D2,heartbeat,42,306,,8,,,,,D4,benign,
4550,40077,40081.0,D4,D10,heartbeat,42,306,,8,,,,,D4,benign,
4564,40192,,D2,D10,heartbeat,41,308,,8,,,,channel_loss,D2,benign,
4554,40100,40102.0,D2,D1,trust_report,136,307,dea752a1285564d2,8,True,,,,D2,benign,
4555,40100,40102.0,D3,D1,trust_report,136,828,2e0fb72f7f042c4f,8,True,,,,D3,benign,
4556,40100,40102.0,D4,D1,trust_report,136,308,38b0de290972baf9,8,True,,,,D4,benign,
4558,40100,40102.0,D6,D1,trust_report,136,377,d8cf8ac70dedea2d,8,True,,,,D6,benign,
4560,40100,40102.0,D8,D1,trust_report,136,574,efc1e4c31b172ba4,8,True,,,,D8,benign,
4561,40100,40102.0,D9,D1,trust_report,136,300,6399288a76ba9107,8,True,,,,D9,benign,
4557,40100,40103.0,D5,D1,trust_report,136,647,9bb3d7b27aeba5ed,8,True,,,,D5,benign,
4559,40100,40103.0,D7,D1,trust_report,136,766,2892c58c74b7e674,8,True,,,,D7,benign,
4562,40100,40103.0,D10,D1,trust_report,136,321,8ecdece5aa881ce9,8,True,,,,D10,benign,
4563,40126,40128.0,D1,D3,heartbeat,39,135,,8,,,,,D1,benign,
4563,40126,40129.0,D1,D2,heartbeat,39,135,,8,,,,,D1,benign,
4563,40126,40129.0,D1,D4,heartbeat,39,135,,8,,,,,D1,benign,
4563,40126,40129.0,D1,D5,heartbeat,39,135,,8,,,,,D1,benign,
4563,40126,40129.0,D1,D7,heartbeat,39,135,,8,,,,,D1,benign,
4563,40126,40129.0,D1,D8,heartbeat,39,135,,8,,,,,D1,benign,
4563,40126,40129.0,D1,D10,heartbeat,39,135,,8,,,,,D1,benign,
4563,40126,40130.0,D1,D6,heartbeat,39,135,,8,,,,,D1,benign,
4563,40126,40130.0,D1,D9,heartbeat,39,135,,8,,,,,D1,benign,
4572,40132,40136.0,D10,D1,telemetry,107,322,8ecdece5aa881ce9,8,True,,,,D10,benign,
4571,40143,40146.0,D9,D1,telemetry,122,301,6399288a76ba9107,8,True,,,,D9,benign,
4569,40149,40152.0,D6,D1,telemetry,113,378,d8cf8ac70dedea2d,8,True,,,,D6,benign,
4570,40184,40190.0,D7,D1,telemetry,120,767,2892c58c74b7e674,8,True,,,,D7,benign,
4565,40188,40191.0,D2,D1,telemetry,114,309,dea752a1285564d2,8,True,,,,D2,benign,
4564,40192,40194.0,D2,D7,heartbeat,41,308,,8,,,,,D2,benign,
4564,40192,40194.0,D2,D8,heartbeat,41,308,,8,,,,,D2,benign,
4564,40192,40194.0,D2,D9,heartbeat,41,308,,8,,,,,D2,benign,
4564,40192,40195.0,D2,D1,heartbeat,41,308,,8,,,,,D2,benign,
4564,40192,40195.0,D2,D3,heartbeat,41,308,,8,,,,,D2,benign,
4564,40192,40195.0,D2,D4,heartbeat,41,308,,8,,,,,D2,benign,
4564,40192,40195.0,D2,D5,heartbeat,41,308,,8,,,,,D2,benign,
4564,40192,40195.0,D2,D6,heartbeat,41,308,,8,,,,,D2,benign,
4568,40197,40199.0,D5,D1,telemetry,115,648,9bb3d7b27aeba5ed,8,True,,,,D5,benign,
4573,40203,40206.0,D3,D1,telemetry,108,831,2e0fb72f7f042c4f,8,True,,,,D3,benign,
4575,40230,40232.0,D4,D1,telemetry,124,309,38b0de290972baf9,8,True,,,,D4,benign,
4576,40261,40265.0,D8,D1,telemetry,131,575,efc1e4c31b172ba4,8,True,,,,D8,benign,
4577,40298,40302.0,D10,D1,telemetry,103,323,8ecdece5aa881ce9,8,True,,,,D10,benign,
4584,40336,40338.0,D9,D5,heartbeat,38,302,,8,,,,,D9,benign,
4584,40336,40338.0,D9,D8,heartbeat,38,302,,8,,,,,D9,benign,
4584,40336,40338.0,D9,D10,heartbeat,38,302,,8,,,,,D9,benign,
4584,40336,40339.0,D9,D1,heartbeat,38,302,,8,,,,,D9,benign,
4584,40336,40339.0,D9,D2,heartbeat,38,302,,8,,,,,D9,benign,
4584,40336,40339.0,D9,D3,heartbeat,38,302,,8,,,,,D9,benign,
4584,40336,40339.0,D9,D4,heartbeat,38,302,,8,,,,,D9,benign,
4584,40336,40339.0,D9,D6,heartbeat,38,302,,8,,,,,D9,benign,
4584,40336,40339.0,D9,D7,heartbeat,38,302,,8,,,,,D9,benign,
4585,40336,40339.0,D9,D1,telemetry,124,303,6399288a76ba9107,8,True,,,,D9,benign,
4583,40368,40370.0,D7,D1,telemetry,117,768,2892c58c74b7e674,8,True,,,,D7,benign,
4578,40374,40377.0,D2,D1,telemetry,132,310,dea752a1285564d2,8,True,,,,D2,benign,
4582,40386,40388.0,D6,D1,telemetry,114,379,d8cf8ac70dedea2d,8,True,,,,D6,benign,
4579,40399,40402.0,D3,D1,telemetry,118,833,2e0fb72f7f042c4f,8,True,,,,D3,benign,
4589,40409,40411.0,D5,D1,telemetry,117,649,9bb3d7b27aeba5ed,8,True,,,,D5,benign,
4588,40424,40427.0,D4,D1,telemetry,125,310,38b0de290972baf9,8,True,,,,D4,benign,
4590,40455,40458.0,D8,D1,telemetry,116,576,efc1e4c31b172ba4,8,True,,,,D8,benign,
4591,40471,40475.0,D10,D1,telemetry,136,324,8ecdece5aa881ce9,8,True,,,,D10,benign,
4600,40513,40515.0,D9,D1,telemetry,123,304,6399288a76ba9107,8,True,,,,D9,benign,
4598,40542,40547.0,D7,D1,telemetry,98,769,2892c58c74b7e674,8,True,,,,D7,benign,
4596,40555,40557.0,D5,D1,heartbeat,44,650,,8,,,,,D5,benign,
4596,40555,40557.0,D5,D3,heartbeat,44,650,,8,,,,,D5,benign,
4596,40555,40557.0,D5,D10,heartbeat,44,650,,8,,,,,D5,benign,
4596,40555,40558.0,D5,D2,heartbeat,44,650,,8,,,,,D5,benign,
4596,40555,40558.0,D5,D4,heartbeat,44,650,,8,,,,,D5,benign,
4596,40555,40558.0,D5,D6,heartbeat,44,650,,8,,,,,D5,benign,
4596,40555,40558.0,D5,D7,heartbeat,44,650,,8,,,,,D5,benign,
4596,40555,40558.0,D5,D8,heartbeat,44,650,,8,,,,,D5,benign,
4596,40555,40558.0,D5,D9,heartbeat,44,650,,8,,,,,D5,benign,
4599,40555,40558.0,D8,D1,heartbeat,40,577,,8,,,,,D8,benign,
4599,40555,40558.0,D8,D6,heartbeat,40,577,,8,,,,,D8,benign,
4599,40555,40558.0,D8,D7,heartbeat,40,577,,8,,,,,D8,benign,
4599,40555,40558.0,D8,D9,heartbeat,40,577,,8,,,,,D8,benign,
4599,40555,40559.0,D8,D2,heartbeat,40,577,,8,,,,,D8,benign,
4599,40555,40559.0,D8,D4,heartbeat,40,577,,8,,,,,D8,benign,
4599,40555,40559.0,D8,D5,heartbeat,40,577,,8,,,,,D8,benign,
4599,40555,40559.0,D8,D10,heartbeat,40,577,,8,,,,,D8,benign,
4601,40564,40567.0,D2,D1,auth_request,152,312,,8,,True,,,D2,benign,
4603,40582,40584.0,D1,D3,rl_broadcast,32,137,,8,,,,,D1,benign,
4603,40582,40584.0,D1,D4,rl_broadcast,32,137,,8,,,,,D1,benign,
4603,40582,40584.0,D1,D5,rl_broadcast,32,137,,8,,,,,D1,benign,
4603,40582,40584.0,D1,D6,rl_broadcast,32,137,,8,,,,,D1,benign,
4603,40582,40584.0,D1,D7,rl_broadcast,32,137,,8,,,,,D1,benign,
4603,40582,40584.0,D1,D8,rl_broadcast,32,137,,8,,,,,D1,benign,
4602,40582,40585.0,D1,D2,auth_response,152,136,,8,,True,,,D1,benign,
4603,40582,40585.0,D1,D2,rl_broadcast,32,137,,8,,,,,D1,benign,
4603,40582,40585.0,D1,D9,rl_broadcast,32,137,,8,,,,,D1,benign,
4603,40582,40585.0,D1,D10,rl_broadcast,32,137,,8,,,,,D1,benign,
4592,40585,40587.0,D2,D1,telemetry,92,311,7d974260e559afb3,8,True,,,,D2,benign,
4593,40592,40595.0,D3,D1,telemetry,109,838,2e0fb72f7f042c4f,8,True,,,policy:rate_limited,D3,benign,
4597,40599,40601.0,D6,D8,heartbeat,38,380,,8,,,,,D6,benign,
4597,40599,40602.0,D6,D1,heartbeat,38,380,,8,,,,,D6,benign,
4597,40599,40602.0,D6,D2,heartbeat,38,380,,8,,,,,D6,benign,
4597,40599,40602.0,D6,D4,heartbeat,38,380,,8,,,,,D6,benign,
4597,40599,40602.0,D6,D7,heartbeat,38,380,,8,,,,,D6,benign,
4597,40599,40602.0,D6,D10,heartbeat,38,380,,8,,,,,D6,benign,
4597,40599,40603.0,D6,D5,heartbeat,38,380,,8,,,,,D6,benign,
4597,40599,40603.0,D6,D9,heartbeat,38,380,,8,,,,,D6,benign,
4611,40605,40607.0,D7,D1,heartbeat,34,770,,8,,,,,D7,benign,
4611,40605,40607.0,D7,D2,heartbeat,34,770,,8,,,,,D7,benign,
4611,40605,40607.0,D7,D5,heartbeat,34,770,,8,,,,,D7,benign,
4611,40605,40607.0,D7,D6,heartbeat,34,770,,8,,,,,D7,benign,
4611,40605,40607.0,D7,D8,heartbeat,34,770,,8,,,,,D7,benign,
4611,40605,40608.0,D7,D9,heartbeat,34,770,,8,,,,,D7,benign,
4611,40605,40608.0,D7,D10,heartbeat,34,770,,8,,,,,D7,benign,
4611,40605,40609.0,D7,D4,heartbeat,34,770,,8,,,,,D7,benign,
4608,40607,40610.0,D4,D1,telemetry,111,311,38b0de290972baf9,8,True,,,,D4,benign,
4609,40616,40619.0,D5,D1,telemetry,120,651,9bb3d7b27aeba5ed,8,True,,,,D5,benign,
4615,40626,40629.0,D6,D1,auth_request,152,382,,8,,True,,,D6,benign,
4612,40639,40642.0,D8,D1,telemetry,102,578,efc1e4c31b172ba4,8,True,,,,D8,benign,
4618,40644,40646.0,D1,D3,rl_broadcast,32,139,,8,,,,,D1,benign,
4618,40644,40646.0,D1,D6,rl_broadcast,32,139,,8,,,,,D1,benign,
4618,40644,40646.0,D1,D9,rl_broadcast,32,139,,8,,,,,D1,benign,
4618,40644,40647.0,D1,D2,rl_broadcast,32,139,,8,,,,,D1,benign,
4618,40644,40647.0,D1,D4,rl_broadcast,32,139,,8,,,,,D1,benign,
4618,40644,40647.0,D1,D5,rl_broadcast,32,139,,8,,,,,D1,benign,
4618,40644,40647.0,D1,D7,rl_broadcast,32,139,,8,,,,,D1,benign,
4618,40644,40647.0,D1,D10,rl_broadcast,32,139,,8,,,,,D1,benign,
4617,40644,40648.0,D1,D6,auth_response,152,138,,8,,True,,,D1,benign,
4618,40644,40648.0,D1,D8,rl_broadcast,32,139,,8,,,,,D1,benign,
4610,40648,40650.0,D6,D1,telemetry,103,381,281f9c5a07d6f96a,8,True,,,,D6,benign,
4616,40657,40660.0,D10,D1,auth_request,152,327,,8,,True,,,D10,benign,
4613,40659,40661.0,D10,D2,heartbeat,40,325,,8,,,,,D10,benign,
4613,40659,40661.0,D10,D3,heartbeat,40,325,,8,,,,,D10,benign,
4613,40659,40661.0,D10,D6,heartbeat,40,325,,8,,,,,D10,benign,
4613,40659,40661.0,D10,D8,heartbeat,40,325,,8,,,,,D10,benign,
4613,40659,40662.0,D10,D1,heartbeat,40,325,,8,,,,,D10,benign,
4613,40659,40662.0,D10,D4,heartbeat,40,325,,8,,,,,D10,benign,
4613,40659,40662.0,D10,D9,heartbeat,40,325,,8,,,,,D10,benign,
4613,40659,40663.0,D10,D5,heartbeat,40,325,,8,,,,,D10,benign,
4613,40659,40663.0,D10,D7,heartbeat,40,325,,8,,,,,D10,benign,
4620,40675,40677.0,D1,D3,rl_broadcast,32,141,,8,,,,,D1,benign,
4620,40675,40677.0,D1,D4,rl_broadcast,32,141,,8,,,,,D1,benign,
4620,40675,40677.0,D1,D5,rl_broadcast,32,141,,8,,,,,D1,benign,
4620,40675,40677.0,D1,D6,rl_broadcast,32,141,,8,,,,,D1,benign,
4620,40675,40677.0,D1,D7,rl_broadcast,32,141,,8,,,,,D1,benign,
4619,40675,40678.0,D1,D10,auth_response,152,140,,8,,True,,,D1,benign,
4620,40675,40678.0,D1,D2,rl_broadcast,32,141,,8,,,,,D1,benign,
4620,40675,40678.0,D1,D8,rl_broadcast,32,141,,8,,,,,D1,benign,
4620,40675,40678.0,D1,D9,rl_broadcast,32,141,,8,,,,,D1,benign,
4620,40675,40678.0,D1,D10,rl_broadcast,32,141,,8,,,,,D1,benign,
4614,40678,40682.0,D10,D1,telemetry,115,326,40ef7baf8478636a,8,True,,,,D10,benign,
4626,40704,40707.0,D9,D1,telemetry,132,305,6399288a76ba9107,8,True,,,,D9,benign,
4630,40752,,D1,D7,rl_broadcast,32,143,,8,,,,channel_loss,D1,benign,
4627,40735,40737.0,D7,D1,auth_request,152,772,,8,,True,,,D7,benign,
4621,40734,40738.0,D2,D1,telemetry,120,313,7d974260e559afb3,8,True,,,,D2,benign,
4629,40752,40754.0,D1,D7,auth_response,152,142,,8,,True,,,D1,benign,
4630,40752,40754.0,D1,D2,rl_broadcast,32,143,,8,,,,,D1,benign,
4630,40752,40754.0,D1,D3,rl_broadcast,32,143,,8,,,,,D1,benign,
4630,40752,40754.0,D1,D9,rl_broadcast,32,143,,8,,,,,D1,benign,
4630,40752,40754.0,D1,D10,rl_broadcast,32,143,,8,,,,,D1,benign,
4630,40752,40755.0,D1,D4,rl_broadcast,32,143,,8,,,,,D1,benign,
4630,40752,40755.0,D1,D6,rl_broadcast,32,143,,8,,,,,D1,benign,
4630,40752,40755.0,D1,D8,rl_broadcast,32,143,,8,,,,,D1,benign,
4630,40752,40756.0,D1,D5,rl_broadcast,32,143,,8,,,,,D1,benign,
4625,40754,40757.0,D7,D1,telemetry,112,771,7d040a48e7a09e48,8,True,,,,D7,benign,
4622,40777,40780.0,D3,D1,telemetry,99,845,2e0fb72f7f042c4f,8,True,,,,D3,benign,
4639,40805,40808.0,D10,D1,telemetry,134,328,40ef7baf8478636a,8,True,,,,D10,benign,
4628,40811,40813.0,D4,D1,auth_request,152,313,,8,,True,,,D4,benign,
4634,40822,40826.0,D5,D1,telemetry,102,652,9bb3d7b27aeba5ed,8,True,,,,D5,benign,
4643,40828,40830.0,D1,D2,rl_broadcast,32,145,,8,,,,,D1,benign,
4643,40828,40830.0,D1,D4,rl_broadcast,32,145,,8,,,,,D1,benign,
4642,40828,40831.0,D1,D4,auth_response,152,144,,8,,True,,,D1,benign,
4643,40828,40831.0,D1,D5,rl_broadcast,32,145,,8,,,,,D1,benign,
4643,40828,40831.0,D1,D6,rl_broadcast,32,145,,8,,,,,D1,benign,
4643,40828,40831.0,D1,D8,rl_broadcast,32,145,,8,,,,,D1,benign,
4643,40828,40831.0,D1,D10,rl_broadcast,32,145,,8,,,,,D1,benign,
4643,40828,40832.0,D1,D3,rl_broadcast,32,145,,8,,,,,D1,benign,
4643,40828,40832.0,D1,D7,rl_broadcast,32,145,,8,,,,,D1,benign,
4643,40828,40832.0,D1,D9,rl_broadcast,32,145,,8,,,,,D1,benign,
4624,40831,40835.0,D4,D1,telemetry,102,312,f43e01bd8adbee91,8,True,,,,D4,benign,
4635,40847,40849.0,D6,D1,telemetry,132,383,281f9c5a07d6f96a,8,True,,,,D6,benign,
4640,40849,40851.0,D8,D1,auth_request,152,580,,8,,True,,,D8,benign,
4645,40866,40868.0,D1,D3,rl_broadcast,32,147,,8,,,,,D1,benign,
4645,40866,40868.0,D1,D6,rl_broadcast,32,147,,8,,,,,D1,benign,
4644,40866,40869.0,D1,D8,auth_response,152,146,,8,,True,,,D1,benign,
4645,40866,40869.0,D1,D2,rl_broadcast,32,147,,8,,,,,D1,benign,
4645,40866,40869.0,D1,D7,rl_broadcast,32,147,,8,,,,,D1,benign,
4645,40866,40869.0,D1,D9,rl_broadcast,32,147,,8,,,,,D1,benign,
4645,40866,40869.0,D1,D10,rl_broadcast,32,147,,8,,,,,D1,benign,
4645,40866,40870.0,D1,D4,rl_broadcast,32,147,,8,,,,,D1,benign,
4645,40866,40870.0,D1,D5,rl_broadcast,32,147,,8,,,,,D1,benign,
4645,40866,40870.0,D1,D8,rl_broadcast,32,147,,8,,,,,D1,benign,
4637,40869,40871.0,D8,D1,telemetry,125,579,b53aa76c919f2b60,8,True,,,,D8,benign,
4636,40890,40892.0,D7,D1,telemetry,122,773,7d040a48e7a09e48,8,True,,,,D7,benign,
4641,40906,40909.0,D9,D1,auth_request,152,307,,8,,True,,,D9,benign,
4646,40911,40914.0,D2,D1,telemetry,107,314,7d974260e559afb3,8,True,,,,D2,benign,
4653,40924,40926.0,D1,D2,rl_broadcast,32,149,,8,,,,,D1,benign,
4653,40924,40926.0,D1,D4,rl_broadcast,32,149,,8,,,,,D1,benign,
4653,40924,40926.0,D1,D8,rl_broadcast,32,149,,8,,,,,D1,benign,
4653,40924,40926.0,D1,D9,rl_broadcast,32,149,,8,,,,,D1,benign,
4653,40924,40926.0,D1,D10,rl_broadcast,32,149,,8,,,,,D1,benign,
4652,40924,40927.0,D1,D9,auth_response,152,148,,8,,True,,,D1,benign,
4653,40924,40927.0,D1,D3,rl_broadcast,32,149,,8,,,,,D1,benign,
4653,40924,40927.0,D1,D6,rl_broadcast,32,149,,8,,,,,D1,benign,
4653,40924,40927.0,D1,D7,rl_broadcast,32,149,,8,,,,,D1,benign,
4653,40924,40928.0,D1,D5,rl_broadcast,32,149,,8,,,,,D1,benign,
4638,40927,40929.0,D9,D1,telemetry,120,306,0d8e047042e48d0d,8,True,,,,D9,benign,
4647,40969,40971.0,D3,D1,telemetry,117,850,2e0fb72f7f042c4f,8,True,,,,D3,benign,
4651,40978,40981.0,D10,D1,telemetry,111,329,40ef7baf8478636a,8,True,,,,D10,benign,
4650,40985,40988.0,D4,D1,telemetry,109,314,f43e01bd8adbee91,8,True,,,,D4,benign,
4661,41016,41019.0,D8,D1,telemetry,124,581,b53aa76c919f2b60,8,True,,,,D8,benign,
4658,41020,41023.0,D5,D1,telemetry,113,653,9bb3d7b27aeba5ed,8,True,,,,D5,benign,
4655,41023,41025.0,D3,D5,heartbeat,43,853,,8,,,,,D3,benign,
4655,41023,41026.0,D3,D1,heartbeat,43,853,,8,,,,,D3,benign,
4655,41023,41026.0,D3,D2,heartbeat,43,853,,8,,,,,D3,benign,
4655,41023,41026.0,D3,D9,heartbeat,43,853,,8,,,,,D3,benign,
4655,41023,41027.0,D3,D10,heartbeat,43,853,,8,,,,,D3,benign,
4657,41065,41067.0,D4,D2,heartbeat,44,315,,8,,,,,D4,benign,
4657,41065,41067.0,D4,D5,heartbeat,44,315,,8,,,,,D4,benign,
4657,41065,41067.0,D4,D6,heartbeat,44,315,,8,,,,,D4,benign,
4657,41065,41067.0,D4,D7,heartbeat,44,315,,8,,,,,D4,benign,
4657,41065,41068.0,D4,D1,heartbeat,44,315,,8,,,,,D4,benign,
4657,41065,41068.0,D4,D8,heartbeat,44,315,,8,,,,,D4,benign,
4657,41065,41068.0,D4,D10,heartbeat,44,315,,8,,,,,D4,benign,
4657,41065,41069.0,D4,D9,heartbeat,44,315,,8,,,,,D4,benign,
4660,41073,41077.0,D7,D1,telemetry,124,774,7d040a48e7a09e48,8,True,,,,D7,benign,
4659,41081,41084.0,D6,D1,telemetry,132,384,281f9c5a07d6f96a,8,True,,,,D6,benign,
4662,41082,41085.0,D9,D1,telemetry,130,308,0d8e047042e48d0d,8,True,,,,D9,benign,
4654,41088,41091.0,D2,D1,telemetry,108,315,7d974260e559afb3,8,True,,,,D2,benign,
4666,41100,41102.0,D5,D1,trust_report,136,654,9bb3d7b27aeba5ed,8,True,,,,D5,benign,
4668,41100,41102.0,D7,D1,trust_report,136,775,7d040a48e7a09e48,8,True,,,,D7,benign,
4669,41100,41102.0,D8,D1,trust_report,136,582,b53aa76c919f2b60,8,True,,,,D8,benign,
4671,41100,41102.0,D10,D1,trust_report,136,330,40ef7baf8478636a,8,True,,,,D10,benign,
4663,41100,41103.0,D2,D1,trust_report,136,316,7d974260e559afb3,8,True,,,,D2,benign,
4664,41100,41103.0,D3,D1,trust_report,136,855,2e0fb72f7f042c4f,8,True,,,,D3,benign,
4667,41100,41103.0,D6,D1,trust_report,136,385,281f9c5a07d6f96a,8,True,,,,D6,benign,
4670,41100,41103.0,D9,D1,trust_report,136,309,0d8e047042e48d0d,8,True,,,,D9,benign,
4665,41100,41104.0,D4,D1,trust_report,136,316,f43e01bd8adbee91,8,True,,,,D4,benign,
4672,41142,41144.0,D1,D3,heartbeat,39,150,,8,,,,,D1,benign,
4672,41142,41144.0,D1,D4,heartbeat,39,150,,8,,,,,D1,benign,
4672,41142,41145.0,D1,D2,heartbeat,39,150,,8,,,,,D1,benign,
4672,41142,41145.0,D1,D5,heartbeat,39,150,,8,,,,,D1,benign,
4672,41142,41145.0,D1,D6,heartbeat,39,150,,8,,,,,D1,benign,
4672,41142,41146.0,D1,D8,heartbeat,39,150,,8,,,,,D1,benign,
4672,41142,41146.0,D1,D9,heartbeat,39,150,,8,,,,,D1,benign,
4672,41142,41146.0,D1,D10,heartbeat,39,150,,8,,,,,D1,benign,
4672,41142,41147.0,D1,D7,heartbeat,39,150,,8,,,,,D1,benign,
4677,41150,41153.0,D10,D1,telemetry,128,331,40ef7baf8478636a,8,True,,,,D10,benign,
4673,41163,41165.0,D3,D1,telemetry,129,856,2e0fb72f7f042c4f,8,True,,,,D3,benign,
4675,41178,41182.0,D4,D1,telemetry,133,317,f43e01bd8adbee91,8,True,,,,D4,benign,
4676,41198,41200.0,D8,D1,telemetry,126,583,b53aa76c919f2b60,8,True,,,,D8,benign,
4687,41246,,D7,D1,telemetry,136,776,7d040a48e7a09e48,8,,,,channel_loss,D7,benign,
4686,41223,41226.0,D5,D1,telemetry,107,655,9bb3d7b27aeba5ed,8,True,,,,D5,benign,
4678,41232,41234.0,D2,D7,heartbeat,43,317,,8,,,,,D2,benign,
4678,41232,41234.0,D2,D8,heartbeat,43,317,,8,,,,,D2,benign,
4678,41232,41235.0,D2,D3,heartbeat,43,317,,8,,,,,D2,benign,
4678,41232,41235.0,D2,D4,heartbeat,43,317,,8,,,,,D2,benign,
4678,41232,41235.0,D2,D5,heartbeat,43,317,,8,,,,,D2,benign,
4678,41232,41235.0,D2,D9,heartbeat,43,317,,8,,,,,D2,benign,
4678,41232,41236.0,D2,D1,heartbeat,43,317,,8,,,,,D2,benign,
4678,41232,41236.0,D2,D6,heartbeat,43,317,,8,,,,,D2,benign,
4678,41232,41236.0,D2,D10,heartbeat,43,317,,8,,,,,D2,benign,
4689,41261,41265.0,D9,D1,telemetry,116,311,0d8e047042e48d0d,8,True,,,,D9,benign,
4679,41264,41267.0,D2,D1,telemetry,135,318,7d974260e559afb3,8,True,,,,D2,benign,
4688,41295,41297.0,D9,D3,heartbeat,39,310,,8,,,,,D9,benign,
4688,41295,41297.0,D9,D7,heartbeat,39,310,,8,,,,,D9,benign,
4688,41295,41297.0,D9,D8,heartbeat,39,310,,8,,,,,D9,benign,
4688,41295,41297.0,D9,D10,heartbeat,39,310,,8,,,,,D9,benign,
4688,41295,41298.0,D9,D1,heartbeat,39,310,,8,,,,,D9,benign,
4688,41295,41298.0,D9,D2,heartbeat,39,310,,8,,,,,D9,benign,
4688,41295,41298.0,D9,D4,heartbeat,39,310,,8,,,,,D9,benign,
4688,41295,41298.0,D9,D5,heartbeat,39,310,,8,,,,,D9,benign,
4688,41295,41298.0,D9,D6,heartbeat,39,310,,8,,,,,D9,benign,
4693,41384,,D8,D1,telemetry,150,584,b53aa76c919f2b60,8,,,,channel_loss,D8,benign,
4694,41318,41321.0,D10,D1,telemetry,125,332,40ef7baf8478636a,8,True,,,,D10,benign,
4692,41327,41329.0,D6,D1,telemetry,132,386,281f9c5a07d6f96a,8,True,,,,D6,benign,
4690,41349,41353.0,D3,D1,telemetry,104,864,2e0fb72f7f042c4f,8,True,,,,D3,benign,
4691,41366,41370.0,D4,D1,telemetry,111,318,f43e01bd8adbee91,8,True,,,,D4,benign,
4699,41421,41424.0,D7,D1,telemetry,112,777,7d040a48e7a09e48,8,True,,,,D7,benign,
4698,41434,41437.0,D5,D1,telemetry,105,656,9bb3d7b27aeba5ed,8,True,,,,D5,benign,
4700,41437,41440.0,D9,D1,telemetry,147,312,0d8e047042e48d0d,8,True,,,,D9,benign,
4695,41454,41457.0,D2,D1,telemetry,107,319,7d974260e559afb3,8,True,,,,D2,benign,
4701,41486,41489.0,D10,D1,telemetry,130,333,40ef7baf8478636a,8,True,,,,D10,benign,
4702,41538,41541.0,D3,D1,telemetry,124,867,2e0fb72f7f042c4f,8,True,,,,D3,benign,
4706,41548,41550.0,D5,D4,heartbeat,41,657,,8,,,,,D5,benign,
4706,41548,41550.0,D5,D6,heartbeat,41,657,,8,,,,,D5,benign,
4706,41548,41550.0,D5,D7,heartbeat,41,657,,8,,,,,D5,benign,
4706,41548,41550.0,D5,D8,heartbeat,41,657,,8,,,,,D5,benign,
4706,41548,41550.0,D5,D9,heartbeat,41,657,,8,,,,,D5,benign,
4706,41548,41551.0,D5,D1,heartbeat,41,657,,8,,,,,D5,benign,
4706,41548,41551.0,D5,D2,heartbeat,41,657,,8,,,,,D5,benign,
4706,41548,41551.0,D5,D3,heartbeat,41,657,,8,,,,,D5,benign,
4706,41548,41551.0,D5,D10,heartbeat,41,657,,8,,,,,D5,benign,
4705,41552,41555.0,D4,D1,telemetry,116,319,f43e01bd8adbee91,8,True,,,,D4,benign,
4707,41565,41567.0,D6,D4,heartbeat,37,387,,8,,,,,D6,benign,
4707,41565,41567.0,D6,D5,heartbeat,37,387,,8,,,,,D6,benign,
4707,41565,41567.0,D6,D9,heartbeat,37,387,,8,,,,,D6,benign,
4707,41565,41568.0,D6,D1,heartbeat,37,387,,8,,,,,D6,benign,
4707,41565,41568.0,D6,D2,heartbeat,37,387,,8,,,,,D6,benign,
4707,41565,41568.0,D6,D7,heartbeat,37,387,,8,,,,,D6,benign,
4707,41565,41568.0,D6,D8,heartbeat,37,387,,8,,,,,D6,benign,
4707,41565,41569.0,D6,D10,heartbeat,37,387,,8,,,,,D6,benign,
4711,41571,41575.0,D8,D1,telemetry,118,586,b53aa76c919f2b60,8,True,,,,D8,benign,
4710,41574,41576.0,D8,D1,heartbeat,42,585,,8,,,,,D8,benign,
4710,41574,41576.0,D8,D2,heartbeat,42,585,,8,,,,,D8,benign,
4710,41574,41577.0,D8,D4,heartbeat,42,585,,8,,,,,D8,benign,
4710,41574,41577.0,D8,D5,heartbeat,42,585,,8,,,,,D8,benign,
4710,41574,41577.0,D8,D7,heartbeat,42,585,,8,,,,,D8,benign,
4710,41574,41577.0,D8,D9,heartbeat,42,585,,8,,,,,D8,benign,
4710,41574,41577.0,D8,D10,heartbeat,42,585,,8,,,,,D8,benign,
4710,41574,41578.0,D8,D6,heartbeat,42,585,,8,,,,,D8,benign,
4708,41575,41578.0,D6,D1,telemetry,134,388,281f9c5a07d6f96a,8,True,,,,D6,benign,
4709,41580,41582.0,D7,D1,heartbeat,42,778,,8,,,,,D7,benign,
4709,41580,41582.0,D7,D2,heartbeat,42,778,,8,,,,,D7,benign,
4709,41580,41582.0,D7,D9,heartbeat,42,778,,8,,,,,D7,benign,
4709,41580,41583.0,D7,D4,heartbeat,42,778,,8,,,,,D7,benign,
4709,41580,41583.0,D7,D5,heartbeat,42,778,,8,,,,,D7,benign,
4709,41580,41584.0,D7,D6,heartbeat,42,778,,8,,,,,D7,benign,
4709,41580,41584.0,D7,D8,heartbeat,42,778,,8,,,,,D7,benign,
4709,41580,41584.0,D7,D10,heartbeat,42,778,,8,,,,,D7,benign,
4716,41603,41606.0,D7,D1,telemetry,117,779,7d040a48e7a09e48,8,True,,,,D7,benign,
4718,41625,41627.0,D10,D2,heartbeat,34,334,,8,,,,,D10,benign,
4718,41625,41627.0,D10,D3,heartbeat,34,334,,8,,,,,D10,benign,
4718,41625,41627.0,D10,D7,heartbeat,34,334,,8,,,,,D10,benign,
4718,41625,41627.0,D10,D8,heartbeat,34,334,,8,,,,,D10,benign,
4718,41625,41627.0,D10,D9,heartbeat,34,334,,8,,,,,D10,benign,
4718,41625,41628.0,D10,D4,heartbeat,34,334,,8,,,,,D10,benign,
4718,41625,41628.0,D10,D5,heartbeat,34,334,,8,,,,,D10,benign,
4718,41625,41629.0,D10,D1,heartbeat,34,334,,8,,,,,D10,benign,
4718,41625,41629.0,D10,D6,heartbeat,34,334,,8,,,,,D10,benign,
4717,41631,41635.0,D9,D1,telemetry,119,313,0d8e047042e48d0d,8,True,,,,D9,benign,
4713,41638,41640.0,D2,D1,telemetry,107,320,7d974260e559afb3,8,True,,,,D2,benign,
4715,41646,41649.0,D5,D1,telemetry,109,658,9bb3d7b27aeba5ed,8,True,,,,D5,benign,
4719,41655,41657.0,D10,D1,telemetry,104,335,40ef7baf8478636a,8,True,,,,D10,benign,
4712,41671,41674.0,D1,D8,command,81,151,b53aa76c919f2b60,8,True,,,,D1,benign,
4720,41725,41727.0,D3,D1,telemetry,137,871,2e0fb72f7f042c4f,8,True,,,,D3,benign,
4724,41740,41742.0,D4,D1,telemetry,127,320,f43e01bd8adbee91,8,True,,,,D4,benign,
4726,41756,41759.0,D8,D1,telemetry,103,587,b53aa76c919f2b60,8,True,,,,D8,benign,
4725,41772,41774.0,D7,D1,telemetry,121,780,7d040a48e7a09e48,8,True,,,,D7,benign,
4733,41915,,D3,D4,auth_request,152,876,,8,,,,out_of_range,D3,benign,
4727,41813,41816.0,D2,D1,telemetry,127,321,7d974260e559afb3,8,True,,,,D2,benign,
4731,41814,41817.0,D9,D1,telemetry,102,314,0d8e047042e48d0d,8,True,,,,D9,benign,
4730,41818,41820.0,D6,D1,telemetry,133,389,281f9c5a07d6f96a,8,True,,,,D6,benign,
4732,41824,41828.0,D10,D1,telemetry,141,336,40ef7baf8478636a,8,True,,,,D10,benign,
4729,41854,41857.0,D5,D1,telemetry,108,659,9bb3d7b27aeba5ed,8,True,,,,D5,benign,
4739,41927,41930.0,D4,D1,telemetry,107,321,f43e01bd8adbee91,8,True,,,,D4,benign,
4744,41938,41940.0,D3,D1,auth_request,152,882,,8,,True,,,D3,benign,
4741,41954,41957.0,D8,D1,telemetry,134,588,b53aa76c919f2b60,8,True,,,,D8,benign,
4746,41955,41957.0,D1,D5,rl_broadcast,32,153,,8,,,,,D1,benign,
4746,41955,41957.0,D1,D6,rl_broadcast,32,153,,8,,,,,D1,benign,
4746,41955,41957.0,D1,D7,rl_broadcast,32,153,,8,,,,,D1,benign,
4740,41955,41958.0,D7,D1,telemetry,108,781,7d040a48e7a09e48,8,True,,,,D7,benign,
4746,41955,41958.0,D1,D2,rl_broadcast,32,153,,8,,,,,D1,benign,
4746,41955,41958.0,D1,D3,rl_broadcast,32,153,,8,,,,,D1,benign,
4746,41955,41958.0,D1,D4,rl_broadcast,32,153,,8,,,,,D1,benign,
4746,41955,41958.0,D1,D8,rl_broadcast,32,153,,8,,,,,D1,benign,
4745,41955,41959.0,D1,D3,auth_response,152,152,,8,,True,,,D1,benign,
4746,41955,41959.0,D1,D9,rl_broadcast,32,153,,8,,,,,D1,benign,
4746,41955,41959.0,D1,D10,rl_broadcast,32,153,,8,,,,,D1,benign,
4735,41959,41961.0,D3,D1,telemetry,125,878,0b0d3639671194bd,8,True,,,policy:rate_limited,D3,benign,
4743,41986,41989.0,D10,D1,telemetry,110,337,40ef7baf8478636a,8,True,,,,D10,benign,
4734,41989,41991.0,D3,D1,heartbeat,44,877,,8,,,,,D3,benign,
4734,41989,41992.0,D3,D5,heartbeat,44,877,,8,,,,,D3,benign,
4734,41989,41992.0,D3,D9,heartbeat,44,877,,8,,,,,D3,benign,
4734,41989,41992.0,D3,D10,heartbeat,44,877,,8,,,,,D3,benign,
4734,41989,41993.0,D3,D2,heartbeat,44,877,,8,,,,,D3,benign,
4742,41998,42001.0,D9,D1,telemetry,128,315,0d8e047042e48d0d,8,True,,,,D9,benign,
4747,42001,42004.0,D2,D1,telemetry,114,322,7d974260e559afb3,8,True,,,,D2,benign,
4750,42053,42056.0,D5,D1,telemetry,118,660,9bb3d7b27aeba5ed,8,True,,,,D5,benign,
4751,42053,42056.0,D6,D1,telemetry,126,390,281f9c5a07d6f96a,8,True,,,,D6,benign,
4752,42100,42102.0,D2,D1,trust_report,136,323,7d974260e559afb3,8,True,,,,D2,benign,
4754,42100,42102.0,D4,D1,trust_report,136,322,f43e01bd8adbee91,8,True,,,,D4,benign,
4755,42100,42102.0,D5,D1,trust_report,136,661,9bb3d7b27aeba5ed,8,True,,,,D5,benign,
4757,42100,42102.0,D7,D1,trust_report,136,782,7d040a48e7a09e48,8,True,,,,D7,benign,
4758,42100,42102.0,D8,D1,trust_report,136,589,b53aa76c919f2b60,8,True,,,,D8,benign,
4753,42100,42103.0,D3,D1,trust_report,136,885,0b0d3639671194bd,8,True,,,,D3,benign,
4756,42100,42103.0,D6,D1,trust_report,136,391,281f9c5a07d6f96a,8,True,,,,D6,benign,
4759,42100,42103.0,D9,D1,trust_report,136,316,0d8e047042e48d0d,8,True,,,,D9,benign,
4760,42100,42103.0,D10,D1,trust_report,136,338,40ef7baf8478636a,8,True,,,,D10,benign,
4766,42104,42106.0,D4,D5,heartbeat,39,323,,8,,,,,D4,benign,
4766,42104,42106.0,D4,D8,heartbeat,39,323,,8,,,,,D4,benign,
4766,42104,42106.0,D4,D9,heartbeat,39,323,,8,,,,,D4,benign,
4766,42104,42106.0,D4,D10,heartbeat,39,323,,8,,,,,D4,benign,
4766,42104,42107.0,D4,D1,heartbeat,39,323,,8,,,,,D4,benign,
4766,42104,42107.0,D4,D2,heartbeat,39,323,,8,,,,,D4,benign,
4766,42104,42107.0,D4,D6,heartbeat,39,323,,8,,,,,D4,benign,
4766,42104,42108.0,D4,D7,heartbeat,39,323,,8,,,,,D4,benign,
4767,42117,42121.0,D4,D1,telemetry,97,324,f43e01bd8adbee91,8,True,,,,D4,benign,
4763,42121,42124.0,D3,D1,telemetry,117,886,0b0d3639671194bd,8,True,,,,D3,benign,
4768,42133,42136.0,D7,D1,telemetry,124,783,7d040a48e7a09e48,8,True,,,,D7,benign,
4769,42147,42149.0,D8,D1,telemetry,106,590,b53aa76c919f2b60,8,True,,,,D8,benign,
4771,42157,42160.0,D10,D1,telemetry,94,339,40ef7baf8478636a,8,True,,,,D10,benign,
4761,42169,42171.0,D1,D3,heartbeat,34,154,,8,,,,,D1,benign,
4761,42169,42171.0,D1,D6,heartbeat,34,154,,8,,,,,D1,benign,
4761,42169,42171.0,D1,D9,heartbeat,34,154,,8,,,,,D1,benign,
4761,42169,42171.0,D1,D10,heartbeat,34,154,,8,,,,,D1,benign,
4761,42169,42172.0,D1,D2,heartbeat,34,154,,8,,,,,D1,benign,
4761,42169,42172.0,D1,D4,heartbeat,34,154,,8,,,,,D1,benign,
4761,42169,42172.0,D1,D5,heartbeat,34,154,,8,,,,,D1,benign,
4761,42169,42172.0,D1,D8,heartbeat,34,154,,8,,,,,D1,benign,
4761,42169,42173.0,D1,D7,heartbeat,34,154,,8,,,,,D1,benign,
4770,42179,42182.0,D9,D1,telemetry,123,317,0d8e047042e48d0d,8,True,,,,D9,benign,
4762,42185,42187.0,D2,D1,telemetry,106,324,7d974260e559afb3,8,True,,,,D2,benign,
4772,42266,42268.0,D2,D6,heartbeat,45,325,,8,,,,,D2,benign,
4772,42266,42268.0,D2,D7,heartbeat,45,325,,8,,,,,D2,benign,
4772,42266,42269.0,D2,D1,heartbeat,45,325,,8,,,,,D2,benign,
4772,42266,42269.0,D2,D4,heartbeat,45,325,,8,,,,,D2,benign,
4772,42266,42269.0,D2,D5,heartbeat,45,325,,8,,,,,D2,benign,
4772,42266,42269.0,D2,D8,heartbeat,45,325,,8,,,,,D2,benign,
4772,42266,42269.0,D2,D9,heartbeat,45,325,,8,,,,,D2,benign,
4772,42266,42269.0,D2,D10,heartbeat,45,325,,8,,,,,D2,benign,
4772,42266,42270.0,D2,D3,heartbeat,45,325,,8,,,,,D2,benign,
4775,42270,42272.0,D5,D1,telemetry,120,662,9bb3d7b27aeba5ed,8,True,,,,D5,benign,
4776,42283,42286.0,D6,D1,telemetry,124,392,281f9c5a07d6f96a,8,True,,,,D6,benign,
4774,42296,42299.0,D4,D1,telemetry,145,325,f43e01bd8adbee91,8,True,,,,D4,benign,
4780,42306,42308.0,D7,D1,telemetry,129,784,7d040a48e7a09e48,8,True,,,,D7,benign,
4778,42322,42324.0,D3,D1,telemetry,138,890,0b0d3639671194bd,8,True,,,,D3,benign,
4784,42328,42331.0,D10,D1,telemetry,97,340,40ef7baf8478636a,8,True,,,,D10,benign,
4782,42333,42335.0,D9,D1,heartbeat,36,318,,8,,,,,D9,benign,
4782,42333,42335.0,D9,D8,heartbeat,36,318,,8,,,,,D9,benign,
4782,42333,42336.0,D9,D2,heartbeat,36,318,,8,,,,,D9,benign,
4782,42333,42336.0,D9,D3,heartbeat,36,318,,8,,,,,D9,benign,
4782,42333,42336.0,D9,D4,heartbeat,36,318,,8,,,,,D9,benign,
4782,42333,42336.0,D9,D5,heartbeat,36,318,,8,,,,,D9,benign,
4782,42333,42336.0,D9,D6,heartbeat,36,318,,8,,,,,D9,benign,
4782,42333,42336.0,D9,D10,heartbeat,36,318,,8,,,,,D9,benign,
4782,42333,42337.0,D9,D7,heartbeat,36,318,,8,,,,,D9,benign,
4781,42341,42343.0,D8,D1,telemetry,136,591,b53aa76c919f2b60,8,True,,,,D8,benign,
4783,42368,42371.0,D9,D1,telemetry,133,319,0d8e047042e48d0d,8,True,,,,D9,benign,
4777,42373,42377.0,D2,D1,telemetry,121,326,7d974260e559afb3,8,True,,,,D2,benign,
4788,42461,42463.0,D5,D1,video,926,664,9bb3d7b27aeba5ed,8,True,,,,D5,benign,
4789,42467,42470.0,D5,D1,video,1252,665,9bb3d7b27aeba5ed,8,True,,,,D5,benign,
4787,42473,42476.0,D5,D1,telemetry,113,663,9bb3d7b27aeba5ed,8,True,,,,D5,benign,
4786,42486,42489.0,D4,D1,telemetry,115,326,f43e01bd8adbee91,8,True,,,,D4,benign,
4790,42491,42493.0,D7,D1,telemetry,104,785,7d040a48e7a09e48,8,True,,,,D7,benign,
4792,42511,,D3,D1,telemetry,119,893,0b0d3639671194bd,8,,,,channel_loss,D3,benign,
4801,42570,,D8,D10,heartbeat,42,592,,8,,,,channel_loss,D8,benign,
4804,42579,,D10,D7,heartbeat,44,341,,8,,,,channel_loss,D10,benign,
4805,42504,42507.0,D10,D1,telemetry,134,342,40ef7baf8478636a,8,True,,,,D10,benign,
4795,42514,42518.0,D5,D1,video,1030,667,9bb3d7b27aeba5ed,8,True,,,,D5,benign,
4799,42518,42521.0,D6,D1,telemetry,143,393,281f9c5a07d6f96a,8,True,,,,D6,benign,
4796,42523,42526.0,D5,D1,video,1183,668,9bb3d7b27aeba5ed,8,True,,,,D5,benign,
4797,42533,42536.0,D5,D1,video,1233,669,9bb3d7b27aeba5ed,8,True,,,,D5,benign,
4800,42537,42539.0,D7,D2,heartbeat,44,786,,8,,,,,D7,benign,
4800,42537,42539.0,D7,D4,heartbeat,44,786,,8,,,,,D7,benign,
4800,42537,42539.0,D7,D5,heartbeat,44,786,,8,,,,,D7,benign,
4802,42537,42539.0,D8,D1,telemetry,134,593,b53aa76c919f2b60,8,True,,,,D8,benign,
4800,42537,42540.0,D7,D1,heartbeat,44,786,,8,,,,,D7,benign,
4800,42537,42540.0,D7,D6,heartbeat,44,786,,8,,,,,D7,benign,
4800,42537,42540.0,D7,D8,heartbeat,44,786,,8,,,,,D7,benign,
4800,42537,42540.0,D7,D9,heartbeat,44,786,,8,,,,,D7,benign,
4800,42537,42541.0,D7,D10,heartbeat,44,786,,8,,,,,D7,benign,
4791,42553,42555.0,D2,D1,telemetry,145,327,7d974260e559afb3,8,True,,,,D2,benign,
4803,42556,42559.0,D9,D1,telemetry,107,320,0d8e047042e48d0d,8,True,,,,D9,benign,
4801,42570,42572.0,D8,D5,heartbeat,42,592,,8,,,,,D8,benign,
4801,42570,42572.0,D8,D7,heartbeat,42,592,,8,,,,,D8,benign,
4801,42570,42572.0,D8,D9,heartbeat,42,592,,8,,,,,D8,benign,
4801,42570,42573.0,D8,D4,heartbeat,42,592,,8,,,,,D8,benign,
4801,42570,42573.0,D8,D6,heartbeat,42,592,,8,,,,,D8,benign,
4801,42570,42574.0,D8,D1,heartbeat,42,592,,8,,,,,D8,benign,
4801,42570,42574.0,D8,D2,heartbeat,42,592,,8,,,,,D8,benign,
4804,42579,42581.0,D10,D5,heartbeat,44,341,,8,,,,,D10,benign,
4804,42579,42581.0,D10,D6,heartbeat,44,341,,8,,,,,D10,benign,
4804,42579,42582.0,D10,D1,heartbeat,44,341,,8,,,,,D10,benign,
4804,42579,42582.0,D10,D2,heartbeat,44,341,,8,,,,,D10,benign,
4804,42579,42582.0,D10,D3,heartbeat,44,341,,8,,,,,D10,benign,
4804,42579,42582.0,D10,D4,heartbeat,44,341,,8,,,,,D10,benign,
4804,42579,42582.0,D10,D8,heartbeat,44,341,,8,,,,,D10,benign,
4804,42579,42583.0,D10,D9,heartbeat,44,341,,8,,,,,D10,benign,
4794,42593,42595.0,D5,D2,heartbeat,40,666,,8,,,,,D5,benign,
4794,42593,42595.0,D5,D10,heartbeat,40,666,,8,,,,,D5,benign,
4798,42592,42596.0,D5,D1,video,1040,670,9bb3d7b27aeba5ed,8,True,,,,D5,benign,
4794,42593,42596.0,D5,D1,heartbeat,40,666,,8,,,,,D5,benign,
4794,42593,42596.0,D5,D4,heartbeat,40,666,,8,,,,,D5,benign,
4794,42593,42596.0,D5,D6,heartbeat,40,666,,8,,,,,D5,benign,
4794,42593,42596.0,D5,D7,heartbeat,40,666,,8,,,,,D5,benign,
4794,42593,42596.0,D5,D8,heartbeat,40,666,,8,,,,,D5,benign,
4794,42593,42596.0,D5,D9,heartbeat,40,666,,8,,,,,D5,benign,
4794,42593,42597.0,D5,D3,heartbeat,40,666,,8,,,,,D5,benign,
4813,42604,42606.0,D6,D1,heartbeat,41,394,,8,,,,,D6,benign,
4813,42604,42606.0,D6,D5,heartbeat,41,394,,8,,,,,D6,benign,
4813,42604,42607.0,D6,D2,heartbeat,41,394,,8,,,,,D6,benign,
4813,42604,42607.0,D6,D4,heartbeat,41,394,,8,,,,,D6,benign,
4813,42604,42607.0,D6,D7,heartbeat,41,394,,8,,,,,D6,benign,
4813,42604,42607.0,D6,D8,heartbeat,41,394,,8,,,,,D6,benign,
4813,42604,42607.0,D6,D9,heartbeat,41,394,,8,,,,,D6,benign,
4813,42604,42607.0,D6,D10,heartbeat,41,394,,8,,,,,D6,benign,
4810,42654,42657.0,D5,D1,video,1320,672,9bb3d7b27aeba5ed,8,True,,,,D5,benign,
4814,42665,42667.0,D7,D1,telemetry,116,787,7d040a48e7a09e48,8,True,,,,D7,benign,
4808,42669,42671.0,D4,D1,telemetry,120,327,f43e01bd8adbee91,8,True,,,,D4,benign,
4815,42669,42672.0,D10,D1,telemetry,109,343,40ef7baf8478636a,8,True,,,,D10,benign,
4809,42687,42690.0,D5,D1,telemetry,147,671,9bb3d7b27aeba5ed,8,True,,,,D5,benign,
4806,42696,42698.0,D3,D1,telemetry,131,895,0b0d3639671194bd,8,True,,,,D3,benign,
4811,42696,42699.0,D5,D1,video,1100,673,9bb3d7b27aeba5ed,8,True,,,,D5,benign,
4812,42699,42702.0,D5,D1,video,1361,674,9bb3d7b27aeba5ed,8,True,,,,D5,benign,
4818,42701,42704.0,D5,D1,video,880,675,9bb3d7b27aeba5ed,8,True,,,,D5,benign,
4819,42717,42720.0,D5,D1,video,966,676,9bb3d7b27aeba5ed,8,True,,,,D5,benign,
4824,42729,42732.0,D8,D1,telemetry,124,594,b53aa76c919f2b60,8,True,,,,D8,benign,
4816,42732,42735.0,D2,D1,telemetry,118,328,7d974260e559afb3,8,True,,,,D2,benign,
4820,42740,42743.0,D5,D1,video,1145,677,9bb3d7b27aeba5ed,8,True,,,,D5,benign,
4825,42741,42743.0,D9,D1,telemetry,118,321,0d8e047042e48d0d,8,True,,,,D9,benign,
4823,42754,42757.0,D6,D1,telemetry,135,395,281f9c5a07d6f96a,8,True,,,,D6,benign,
4821,42792,42795.0,D5,D1,video,1237,678,9bb3d7b27aeba5ed,8,True,,,,D5,benign,
4822,42800,42803.0,D5,D1,video,1119,679,9bb3d7b27aeba5ed,8,True,,,,D5,benign,
4830,42825,42828.0,D5,D1,video,1027,681,9bb3d7b27aeba5ed,8,True,,,,D5,benign,
4834,42834,42837.0,D7,D1,telemetry,126,788,7d040a48e7a09e48,8,True,,,,D7,benign,
4835,42838,42841.0,D10,D1,telemetry,126,344,40ef7baf8478636a,8,True,,,,D10,benign,
4828,42846,42848.0,D4,D1,telemetry,117,328,f43e01bd8adbee91,8,True,,,,D4,benign,
4831,42847,42849.0,D5,D1,video,966,682,9bb3d7b27aeba5ed,8,True,,,,D5,benign,
4833,42877,42880.0,D5,D1,video,1045,684,9bb3d7b27aeba5ed,8,True,,,,D5,benign,
4832,42877,42881.0,D5,D1,video,1069,683,9bb3d7b27aeba5ed,8,True,,,,D5,benign,
4826,42881,42884.0,D3,D1,telemetry,127,898,0b0d3639671194bd,8,True,,,,D3,benign,
4829,42888,42890.0,D5,D1,telemetry,132,680,9bb3d7b27aeba5ed,8,True,,,,D5,benign,
4836,42907,42909.0,D2,D1,telemetry,111,329,7d974260e559afb3,8,True,,,,D2,benign,
4841,42908,42911.0,D5,D1,video,1117,685,9bb3d7b27aeba5ed,8,True,,,,D5,benign,
4846,42921,42924.0,D9,D1,telemetry,123,322,0d8e047042e48d0d,8,True,,,,D9,benign,
4842,42921,42926.0,D5,D1,video,1222,686,9bb3d7b27aeba5ed,8,True,,,,D5,benign,
4845,42927,42930.0,D8,D1,telemetry,112,595,b53aa76c919f2b60,8,True,,,,D8,benign,
4843,42980,42983.0,D5,D1,video,914,687,9bb3d7b27aeba5ed,8,True,,,,D5,benign,
4844,43000,43003.0,D6,D1,telemetry,108,396,281f9c5a07d6f96a,8,True,,,,D6,benign,
4858,43005,43008.0,D7,D1,telemetry,113,789,7d040a48e7a09e48,8,True,,,,D7,benign,
4859,43011,43013.0,D10,D1,telemetry,117,345,40ef7baf8478636a,8,True,,,,D10,benign,
4857,43015,43018.0,D5,D1,video,1175,689,9bb3d7b27aeba5ed,8,True,,,,D5,benign,
4855,43021,43025.0,D4,D1,telemetry,120,329,f43e01bd8adbee91,8,True,,,,D4,benign,
4848,43028,43030.0,D3,D5,heartbeat,34,904,,8,,,,,D3,benign,
4848,43028,43030.0,D3,D9,heartbeat,34,904,,8,,,,,D3,benign,
4848,43028,43031.0,D3,D1,heartbeat,34,904,,8,,,,,D3,benign,
4848,43028,43031.0,D3,D2,heartbeat,34,904,,8,,,,,D3,benign,
4848,43028,43032.0,D3,D10,heartbeat,34,904,,8,,,,,D3,benign,
4849,43064,43066.0,D3,D1,telemetry,115,905,0b0d3639671194bd,8,True,,,,D3,benign,
4847,43081,43085.0,D2,D1,telemetry,132,330,7d974260e559afb3,8,True,,,,D2,benign,
4856,43094,43096.0,D5,D1,telemetry,160,688,9bb3d7b27aeba5ed,8,True,,,,D5,benign,
4860,43100,43102.0,D2,D1,trust_report,136,331,7d974260e559afb3,8,True,,,,D2,benign,
4861,43100,43102.0,D3,D1,trust_report,136,911,0b0d3639671194bd,8,True,,,,D3,benign,
4862,43100,43102.0,D4,D1,trust_report,136,330,f43e01bd8adbee91,8,True,,,,D4,benign,
4863,43100,43102.0,D5,D1,trust_report,136,690,9bb3d7b27aeba5ed,8,True,,,,D5,benign,
4864,43100,43103.0,D6,D1,trust_report,136,397,281f9c5a07d6f96a,8,True,,,,D6,benign,
4866,43100,43103.0,D8,D1,trust_report,136,596,b53aa76c919f2b60,8,True,,,,D8,benign,
4868,43100,43103.0,D10,D1,trust_report,136,346,40ef7baf8478636a,8,True,,,,D10,benign,
4865,43100,43104.0,D7,D1,trust_report,136,790,7d040a48e7a09e48,8,True,,,,D7,benign,
4867,43100,43104.0,D9,D1,trust_report,136,323,0d8e047042e48d0d,8,True,,,,D9,benign,
4875,43101,43105.0,D9,D1,telemetry,105,324,0d8e047042e48d0d,8,True,,,,D9,benign,
4874,43118,43120.0,D8,D1,telemetry,114,597,b53aa76c919f2b60,8,True,,,,D8,benign,
4869,43127,43129.0,D1,D4,heartbeat,35,155,,8,,,,,D1,benign,
4869,43127,43129.0,D1,D5,heartbeat,35,155,,8,,,,,D1,benign,
4869,43127,43129.0,D1,D7,heartbeat,35,155,,8,,,,,D1,benign,
4869,43127,43129.0,D1,D9,heartbeat,35,155,,8,,,,,D1,benign,
4869,43127,43129.0,D1,D10,heartbeat,35,155,,8,,,,,D1,benign,
4869,43127,43130.0,D1,D2,heartbeat,35,155,,8,,,,,D1,benign,
4869,43127,43130.0,D1,D3,heartbeat,35,155,,8,,,,,D1,benign,
4869,43127,43130.0,D1,D6,heartbeat,35,155,,8,,,,,D1,benign,
4869,43127,43131.0,D1,D8,heartbeat,35,155,,8,,,,,D1,benign,
4871,43138,43140.0,D4,D1,heartbeat,42,331,,8,,,,,D4,benign,
4871,43138,43140.0,D4,D5,heartbeat,42,331,,8,,,,,D4,benign,
4871,43138,43140.0,D4,D6,heartbeat,42,331,,8,,,,,D4,benign,
4871,43138,43140.0,D4,D10,heartbeat,42,331,,8,,,,,D4,benign,
4871,43138,43141.0,D4,D2,heartbeat,42,331,,8,,,,,D4,benign,
4871,43138,43141.0,D4,D7,heartbeat,42,331,,8,,,,,D4,benign,
4871,43138,43141.0,D4,D8,heartbeat,42,331,,8,,,,,D4,benign,
4871,43138,43142.0,D4,D9,heartbeat,42,331,,8,,,,,D4,benign,
4872,43173,43176.0,D5,D1,video,1163,691,9bb3d7b27aeba5ed,8,True,,,,D5,benign,
4876,43179,43183.0,D10,D1,telemetry,122,347,40ef7baf8478636a,8,True,,,,D10,benign,
4873,43182,43184.0,D7,D1,telemetry,144,791,7d040a48e7a09e48,8,True,,,,D7,benign,
4882,43210,43213.0,D4,D1,telemetry,104,332,f43e01bd8adbee91,8,True,,,,D4,benign,
4877,43228,43230.0,D2,D3,heartbeat,45,332,,8,,,,,D2,benign,
4877,43228,43230.0,D2,D5,heartbeat,45,332,,8,,,,,D2,benign,
4877,43228,43231.0,D2,D4,heartbeat,45,332,,8,,,,,D2,benign,
4877,43228,43231.0,D2,D6,heartbeat,45,332,,8,,,,,D2,benign,
4877,43228,43231.0,D2,D7,heartbeat,45,332,,8,,,,,D2,benign,
4877,43228,43231.0,D2,D8,heartbeat,45,332,,8,,,,,D2,benign,
4877,43228,43231.0,D2,D9,heartbeat,45,332,,8,,,,,D2,benign,
4877,43228,43232.0,D2,D1,heartbeat,45,332,,8,,,,,D2,benign,
4877,43228,43232.0,D2,D10,heartbeat,45,332,,8,,,,,D2,benign,
4888,43242,43244.0,D6,D1,telemetry,114,398,281f9c5a07d6f96a,8,True,,,,D6,benign,
4883,43245,43248.0,D5,D1,video,922,692,9bb3d7b27aeba5ed,8,True,,,,D5,benign,
4879,43259,43264.0,D3,D1,telemetry,109,913,0b0d3639671194bd,8,True,,,,D3,benign,
4878,43265,43268.0,D2,D1,telemetry,126,333,7d974260e559afb3,8,True,,,,D2,benign,
4884,43265,43269.0,D5,D1,video,935,693,9bb3d7b27aeba5ed,8,True,,,,D5,benign,
4885,43284,43287.0,D5,D1,video,1034,694,9bb3d7b27aeba5ed,8,True,,,,D5,benign,
4886,43287,43290.0,D5,D1,video,1233,695,9bb3d7b27aeba5ed,8,True,,,,D5,benign,
4890,43289,43293.0,D9,D1,telemetry,147,325,0d8e047042e48d0d,8,True,,,,D9,benign,
4887,43295,43298.0,D5,D1,video,1256,696,9bb3d7b27aeba5ed,8,True,,,,D5,benign,
4889,43299,43301.0,D8,D1,telemetry,122,598,b53aa76c919f2b60,8,True,,,,D8,benign,
4894,43311,43314.0,D5,D1,telemetry,123,697,9bb3d7b27aeba5ed,8,True,,,,D5,benign,
4895,43325,43329.0,D5,D1,video,1032,698,9bb3d7b27aeba5ed,8,True,,,,D5,benign,
4897,43354,43357.0,D9,D1,heartbeat,35,326,,8,,,,,D9,benign,
4897,43354,43357.0,D9,D2,heartbeat,35,326,,8,,,,,D9,benign,
4897,43354,43357.0,D9,D3,heartbeat,35,326,,8,,,,,D9,benign,
4897,43354,43357.0,D9,D4,heartbeat,35,326,,8,,,,,D9,benign,
4897,43354,43357.0,D9,D5,heartbeat,35,326,,8,,,,,D9,benign,
4897,43354,43357.0,D9,D6,heartbeat,35,326,,8,,,,,D9,benign,
4897,43354,43357.0,D9,D7,heartbeat,35,326,,8,,,,,D9,benign,
4897,43354,43357.0,D9,D8,heartbeat,35,326,,8,,,,,D9,benign,
4897,43354,43357.0,D9,D10,heartbeat,35,326,,8,,,,,D9,benign,
4898,43354,43357.0,D10,D1,telemetry,116,348,40ef7baf8478636a,8,True,,,,D10,benign,
4896,43361,43364.0,D7,D1,telemetry,116,792,7d040a48e7a09e48,8,True,,,,D7,benign,
4893,43390,43394.0,D4,D1,telemetry,131,333,f43e01bd8adbee91,8,True,,,,D4,benign,
4903,43414,43417.0,D5,D1,video,965,699,9bb3d7b27aeba5ed,8,True,,,,D5,benign,
4899,43443,43446.0,D2,D1,telemetry,103,334,7d974260e559afb3,8,True,,,,D2,benign,
4900,43455,43458.0,D3,D1,telemetry,125,918,0b0d3639671194bd,8,True,,,,D3,benign,
4906,43470,43473.0,D6,D1,telemetry,92,399,281f9c5a07d6f96a,8,True,,,,D6,benign,
4908,43474,43477.0,D9,D1,telemetry,119,327,0d8e047042e48d0d,8,True,,,,D9,benign,
4905,43478,43480.0,D5,D1,video,1096,701,9bb3d7b27aeba5ed,8,True,,,,D5,benign,
4904,43477,43481.0,D5,D1,video,1081,700,9bb3d7b27aeba5ed,8,True,,,,D5,benign,
4907,43492,43494.0,D8,D1,telemetry,119,599,b53aa76c919f2b60,8,True,,,,D8,benign,
4918,43512,43514.0,D7,D2,heartbeat,36,793,,8,,,,,D7,benign,
4918,43512,43514.0,D7,D4,heartbeat,36,793,,8,,,,,D7,benign,
4918,43512,43514.0,D7,D6,heartbeat,36,793,,8,,,,,D7,benign,
4918,43512,43514.0,D7,D8,heartbeat,36,793,,8,,,,,D7,benign,
4918,43512,43514.0,D7,D10,heartbeat,36,793,,8,,,,,D7,benign,
4918,43512,43515.0,D7,D1,heartbeat,36,793,,8,,,,,D7,benign,
4918,43512,43515.0,D7,D5,heartbeat,36,793,,8,,,,,D7,benign,
4918,43512,43515.0,D7,D9,heartbeat,36,793,,8,,,,,D7,benign,
4912,43513,43515.0,D5,D1,telemetry,108,702,9bb3d7b27aeba5ed,8,True,,,,D5,benign,
4913,43517,43520.0,D5,D1,video,1281,703,9bb3d7b27aeba5ed,8,True,,,,D5,benign,
4914,43528,43531.0,D5,D1,video,942,704,9bb3d7b27aeba5ed,8,True,,,,D5,benign,
4921,43530,43532.0,D10,D1,telemetry,87,349,40ef7baf8478636a,8,True,,,,D10,benign,
4919,43537,43540.0,D7,D1,telemetry,107,794,7d040a48e7a09e48,8,True,,,,D7,benign,
4920,43557,43559.0,D8,D2,heartbeat,33,600,,8,,,,,D8,benign,
4920,43557,43559.0,D8,D5,heartbeat,33,600,,8,,,,,D8,benign,
4920,43557,43559.0,D8,D6,heartbeat,33,600,,8,,,,,D8,benign,
4920,43557,43559.0,D8,D7,heartbeat,33,600,,8,,,,,D8,benign,
4920,43557,43559.0,D8,D9,heartbeat,33,600,,8,,,,,D8,benign,
4920,43557,43560.0,D8,D1,heartbeat,33,600,,8,,,,,D8,benign,
4920,43557,43560.0,D8,D4,heartbeat,33,600,,8,,,,,D8,benign,
4920,43557,43560.0,D8,D10,heartbeat,33,600,,8,,,,,D8,benign,
4915,43569,43572.0,D5,D1,video,935,705,9bb3d7b27aeba5ed,8,True,,,,D5,benign,
4916,43576,43579.0,D5,D1,video,1250,706,9bb3d7b27aeba5ed,8,True,,,,D5,benign,
4911,43583,43586.0,D4,D1,telemetry,130,334,f43e01bd8adbee91,8,True,,,,D4,benign,
4917,43587,43589.0,D6,D1,heartbeat,38,400,,8,,,,,D6,benign,
4917,43587,43590.0,D6,D4,heartbeat,38,400,,8,,,,,D6,benign,
4917,43587,43590.0,D6,D7,heartbeat,38,400,,8,,,,,D6,benign,
4917,43587,43590.0,D6,D8,heartbeat,38,400,,8,,,,,D6,benign,
4917,43587,43590.0,D6,D10,heartbeat,38,400,,8,,,,,D6,benign,
4917,43587,43591.0,D6,D2,heartbeat,38,400,,8,,,,,D6,benign,
4917,43587,43591.0,D6,D5,heartbeat,38,400,,8,,,,,D6,benign,
4917,43587,43591.0,D6,D9,heartbeat,38,400,,8,,,,,D6,benign,
4909,43593,43596.0,D1,D10,command,94,156,40ef7baf8478636a,8,True,,,,D1,benign,
4927,43603,43605.0,D5,D1,heartbeat,42,707,,8,,,,,D5,benign,
4927,43603,43605.0,D5,D3,heartbeat,42,707,,8,,,,,D5,benign,
4927,43603,43605.0,D5,D4,heartbeat,42,707,,8,,,,,D5,benign,
4927,43603,43606.0,D5,D2,heartbeat,42,707,,8,,,,,D5,benign,
4927,43603,43606.0,D5,D6,heartbeat,42,707,,8,,,,,D5,benign,
4927,43603,43606.0,D5,D7,heartbeat,42,707,,8,,,,,D5,benign,
4927,43603,43606.0,D5,D8,heartbeat,42,707,,8,,,,,D5,benign,
4927,43603,43606.0,D5,D9,heartbeat,42,707,,8,,,,,D5,benign,
4927,43603,43608.0,D5,D10,heartbeat,42,707,,8,,,,,D5,benign,
4928,43606,43610.0,D5,D1,video,902,708,9bb3d7b27aeba5ed,8,True,,,,D5,benign,
4922,43615,43618.0,D2,D1,telemetry,117,335,7d974260e559afb3,8,True,,,,D2,benign,
4933,43622,43624.0,D10,D3,heartbeat,41,350,,8,,,,,D10,benign,
4933,43622,43624.0,D10,D5,heartbeat,41,350,,8,,,,,D10,benign,
4933,43622,43624.0,D10,D6,heartbeat,41,350,,8,,,,,D10,benign,
4933,43622,43624.0,D10,D7,heartbeat,41,350,,8,,,,,D10,benign,
4933,43622,43625.0,D10,D4,heartbeat,41,350,,8,,,,,D10,benign,
4933,43622,43626.0,D10,D1,heartbeat,41,350,,8,,,,,D10,benign,
4933,43622,43626.0,D10,D2,heartbeat,41,350,,8,,,,,D10,benign,
4933,43622,43626.0,D10,D8,heartbeat,41,350,,8,,,,,D10,benign,
4933,43622,43626.0,D10,D9,heartbeat,41,350,,8,,,,,D10,benign,
4923,43643,43646.0,D3,D1,telemetry,133,922,0b0d3639671194bd,8,True,,,,D3,benign,
4932,43657,43659.0,D9,D1,telemetry,126,328,0d8e047042e48d0d,8,True,,,,D9,benign,
4929,43662,43664.0,D5,D1,video,1016,709,9bb3d7b27aeba5ed,8,True,,,,D5,benign,
4931,43682,43685.0,D8,D1,telemetry,141,601,b53aa76c919f2b60,8,True,,,,D8,benign,
4930,43696,43699.0,D6,D1,telemetry,113,401,281f9c5a07d6f96a,8,True,,,,D6,benign,
4941,43702,43704.0,D10,D1,telemetry,126,351,40ef7baf8478636a,8,True,,,,D10,benign,
4940,43718,43720.0,D7,D1,telemetry,121,795,7d040a48e7a09e48,8,True,,,,D7,benign,
4938,43721,43724.0,D5,D1,telemetry,117,710,9bb3d7b27aeba5ed,8,True,,,,D5,benign,
4937,43758,43760.0,D4,D1,telemetry,125,335,f43e01bd8adbee91,8,True,,,,D4,benign,
4939,43792,43795.0,D5,D1,video,1113,711,9bb3d7b27aeba5ed,8,True,,,,D5,benign,
4934,43796,43799.0,D2,D1,telemetry,102,336,7d974260e559afb3,8,True,,,,D2,benign,
4944,43812,43815.0,D5,D1,video,1189,712,9bb3d7b27aeba5ed,8,True,,,,D5,benign,
4945,43827,43830.0,D5,D1,video,1024,713,9bb3d7b27aeba5ed,8,True,,,,D5,benign,
4942,43839,43841.0,D3,D1,telemetry,110,928,0b0d3639671194bd,8,True,,,,D3,benign,
4948,43839,43842.0,D9,D1,telemetry,114,329,0d8e047042e48d0d,8,True,,,,D9,benign,
4949,43872,43875.0,D10,D1,telemetry,115,352,40ef7baf8478636a,8,True,,,,D10,benign,
4947,43876,43878.0,D8,D1,telemetry,130,602,b53aa76c919f2b60,8,True,,,,D8,benign,
4946,43887,43890.0,D7,D1,telemetry,120,796,7d040a48e7a09e48,8,True,,,,D7,benign,
4961,43981,,D5,D1,video,929,718,9bb3d7b27aeba5ed,8,,,,channel_loss,D5,benign,
4958,43918,43921.0,D5,D1,video,907,715,9bb3d7b27aeba5ed,8,True,,,,D5,benign,
4957,43920,43924.0,D5,D1,telemetry,132,714,9bb3d7b27aeba5ed,8,True,,,,D5,benign,
4959,43935,43938.0,D5,D1,video,1136,716,9bb3d7b27aeba5ed,8,True,,,,D5,benign,
4960,43941,43945.0,D5,D1,video,944,717,9bb3d7b27aeba5ed,8,True,,,,D5,benign,
4963,43942,43946.0,D6,D1,telemetry,120,402,281f9c5a07d6f96a,8,True,,,,D6,benign,
4956,43947,43950.0,D4,D1,telemetry,110,336,f43e01bd8adbee91,8,True,,,,D4,benign,
4950,43967,43970.0,D2,D1,telemetry,125,337,7d974260e559afb3,8,True,,,,D2,benign,
4962,43990,43992.0,D5,D1,video,950,719,9bb3d7b27aeba5ed,8,True,,,,D5,benign,
4970,44022,44026.0,D5,D1,video,1158,720,9bb3d7b27aeba5ed,8,True,,,,D5,benign,
4967,44029,44032.0,D3,D1,telemetry,115,936,0b0d3639671194bd,8,True,,,,D3,benign,
4974,44031,44036.0,D9,D1,telemetry,123,330,0d8e047042e48d0d,8,True,,,,D9,benign,
4966,44045,44047.0,D3,D2,heartbeat,41,935,,8,,,,,D3,benign,
4966,44045,44048.0,D3,D1,heartbeat,41,935,,8,,,,,D3,benign,
4966,44045,44048.0,D3,D5,heartbeat,41,935,,8,,,,,D3,benign,
4966,44045,44048.0,D3,D10,heartbeat,41,935,,8,,,,,D3,benign,
4966,44045,44049.0,D3,D9,heartbeat,41,935,,8,,,,,D3,benign,
4975,44050,44053.0,D10,D1,telemetry,97,353,40ef7baf8478636a,8,True,,,,D10,benign,
4972,44055,44058.0,D7,D1,telemetry,108,797,7d040a48e7a09e48,8,True,,,,D7,benign,
4973,44065,44067.0,D8,D1,telemetry,100,603,b53aa76c919f2b60,8,True,,,,D8,benign,
4971,44088,44090.0,D5,D1,video,1100,721,9bb3d7b27aeba5ed,8,True,,,,D5,benign,
4965,44095,44098.0,D1,D2,command,72,158,7d974260e559afb3,8,True,,,,D1,benign,
4964,44097,44099.0,D1,D4,heartbeat,37,157,,8,,,,,D1,benign,
4964,44097,44099.0,D1,D6,heartbeat,37,157,,8,,,,,D1,benign,
4964,44097,44099.0,D1,D10,heartbeat,37,157,,8,,,,,D1,benign,
4964,44097,44100.0,D1,D2,heartbeat,37,157,,8,,,,,D1,benign,
4964,44097,44100.0,D1,D3,heartbeat,37,157,,8,,,,,D1,benign,
4964,44097,44100.0,D1,D5,heartbeat,37,157,,8,,,,,D1,benign,
4964,44097,44100.0,D1,D8,heartbeat,37,157,,8,,,,,D1,benign,
4964,44097,44100.0,D1,D9,heartbeat,37,157,,8,,,,,D1,benign,
4964,44097,44101.0,D1,D7,heartbeat,37,157,,8,,,,,D1,benign,
4979,44100,44102.0,D5,D1,trust_report,136,722,9bb3d7b27aeba5ed,8,True,,,,D5,benign,
4982,44100,44102.0,D8,D1,trust_report,136,604,b53aa76c919f2b60,8,True,,,,D8,benign,
4977,44100,44103.0,D3,D1,trust_report,136,939,0b0d3639671194bd,8,True,,,,D3,benign,
4978,44100,44103.0,D4,D1,trust_report,136,337,f43e01bd8adbee91,8,True,,,,D4,benign,
4980,44100,44103.0,D6,D1,trust_report,136,403,281f9c5a07d6f96a,8,True,,,,D6,benign,
4983,44100,44103.0,D9,D1,trust_report,136,331,0d8e047042e48d0d,8,True,,,,D9,benign,
4984,44100,44103.0,D10,D1,trust_report,136,354,40ef7baf8478636a,8,True,,,,D10,benign,
4981,44100,44104.0,D7,D1,trust_report,136,798,7d040a48e7a09e48,8,True,,,,D7,benign,
4976,44100,44105.0,D2,D1,trust_report,136,338,7d974260e559afb3,8,True,,,,D2,benign,
4987,44127,44130.0,D4,D1,telemetry,122,339,f43e01bd8adbee91,8,True,,,,D4,benign,
4988,44133,44135.0,D5,D1,telemetry,152,723,9bb3d7b27aeba5ed,8,True,,,,D5,benign,
4985,44144,44146.0,D2,D1,telemetry,115,339,7d974260e559afb3,8,True,,,,D2,benign,
4990,44172,44175.0,D6,D1,telemetry,134,404,281f9c5a07d6f96a,8,True,,,,D6,benign,
4986,44183,44185.0,D4,D1,heartbeat,43,338,,8,,,,,D4,benign,
4986,44183,44185.0,D4,D7,heartbeat,43,338,,8,,,,,D4,benign,
4986,44183,44186.0,D4,D2,heartbeat,43,338,,8,,,,,D4,benign,
4986,44183,44186.0,D4,D5,heartbeat,43,338,,8,,,,,D4,benign,
4986,44183,44186.0,D4,D8,heartbeat,43,338,,8,,,,,D4,benign,
4986,44183,44186.0,D4,D10,heartbeat,43,338,,8,,,,,D4,benign,
4986,44183,44187.0,D4,D6,heartbeat,43,338,,8,,,,,D4,benign,
4986,44183,44187.0,D4,D9,heartbeat,43,338,,8,,,,,D4,benign,
4989,44185,44188.0,D5,D1,video,1149,724,9bb3d7b27aeba5ed,8,True,,,,D5,benign,
4997,44213,44216.0,D9,D1,telemetry,117,332,0d8e047042e48d0d,8,True,,,,D9,benign,
4993,44217,44220.0,D5,D1,video,1090,725,9bb3d7b27aeba5ed,8,True,,,,D5,benign,
4998,44217,44220.0,D10,D1,telemetry,95,355,40ef7baf8478636a,8,True,,,,D10,benign,
4992,44223,44226.0,D3,D1,telemetry,117,940,0b0d3639671194bd,8,True,,,,D3,benign,
4991,44236,44238.0,D2,D1,heartbeat,36,340,,8,,,,,D2,benign,
4991,44236,44238.0,D2,D3,heartbeat,36,340,,8,,,,,D2,benign,
4991,44236,44238.0,D2,D4,heartbeat,36,340,,8,,,,,D2,benign,
4991,44236,44238.0,D2,D6,heartbeat,36,340,,8,,,,,D2,benign,
4991,44236,44238.0,D2,D8,heartbeat,36,340,,8,,,,,D2,benign,
4995,44235,44239.0,D7,D1,telemetry,119,799,7d040a48e7a09e48,8,True,,,,D7,benign,
4991,44236,44239.0,D2,D5,heartbeat,36,340,,8,,,,,D2,benign,
4991,44236,44239.0,D2,D7,heartbeat,36,340,,8,,,,,D2,benign,
4991,44236,44239.0,D2,D9,heartbeat,36,340,,8,,,,,D2,benign,
4991,44236,44239.0,D2,D10,heartbeat,36,340,,8,,,,,D2,benign,
4996,44244,44246.0,D8,D1,telemetry,112,605,b53aa76c919f2b60,8,True,,,,D8,benign,
4994,44260,44264.0,D5,D1,video,959,726,9bb3d7b27aeba5ed,8,True,,,,D5,benign,
5009,44381,,D9,D7,heartbeat,40,333,,8,,,,channel_loss,D9,benign,
5004,44309,44311.0,D4,D1,telemetry,132,340,f43e01bd8adbee91,8,True,,,,D4,benign,
5006,44309,44313.0,D5,D1,video,1064,728,9bb3d7b27aeba5ed,8,True,,,,D5,benign,
5007,44318,44321.0,D5,D1,video,1151,729,9bb3d7b27aeba5ed,8,True,,,,D5,benign,
4999,44328,44331.0,D2,D1,telemetry,105,341,7d974260e559afb3,8,True,,,,D2,benign,
5005,44344,44347.0,D5,D1,telemetry,134,727,9bb3d7b27aeba5ed,8,True,,,,D5,benign,
5009,44381,44383.0,D9,D4,heartbeat,40,333,,8,,,,,D9,benign,
5009,44381,44383.0,D9,D5,heartbeat,40,333,,8,,,,,D9,benign,
5009,44381,44384.0,D9,D2,heartbeat,40,333,,8,,,,,D9,benign,
5009,44381,44384.0,D9,D3,heartbeat,40,333,,8,,,,,D9,benign,
5009,44381,44384.0,D9,D6,heartbeat,40,333,,8,,,,,D9,benign,
5009,44381,44384.0,D9,D8,heartbeat,40,333,,8,,,,,D9,benign,
5009,44381,44384.0,D9,D10,heartbeat,40,333,,8,,,,,D9,benign,
5009,44381,44385.0,D9,D1,heartbeat,40,333,,8,,,,,D9,benign,
5010,44390,44394.0,D10,D1,telemetry,115,356,40ef7baf8478636a,8,True,,,,D10,benign,
5008,44397,44399.0,D6,D1,telemetry,109,405,281f9c5a07d6f96a,8,True,,,,D6,benign,
5022,44403,44405.0,D9,D1,telemetry,90,334,0d8e047042e48d0d,8,True,,,,D9,benign,
5012,44408,44410.0,D3,D1,telemetry,130,945,0b0d3639671194bd,8,True,,,,D3,benign,
5020,44409,44412.0,D7,D1,telemetry,112,801,7d040a48e7a09e48,8,True,,,,D7,benign,
5021,44441,44443.0,D8,D1,telemetry,121,606,b53aa76c919f2b60,8,True,,,,D8,benign,
5017,44446,44449.0,D5,D1,video,963,730,9bb3d7b27aeba5ed,8,True,,,,D5,benign,
5019,44484,44486.0,D7,D2,heartbeat,32,800,,8,,,,,D7,benign,
5019,44484,44486.0,D7,D10,heartbeat,32,800,,8,,,,,D7,benign,
5019,44484,44487.0,D7,D1,heartbeat,32,800,,8,,,,,D7,benign,
5019,44484,44487.0,D7,D4,heartbeat,32,800,,8,,,,,D7,benign,
5019,44484,44487.0,D7,D6,heartbeat,32,800,,8,,,,,D7,benign,
5019,44484,44487.0,D7,D8,heartbeat,32,800,,8,,,,,D7,benign,
5019,44484,44487.0,D7,D9,heartbeat,32,800,,8,,,,,D7,benign,
5019,44484,44488.0,D7,D5,heartbeat,32,800,,8,,,,,D7,benign,
5018,44488,44491.0,D5,D1,video,937,731,9bb3d7b27aeba5ed,8,True,,,,D5,benign,
5011,44500,44502.0,D2,D1,telemetry,125,342,7d974260e559afb3,8,True,,,,D2,benign,
5024,44501,44504.0,D4,D1,telemetry,131,341,f43e01bd8adbee91,8,True,,,,D4,benign,
5028,44522,44524.0,D8,D4,heartbeat,37,607,,8,,,,,D8,benign,
5028,44522,44524.0,D8,D10,heartbeat,37,607,,8,,,,,D8,benign,
5028,44522,44525.0,D8,D1,heartbeat,37,607,,8,,,,,D8,benign,
5028,44522,44525.0,D8,D2,heartbeat,37,607,,8,,,,,D8,benign,
5028,44522,44525.0,D8,D5,heartbeat,37,607,,8,,,,,D8,benign,
5028,44522,44525.0,D8,D9,heartbeat,37,607,,8,,,,,D8,benign,
5028,44522,44526.0,D8,D6,heartbeat,37,607,,8,,,,,D8,benign,
5028,44522,44526.0,D8,D7,heartbeat,37,607,,8,,,,,D8,benign,
5025,44548,44551.0,D5,D1,telemetry,127,732,9bb3d7b27aeba5ed,8,True,,,,D5,benign,
5031,44561,44563.0,D10,D1,telemetry,114,358,40ef7baf8478636a,8,True,,,,D10,benign,
5030,44577,44579.0,D10,D5,heartbeat,45,357,,8,,,,,D10,benign,
5030,44577,44579.0,D10,D8,heartbeat,45,357,,8,,,,,D10,benign,
5030,44577,44580.0,D10,D2,heartbeat,45,357,,8,,,,,D10,benign,
5030,44577,44580.0,D10,D3,heartbeat,45,357,,8,,,,,D10,benign,
5030,44577,44580.0,D10,D4,heartbeat,45,357,,8,,,,,D10,benign,
5030,44577,44580.0,D10,D6,heartbeat,45,357,,8,,,,,D10,benign,
5030,44577,44580.0,D10,D7,heartbeat,45,357,,8,,,,,D10,benign,
5030,44577,44580.0,D10,D9,heartbeat,45,357,,8,,,,,D10,benign,
5030,44577,44581.0,D10,D1,heartbeat,45,357,,8,,,,,D10,benign,
5027,44582,44584.0,D7,D1,telemetry,126,802,7d040a48e7a09e48,8,True,,,,D7,benign,
5029,44584,44587.0,D9,D1,telemetry,137,335,0d8e047042e48d0d,8,True,,,,D9,benign,
5026,44585,44587.0,D6,D1,heartbeat,46,406,,8,,,,,D6,benign,
5026,44585,44587.0,D6,D10,heartbeat,46,406,,8,,,,,D6,benign,
5026,44585,44588.0,D6,D4,heartbeat,46,406,,8,,,,,D6,benign,
5026,44585,44588.0,D6,D5,heartbeat,46,406,,8,,,,,D6,benign,
5026,44585,44588.0,D6,D8,heartbeat,46,406,,8,,,,,D6,benign,
5026,44585,44588.0,D6,D9,heartbeat,46,406,,8,,,,,D6,benign,
5026,44585,44589.0,D6,D2,heartbeat,46,406,,8,,,,,D6,benign,
5026,44585,44589.0,D6,D7,heartbeat,46,406,,8,,,,,D6,benign,
5033,44608,44611.0,D3,D1,telemetry,124,951,0b0d3639671194bd,8,True,,,,D3,benign,
5039,44635,44638.0,D8,D1,telemetry,135,608,b53aa76c919f2b60,8,True,,,,D8,benign,
5038,44641,44644.0,D6,D1,telemetry,119,407,281f9c5a07d6f96a,8,True,,,,D6,benign,
5037,44644,44646.0,D5,D4,heartbeat,36,733,,8,,,,,D5,benign,
5037,44644,44646.0,D5,D7,heartbeat,36,733,,8,,,,,D5,benign,
5037,44644,44646.0,D5,D8,heartbeat,36,733,,8,,,,,D5,benign,
5037,44644,44647.0,D5,D1,heartbeat,36,733,,8,,,,,D5,benign,
5037,44644,44647.0,D5,D2,heartbeat,36,733,,8,,,,,D5,benign,
5037,44644,44647.0,D5,D6,heartbeat,36,733,,8,,,,,D5,benign,
5037,44644,44648.0,D5,D3,heartbeat,36,733,,8,,,,,D5,benign,
5037,44644,44648.0,D5,D9,heartbeat,36,733,,8,,,,,D5,benign,
5037,44644,44648.0,D5,D10,heartbeat,36,733,,8,,,,,D5,benign,
5032,44682,44685.0,D2,D1,telemetry,102,343,7d974260e559afb3,8,True,,,,D2,benign,
5036,44692,44697.0,D4,D1,telemetry,134,342,f43e01bd8adbee91,8,True,,,,D4,benign,
5049,44727,44731.0,D10,D1,telemetry,106,359,40ef7baf8478636a,8,True,,,,D10,benign,
5047,44752,44754.0,D7,D1,telemetry,111,803,7d040a48e7a09e48,8,True,,,,D7,benign,
5048,44760,44763.0,D9,D1,telemetry,132,336,0d8e047042e48d0d,8,True,,,,D9,benign,
5050,44763,44765.0,D5,D1,auth_request,152,735,,8,,True,,,D5,benign,
5052,44780,44782.0,D1,D3,rl_broadcast,32,160,,8,,,,,D1,benign,
5052,44780,44782.0,D1,D4,rl_broadcast,32,160,,8,,,,,D1,benign,
5052,44780,44782.0,D1,D5,rl_broadcast,32,160,,8,,,,,D1,benign,
5052,44780,44782.0,D1,D7,rl_broadcast,32,160,,8,,,,,D1,benign,
5052,44780,44782.0,D1,D8,rl_broadcast,32,160,,8,,,,,D1,benign,
5051,44780,44783.0,D1,D5,auth_response,152,159,,8,,True,,,D1,benign,
5052,44780,44783.0,D1,D2,rl_broadcast,32,160,,8,,,,,D1,benign,
5052,44780,44783.0,D1,D6,rl_broadcast,32,160,,8,,,,,D1,benign,
5052,44780,44783.0,D1,D9,rl_broadcast,32,160,,8,,,,,D1,benign,
5052,44780,44783.0,D1,D10,rl_broadcast,32,160,,8,,,,,D1,benign,
5046,44783,44787.0,D5,D1,telemetry,103,734,2bf19c80c1e9637e,8,True,,,,D5,benign,
5040,44796,44798.0,D3,D1,telemetry,121,954,0b0d3639671194bd,8,True,,,,D3,benign,
5058,44827,44830.0,D8,D1,telemetry,132,609,b53aa76c919f2b60,8,True,,,,D8,benign,
5053,44866,44868.0,D2,D1,telemetry,100,344,7d974260e559afb3,8,True,,,,D2,benign,
5057,44884,44887.0,D6,D1,telemetry,125,408,281f9c5a07d6f96a,8,True,,,,D6,benign,
5056,44884,44888.0,D4,D1,telemetry,109,343,f43e01bd8adbee91,8,True,,,,D4,benign,
5059,44897,44899.0,D10,D1,telemetry,123,360,40ef7baf8478636a,8,True,,,,D10,benign,
5063,44929,44932.0,D7,D1,telemetry,133,804,7d040a48e7a09e48,8,True,,,,D7,benign,
5064,44939,44941.0,D9,D1,telemetry,124,337,0d8e047042e48d0d,8,True,,,,D9,benign,
5062,44958,44960.0,D5,D1,telemetry,108,736,2bf19c80c1e9637e,8,True,,,,D5,benign,
5060,44993,44996.0,D3,D1,telemetry,96,962,0b0d3639671194bd,8,True,,,,D3,benign,
5069,45017,45020.0,D8,D1,telemetry,124,610,b53aa76c919f2b60,8,True,,,,D8,benign,
5066,45051,45054.0,D2,D1,telemetry,126,345,7d974260e559afb3,8,True,,,,D2,benign,
5067,45056,45058.0,D3,D5,heartbeat,43,964,,8,,,,,D3,benign,
5067,45056,45058.0,D3,D9,heartbeat,43,964,,8,,,,,D3,benign,
5067,45056,45058.0,D3,D10,heartbeat,43,964,,8,,,,,D3,benign,
5067,45056,45059.0,D3,D1,heartbeat,43,964,,8,,,,,D3,benign,
5067,45056,45059.0,D3,D2,heartbeat,43,964,,8,,,,,D3,benign,
5068,45065,45067.0,D4,D1,telemetry,105,344,f43e01bd8adbee91,8,True,,,,D4,benign,
5065,45071,45073.0,D1,D2,heartbeat,38,161,,8,,,,,D1,benign,
5065,45071,45073.0,D1,D3,heartbeat,38,161,,8,,,,,D1,benign,
5065,45071,45073.0,D1,D5,heartbeat,38,161,,8,,,,,D1,benign,
5065,45071,45073.0,D1,D6,heartbeat,38,161,,8,,,,,D1,benign,
5065,45071,45074.0,D1,D4,heartbeat,38,161,,8,,,,,D1,benign,
5065,45071,45074.0,D1,D7,heartbeat,38,161,,8,,,,,D1,benign,
5065,45071,45074.0,D1,D8,heartbeat,38,161,,8,,,,,D1,benign,
5065,45071,45074.0,D1,D9,heartbeat,38,161,,8,,,,,D1,benign,
5065,45071,45074.0,D1,D10,heartbeat,38,161,,8,,,,,D1,benign,
5070,45071,45076.0,D10,D1,telemetry,116,361,40ef7baf8478636a,8,True,,,,D10,benign,
5071,45100,45102.0,D2,D1,trust_report,136,346,7d974260e559afb3,8,True,,,,D2,benign,
5074,45100,45102.0,D5,D1,trust_report,136,737,2bf19c80c1e9637e,8,True,,,,D5,benign,
5076,45100,45102.0,D7,D1,trust_report,136,805,7d040a48e7a09e48,8,True,,,,D7,benign,
5077,45100,45102.0,D8,D1,trust_report,136,611,b53aa76c919f2b60,8,True,,,,D8,benign,
5078,45100,45102.0,D9,D1,trust_report,136,338,0d8e047042e48d0d,8,True,,,,D9,benign,
5079,45100,45102.0,D10,D1,trust_report,136,362,40ef7baf8478636a,8,True,,,,D10,benign,
5072,45100,45103.0,D3,D1,trust_report,136,965,0b0d3639671194bd,8,True,,,,D3,benign,
5073,45100,45103.0,D4,D1,trust_report,136,345,f43e01bd8adbee91,8,True,,,,D4,benign,
5075,45100,45104.0,D6,D1,trust_report,136,409,281f9c5a07d6f96a,8,True,,,,D6,benign,
5083,45112,45115.0,D7,D1,telemetry,127,806,7d040a48e7a09e48,8,True,,,,D7,benign,
5082,45117,45120.0,D6,D1,telemetry,130,410,281f9c5a07d6f96a,8,True,,,,D6,benign,
5084,45127,45131.0,D9,D1,telemetry,130,339,0d8e047042e48d0d,8,True,,,,D9,benign,
5081,45155,45158.0,D5,D1,telemetry,112,738,2bf19c80c1e9637e,8,True,,,,D5,benign,
5080,45176,45178.0,D3,D1,telemetry,107,966,0b0d3639671194bd,8,True,,,,D3,benign,
5090,45214,,D8,D1,telemetry,103,612,b53aa76c919f2b60,8,,,,channel_loss,D8,benign,
5085,45212,45214.0,D2,D1,heartbeat,40,347,,8,,,,,D2,benign,
5085,45212,45214.0,D2,D4,heartbeat,40,347,,8,,,,,D2,benign,
5085,45212,45214.0,D2,D7,heartbeat,40,347,,8,,,,,D2,benign,
5085,45212,45214.0,D2,D8,heartbeat,40,347,,8,,,,,D2,benign,
5085,45212,45215.0,D2,D5,heartbeat,40,347,,8,,,,,D2,benign,
5085,45212,45215.0,D2,D6,heartbeat,40,347,,8,,,,,D2,benign,
5085,45212,45215.0,D2,D9,heartbeat,40,347,,8,,,,,D2,benign,
5085,45212,45215.0,D2,D10,heartbeat,40,347,,8,,,,,D2,benign,
5087,45213,45215.0,D4,D2,heartbeat,44,346,,8,,,,,D4,benign,
5087,45213,45215.0,D4,D5,heartbeat,44,346,,8,,,,,D4,benign,
5087,45213,45215.0,D4,D6,heartbeat,44,346,,8,,,,,D4,benign,
5087,45213,45215.0,D4,D7,heartbeat,44,346,,8,,,,,D4,benign,
5087,45213,45215.0,D4,D10,heartbeat,44,346,,8,,,,,D4,benign,
5085,45212,45216.0,D2,D3,heartbeat,40,347,,8,,,,,D2,benign,
5087,45213,45216.0,D4,D1,heartbeat,44,346,,8,,,,,D4,benign,
5087,45213,45216.0,D4,D8,heartbeat,44,346,,8,,,,,D4,benign,
5087,45213,45217.0,D4,D9,heartbeat,44,346,,8,,,,,D4,benign,
5091,45238,45241.0,D10,D1,telemetry,108,363,40ef7baf8478636a,8,True,,,,D10,benign,
5086,45240,45243.0,D2,D1,telemetry,117,348,7d974260e559afb3,8,True,,,,D2,benign,
5088,45243,45246.0,D4,D1,telemetry,119,347,f43e01bd8adbee91,8,True,,,,D4,benign,
5089,45293,45296.0,D7,D1,telemetry,146,807,7d040a48e7a09e48,8,True,,,,D7,benign,
5096,45320,45323.0,D9,D1,telemetry,117,341,0d8e047042e48d0d,8,True,,,,D9,benign,
5095,45334,45336.0,D9,D1,heartbeat,40,340,,8,,,,,D9,benign,
5095,45334,45336.0,D9,D2,heartbeat,40,340,,8,,,,,D9,benign,
5095,45334,45336.0,D9,D5,heartbeat,40,340,,8,,,,,D9,benign,
5095,45334,45336.0,D9,D6,heartbeat,40,340,,8,,,,,D9,benign,
5095,45334,45337.0,D9,D4,heartbeat,40,340,,8,,,,,D9,benign,
5095,45334,45337.0,D9,D8,heartbeat,40,340,,8,,,,,D9,benign,
5095,45334,45337.0,D9,D10,heartbeat,40,340,,8,,,,,D9,benign,
5095,45334,45338.0,D9,D7,heartbeat,40,340,,8,,,,,D9,benign,
5095,45334,45339.0,D9,D3,heartbeat,40,340,,8,,,,,D9,benign,
5094,45360,45363.0,D6,D1,telemetry,113,411,281f9c5a07d6f96a,8,True,,,,D6,benign,
5093,45371,45373.0,D5,D1,telemetry,107,739,2bf19c80c1e9637e,8,True,,,,D5,benign,
5092,45372,45375.0,D3,D1,telemetry,116,967,0b0d3639671194bd,8,True,,,,D3,benign,
5101,45409,45411.0,D10,D1,telemetry,109,364,40ef7baf8478636a,8,True,,,,D10,benign,
5100,45411,45413.0,D8,D1,telemetry,128,613,b53aa76c919f2b60,8,True,,,,D8,benign,
5097,45415,45417.0,D2,D1,telemetry,110,349,7d974260e559afb3,8,True,,,,D2,benign,
5098,45432,45435.0,D4,D1,telemetry,99,348,f43e01bd8adbee91,8,True,,,,D4,benign,
5099,45464,45467.0,D7,D1,telemetry,108,808,7d040a48e7a09e48,8,True,,,,D7,benign,
5109,45511,45513.0,D9,D1,telemetry,116,342,0d8e047042e48d0d,8,True,,,,D9,benign,
5107,45523,45525.0,D7,D2,heartbeat,42,809,,8,,,,,D7,benign,
5107,45523,45525.0,D7,D5,heartbeat,42,809,,8,,,,,D7,benign,
5107,45523,45525.0,D7,D9,heartbeat,42,809,,8,,,,,D7,benign,
5107,45523,45526.0,D7,D1,heartbeat,42,809,,8,,,,,D7,benign,
5107,45523,45526.0,D7,D6,heartbeat,42,809,,8,,,,,D7,benign,
5107,45523,45526.0,D7,D8,heartbeat,42,809,,8,,,,,D7,benign,
5107,45523,45526.0,D7,D10,heartbeat,42,809,,8,,,,,D7,benign,
5107,45523,45527.0,D7,D4,heartbeat,42,809,,8,,,,,D7,benign,
5105,45550,45552.0,D6,D2,heartbeat,31,412,,8,,,,,D6,benign,
5105,45550,45552.0,D6,D10,heartbeat,31,412,,8,,,,,D6,benign,
5105,45550,45553.0,D6,D4,heartbeat,31,412,,8,,,,,D6,benign,
5105,45550,45553.0,D6,D5,heartbeat,31,412,,8,,,,,D6,benign,
5105,45550,45553.0,D6,D8,heartbeat,31,412,,8,,,,,D6,benign,
5105,45550,45553.0,D6,D9,heartbeat,31,412,,8,,,,,D6,benign,
5105,45550,45554.0,D6,D7,heartbeat,31,412,,8,,,,,D6,benign,
5105,45550,45555.0,D6,D1,heartbeat,31,412,,8,,,,,D6,benign,
5108,45560,45562.0,D8,D7,heartbeat,44,614,,8,,,,,D8,benign,
5108,45560,45562.0,D8,D9,heartbeat,44,614,,8,,,,,D8,benign,
5108,45560,45562.0,D8,D10,heartbeat,44,614,,8,,,,,D8,benign,
5108,45560,45563.0,D8,D1,heartbeat,44,614,,8,,,,,D8,benign,
5108,45560,45563.0,D8,D2,heartbeat,44,614,,8,,,,,D8,benign,
5108,45560,45563.0,D8,D4,heartbeat,44,614,,8,,,,,D8,benign,
5108,45560,45563.0,D8,D6,heartbeat,44,614,,8,,,,,D8,benign,
5108,45560,45564.0,D8,D5,heartbeat,44,614,,8,,,,,D8,benign,
5104,45568,45571.0,D5,D1,telemetry,115,740,2bf19c80c1e9637e,8,True,,,,D5,benign,
5111,45570,45574.0,D10,D1,telemetry,129,366,40ef7baf8478636a,8,True,,,,D10,benign,
5103,45572,45575.0,D3,D1,telemetry,122,968,0b0d3639671194bd,8,True,,,,D3,benign,
5110,45595,45597.0,D10,D6,heartbeat,45,365,,8,,,,,D10,benign,
5110,45595,45597.0,D10,D9,heartbeat,45,365,,8,,,,,D10,benign,
5110,45595,45598.0,D10,D1,heartbeat,45,365,,8,,,,,D10,benign,
5110,45595,45598.0,D10,D2,heartbeat,45,365,,8,,,,,D10,benign,
5110,45595,45598.0,D10,D3,heartbeat,45,365,,8,,,,,D10,benign,
5110,45595,45598.0,D10,D4,heartbeat,45,365,,8,,,,,D10,benign,
5110,45595,45598.0,D10,D5,heartbeat,45,365,,8,,,,,D10,benign,
5110,45595,45598.0,D10,D8,heartbeat,45,365,,8,,,,,D10,benign,
5110,45595,45599.0,D10,D7,heartbeat,45,365,,8,,,,,D10,benign,
5106,45598,45601.0,D6,D1,telemetry,121,413,281f9c5a07d6f96a,8,True,,,,D6,benign,
5102,45600,45603.0,D2,D1,telemetry,121,350,7d974260e559afb3,8,True,,,,D2,benign,
5115,45602,45605.0,D8,D1,telemetry,138,615,b53aa76c919f2b60,8,True,,,,D8,benign,
5112,45616,45619.0,D4,D1,telemetry,122,349,f43e01bd8adbee91,8,True,,,,D4,benign,
5113,45620,45622.0,D5,D2,heartbeat,40,741,,8,,,,,D5,benign,
5113,45620,45622.0,D5,D4,heartbeat,40,741,,8,,,,,D5,benign,
5113,45620,45622.0,D5,D7,heartbeat,40,741,,8,,,,,D5,benign,
5113,45620,45622.0,D5,D10,heartbeat,40,741,,8,,,,,D5,benign,
5113,45620,45623.0,D5,D3,heartbeat,40,741,,8,,,,,D5,benign,
5113,45620,45623.0,D5,D8,heartbeat,40,741,,8,,,,,D5,benign,
5113,45620,45624.0,D5,D1,heartbeat,40,741,,8,,,,,D5,benign,
5113,45620,45624.0,D5,D6,heartbeat,40,741,,8,,,,,D5,benign,
5113,45620,45624.0,D5,D9,heartbeat,40,741,,8,,,,,D5,benign,
5114,45644,45647.0,D7,D1,telemetry,135,810,7d040a48e7a09e48,8,True,,,,D7,benign,
5120,45701,45703.0,D9,D1,telemetry,118,343,0d8e047042e48d0d,8,True,,,,D9,benign,
5121,45735,45738.0,D10,D1,telemetry,123,367,40ef7baf8478636a,8,True,,,,D10,benign,
5118,45768,45771.0,D5,D1,telemetry,152,742,2bf19c80c1e9637e,8,True,,,,D5,benign,
5117,45771,45775.0,D3,D1,telemetry,100,969,0b0d3639671194bd,8,True,,,,D3,benign,
5116,45778,45781.0,D2,D1,telemetry,112,351,7d974260e559afb3,8,True,,,,D2,benign,
5119,45792,45795.0,D8,D1,telemetry,117,616,b53aa76c919f2b60,8,True,,,,D8,benign,
5123,45801,45803.0,D4,D1,telemetry,131,350,f43e01bd8adbee91,8,True,,,,D4,benign,
5125,45828,45830.0,D7,D1,telemetry,124,811,7d040a48e7a09e48,8,True,,,,D7,benign,
5124,45836,45839.0,D6,D1,telemetry,113,414,281f9c5a07d6f96a,8,True,,,,D6,benign,
5126,45882,45884.0,D9,D1,telemetry,119,344,0d8e047042e48d0d,8,True,,,,D9,benign,
5122,45898,45901.0,D1,D6,command,80,162,281f9c5a07d6f96a,8,True,,,,D1,benign,
5132,45913,45916.0,D10,D1,telemetry,134,368,40ef7baf8478636a,8,True,,,,D10,benign,
5127,45950,45953.0,D2,D1,telemetry,115,352,7d974260e559afb3,8,True,,,,D2,benign,
5128,45967,45970.0,D3,D1,telemetry,106,970,0b0d3639671194bd,8,True,,,,D3,benign,
5130,45974,45977.0,D5,D1,telemetry,116,743,2bf19c80c1e9637e,8,True,,,,D5,benign,
5131,45979,45981.0,D8,D1,telemetry,121,617,b53aa76c919f2b60,8,True,,,,D8,benign,
5129,45987,45990.0,D4,D1,telemetry,107,351,f43e01bd8adbee91,8,True,,,,D4,benign,
5136,46006,46011.0,D7,D1,telemetry,143,812,7d040a48e7a09e48,8,True,,,,D7,benign,
5134,46036,46038.0,D3,D5,heartbeat,44,971,,8,,,,,D3,benign,
5134,46036,46038.0,D3,D9,heartbeat,44,971,,8,,,,,D3,benign,
5134,46036,46040.0,D3,D1,heartbeat,44,971,,8,,,,,D3,benign,
5134,46036,46040.0,D3,D2,heartbeat,44,971,,8,,,,,D3,benign,
5134,46036,46040.0,D3,D10,heartbeat,44,971,,8,,,,,D3,benign,
5133,46067,46069.0,D1,D2,heartbeat,36,163,,8,,,,,D1,benign,
5133,46067,46069.0,D1,D4,heartbeat,36,163,,8,,,,,D1,benign,
5133,46067,46069.0,D1,D7,heartbeat,36,163,,8,,,,,D1,benign,
5133,46067,46069.0,D1,D8,heartbeat,36,163,,8,,,,,D1,benign,
5133,46067,46069.0,D1,D9,heartbeat,36,163,,8,,,,,D1,benign,
5133,46067,46070.0,D1,D3,heartbeat,36,163,,8,,,,,D1,benign,
5133,46067,46070.0,D1,D6,heartbeat,36,163,,8,,,,,D1,benign,
5133,46067,46070.0,D1,D10,heartbeat,36,163,,8,,,,,D1,benign,
5133,46067,46071.0,D1,D5,heartbeat,36,163,,8,,,,,D1,benign,
5137,46069,46072.0,D9,D1,telemetry,145,345,0d8e047042e48d0d,8,True,,,,D9,benign,
5135,46072,46075.0,D6,D1,telemetry,126,415,281f9c5a07d6f96a,8,True,,,,D6,benign,
5138,46082,46084.0,D10,D1,telemetry,108,369,40ef7baf8478636a,8,True,,,,D10,benign,
5148,46190,,D2,D1,heartbeat,34,354,,8,,,,channel_loss,D2,benign,
5139,46100,46102.0,D2,D1,trust_report,136,353,7d974260e559afb3,8,True,,,,D2,benign,
5143,46100,46102.0,D6,D1,trust_report,136,416,281f9c5a07d6f96a,8,True,,,,D6,benign,
5145,46100,46102.0,D8,D1,trust_report,136,618,b53aa76c919f2b60,8,True,,,,D8,benign,
5140,46100,46103.0,D3,D1,trust_report,136,972,0b0d3639671194bd,8,True,,,,D3,benign,
5141,46100,46103.0,D4,D1,trust_report,136,352,f43e01bd8adbee91,8,True,,,,D4,benign,
5142,46100,46103.0,D5,D1,trust_report,136,744,2bf19c80c1e9637e,8,True,,,,D5,benign,
5144,46100,46103.0,D7,D1,trust_report,136,813,7d040a48e7a09e48,8,True,,,,D7,benign,
5146,46100,46103.0,D9,D1,trust_report,136,346,0d8e047042e48d0d,8,True,,,,D9,benign,
5147,46100,46104.0,D10,D1,trust_report,136,370,40ef7baf8478636a,8,True,,,,D10,benign,
5149,46133,46135.0,D2,D1,telemetry,130,355,7d974260e559afb3,8,True,,,,D2,benign,
5150,46159,46162.0,D3,D1,telemetry,117,973,0b0d3639671194bd,8,True,,,,D3,benign,
5151,46162,46164.0,D4,D1,telemetry,118,353,f43e01bd8adbee91,8,True,,,,D4,benign,
5152,46177,46179.0,D5,D1,telemetry,146,745,2bf19c80c1e9637e,8,True,,,,D5,benign,
5153,46177,46179.0,D7,D1,telemetry,127,814,7d040a48e7a09e48,8,True,,,,D7,benign,
5154,46177,46180.0,D8,D1,telemetry,124,619,b53aa76c919f2b60,8,True,,,,D8,benign,
5148,46190,46192.0,D2,D9,heartbeat,34,354,,8,,,,,D2,benign,
5148,46190,46192.0,D2,D10,heartbeat,34,354,,8,,,,,D2,benign,
5148,46190,46193.0,D2,D3,heartbeat,34,354,,8,,,,,D2,benign,
5148,46190,46193.0,D2,D4,heartbeat,34,354,,8,,,,,D2,benign,
5148,46190,46193.0,D2,D5,heartbeat,34,354,,8,,,,,D2,benign,
5148,46190,46193.0,D2,D7,heartbeat,34,354,,8,,,,,D2,benign,
5148,46190,46194.0,D2,D6,heartbeat,34,354,,8,,,,,D2,benign,
5148,46190,46194.0,D2,D8,heartbeat,34,354,,8,,,,,D2,benign,
5155,46216,46218.0,D4,D1,heartbeat,37,354,,8,,,,,D4,benign,
5155,46216,46218.0,D4,D6,heartbeat,37,354,,8,,,,,D4,benign,
5155,46216,46218.0,D4,D9,heartbeat,37,354,,8,,,,,D4,benign,
5155,46216,46219.0,D4,D2,heartbeat,37,354,,8,,,,,D4,benign,
5155,46216,46219.0,D4,D7,heartbeat,37,354,,8,,,,,D4,benign,
5155,46216,46219.0,D4,D8,heartbeat,37,354,,8,,,,,D4,benign,
5155,46216,46219.0,D4,D10,heartbeat,37,354,,8,,,,,D4,benign,
5155,46216,46220.0,D4,D5,heartbeat,37,354,,8,,,,,D4,benign,
5157,46250,46253.0,D9,D1,telemetry,109,347,0d8e047042e48d0d,8,True,,,,D9,benign,
5158,46259,46262.0,D10,D1,telemetry,135,371,40ef7baf8478636a,8,True,,,,D10,benign,
5159,46321,,D2,D1,telemetry,111,356,7d974260e559afb3,8,,,,channel_loss,D2,benign,
5156,46299,46302.0,D6,D1,telemetry,101,417,281f9c5a07d6f96a,8,True,,,,D6,benign,
5165,46323,46325.0,D9,D1,heartbeat,41,348,,8,,,,,D9,benign,
5165,46323,46325.0,D9,D3,heartbeat,41,348,,8,,,,,D9,benign,
5165,46323,46325.0,D9,D4,heartbeat,41,348,,8,,,,,D9,benign,
5165,46323,46325.0,D9,D5,heartbeat,41,348,,8,,,,,D9,benign,
5165,46323,46325.0,D9,D8,heartbeat,41,348,,8,,,,,D9,benign,
5165,46323,46325.0,D9,D10,heartbeat,41,348,,8,,,,,D9,benign,
5165,46323,46326.0,D9,D2,heartbeat,41,348,,8,,,,,D9,benign,
5165,46323,46326.0,D9,D6,heartbeat,41,348,,8,,,,,D9,benign,
5165,46323,46326.0,D9,D7,heartbeat,41,348,,8,,,,,D9,benign,
5163,46345,46347.0,D7,D1,telemetry,101,815,7d040a48e7a09e48,8,True,,,,D7,benign,
5161,46349,46352.0,D4,D1,telemetry,129,355,f43e01bd8adbee91,8,True,,,,D4,benign,
5160,46355,46357.0,D3,D1,telemetry,106,974,0b0d3639671194bd,8,True,,,,D3,benign,
5164,46368,46371.0,D8,D1,telemetry,124,620,b53aa76c919f2b60,8,True,,,,D8,benign,
5162,46376,46378.0,D5,D1,telemetry,143,746,2bf19c80c1e9637e,8,True,,,,D5,benign,
5167,46433,46435.0,D9,D1,telemetry,100,349,0d8e047042e48d0d,8,True,,,,D9,benign,
5168,46437,46440.0,D10,D1,telemetry,108,372,40ef7baf8478636a,8,True,,,,D10,benign,
5166,46496,46499.0,D2,D1,telemetry,123,357,7d974260e559afb3,8,True,,,,D2,benign,
5172,46508,46510.0,D6,D4,heartbeat,46,418,,8,,,,,D6,benign,
5172,46508,46510.0,D6,D5,heartbeat,46,418,,8,,,,,D6,benign,
5172,46508,46510.0,D6,D7,heartbeat,46,418,,8,,,,,D6,benign,
5172,46508,46510.0,D6,D8,heartbeat,46,418,,8,,,,,D6,benign,
5172,46508,46510.0,D6,D10,heartbeat,46,418,,8,,,,,D6,benign,
5172,46508,46511.0,D6,D1,heartbeat,46,418,,8,,,,,D6,benign,
5172,46508,46511.0,D6,D2,heartbeat,46,418,,8,,,,,D6,benign,
5172,46508,46511.0,D6,D9,heartbeat,46,418,,8,,,,,D6,benign,
5170,46526,46528.0,D4,D1,telemetry,120,356,f43e01bd8adbee91,8,True,,,,D4,benign,
5173,46527,46530.0,D6,D1,telemetry,113,419,281f9c5a07d6f96a,8,True,,,,D6,benign,
5175,46528,46531.0,D7,D1,telemetry,111,817,7d040a48e7a09e48,8,True,,,,D7,benign,
5169,46537,46540.0,D3,D1,telemetry,110,975,0b0d3639671194bd,8,True,,,,D3,benign,
5177,46552,46555.0,D8,D1,telemetry,111,622,b53aa76c919f2b60,8,True,,,,D8,benign,
5174,46566,46568.0,D7,D1,heartbeat,41,816,,8,,,,,D7,benign,
5174,46566,46568.0,D7,D2,heartbeat,41,816,,8,,,,,D7,benign,
5174,46566,46568.0,D7,D8,heartbeat,41,816,,8,,,,,D7,benign,
5174,46566,46568.0,D7,D9,heartbeat,41,816,,8,,,,,D7,benign,
5174,46566,46568.0,D7,D10,heartbeat,41,816,,8,,,,,D7,benign,
5174,46566,46569.0,D7,D4,heartbeat,41,816,,8,,,,,D7,benign,
5174,46566,46569.0,D7,D6,heartbeat,41,816,,8,,,,,D7,benign,
5174,46566,46570.0,D7,D5,heartbeat,41,816,,8,,,,,D7,benign,
5171,46592,46596.0,D5,D1,telemetry,114,747,2bf19c80c1e9637e,8,True,,,,D5,benign,
5176,46595,46597.0,D8,D1,heartbeat,42,621,,8,,,,,D8,benign,
5176,46595,46597.0,D8,D7,heartbeat,42,621,,8,,,,,D8,benign,
5176,46595,46597.0,D8,D9,heartbeat,42,621,,8,,,,,D8,benign,
5176,46595,46598.0,D8,D2,heartbeat,42,621,,8,,,,,D8,benign,
5176,46595,46598.0,D8,D4,heartbeat,42,621,,8,,,,,D8,benign,
5176,46595,46598.0,D8,D5,heartbeat,42,621,,8,,,,,D8,benign,
5176,46595,46598.0,D8,D10,heartbeat,42,621,,8,,,,,D8,benign,
5176,46595,46599.0,D8,D6,heartbeat,42,621,,8,,,,,D8,benign,
5181,46612,,D10,D6,heartbeat,30,373,,8,,,,channel_loss,D10,benign,
5182,46610,46612.0,D10,D1,telemetry,100,374,40ef7baf8478636a,8,True,,,,D10,benign,
5181,46612,46614.0,D10,D1,heartbeat,30,373,,8,,,,,D10,benign,
5181,46612,46614.0,D10,D5,heartbeat,30,373,,8,,,,,D10,benign,
5181,46612,46614.0,D10,D7,heartbeat,30,373,,8,,,,,D10,benign,
5181,46612,46614.0,D10,D9,heartbeat,30,373,,8,,,,,D10,benign,
5181,46612,46615.0,D10,D2,heartbeat,30,373,,8,,,,,D10,benign,
5181,46612,46615.0,D10,D3,heartbeat,30,373,,8,,,,,D10,benign,
5181,46612,46616.0,D10,D4,heartbeat,30,373,,8,,,,,D10,benign,
5181,46612,46616.0,D10,D8,heartbeat,30,373,,8,,,,,D10,benign,
5179,46617,46619.0,D5,D4,heartbeat,44,748,,8,,,,,D5,benign,
5179,46617,46619.0,D5,D6,heartbeat,44,748,,8,,,,,D5,benign,
5179,46617,46619.0,D5,D7,heartbeat,44,748,,8,,,,,D5,benign,
5179,46617,46619.0,D5,D8,heartbeat,44,748,,8,,,,,D5,benign,
5179,46617,46619.0,D5,D9,heartbeat,44,748,,8,,,,,D5,benign,
5179,46617,46620.0,D5,D1,heartbeat,44,748,,8,,,,,D5,benign,
5179,46617,46620.0,D5,D2,heartbeat,44,748,,8,,,,,D5,benign,
5179,46617,46620.0,D5,D10,heartbeat,44,748,,8,,,,,D5,benign,
5179,46617,46621.0,D5,D3,heartbeat,44,748,,8,,,,,D5,benign,
5180,46628,46632.0,D9,D1,telemetry,116,350,0d8e047042e48d0d,8,True,,,,D9,benign,
5178,46684,46686.0,D2,D1,telemetry,137,358,7d974260e559afb3,8,True,,,,D2,benign,
5184,46703,46705.0,D4,D1,telemetry,91,357,f43e01bd8adbee91,8,True,,,,D4,benign,
5186,46710,46713.0,D7,D1,telemetry,114,818,7d040a48e7a09e48,8,True,,,,D7,benign,
5183,46729,46731.0,D3,D1,telemetry,138,976,0b0d3639671194bd,8,True,,,,D3,benign,
5187,46743,46746.0,D8,D1,telemetry,122,623,b53aa76c919f2b60,8,True,,,,D8,benign,
5185,46761,46764.0,D6,D1,telemetry,120,420,281f9c5a07d6f96a,8,True,,,,D6,benign,
5188,46775,46777.0,D10,D1,telemetry,113,375,40ef7baf8478636a,8,True,,,,D10,benign,
5191,46803,46806.0,D5,D1,telemetry,126,749,2bf19c80c1e9637e,8,True,,,,D5,benign,
5193,46804,46806.0,D9,D1,telemetry,125,351,0d8e047042e48d0d,8,True,,,,D9,benign,
5189,46858,46861.0,D2,D1,telemetry,130,359,7d974260e559afb3,8,True,,,,D2,benign,
5190,46887,46889.0,D4,D1,telemetry,101,358,f43e01bd8adbee91,8,True,,,,D4,benign,
5192,46890,46893.0,D7,D1,telemetry,95,819,7d040a48e7a09e48,8,True,,,,D7,benign,
5194,46916,46919.0,D3,D1,telemetry,85,977,0b0d3639671194bd,8,True,,,,D3,benign,
5196,46938,46941.0,D8,D1,telemetry,139,624,b53aa76c919f2b60,8,True,,,,D8,benign,
5198,46945,46949.0,D10,D1,telemetry,123,376,40ef7baf8478636a,8,True,,,,D10,benign,
5197,46983,46986.0,D9,D1,telemetry,126,352,0d8e047042e48d0d,8,True,,,,D9,benign,
5195,46997,46999.0,D6,D1,telemetry,116,421,281f9c5a07d6f96a,8,True,,,,D6,benign,
5203,47006,47009.0,D5,D1,telemetry,126,750,2bf19c80c1e9637e,8,True,,,,D5,benign,
5201,47022,47025.0,D3,D1,heartbeat,47,978,,8,,,,,D3,benign,
5201,47022,47025.0,D3,D2,heartbeat,47,978,,8,,,,,D3,benign,
5201,47022,47025.0,D3,D9,heartbeat,47,978,,8,,,,,D3,benign,
5201,47022,47025.0,D3,D10,heartbeat,47,978,,8,,,,,D3,benign,
5201,47022,47026.0,D3,D5,heartbeat,47,978,,8,,,,,D3,benign,
5200,47038,47040.0,D2,D1,telemetry,133,360,7d974260e559afb3,8,True,,,,D2,benign,
5199,47043,47045.0,D1,D2,heartbeat,35,164,,8,,,,,D1,benign,
5199,47043,47045.0,D1,D5,heartbeat,35,164,,8,,,,,D1,benign,
5199,47043,47045.0,D1,D6,heartbeat,35,164,,8,,,,,D1,benign,
5199,47043,47045.0,D1,D7,heartbeat,35,164,,8,,,,,D1,benign,
5199,47043,47045.0,D1,D8,heartbeat,35,164,,8,,,,,D1,benign,
5199,47043,47046.0,D1,D3,heartbeat,35,164,,8,,,,,D1,benign,
5199,47043,47046.0,D1,D4,heartbeat,35,164,,8,,,,,D1,benign,
5199,47043,47046.0,D1,D10,heartbeat,35,164,,8,,,,,D1,benign,
5199,47043,47047.0,D1,D9,heartbeat,35,164,,8,,,,,D1,benign,
5204,47060,47064.0,D7,D1,telemetry,124,820,7d040a48e7a09e48,8,True,,,,D7,benign,
5202,47073,47075.0,D4,D1,telemetry,111,359,f43e01bd8adbee91,8,True,,,,D4,benign,
5208,47100,47102.0,D5,D1,trust_report,136,751,2bf19c80c1e9637e,8,True,,,,D5,benign,
5211,47100,47102.0,D8,D1,trust_report,136,625,b53aa76c919f2b60,8,True,,,,D8,benign,
5213,47100,47102.0,D10,D1,trust_report,136,377,40ef7baf8478636a,8,True,,,,D10,benign,
5206,47100,47103.0,D3,D1,trust_report,136,979,0b0d3639671194bd,8,True,,,,D3,benign,
5209,47100,47103.0,D6,D1,trust_report,136,422,281f9c5a07d6f96a,8,True,,,,D6,benign,
5210,47100,47103.0,D7,D1,trust_report,136,821,7d040a48e7a09e48,8,True,,,,D7,benign,
5212,47100,47103.0,D9,D1,trust_report,136,353,0d8e047042e48d0d,8,True,,,,D9,benign,
5205,47100,47104.0,D2,D1,trust_report,136,361,7d974260e559afb3,8,True,,,,D2,benign,
5207,47100,47104.0,D4,D1,trust_report,136,360,f43e01bd8adbee91,8,True,,,,D4,benign,
5214,47112,47115.0,D3,D1,telemetry,100,980,0b0d3639671194bd,8,True,,,,D3,benign,
5217,47116,47120.0,D10,D1,telemetry,119,378,40ef7baf8478636a,8,True,,,,D10,benign,
5215,47132,47135.0,D8,D1,telemetry,119,626,b53aa76c919f2b60,8,True,,,,D8,benign,
5216,47163,47166.0,D9,D1,telemetry,141,354,0d8e047042e48d0d,8,True,,,,D9,benign,
5218,47201,47203.0,D2,D3,heartbeat,43,362,,8,,,,,D2,benign,
5218,47201,47203.0,D2,D4,heartbeat,43,362,,8,,,,,D2,benign,
5218,47201,47203.0,D2,D6,heartbeat,43,362,,8,,,,,D2,benign,
5218,47201,47203.0,D2,D7,heartbeat,43,362,,8,,,,,D2,benign,
5218,47201,47203.0,D2,D8,heartbeat,43,362,,8,,,,,D2,benign,
5218,47201,47203.0,D2,D9,heartbeat,43,362,,8,,,,,D2,benign,
5218,47201,47203.0,D2,D10,heartbeat,43,362,,8,,,,,D2,benign,
5218,47201,47204.0,D2,D1,heartbeat,43,362,,8,,,,,D2,benign,
5218,47201,47204.0,D2,D5,heartbeat,43,362,,8,,,,,D2,benign,
5222,47212,47215.0,D5,D1,telemetry,118,752,2bf19c80c1e9637e,8,True,,,,D5,benign,
5219,47225,47227.0,D2,D1,telemetry,111,363,7d974260e559afb3,8,True,,,,D2,benign,
5223,47233,47237.0,D6,D1,telemetry,134,423,281f9c5a07d6f96a,8,True,,,,D6,benign,
5220,47245,47247.0,D4,D6,heartbeat,37,361,,8,,,,,D4,benign,
5224,47245,47247.0,D7,D1,telemetry,109,822,7d040a48e7a09e48,8,True,,,,D7,benign,
5220,47245,47248.0,D4,D1,heartbeat,37,361,,8,,,,,D4,benign,
5220,47245,47248.0,D4,D2,heartbeat,37,361,,8,,,,,D4,benign,
5220,47245,47248.0,D4,D5,heartbeat,37,361,,8,,,,,D4,benign,
5220,47245,47248.0,D4,D9,heartbeat,37,361,,8,,,,,D4,benign,
5220,47245,47248.0,D4,D10,heartbeat,37,361,,8,,,,,D4,benign,
5220,47245,47249.0,D4,D7,heartbeat,37,361,,8,,,,,D4,benign,
5220,47245,47249.0,D4,D8,heartbeat,37,361,,8,,,,,D4,benign,
5221,47266,47269.0,D4,D1,telemetry,121,362,f43e01bd8adbee91,8,True,,,,D4,benign,
5225,47279,47283.0,D10,D1,telemetry,130,379,40ef7baf8478636a,8,True,,,,D10,benign,
5228,47360,,D9,D7,heartbeat,41,355,,8,,,,channel_loss,D9,benign,
5226,47311,47314.0,D3,D1,telemetry,111,981,0b0d3639671194bd,8,True,,,,D3,benign,
5227,47314,47316.0,D8,D1,telemetry,112,627,b53aa76c919f2b60,8,True,,,,D8,benign,
5229,47343,47345.0,D9,D1,telemetry,127,356,0d8e047042e48d0d,8,True,,,,D9,benign,
5228,47360,47362.0,D9,D6,heartbeat,41,355,,8,,,,,D9,benign,
5228,47360,47363.0,D9,D1,heartbeat,41,355,,8,,,,,D9,benign,
5228,47360,47363.0,D9,D2,heartbeat,41,355,,8,,,,,D9,benign,
5228,47360,47363.0,D9,D3,heartbeat,41,355,,8,,,,,D9,benign,
5228,47360,47363.0,D9,D4,heartbeat,41,355,,8,,,,,D9,benign,
5228,47360,47363.0,D9,D5,heartbeat,41,355,,8,,,,,D9,benign,
5228,47360,47363.0,D9,D8,heartbeat,41,355,,8,,,,,D9,benign,
5228,47360,47363.0,D9,D10,heartbeat,41,355,,8,,,,,D9,benign,
5230,47401,47405.0,D2,D1,telemetry,124,364,7d974260e559afb3,8,True,,,,D2,benign,
5234,47415,47418.0,D7,D1,telemetry,117,823,7d040a48e7a09e48,8,True,,,,D7,benign,
5232,47428,47431.0,D5,D1,telemetry,131,753,2bf19c80c1e9637e,8,True,,,,D5,benign,
5236,47457,47460.0,D10,D1,telemetry,124,380,40ef7baf8478636a,8,True,,,,D10,benign,
5231,47458,47460.0,D4,D1,telemetry,112,363,f43e01bd8adbee91,8,True,,,,D4,benign,
5233,47460,47463.0,D6,D1,telemetry,142,424,281f9c5a07d6f96a,8,True,,,,D6,benign,
5235,47500,47503.0,D8,D1,telemetry,114,628,b53aa76c919f2b60,8,True,,,,D8,benign,
5238,47511,47513.0,D3,D1,telemetry,101,982,0b0d3639671194bd,8,True,,,,D3,benign,
5241,47523,47526.0,D6,D1,video,1214,426,281f9c5a07d6f96a,8,True,,,,D6,benign,
5245,47531,47534.0,D9,D1,telemetry,109,357,0d8e047042e48d0d,8,True,,,,D9,benign,
5243,47535,47537.0,D7,D6,heartbeat,38,824,,8,,,,,D7,benign,
5243,47535,47537.0,D7,D8,heartbeat,38,824,,8,,,,,D7,benign,
5243,47535,47538.0,D7,D2,heartbeat,38,824,,8,,,,,D7,benign,
5243,47535,47538.0,D7,D4,heartbeat,38,824,,8,,,,,D7,benign,
5243,47535,47538.0,D7,D9,heartbeat,38,824,,8,,,,,D7,benign,
5243,47535,47538.0,D7,D10,heartbeat,38,824,,8,,,,,D7,benign,
5243,47535,47539.0,D7,D1,heartbeat,38,824,,8,,,,,D7,benign,
5243,47535,47539.0,D7,D5,heartbeat,38,824,,8,,,,,D7,benign,
5240,47542,47544.0,D6,D2,heartbeat,45,425,,8,,,,,D6,benign,
5240,47542,47544.0,D6,D5,heartbeat,45,425,,8,,,,,D6,benign,
5240,47542,47544.0,D6,D9,heartbeat,45,425,,8,,,,,D6,benign,
5240,47542,47544.0,D6,D10,heartbeat,45,425,,8,,,,,D6,benign,
5240,47542,47545.0,D6,D7,heartbeat,45,425,,8,,,,,D6,benign,
5240,47542,47546.0,D6,D1,heartbeat,45,425,,8,,,,,D6,benign,
5240,47542,47546.0,D6,D4,heartbeat,45,425,,8,,,,,D6,benign,
5240,47542,47546.0,D6,D8,heartbeat,45,425,,8,,,,,D6,benign,
5242,47577,47581.0,D6,D1,video,1198,427,281f9c5a07d6f96a,8,True,,,,D6,benign,
5239,47579,47581.0,D5,D1,heartbeat,38,754,,8,,,,,D5,benign,
5239,47579,47581.0,D5,D2,heartbeat,38,754,,8,,,,,D5,benign,
5239,47579,47581.0,D5,D6,heartbeat,38,754,,8,,,,,D5,benign,
5239,47579,47582.0,D5,D3,heartbeat,38,754,,8,,,,,D5,benign,
5239,47579,47582.0,D5,D4,heartbeat,38,754,,8,,,,,D5,benign,
5239,47579,47582.0,D5,D8,heartbeat,38,754,,8,,,,,D5,benign,
5239,47579,47582.0,D5,D10,heartbeat,38,754,,8,,,,,D5,benign,
5239,47579,47583.0,D5,D7,heartbeat,38,754,,8,,,,,D5,benign,
5239,47579,47583.0,D5,D9,heartbeat,38,754,,8,,,,,D5,benign,
5237,47591,47593.0,D2,D1,telemetry,112,365,7d974260e559afb3,8,True,,,,D2,benign,
5244,47596,47599.0,D7,D1,telemetry,109,825,7d040a48e7a09e48,8,True,,,,D7,benign,
5253,47614,47616.0,D10,D1,heartbeat,42,381,,8,,,,,D10,benign,
5253,47614,47616.0,D10,D3,heartbeat,42,381,,8,,,,,D10,benign,
5253,47614,47616.0,D10,D4,heartbeat,42,381,,8,,,,,D10,benign,
5253,47614,47616.0,D10,D9,heartbeat,42,381,,8,,,,,D10,benign,
5253,47614,47617.0,D10,D5,heartbeat,42,381,,8,,,,,D10,benign,
5253,47614,47617.0,D10,D6,heartbeat,42,381,,8,,,,,D10,benign,
5253,47614,47617.0,D10,D7,heartbeat,42,381,,8,,,,,D10,benign,
5253,47614,47617.0,D10,D8,heartbeat,42,381,,8,,,,,D10,benign,
5253,47614,47618.0,D10,D2,heartbeat,42,381,,8,,,,,D10,benign,
5246,47617,47620.0,D1,D5,command,80,165,2bf19c80c1e9637e,8,True,,,,D1,benign,
5254,47623,47626.0,D10,D1,telemetry,121,382,40ef7baf8478636a,8,True,,,,D10,benign,
5248,47633,47635.0,D5,D1,telemetry,128,755,2bf19c80c1e9637e,8,True,,,,D5,benign,
5247,47636,47639.0,D4,D1,telemetry,115,364,f43e01bd8adbee91,8,True,,,,D4,benign,
5251,47642,47644.0,D8,D4,heartbeat,38,629,,8,,,,,D8,benign,
5251,47642,47644.0,D8,D5,heartbeat,38,629,,8,,,,,D8,benign,
5251,47642,47644.0,D8,D9,heartbeat,38,629,,8,,,,,D8,benign,
5251,47642,47645.0,D8,D2,heartbeat,38,629,,8,,,,,D8,benign,
5251,47642,47645.0,D8,D7,heartbeat,38,629,,8,,,,,D8,benign,
5251,47642,47646.0,D8,D1,heartbeat,38,629,,8,,,,,D8,benign,
5251,47642,47646.0,D8,D6,heartbeat,38,629,,8,,,,,D8,benign,
5251,47642,47646.0,D8,D10,heartbeat,38,629,,8,,,,,D8,benign,
5249,47679,47682.0,D6,D1,video,1212,428,281f9c5a07d6f96a,8,True,,,,D6,benign,
5252,47687,47689.0,D8,D1,telemetry,128,630,b53aa76c919f2b60,8,True,,,,D8,benign,
5250,47688,47691.0,D6,D1,video,1144,429,281f9c5a07d6f96a,8,True,,,,D6,benign,
5257,47704,47707.0,D6,D1,telemetry,119,430,281f9c5a07d6f96a,8,True,,,,D6,benign,
5264,47710,47712.0,D9,D1,telemetry,124,358,0d8e047042e48d0d,8,True,,,,D9,benign,
5256,47712,47715.0,D3,D1,telemetry,139,983,0b0d3639671194bd,8,True,,,,D3,benign,
5258,47721,47725.0,D6,D1,video,1176,431,281f9c5a07d6f96a,8,True,,,,D6,benign,
5259,47722,47725.0,D6,D1,video,941,432,281f9c5a07d6f96a,8,True,,,,D6,benign,
5260,47766,47770.0,D6,D1,video,1052,433,281f9c5a07d6f96a,8,True,,,,D6,benign,
5261,47772,47774.0,D6,D1,video,917,434,281f9c5a07d6f96a,8,True,,,,D6,benign,
5263,47774,47777.0,D7,D1,telemetry,136,826,7d040a48e7a09e48,8,True,,,,D7,benign,
5262,47775,47779.0,D6,D1,video,1058,435,281f9c5a07d6f96a,8,True,,,,D6,benign,
5255,47778,47780.0,D2,D1,telemetry,102,366,7d974260e559afb3,8,True,,,,D2,benign,
5265,47794,47796.0,D10,D1,telemetry,125,383,40ef7baf8478636a,8,True,,,,D10,benign,
5266,47825,47828.0,D4,D1,telemetry,117,365,f43e01bd8adbee91,8,True,,,,D4,benign,
5267,47843,47846.0,D5,D1,telemetry,131,756,2bf19c80c1e9637e,8,True,,,,D5,benign,
5268,47871,47873.0,D6,D1,video,1003,436,281f9c5a07d6f96a,8,True,,,,D6,benign,
5270,47873,47876.0,D8,D1,telemetry,107,631,b53aa76c919f2b60,8,True,,,,D8,benign,
5271,47888,47891.0,D9,D1,telemetry,128,359,0d8e047042e48d0d,8,True,,,,D9,benign,
5269,47895,47898.0,D6,D1,video,1103,437,281f9c5a07d6f96a,8,True,,,,D6,benign,
5273,47901,47904.0,D3,D1,telemetry,124,984,0b0d3639671194bd,8,True,,,,D3,benign,
5275,47907,47910.0,D6,D1,video,1144,439,281f9c5a07d6f96a,8,True,,,,D6,benign,
5276,47936,47939.0,D6,D1,video,1236,440,281f9c5a07d6f96a,8,True,,,,D6,benign,
5277,47942,47944.0,D7,D1,telemetry,106,827,7d040a48e7a09e48,8,True,,,,D7,benign,
5272,47949,47951.0,D2,D1,telemetry,119,367,7d974260e559afb3,8,True,,,,D2,benign,
5274,47950,47952.0,D6,D1,telemetry,130,438,281f9c5a07d6f96a,8,True,,,,D6,benign,
5278,47971,47974.0,D10,D1,telemetry,137,384,40ef7baf8478636a,8,True,,,,D10,benign,
5281,48008,,D3,D4,heartbeat,42,985,,8,,,,channel_loss,D3,benign,
5281,48008,48010.0,D3,D2,heartbeat,42,985,,8,,,,,D3,benign,
5281,48008,48011.0,D3,D1,heartbeat,42,985,,8,,,,,D3,benign,
5281,48008,48011.0,D3,D5,heartbeat,42,985,,8,,,,,D3,benign,
5281,48008,48011.0,D3,D9,heartbeat,42,985,,8,,,,,D3,benign,
5281,48008,48011.0,D3,D10,heartbeat,42,985,,8,,,,,D3,benign,
5283,48016,48020.0,D4,D1,telemetry,121,366,f43e01bd8adbee91,8,True,,,,D4,benign,
5285,48018,48021.0,D6,D1,video,1155,441,281f9c5a07d6f96a,8,True,,,,D6,benign,
5286,48019,48022.0,D6,D1,video,1099,442,281f9c5a07d6f96a,8,True,,,,D6,benign,
5279,48030,48032.0,D1,D2,heartbeat,38,166,,8,,,,,D1,benign,
5279,48030,48032.0,D1,D4,heartbeat,38,166,,8,,,,,D1,benign,
5279,48030,48032.0,D1,D7,heartbeat,38,166,,8,,,,,D1,benign,
5279,48030,48033.0,D1,D6,heartbeat,38,166,,8,,,,,D1,benign,
5279,48030,48033.0,D1,D8,heartbeat,38,166,,8,,,,,D1,benign,
5279,48030,48033.0,D1,D9,heartbeat,38,166,,8,,,,,D1,benign,
5279,48030,48033.0,D1,D10,heartbeat,38,166,,8,,,,,D1,benign,
5279,48030,48034.0,D1,D3,heartbeat,38,166,,8,,,,,D1,benign,
5279,48030,48034.0,D1,D5,heartbeat,38,166,,8,,,,,D1,benign,
5280,48038,48040.0,D1,D5,command,78,167,2bf19c80c1e9637e,8,True,,,,D1,benign,
5284,48045,48048.0,D5,D1,telemetry,111,757,2bf19c80c1e9637e,8,True,,,,D5,benign,
5288,48059,48062.0,D8,D1,telemetry,105,632,b53aa76c919f2b60,8,True,,,,D8,benign,
5289,48068,48071.0,D9,D1,telemetry,126,360,0d8e047042e48d0d,8,True,,,,D9,benign,
5287,48070,48074.0,D6,D1,video,1294,443,281f9c5a07d6f96a,8,True,,,,D6,benign,
5282,48098,48101.0,D3,D1,telemetry,119,986,0b0d3639671194bd,8,True,,,,D3,benign,
5290,48100,48102.0,D2,D1,trust_report,136,368,7d974260e559afb3,8,True,,,,D2,benign,
5292,48100,48102.0,D4,D1,trust_report,136,367,f43e01bd8adbee91,8,True,,,,D4,benign,
5295,48100,48102.0,D7,D1,trust_report,136,828,7d040a48e7a09e48,8,True,,,,D7,benign,
5296,48100,48102.0,D8,D1,trust_report,136,633,b53aa76c919f2b60,8,True,,,,D8,benign,
5293,48100,48103.0,D5,D1,trust_report,136,758,2bf19c80c1e9637e,8,True,,,,D5,benign,
5294,48100,48103.0,D6,D1,trust_report,136,444,281f9c5a07d6f96a,8,True,,,,D6,benign,
5297,48100,48103.0,D9,D1,trust_report,136,361,0d8e047042e48d0d,8,True,,,,D9,benign,
5298,48100,48103.0,D10,D1,trust_report,136,385,40ef7baf8478636a,8,True,,,,D10,benign,
5291,48100,48104.0,D3,D1,trust_report,136,987,0b0d3639671194bd,8,True,,,,D3,benign,
5304,48126,48128.0,D7,D1,telemetry,122,829,7d040a48e7a09e48,8,True,,,,D7,benign,
5299,48127,48130.0,D2,D1,telemetry,108,369,7d974260e559afb3,8,True,,,,D2,benign,
5305,48139,48141.0,D10,D1,telemetry,102,386,40ef7baf8478636a,8,True,,,,D10,benign,
5301,48153,48157.0,D6,D1,video,1189,446,281f9c5a07d6f96a,8,True,,,,D6,benign,
5302,48178,48181.0,D6,D1,video,1057,447,281f9c5a07d6f96a,8,True,,,,D6,benign,
5300,48191,48193.0,D6,D1,telemetry,109,445,281f9c5a07d6f96a,8,True,,,,D6,benign,
5303,48193,48196.0,D6,D1,video,1066,448,281f9c5a07d6f96a,8,True,,,,D6,benign,
5309,48205,48207.0,D4,D1,telemetry,122,369,f43e01bd8adbee91,8,True,,,,D4,benign,
5308,48207,48209.0,D4,D3,heartbeat,32,368,,8,,,,,D4,benign,
5308,48207,48209.0,D4,D5,heartbeat,32,368,,8,,,,,D4,benign,
5308,48207,48209.0,D4,D6,heartbeat,32,368,,8,,,,,D4,benign,
5308,48207,48210.0,D4,D1,heartbeat,32,368,,8,,,,,D4,benign,
5308,48207,48210.0,D4,D2,heartbeat,32,368,,8,,,,,D4,benign,
5308,48207,48210.0,D4,D7,heartbeat,32,368,,8,,,,,D4,benign,
5308,48207,48210.0,D4,D8,heartbeat,32,368,,8,,,,,D4,benign,
5308,48207,48210.0,D4,D9,heartbeat,32,368,,8,,,,,D4,benign,
5308,48207,48211.0,D4,D10,heartbeat,32,368,,8,,,,,D4,benign,
5306,48226,48228.0,D2,D1,heartbeat,37,370,,8,,,,,D2,benign,
5306,48226,48228.0,D2,D4,heartbeat,37,370,,8,,,,,D2,benign,
5306,48226,48228.0,D2,D9,heartbeat,37,370,,8,,,,,D2,benign,
5306,48226,48229.0,D2,D3,heartbeat,37,370,,8,,,,,D2,benign,
5306,48226,48229.0,D2,D5,heartbeat,37,370,,8,,,,,D2,benign,
5306,48226,48229.0,D2,D6,heartbeat,37,370,,8,,,,,D2,benign,
5306,48226,48229.0,D2,D7,heartbeat,37,370,,8,,,,,D2,benign,
5306,48226,48229.0,D2,D8,heartbeat,37,370,,8,,,,,D2,benign,
5306,48226,48229.0,D2,D10,heartbeat,37,370,,8,,,,,D2,benign,
5311,48245,48249.0,D6,D1,video,1056,449,281f9c5a07d6f96a,8,True,,,,D6,benign,
5313,48249,48251.0,D8,D1,telemetry,138,634,b53aa76c919f2b60,8,True,,,,D8,benign,
5314,48252,48254.0,D9,D1,telemetry,95,362,0d8e047042e48d0d,8,True,,,,D9,benign,
5310,48253,48256.0,D5,D1,telemetry,137,759,2bf19c80c1e9637e,8,True,,,,D5,benign,
5312,48253,48256.0,D6,D1,video,987,450,281f9c5a07d6f96a,8,True,,,,D6,benign,
5307,48290,48293.0,D3,D1,telemetry,114,988,0b0d3639671194bd,8,True,,,,D3,benign,
5318,48304,48306.0,D7,D1,telemetry,129,830,7d040a48e7a09e48,8,True,,,,D7,benign,
5316,48308,48311.0,D2,D1,telemetry,145,371,7d974260e559afb3,8,True,,,,D2,benign,
5320,48313,48317.0,D10,D1,telemetry,134,387,40ef7baf8478636a,8,True,,,,D10,benign,
5315,48324,48328.0,D1,D10,command,87,168,40ef7baf8478636a,8,True,,,,D1,benign,
5319,48383,48385.0,D9,D4,heartbeat,42,363,,8,,,,,D9,benign,
5319,48383,48385.0,D9,D10,heartbeat,42,363,,8,,,,,D9,benign,
5319,48383,48386.0,D9,D1,heartbeat,42,363,,8,,,,,D9,benign,
5319,48383,48386.0,D9,D2,heartbeat,42,363,,8,,,,,D9,benign,
5319,48383,48386.0,D9,D3,heartbeat,42,363,,8,,,,,D9,benign,
5319,48383,48386.0,D9,D6,heartbeat,42,363,,8,,,,,D9,benign,
5319,48383,48386.0,D9,D7,heartbeat,42,363,,8,,,,,D9,benign,
5319,48383,48386.0,D9,D8,heartbeat,42,363,,8,,,,,D9,benign,
5319,48383,48387.0,D9,D5,heartbeat,42,363,,8,,,,,D9,benign,
5317,48395,48397.0,D4,D1,telemetry,118,370,f43e01bd8adbee91,8,True,,,,D4,benign,
5328,48434,48437.0,D9,D1,telemetry,140,364,0d8e047042e48d0d,8,True,,,,D9,benign,
5324,48438,48440.0,D6,D1,telemetry,114,451,281f9c5a07d6f96a,8,True,,,,D6,benign,
5327,48444,48446.0,D8,D1,telemetry,118,635,b53aa76c919f2b60,8,True,,,,D8,benign,
5323,48461,48464.0,D5,D1,telemetry,134,760,2bf19c80c1e9637e,8,True,,,,D5,benign,
5322,48475,48477.0,D3,D1,telemetry,142,989,0b0d3639671194bd,8,True,,,,D3,benign,
5326,48481,48484.0,D7,D1,telemetry,132,831,7d040a48e7a09e48,8,True,,,,D7,benign,
5329,48481,48484.0,D10,D1,telemetry,111,388,40ef7baf8478636a,8,True,,,,D10,benign,
5321,48491,48493.0,D2,D1,telemetry,100,372,7d974260e559afb3,8,True,,,,D2,benign,
5332,48587,,D6,D1,video,1287,454,281f9c5a07d6f96a,8,,,,channel_loss,D6,benign,
5325,48500,48503.0,D6,D1,video,1015,452,281f9c5a07d6f96a,8,True,,,,D6,benign,
5331,48558,48560.0,D6,D1,heartbeat,41,453,,8,,,,,D6,benign,
5331,48558,48560.0,D6,D5,heartbeat,41,453,,8,,,,,D6,benign,
5331,48558,48560.0,D6,D7,heartbeat,41,453,,8,,,,,D6,benign,
5331,48558,48561.0,D6,D2,heartbeat,41,453,,8,,,,,D6,benign,
5331,48558,48561.0,D6,D4,heartbeat,41,453,,8,,,,,D6,benign,
5331,48558,48561.0,D6,D8,heartbeat,41,453,,8,,,,,D6,benign,
5331,48558,48561.0,D6,D9,heartbeat,41,453,,8,,,,,D6,benign,
5331,48558,48561.0,D6,D10,heartbeat,41,453,,8,,,,,D6,benign,
5333,48575,48577.0,D7,D1,heartbeat,41,832,,8,,,,,D7,benign,
5333,48575,48577.0,D7,D2,heartbeat,41,832,,8,,,,,D7,benign,
5333,48575,48577.0,D7,D4,heartbeat,41,832,,8,,,,,D7,benign,
5333,48575,48577.0,D7,D6,heartbeat,41,832,,8,,,,,D7,benign,
5333,48575,48577.0,D7,D8,heartbeat,41,832,,8,,,,,D7,benign,
5333,48575,48577.0,D7,D9,heartbeat,41,832,,8,,,,,D7,benign,
5333,48575,48578.0,D7,D5,heartbeat,41,832,,8,,,,,D7,benign,
5333,48575,48578.0,D7,D10,heartbeat,41,832,,8,,,,,D7,benign,
5334,48580,48582.0,D10,D1,heartbeat,42,389,,8,,,,,D10,benign,
5334,48580,48582.0,D10,D5,heartbeat,42,389,,8,,,,,D10,benign,
5334,48580,48582.0,D10,D7,heartbeat,42,389,,8,,,,,D10,benign,
5334,48580,48582.0,D10,D8,heartbeat,42,389,,8,,,,,D10,benign,
5334,48580,48582.0,D10,D9,heartbeat,42,389,,8,,,,,D10,benign,
5334,48580,48583.0,D10,D2,heartbeat,42,389,,8,,,,,D10,benign,
5334,48580,48583.0,D10,D3,heartbeat,42,389,,8,,,,,D10,benign,
5334,48580,48583.0,D10,D4,heartbeat,42,389,,8,,,,,D10,benign,
5334,48580,48584.0,D10,D6,heartbeat,42,389,,8,,,,,D10,benign,
5330,48581,48585.0,D4,D1,telemetry,98,371,f43e01bd8adbee91,8,True,,,,D4,benign,
5340,48613,48616.0,D6,D1,video,1069,456,281f9c5a07d6f96a,8,True,,,,D6,benign,
5341,48613,48617.0,D6,D1,video,1102,457,281f9c5a07d6f96a,8,True,,,,D6,benign,
5348,48628,48631.0,D9,D1,telemetry,118,365,0d8e047042e48d0d,8,True,,,,D9,benign,
5337,48629,48631.0,D5,D6,heartbeat,36,761,,8,,,,,D5,benign,
5337,48629,48631.0,D5,D9,heartbeat,36,761,,8,,,,,D5,benign,
5337,48629,48632.0,D5,D2,heartbeat,36,761,,8,,,,,D5,benign,
5337,48629,48632.0,D5,D3,heartbeat,36,761,,8,,,,,D5,benign,
5337,48629,48632.0,D5,D4,heartbeat,36,761,,8,,,,,D5,benign,
5337,48629,48632.0,D5,D7,heartbeat,36,761,,8,,,,,D5,benign,
5337,48629,48632.0,D5,D8,heartbeat,36,761,,8,,,,,D5,benign,
5337,48629,48633.0,D5,D1,heartbeat,36,761,,8,,,,,D5,benign,
5337,48629,48633.0,D5,D10,heartbeat,36,761,,8,,,,,D5,benign,
5347,48630,48634.0,D8,D1,telemetry,116,637,b53aa76c919f2b60,8,True,,,,D8,benign,
5346,48636,48638.0,D8,D1,heartbeat,37,636,,8,,,,,D8,benign,
5346,48636,48638.0,D8,D5,heartbeat,37,636,,8,,,,,D8,benign,
5346,48636,48638.0,D8,D6,heartbeat,37,636,,8,,,,,D8,benign,
5346,48636,48638.0,D8,D7,heartbeat,37,636,,8,,,,,D8,benign,
5346,48636,48639.0,D8,D2,heartbeat,37,636,,8,,,,,D8,benign,
5346,48636,48639.0,D8,D9,heartbeat,37,636,,8,,,,,D8,benign,
5346,48636,48639.0,D8,D10,heartbeat,37,636,,8,,,,,D8,benign,
5346,48636,48640.0,D8,D4,heartbeat,37,636,,8,,,,,D8,benign,
5342,48649,48654.0,D6,D1,video,941,458,281f9c5a07d6f96a,8,True,,,,D6,benign,
5345,48656,48659.0,D7,D1,telemetry,123,833,7d040a48e7a09e48,8,True,,,,D7,benign,
5349,48659,48661.0,D10,D1,telemetry,109,390,40ef7baf8478636a,8,True,,,,D10,benign,
5338,48663,48666.0,D5,D1,telemetry,131,762,2bf19c80c1e9637e,8,True,,,,D5,benign,
5336,48668,48672.0,D3,D1,telemetry,122,990,0b0d3639671194bd,8,True,,,,D3,benign,
5343,48670,48674.0,D6,D1,video,942,459,281f9c5a07d6f96a,8,True,,,,D6,benign,
5335,48672,48675.0,D2,D1,telemetry,119,373,7d974260e559afb3,8,True,,,,D2,benign,
5344,48672,48675.0,D6,D1,video,1116,460,281f9c5a07d6f96a,8,True,,,,D6,benign,
5339,48674,48678.0,D6,D1,telemetry,127,455,281f9c5a07d6f96a,8,True,,,,D6,benign,
5351,48745,48748.0,D6,D1,video,1224,461,281f9c5a07d6f96a,8,True,,,,D6,benign,
5350,48758,48761.0,D4,D1,telemetry,117,372,f43e01bd8adbee91,8,True,,,,D4,benign,
5352,48762,48766.0,D6,D1,video,1094,462,281f9c5a07d6f96a,8,True,,,,D6,benign,
5353,48782,48786.0,D6,D1,video,1168,463,281f9c5a07d6f96a,8,True,,,,D6,benign,
5365,48807,48811.0,D9,D1,telemetry,126,366,0d8e047042e48d0d,8,True,,,,D9,benign,
5364,48814,48817.0,D8,D1,telemetry,122,638,b53aa76c919f2b60,8,True,,,,D8,benign,
5366,48823,48825.0,D10,D1,telemetry,136,391,40ef7baf8478636a,8,True,,,,D10,benign,
5357,48830,48834.0,D5,D1,video,1093,764,2bf19c80c1e9637e,8,True,,,,D5,benign,
5362,48832,48835.0,D6,D1,video,1084,464,281f9c5a07d6f96a,8,True,,,,D6,benign,
5363,48837,48841.0,D7,D1,telemetry,114,834,7d040a48e7a09e48,8,True,,,,D7,benign,
5358,48839,48842.0,D5,D1,video,1086,765,2bf19c80c1e9637e,8,True,,,,D5,benign,
5359,48842,48845.0,D5,D1,video,958,766,2bf19c80c1e9637e,8,True,,,,D5,benign,
5354,48844,48846.0,D2,D1,telemetry,156,374,7d974260e559afb3,8,True,,,,D2,benign,
5360,48845,48848.0,D5,D1,video,1306,767,2bf19c80c1e9637e,8,True,,,,D5,benign,
5355,48853,48857.0,D3,D1,telemetry,126,991,0b0d3639671194bd,8,True,,,,D3,benign,
5361,48868,48872.0,D5,D1,video,1335,768,2bf19c80c1e9637e,8,True,,,,D5,benign,
5356,48870,48873.0,D5,D1,telemetry,115,763,2bf19c80c1e9637e,8,True,,,,D5,benign,
5369,48901,48904.0,D6,D1,telemetry,131,465,281f9c5a07d6f96a,8,True,,,,D6,benign,
5368,48917,48920.0,D5,D1,video,936,769,2bf19c80c1e9637e,8,True,,,,D5,benign,
5370,48929,48933.0,D6,D1,video,1227,466,281f9c5a07d6f96a,8,True,,,,D6,benign,
5371,48943,48946.0,D6,D1,video,992,467,281f9c5a07d6f96a,8,True,,,,D6,benign,
5367,48944,48949.0,D4,D1,telemetry,115,373,f43e01bd8adbee91,8,True,,,,D4,benign,
5372,48997,49000.0,D9,D1,telemetry,139,367,0d8e047042e48d0d,8,True,,,,D9,benign,
5373,48997,49000.0,D10,D1,telemetry,125,392,40ef7baf8478636a,8,True,,,,D10,benign,
5388,49004,49006.0,D8,D1,telemetry,121,639,b53aa76c919f2b60,8,True,,,,D8,benign,
5377,49005,49007.0,D3,D1,heartbeat,32,992,,8,,,,,D3,benign,
5377,49005,49007.0,D3,D4,heartbeat,32,992,,8,,,,,D3,benign,
5377,49005,49007.0,D3,D9,heartbeat,32,992,,8,,,,,D3,benign,
5377,49005,49007.0,D3,D10,heartbeat,32,992,,8,,,,,D3,benign,
5387,49005,49007.0,D7,D1,telemetry,132,835,7d040a48e7a09e48,8,True,,,,D7,benign,
5377,49005,49008.0,D3,D2,heartbeat,32,992,,8,,,,,D3,benign,
5377,49005,49008.0,D3,D5,heartbeat,32,992,,8,,,,,D3,benign,
5384,49008,49013.0,D6,D1,video,1111,468,281f9c5a07d6f96a,8,True,,,,D6,benign,
5375,49013,49015.0,D1,D5,command,85,170,2bf19c80c1e9637e,8,True,,,,D1,benign,
5385,49013,49016.0,D6,D1,video,1010,469,281f9c5a07d6f96a,8,True,,,,D6,benign,
5376,49034,49038.0,D2,D1,telemetry,118,375,7d974260e559afb3,8,True,,,,D2,benign,
5374,49042,49044.0,D1,D5,heartbeat,45,169,,8,,,,,D1,benign,
5374,49042,49044.0,D1,D6,heartbeat,45,169,,8,,,,,D1,benign,
5374,49042,49044.0,D1,D9,heartbeat,45,169,,8,,,,,D1,benign,
5374,49042,49044.0,D1,D10,heartbeat,45,169,,8,,,,,D1,benign,
5374,49042,49045.0,D1,D2,heartbeat,45,169,,8,,,,,D1,benign,
5374,49042,49045.0,D1,D3,heartbeat,45,169,,8,,,,,D1,benign,
5374,49042,49045.0,D1,D4,heartbeat,45,169,,8,,,,,D1,benign,
5374,49042,49045.0,D1,D7,heartbeat,45,169,,8,,,,,D1,benign,
5374,49042,49045.0,D1,D8,heartbeat,45,169,,8,,,,,D1,benign,
5378,49044,49047.0,D3,D1,telemetry,121,993,0b0d3639671194bd,8,True,,,,D3,benign,
5380,49056,49059.0,D5,D1,video,1108,771,2bf19c80c1e9637e,8,True,,,,D5,benign,
5381,49065,49068.0,D5,D1,video,1141,772,2bf19c80c1e9637e,8,True,,,,D5,benign,
5382,49066,49070.0,D5,D1,video,955,773,2bf19c80c1e9637e,8,True,,,,D5,benign,
5379,49072,49075.0,D5,D1,telemetry,117,770,2bf19c80c1e9637e,8,True,,,,D5,benign,
5383,49073,49076.0,D5,D1,video,1133,774,2bf19c80c1e9637e,8,True,,,,D5,benign,
5390,49100,49102.0,D3,D1,trust_report,136,994,0b0d3639671194bd,8,True,,,,D3,benign,
5394,49100,49102.0,D7,D1,trust_report,136,836,7d040a48e7a09e48,8,True,,,,D7,benign,
5396,49100,49102.0,D9,D1,trust_report,136,368,0d8e047042e48d0d,8,True,,,,D9,benign,
5397,49100,49102.0,D10,D1,trust_report,136,393,40ef7baf8478636a,8,True,,,,D10,benign,
5386,49100,49103.0,D6,D1,video,1058,470,281f9c5a07d6f96a,8,True,,,,D6,benign,
5389,49100,49103.0,D2,D1,trust_report,136,376,7d974260e559afb3,8,True,,,,D2,benign,
5391,49100,49103.0,D4,D1,trust_report,136,374,f43e01bd8adbee91,8,True,,,,D4,benign,
5392,49100,49103.0,D5,D1,trust_report,136,775,2bf19c80c1e9637e,8,True,,,,D5,benign,
5393,49100,49103.0,D6,D1,trust_report,136,471,281f9c5a07d6f96a,8,True,,,,D6,benign,
5395,49100,49103.0,D8,D1,trust_report,136,640,b53aa76c919f2b60,8,True,,,,D8,benign,
5402,49117,49120.0,D6,D1,video,1020,473,281f9c5a07d6f96a,8,True,,,,D6,benign,
5398,49124,49128.0,D4,D1,telemetry,122,375,f43e01bd8adbee91,8,True,,,,D4,benign,
5401,49144,49146.0,D6,D1,telemetry,129,472,281f9c5a07d6f96a,8,True,,,,D6,benign,
5403,49148,49150.0,D6,D1,video,1043,474,281f9c5a07d6f96a,8,True,,,,D6,benign,
5404,49159,49162.0,D6,D1,video,1154,475,281f9c5a07d6f96a,8,True,,,,D6,benign,
5399,49162,49165.0,D5,D1,video,1018,776,2bf19c80c1e9637e,8,True,,,,D5,benign,
5409,49173,49176.0,D9,D1,telemetry,83,369,0d8e047042e48d0d,8,True,,,,D9,benign,
5410,49173,49176.0,D10,D1,telemetry,102,394,40ef7baf8478636a,8,True,,,,D10,benign,
5407,49177,49179.0,D7,D1,telemetry,128,837,7d040a48e7a09e48,8,True,,,,D7,benign,
5405,49175,49180.0,D6,D1,video,938,476,281f9c5a07d6f96a,8,True,,,,D6,benign,
5400,49189,49192.0,D5,D1,video,1084,777,2bf19c80c1e9637e,8,True,,,,D5,benign,
5406,49195,49198.0,D6,D1,video,1035,477,281f9c5a07d6f96a,8,True,,,,D6,benign,
5412,49214,,D2,D1,telemetry,131,378,7d974260e559afb3,8,,,,channel_loss,D2,benign,
5408,49198,49201.0,D8,D1,telemetry,117,641,b53aa76c919f2b60,8,True,,,,D8,benign,
5416,49205,49209.0,D5,D1,video,1033,779,2bf19c80c1e9637e,8,True,,,,D5,benign,
5417,49209,49213.0,D5,D1,video,819,780,2bf19c80c1e9637e,8,True,,,,D5,benign,
5414,49218,49220.0,D4,D1,heartbeat,37,376,,8,,,,,D4,benign,
5414,49218,49220.0,D4,D2,heartbeat,37,376,,8,,,,,D4,benign,
5414,49218,49220.0,D4,D5,heartbeat,37,376,,8,,,,,D4,benign,
5414,49218,49220.0,D4,D8,heartbeat,37,376,,8,,,,,D4,benign,
5414,49218,49220.0,D4,D9,heartbeat,37,376,,8,,,,,D4,benign,
5414,49218,49221.0,D4,D3,heartbeat,37,376,,8,,,,,D4,benign,
5414,49218,49221.0,D4,D6,heartbeat,37,376,,8,,,,,D4,benign,
5414,49218,49221.0,D4,D7,heartbeat,37,376,,8,,,,,D4,benign,
5414,49218,49221.0,D4,D10,heartbeat,37,376,,8,,,,,D4,benign,
5413,49227,49230.0,D3,D1,telemetry,104,995,0b0d3639671194bd,8,True,,,,D3,benign,
5418,49232,49235.0,D5,D1,video,1163,781,2bf19c80c1e9637e,8,True,,,,D5,benign,
5411,49247,49249.0,D2,D3,heartbeat,36,377,,8,,,,,D2,benign,
5411,49247,49249.0,D2,D4,heartbeat,36,377,,8,,,,,D2,benign,
5411,49247,49249.0,D2,D6,heartbeat,36,377,,8,,,,,D2,benign,
5411,49247,49249.0,D2,D9,heartbeat,36,377,,8,,,,,D2,benign,
5411,49247,49249.0,D2,D10,heartbeat,36,377,,8,,,,,D2,benign,
5411,49247,49250.0,D2,D1,heartbeat,36,377,,8,,,,,D2,benign,
5411,49247,49250.0,D2,D5,heartbeat,36,377,,8,,,,,D2,benign,
5411,49247,49250.0,D2,D7,heartbeat,36,377,,8,,,,,D2,benign,
5411,49247,49250.0,D2,D8,heartbeat,36,377,,8,,,,,D2,benign,
5421,49252,49256.0,D6,D1,video,1171,478,281f9c5a07d6f96a,8,True,,,,D6,benign,
5419,49254,49257.0,D5,D1,video,1184,782,2bf19c80c1e9637e,8,True,,,,D5,benign,
5422,49263,49266.0,D6,D1,video,1065,479,281f9c5a07d6f96a,8,True,,,,D6,benign,
5415,49271,49273.0,D5,D1,telemetry,128,778,2bf19c80c1e9637e,8,True,,,,D5,benign,
5420,49292,49296.0,D5,D1,video,1085,783,2bf19c80c1e9637e,8,True,,,,D5,benign,
5425,49301,49305.0,D5,D1,video,1069,784,2bf19c80c1e9637e,8,True,,,,D5,benign,
5424,49303,49306.0,D4,D1,telemetry,126,377,f43e01bd8adbee91,8,True,,,,D4,benign,
5426,49333,49337.0,D5,D1,video,1013,785,2bf19c80c1e9637e,8,True,,,,D5,benign,
5436,49344,49347.0,D10,D1,telemetry,104,395,40ef7baf8478636a,8,True,,,,D10,benign,
5427,49349,49352.0,D5,D1,video,898,786,2bf19c80c1e9637e,8,True,,,,D5,benign,
5435,49350,49353.0,D9,D1,telemetry,105,371,0d8e047042e48d0d,8,True,,,,D9,benign,
5432,49362,49364.0,D7,D1,telemetry,119,838,7d040a48e7a09e48,8,True,,,,D7,benign,
5434,49363,49365.0,D9,D4,heartbeat,42,370,,8,,,,,D9,benign,
5434,49363,49365.0,D9,D10,heartbeat,42,370,,8,,,,,D9,benign,
5434,49363,49366.0,D9,D1,heartbeat,42,370,,8,,,,,D9,benign,
5434,49363,49366.0,D9,D2,heartbeat,42,370,,8,,,,,D9,benign,
5434,49363,49366.0,D9,D5,heartbeat,42,370,,8,,,,,D9,benign,
5434,49363,49366.0,D9,D8,heartbeat,42,370,,8,,,,,D9,benign,
5434,49363,49367.0,D9,D3,heartbeat,42,370,,8,,,,,D9,benign,
5434,49363,49367.0,D9,D6,heartbeat,42,370,,8,,,,,D9,benign,
5434,49363,49367.0,D9,D7,heartbeat,42,370,,8,,,,,D9,benign,
5428,49376,49378.0,D5,D1,video,980,787,2bf19c80c1e9637e,8,True,,,,D5,benign,
5433,49380,49382.0,D8,D1,telemetry,108,642,b53aa76c919f2b60,8,True,,,,D8,benign,
5431,49382,49385.0,D6,D1,telemetry,115,480,281f9c5a07d6f96a,8,True,,,,D6,benign,
5429,49383,49387.0,D5,D1,video,976,788,2bf19c80c1e9637e,8,True,,,,D5,benign,
5430,49391,49395.0,D5,D1,video,1272,789,2bf19c80c1e9637e,8,True,,,,D5,benign,
5439,49468,,D5,D1,telemetry,130,790,2bf19c80c1e9637e,8,,,,channel_loss,D5,benign,
5423,49399,49401.0,D2,D1,telemetry,111,379,7d974260e559afb3,8,True,,,,D2,benign,
5442,49402,49405.0,D6,D1,video,903,481,281f9c5a07d6f96a,8,True,,,,D6,benign,
5437,49414,49416.0,D3,D1,telemetry,132,996,0b0d3639671194bd,8,True,,,,D3,benign,
5440,49426,49429.0,D5,D1,video,964,791,2bf19c80c1e9637e,8,True,,,,D5,benign,
5443,49441,49444.0,D6,D1,video,1194,482,281f9c5a07d6f96a,8,True,,,,D6,benign,
5444,49448,49451.0,D6,D1,video,1311,483,281f9c5a07d6f96a,8,True,,,,D6,benign,
5441,49449,49452.0,D5,D1,video,1044,792,2bf19c80c1e9637e,8,True,,,,D5,benign,
5445,49465,49468.0,D6,D1,video,1238,484,281f9c5a07d6f96a,8,True,,,,D6,benign,
5438,49493,49496.0,D4,D1,telemetry,109,378,f43e01bd8adbee91,8,True,,,,D4,benign,
5460,49508,49510.0,D10,D1,telemetry,149,397,40ef7baf8478636a,8,True,,,,D10,benign,
5451,49513,49516.0,D6,D1,video,1171,486,281f9c5a07d6f96a,8,True,,,,D6,benign,
5447,49515,49519.0,D5,D1,video,961,793,2bf19c80c1e9637e,8,True,,,,D5,benign,
5448,49527,49530.0,D5,D1,video,1165,794,2bf19c80c1e9637e,8,True,,,,D5,benign,
5455,49528,49530.0,D7,D1,heartbeat,40,839,,8,,,,,D7,benign,
5455,49528,49530.0,D7,D8,heartbeat,40,839,,8,,,,,D7,benign,
5455,49528,49531.0,D7,D4,heartbeat,40,839,,8,,,,,D7,benign,
5455,49528,49531.0,D7,D6,heartbeat,40,839,,8,,,,,D7,benign,
5455,49528,49531.0,D7,D9,heartbeat,40,839,,8,,,,,D7,benign,
5455,49528,49531.0,D7,D10,heartbeat,40,839,,8,,,,,D7,benign,
5455,49528,49532.0,D7,D2,heartbeat,40,839,,8,,,,,D7,benign,
5455,49528,49533.0,D7,D5,heartbeat,40,839,,8,,,,,D7,benign,
5449,49530,49533.0,D5,D1,video,1231,795,2bf19c80c1e9637e,8,True,,,,D5,benign,
5456,49530,49533.0,D7,D1,telemetry,116,840,7d040a48e7a09e48,8,True,,,,D7,benign,
5458,49540,49543.0,D9,D1,telemetry,108,372,0d8e047042e48d0d,8,True,,,,D9,benign,
5452,49551,49554.0,D6,D1,video,1129,487,281f9c5a07d6f96a,8,True,,,,D6,benign,
5453,49554,49557.0,D6,D1,video,1107,488,281f9c5a07d6f96a,8,True,,,,D6,benign,
5457,49568,49571.0,D8,D1,telemetry,138,643,b53aa76c919f2b60,8,True,,,,D8,benign,
5446,49571,49573.0,D2,D1,telemetry,113,380,7d974260e559afb3,8,True,,,,D2,benign,
5454,49582,49584.0,D6,D1,video,975,489,281f9c5a07d6f96a,8,True,,,,D6,benign,
5459,49586,49588.0,D10,D5,heartbeat,39,396,,8,,,,,D10,benign,
5459,49586,49588.0,D10,D7,heartbeat,39,396,,8,,,,,D10,benign,
5459,49586,49588.0,D10,D9,heartbeat,39,396,,8,,,,,D10,benign,
5459,49586,49589.0,D10,D1,heartbeat,39,396,,8,,,,,D10,benign,
5459,49586,49589.0,D10,D2,heartbeat,39,396,,8,,,,,D10,benign,
5459,49586,49589.0,D10,D3,heartbeat,39,396,,8,,,,,D10,benign,
5459,49586,49589.0,D10,D4,heartbeat,39,396,,8,,,,,D10,benign,
5459,49586,49589.0,D10,D8,heartbeat,39,396,,8,,,,,D10,benign,
5459,49586,49590.0,D10,D6,heartbeat,39,396,,8,,,,,D10,benign,
5450,49600,49602.0,D6,D9,heartbeat,40,485,,8,,,,,D6,benign,
5450,49600,49602.0,D6,D10,heartbeat,40,485,,8,,,,,D6,benign,
5450,49600,49603.0,D6,D8,heartbeat,40,485,,8,,,,,D6,benign,
5450,49600,49604.0,D6,D1,heartbeat,40,485,,8,,,,,D6,benign,
5450,49600,49604.0,D6,D4,heartbeat,40,485,,8,,,,,D6,benign,
5450,49600,49604.0,D6,D7,heartbeat,40,485,,8,,,,,D6,benign,
5450,49600,49605.0,D6,D2,heartbeat,40,485,,8,,,,,D6,benign,
5450,49600,49605.0,D6,D5,heartbeat,40,485,,8,,,,,D6,benign,
5465,49610,49613.0,D5,D1,video,1214,798,2bf19c80c1e9637e,8,True,,,,D5,benign,
5461,49615,49617.0,D3,D1,telemetry,104,997,0b0d3639671194bd,8,True,,,,D3,benign,
5470,49616,49620.0,D6,D1,video,1242,491,281f9c5a07d6f96a,8,True,,,,D6,benign,
5469,49619,49622.0,D6,D1,telemetry,103,490,281f9c5a07d6f96a,8,True,,,,D6,benign,
5463,49634,49636.0,D5,D7,heartbeat,34,796,,8,,,,,D5,benign,
5463,49634,49636.0,D5,D9,heartbeat,34,796,,8,,,,,D5,benign,
5463,49634,49637.0,D5,D1,heartbeat,34,796,,8,,,,,D5,benign,
5463,49634,49637.0,D5,D3,heartbeat,34,796,,8,,,,,D5,benign,
5463,49634,49637.0,D5,D6,heartbeat,34,796,,8,,,,,D5,benign,
5463,49634,49637.0,D5,D10,heartbeat,34,796,,8,,,,,D5,benign,
5463,49634,49638.0,D5,D2,heartbeat,34,796,,8,,,,,D5,benign,
5463,49634,49638.0,D5,D4,heartbeat,34,796,,8,,,,,D5,benign,
5463,49634,49639.0,D5,D8,heartbeat,34,796,,8,,,,,D5,benign,
5471,49652,49655.0,D6,D1,video,1092,492,281f9c5a07d6f96a,8,True,,,,D6,benign,
5466,49654,49656.0,D5,D1,video,1055,799,2bf19c80c1e9637e,8,True,,,,D5,benign,
5474,49655,49657.0,D8,D2,heartbeat,36,644,,8,,,,,D8,benign,
5474,49655,49657.0,D8,D4,heartbeat,36,644,,8,,,,,D8,benign,
5474,49655,49657.0,D8,D6,heartbeat,36,644,,8,,,,,D8,benign,
5474,49655,49657.0,D8,D7,heartbeat,36,644,,8,,,,,D8,benign,
5474,49655,49657.0,D8,D10,heartbeat,36,644,,8,,,,,D8,benign,
5474,49655,49658.0,D8,D1,heartbeat,36,644,,8,,,,,D8,benign,
5474,49655,49658.0,D8,D5,heartbeat,36,644,,8,,,,,D8,benign,
5474,49655,49658.0,D8,D9,heartbeat,36,644,,8,,,,,D8,benign,
5475,49670,49673.0,D10,D1,telemetry,120,398,40ef7baf8478636a,8,True,,,,D10,benign,
5472,49679,49682.0,D6,D1,video,1126,493,281f9c5a07d6f96a,8,True,,,,D6,benign,
5467,49684,49687.0,D5,D1,video,1104,800,2bf19c80c1e9637e,8,True,,,,D5,benign,
5464,49685,49688.0,D5,D1,telemetry,126,797,2bf19c80c1e9637e,8,True,,,,D5,benign,
5462,49687,49691.0,D4,D1,telemetry,128,379,f43e01bd8adbee91,8,True,,,,D4,benign,
5468,49694,49698.0,D5,D1,video,993,801,2bf19c80c1e9637e,8,True,,,,D5,benign,
5473,49698,49701.0,D7,D1,telemetry,140,841,7d040a48e7a09e48,8,True,,,,D7,benign,
5479,49715,49718.0,D6,D1,video,1082,494,281f9c5a07d6f96a,8,True,,,,D6,benign,
5477,49716,49720.0,D5,D1,video,1186,802,2bf19c80c1e9637e,8,True,,,,D5,benign,
5484,49721,49723.0,D9,D1,telemetry,114,373,0d8e047042e48d0d,8,True,,,,D9,benign,
5476,49745,49748.0,D2,D1,telemetry,125,381,7d974260e559afb3,8,True,,,,D2,benign,
5478,49746,49749.0,D5,D1,video,1053,803,2bf19c80c1e9637e,8,True,,,,D5,benign,
5480,49747,49751.0,D6,D1,video,1187,495,281f9c5a07d6f96a,8,True,,,,D6,benign,
5483,49766,49769.0,D8,D1,telemetry,148,645,b53aa76c919f2b60,8,True,,,,D8,benign,
5481,49785,49788.0,D6,D1,video,983,496,281f9c5a07d6f96a,8,True,,,,D6,benign,
5482,49786,49789.0,D6,D1,video,1079,497,281f9c5a07d6f96a,8,True,,,,D6,benign,
5485,49802,49806.0,D3,D1,telemetry,138,998,0b0d3639671194bd,8,True,,,,D3,benign,
5488,49804,49806.0,D5,D1,video,964,805,2bf19c80c1e9637e,8,True,,,,D5,benign,
5492,49838,49840.0,D10,D1,telemetry,107,399,40ef7baf8478636a,8,True,,,,D10,benign,
5489,49839,49842.0,D5,D1,video,1013,806,2bf19c80c1e9637e,8,True,,,,D5,benign,
5490,49846,49849.0,D6,D1,telemetry,118,498,281f9c5a07d6f96a,8,True,,,,D6,benign,
5486,49864,49867.0,D4,D1,telemetry,133,380,f43e01bd8adbee91,8,True,,,,D4,benign,
5491,49873,49875.0,D7,D1,telemetry,124,842,7d040a48e7a09e48,8,True,,,,D7,benign,
5487,49881,49883.0,D5,D1,telemetry,144,804,2bf19c80c1e9637e,8,True,,,,D5,benign,
5504,49911,49914.0,D9,D1,telemetry,120,374,0d8e047042e48d0d,8,True,,,,D9,benign,
5493,49922,49925.0,D2,D1,telemetry,111,382,7d974260e559afb3,8,True,,,,D2,benign,
5496,49924,49927.0,D5,D1,video,1013,807,2bf19c80c1e9637e,8,True,,,,D5,benign,
5500,49924,49928.0,D6,D1,video,1163,499,281f9c5a07d6f96a,8,True,,,,D6,benign,
5501,49951,49954.0,D6,D1,video,906,500,281f9c5a07d6f96a,8,True,,,,D6,benign,
5497,49953,49958.0,D5,D1,video,1061,808,2bf19c80c1e9637e,8,True,,,,D5,benign,
5503,49958,49961.0,D8,D1,telemetry,127,646,b53aa76c919f2b60,8,True,,,,D8,benign,
5494,49963,49965.0,D3,D1,heartbeat,38,999,,8,,,,,D3,benign,
5494,49963,49965.0,D3,D2,heartbeat,38,999,,8,,,,,D3,benign,
5494,49963,49965.0,D3,D4,heartbeat,38,999,,8,,,,,D3,benign,
5494,49963,49965.0,D3,D9,heartbeat,38,999,,8,,,,,D3,benign,
5494,49963,49966.0,D3,D5,heartbeat,38,999,,8,,,,,D3,benign,
5494,49963,49966.0,D3,D10,heartbeat,38,999,,8,,,,,D3,benign,
5502,49964,49967.0,D6,D1,video,1083,501,281f9c5a07d6f96a,8,True,,,,D6,benign,
5498,49972,49978.0,D5,D1,video,1191,809,2bf19c80c1e9637e,8,True,,,,D5,benign,
5499,49979,49983.0,D5,D1,video,1271,810,2bf19c80c1e9637e,8,True,,,,D5,benign,
5495,49999,50001.0,D3,D1,telemetry,118,1000,0b0d3639671194bd,8,True,,,,D3,benign,
5505,50008,50010.0,D1,D2,heartbeat,41,171,,8,,,,,D1,benign,
5505,50008,50010.0,D1,D3,heartbeat,41,171,,8,,,,,D1,benign,
5505,50008,50010.0,D1,D7,heartbeat,41,171,,8,,,,,D1,benign,
5505,50008,50010.0,D1,D10,heartbeat,41,171,,8,,,,,D1,benign,
5505,50008,50011.0,D1,D4,heartbeat,41,171,,8,,,,,D1,benign,
5505,50008,50011.0,D1,D5,heartbeat,41,171,,8,,,,,D1,benign,
5505,50008,50011.0,D1,D8,heartbeat,41,171,,8,,,,,D1,benign,
5505,50008,50012.0,D1,D6,heartbeat,41,171,,8,,,,,D1,benign,
5505,50008,50012.0,D1,D9,heartbeat,41,171,,8,,,,,D1,benign,
5509,50010,50013.0,D5,D1,video,1164,812,2bf19c80c1e9637e,8,True,,,,D5,benign,
5506,50016,50018.0,D1,D8,command,77,172,b53aa76c919f2b60,8,True,,,,D1,benign,
5520,50016,50018.0,D10,D1,telemetry,109,400,40ef7baf8478636a,8,True,,,,D10,benign,
5510,50023,50027.0,D5,D1,video,1193,813,2bf19c80c1e9637e,8,True,,,,D5,benign,
5519,50044,50047.0,D7,D1,telemetry,137,843,7d040a48e7a09e48,8,True,,,,D7,benign,
5507,50054,50057.0,D4,D1,telemetry,135,381,f43e01bd8adbee91,8,True,,,,D4,benign,
5511,50055,50058.0,D5,D1,video,1213,814,2bf19c80c1e9637e,8,True,,,,D5,benign,
5518,50058,50061.0,D6,D1,video,995,503,281f9c5a07d6f96a,8,True,,,,D6,benign,
5512,50061,50064.0,D5,D1,video,1049,815,2bf19c80c1e9637e,8,True,,,,D5,benign,
5513,50066,50068.0,D5,D1,video,1024,816,2bf19c80c1e9637e,8,True,,,,D5,benign,
5514,50068,50072.0,D5,D1,video,999,817,2bf19c80c1e9637e,8,True,,,,D5,benign,
5508,50079,50081.0,D5,D1,telemetry,128,811,2bf19c80c1e9637e,8,True,,,,D5,benign,
5517,50081,50083.0,D6,D1,telemetry,112,502,281f9c5a07d6f96a,8,True,,,,D6,benign,
5515,50090,50092.0,D5,D1,video,826,818,2bf19c80c1e9637e,8,True,,,,D5,benign,
5516,50097,50102.0,D5,D1,video,1297,819,2bf19c80c1e9637e,8,True,,,,D5,benign,
5522,50100,50102.0,D3,D1,trust_report,136,1001,0b0d3639671194bd,8,True,,,,D3,benign,
5524,50100,50102.0,D5,D1,trust_report,136,820,2bf19c80c1e9637e,8,True,,,,D5,benign,
5529,50100,50102.0,D10,D1,trust_report,136,401,40ef7baf8478636a,8,True,,,,D10,benign,
5523,50100,50103.0,D4,D1,trust_report,136,382,f43e01bd8adbee91,8,True,,,,D4,benign,
5526,50100,50103.0,D7,D1,trust_report,136,844,7d040a48e7a09e48,8,True,,,,D7,benign,
5521,50100,50104.0,D2,D1,trust_report,136,383,7d974260e559afb3,8,True,,,,D2,benign,
5525,50100,50104.0,D6,D1,trust_report,136,504,281f9c5a07d6f96a,8,True,,,,D6,benign,
5527,50100,50104.0,D8,D1,trust_report,136,647,b53aa76c919f2b60,8,True,,,,D8,benign,
5528,50100,50104.0,D9,D1,trust_report,136,375,0d8e047042e48d0d,8,True,,,,D9,benign,
5540,50101,50105.0,D9,D1,telemetry,156,376,0d8e047042e48d0d,8,True,,,,D9,benign,
5530,50110,50114.0,D2,D1,telemetry,115,384,7d974260e559afb3,8,True,,,,D2,benign,
5535,50116,50119.0,D6,D1,video,1198,505,281f9c5a07d6f96a,8,True,,,,D6,benign,
5532,50140,50143.0,D5,D1,video,1229,821,2bf19c80c1e9637e,8,True,,,,D5,benign,
5539,50140,50143.0,D8,D1,telemetry,131,648,b53aa76c919f2b60,8,True,,,,D8,benign,
5536,50169,50172.0,D6,D1,video,1246,506,281f9c5a07d6f96a,8,True,,,,D6,benign,
5541,50180,50182.0,D10,D1,telemetry,109,402,40ef7baf8478636a,8,True,,,,D10,benign,
5537,50185,50189.0,D6,D1,video,1106,507,281f9c5a07d6f96a,8,True,,,,D6,benign,
5533,50187,50190.0,D5,D1,video,1150,822,2bf19c80c1e9637e,8,True,,,,D5,benign,
5538,50187,50190.0,D6,D1,video,957,508,281f9c5a07d6f96a,8,True,,,,D6,benign,
5531,50194,50197.0,D3,D1,telemetry,121,1002,0b0d3639671194bd,8,True,,,,D3,benign,
5534,50197,50201.0,D5,D1,video,1105,823,2bf19c80c1e9637e,8,True,,,,D5,benign,
5547,50204,50207.0,D6,D1,video,978,509,281f9c5a07d6f96a,8,True,,,,D6,benign,
5544,50218,50220.0,D4,D1,heartbeat,36,383,,8,,,,,D4,benign,
5544,50218,50220.0,D4,D2,heartbeat,36,383,,8,,,,,D4,benign,
5544,50218,50220.0,D4,D3,heartbeat,36,383,,8,,,,,D4,benign,
5544,50218,50220.0,D4,D9,heartbeat,36,383,,8,,,,,D4,benign,
5544,50218,50220.0,D4,D10,heartbeat,36,383,,8,,,,,D4,benign,
5544,50218,50221.0,D4,D6,heartbeat,36,383,,8,,,,,D4,benign,
5544,50218,50221.0,D4,D7,heartbeat,36,383,,8,,,,,D4,benign,
5544,50218,50221.0,D4,D8,heartbeat,36,383,,8,,,,,D4,benign,
5544,50218,50222.0,D4,D5,heartbeat,36,383,,8,,,,,D4,benign,
5549,50222,50224.0,D7,D1,telemetry,111,845,7d040a48e7a09e48,8,True,,,,D7,benign,
5548,50225,50228.0,D6,D1,video,965,510,281f9c5a07d6f96a,8,True,,,,D6,benign,
5545,50242,50245.0,D4,D1,telemetry,118,384,f43e01bd8adbee91,8,True,,,,D4,benign,
5542,50255,50257.0,D2,D3,heartbeat,45,385,,8,,,,,D2,benign,
5542,50255,50257.0,D2,D4,heartbeat,45,385,,8,,,,,D2,benign,
5542,50255,50257.0,D2,D5,heartbeat,45,385,,8,,,,,D2,benign,
5542,50255,50257.0,D2,D6,heartbeat,45,385,,8,,,,,D2,benign,
5542,50255,50257.0,D2,D9,heartbeat,45,385,,8,,,,,D2,benign,
5542,50255,50258.0,D2,D7,heartbeat,45,385,,8,,,,,D2,benign,
5542,50255,50258.0,D2,D10,heartbeat,45,385,,8,,,,,D2,benign,
5542,50255,50259.0,D2,D1,heartbeat,45,385,,8,,,,,D2,benign,
5542,50255,50260.0,D2,D8,heartbeat,45,385,,8,,,,,D2,benign,
5550,50289,50291.0,D9,D1,telemetry,133,377,0d8e047042e48d0d,8,True,,,,D9,benign,
5546,50290,50293.0,D5,D1,telemetry,127,824,2bf19c80c1e9637e,8,True,,,,D5,benign,
5543,50295,50299.0,D2,D1,telemetry,122,386,7d974260e559afb3,8,True,,,,D2,benign,
5558,50378,,D9,D6,heartbeat,35,378,,8,,,,channel_loss,D9,benign,
5555,50312,50315.0,D6,D1,telemetry,114,511,281f9c5a07d6f96a,8,True,,,,D6,benign,
5552,50326,50329.0,D5,D1,video,1305,825,2bf19c80c1e9637e,8,True,,,,D5,benign,
5557,50330,50333.0,D8,D1,telemetry,148,649,b53aa76c919f2b60,8,True,,,,D8,benign,
5553,50342,50345.0,D5,D1,video,1300,826,2bf19c80c1e9637e,8,True,,,,D5,benign,
5559,50351,50353.0,D10,D1,telemetry,138,403,40ef7baf8478636a,8,True,,,,D10,benign,
5558,50378,50380.0,D9,D1,heartbeat,35,378,,8,,,,,D9,benign,
5558,50378,50380.0,D9,D2,heartbeat,35,378,,8,,,,,D9,benign,
5558,50378,50380.0,D9,D3,heartbeat,35,378,,8,,,,,D9,benign,
5558,50378,50380.0,D9,D7,heartbeat,35,378,,8,,,,,D9,benign,
5558,50378,50380.0,D9,D8,heartbeat,35,378,,8,,,,,D9,benign,
5558,50378,50381.0,D9,D5,heartbeat,35,378,,8,,,,,D9,benign,
5558,50378,50381.0,D9,D10,heartbeat,35,378,,8,,,,,D9,benign,
5558,50378,50382.0,D9,D4,heartbeat,35,378,,8,,,,,D9,benign,
5551,50379,50382.0,D3,D1,telemetry,106,1003,0b0d3639671194bd,8,True,,,,D3,benign,
5556,50392,50395.0,D7,D1,telemetry,118,846,7d040a48e7a09e48,8,True,,,,D7,benign,
5554,50392,50396.0,D5,D1,video,1234,827,2bf19c80c1e9637e,8,True,,,,D5,benign,
5561,50425,50428.0,D4,D1,telemetry,131,385,f43e01bd8adbee91,8,True,,,,D4,benign,
5563,50444,50447.0,D5,D1,video,1057,829,2bf19c80c1e9637e,8,True,,,,D5,benign,
5564,50469,50472.0,D5,D1,video,1043,830,2bf19c80c1e9637e,8,True,,,,D5,benign,
5565,50470,50473.0,D9,D1,telemetry,118,379,0d8e047042e48d0d,8,True,,,,D9,benign,
5560,50479,50483.0,D2,D1,telemetry,103,387,7d974260e559afb3,8,True,,,,D2,benign,
5562,50489,50492.0,D5,D1,telemetry,105,828,2bf19c80c1e9637e,8,True,,,,D5,benign,
5569,50549,,D7,D5,heartbeat,40,847,,8,,,,channel_loss,D7,benign,
5571,50517,50520.0,D8,D1,telemetry,138,650,b53aa76c919f2b60,8,True,,,,D8,benign,
5572,50520,50522.0,D10,D1,telemetry,116,404,40ef7baf8478636a,8,True,,,,D10,benign,
5569,50549,50551.0,D7,D2,heartbeat,40,847,,8,,,,,D7,benign,
5569,50549,50551.0,D7,D4,heartbeat,40,847,,8,,,,,D7,benign,
5569,50549,50551.0,D7,D6,heartbeat,40,847,,8,,,,,D7,benign,
5569,50549,50551.0,D7,D9,heartbeat,40,847,,8,,,,,D7,benign,
5569,50549,50552.0,D7,D1,heartbeat,40,847,,8,,,,,D7,benign,
5569,50549,50552.0,D7,D10,heartbeat,40,847,,8,,,,,D7,benign,
5569,50549,50553.0,D7,D8,heartbeat,40,847,,8,,,,,D7,benign,
5568,50552,50555.0,D6,D1,telemetry,120,512,281f9c5a07d6f96a,8,True,,,,D6,benign,
5570,50563,50565.0,D7,D1,telemetry,143,848,7d040a48e7a09e48,8,True,,,,D7,benign,
5566,50579,50582.0,D3,D1,telemetry,108,1004,0b0d3639671194bd,8,True,,,,D3,benign,
5567,50578,50583.0,D5,D1,video,1018,831,2bf19c80c1e9637e,8,True,,,,D5,benign,
5581,50636,,D10,D6,heartbeat,40,405,,8,,,,channel_loss,D10,benign,
5574,50610,50614.0,D4,D1,telemetry,131,386,f43e01bd8adbee91,8,True,,,,D4,benign,
5575,50616,50618.0,D5,D2,heartbeat,33,832,,8,,,,,D5,benign,
5575,50616,50619.0,D5,D1,heartbeat,33,832,,8,,,,,D5,benign,
5575,50616,50619.0,D5,D3,heartbeat,33,832,,8,,,,,D5,benign,
5575,50616,50619.0,D5,D6,heartbeat,33,832,,8,,,,,D5,benign,
5575,50616,50619.0,D5,D7,heartbeat,33,832,,8,,,,,D5,benign,
5575,50616,50619.0,D5,D8,heartbeat,33,832,,8,,,,,D5,benign,
5575,50616,50620.0,D5,D4,heartbeat,33,832,,8,,,,,D5,benign,
5575,50616,50620.0,D5,D9,heartbeat,33,832,,8,,,,,D5,benign,
5575,50616,50620.0,D5,D10,heartbeat,33,832,,8,,,,,D5,benign,
5579,50618,50620.0,D8,D10,heartbeat,39,651,,8,,,,,D8,benign,
5579,50618,50621.0,D8,D1,heartbeat,39,651,,8,,,,,D8,benign,
5579,50618,50621.0,D8,D2,heartbeat,39,651,,8,,,,,D8,benign,
5579,50618,50621.0,D8,D5,heartbeat,39,651,,8,,,,,D8,benign,
5579,50618,50621.0,D8,D7,heartbeat,39,651,,8,,,,,D8,benign,
5579,50618,50622.0,D8,D4,heartbeat,39,651,,8,,,,,D8,benign,
5579,50618,50622.0,D8,D6,heartbeat,39,651,,8,,,,,D8,benign,
5579,50618,50622.0,D8,D9,heartbeat,39,651,,8,,,,,D8,benign,
5578,50621,50623.0,D6,D1,heartbeat,44,513,,8,,,,,D6,benign,
5578,50621,50623.0,D6,D5,heartbeat,44,513,,8,,,,,D6,benign,
5578,50621,50623.0,D6,D7,heartbeat,44,513,,8,,,,,D6,benign,
5578,50621,50624.0,D6,D2,heartbeat,44,513,,8,,,,,D6,benign,
5578,50621,50624.0,D6,D4,heartbeat,44,513,,8,,,,,D6,benign,
5578,50621,50624.0,D6,D8,heartbeat,44,513,,8,,,,,D6,benign,
5578,50621,50624.0,D6,D9,heartbeat,44,513,,8,,,,,D6,benign,
5578,50621,50625.0,D6,D10,heartbeat,44,513,,8,,,,,D6,benign,
5581,50636,50638.0,D10,D3,heartbeat,40,405,,8,,,,,D10,benign,
5581,50636,50638.0,D10,D4,heartbeat,40,405,,8,,,,,D10,benign,
5581,50636,50638.0,D10,D5,heartbeat,40,405,,8,,,,,D10,benign,
5581,50636,50638.0,D10,D7,heartbeat,40,405,,8,,,,,D10,benign,
5581,50636,50639.0,D10,D1,heartbeat,40,405,,8,,,,,D10,benign,
5581,50636,50639.0,D10,D2,heartbeat,40,405,,8,,,,,D10,benign,
5581,50636,50639.0,D10,D8,heartbeat,40,405,,8,,,,,D10,benign,
5581,50636,50639.0,D10,D9,heartbeat,40,405,,8,,,,,D10,benign,
5577,50647,50650.0,D5,D1,video,1360,834,2bf19c80c1e9637e,8,True,,,,D5,benign,
5580,50664,50666.0,D9,D1,telemetry,134,380,0d8e047042e48d0d,8,True,,,,D9,benign,
5583,50677,50680.0,D2,D1,auth_request,152,389,,8,,True,,,D2,benign,
5582,50686,50689.0,D10,D1,telemetry,128,406,40ef7baf8478636a,8,True,,,,D10,benign,
5585,50695,50697.0,D1,D3,rl_broadcast,32,174,,8,,,,,D1,benign,
5585,50695,50697.0,D1,D4,rl_broadcast,32,174,,8,,,,,D1,benign,
5585,50695,50697.0,D1,D7,rl_broadcast,32,174,,8,,,,,D1,benign,
5585,50695,50697.0,D1,D10,rl_broadcast,32,174,,8,,,,,D1,benign,
5576,50695,50698.0,D5,D1,telemetry,107,833,2bf19c80c1e9637e,8,True,,,,D5,benign,
5584,50695,50698.0,D1,D2,auth_response,152,173,,8,,True,,,D1,benign,
5585,50695,50698.0,D1,D5,rl_broadcast,32,174,,8,,,,,D1,benign,
5585,50695,50698.0,D1,D6,rl_broadcast,32,174,,8,,,,,D1,benign,
5585,50695,50698.0,D1,D8,rl_broadcast,32,174,,8,,,,,D1,benign,
5585,50695,50698.0,D1,D9,rl_broadcast,32,174,,8,,,,,D1,benign,
5585,50695,50699.0,D1,D2,rl_broadcast,32,174,,8,,,,,D1,benign,
5573,50698,50701.0,D2,D1,telemetry,142,388,edb1fe519173a5b1,8,True,,,,D2,benign,
5591,50706,50709.0,D8,D1,telemetry,135,652,b53aa76c919f2b60,8,True,,,,D8,benign,
5590,50732,50735.0,D7,D1,telemetry,129,849,7d040a48e7a09e48,8,True,,,,D7,benign,
5587,50736,50739.0,D5,D1,video,1141,835,2bf19c80c1e9637e,8,True,,,,D5,benign,
5586,50773,50776.0,D3,D1,telemetry,124,1005,0b0d3639671194bd,8,True,,,,D3,benign,
5588,50787,50790.0,D5,D1,video,1041,836,2bf19c80c1e9637e,8,True,,,,D5,benign,
5594,50801,50804.0,D4,D1,telemetry,111,387,f43e01bd8adbee91,8,True,,,,D4,benign,
5592,50813,50816.0,D6,D1,auth_request,152,515,,8,,True,,,D6,benign,
5595,50825,50829.0,D5,D1,video,1192,837,2bf19c80c1e9637e,8,True,,,,D5,benign,
5602,50831,50833.0,D1,D5,rl_broadcast,32,176,,8,,,,,D1,benign,
5602,50831,50833.0,D1,D6,rl_broadcast,32,176,,8,,,,,D1,benign,
5602,50831,50833.0,D1,D8,rl_broadcast,32,176,,8,,,,,D1,benign,
5602,50831,50834.0,D1,D2,rl_broadcast,32,176,,8,,,,,D1,benign,
5602,50831,50834.0,D1,D4,rl_broadcast,32,176,,8,,,,,D1,benign,
5602,50831,50834.0,D1,D9,rl_broadcast,32,176,,8,,,,,D1,benign,
5602,50831,50834.0,D1,D10,rl_broadcast,32,176,,8,,,,,D1,benign,
5601,50831,50835.0,D1,D6,auth_response,152,175,,8,,True,,,D1,benign,
5602,50831,50835.0,D1,D3,rl_broadcast,32,176,,8,,,,,D1,benign,
5602,50831,50835.0,D1,D7,rl_broadcast,32,176,,8,,,,,D1,benign,
5589,50835,50838.0,D6,D1,telemetry,132,514,b3f1d0b5ada62baa,8,True,,,,D6,benign,
5593,50839,50842.0,D2,D1,telemetry,93,390,edb1fe519173a5b1,8,True,,,,D2,benign,
5598,50841,50844.0,D9,D1,telemetry,124,381,0d8e047042e48d0d,8,True,,,,D9,benign,
5600,50871,50873.0,D10,D1,auth_request,152,408,,8,,True,,,D10,benign,
5597,50887,50889.0,D8,D1,telemetry,136,653,b53aa76c919f2b60,8,True,,,,D8,benign,
5603,50888,50890.0,D1,D10,auth_response,152,177,,8,,True,,,D1,benign,
5604,50888,50890.0,D1,D9,rl_broadcast,32,178,,8,,,,,D1,benign,
5596,50887,50891.0,D5,D1,video,1158,838,2bf19c80c1e9637e,8,True,,,,D5,benign,
5604,50888,50891.0,D1,D2,rl_broadcast,32,178,,8,,,,,D1,benign,
5604,50888,50891.0,D1,D3,rl_broadcast,32,178,,8,,,,,D1,benign,
5604,50888,50891.0,D1,D4,rl_broadcast,32,178,,8,,,,,D1,benign,
5604,50888,50891.0,D1,D5,rl_broadcast,32,178,,8,,,,,D1,benign,
5604,50888,50891.0,D1,D7,rl_broadcast,32,178,,8,,,,,D1,benign,
5604,50888,50891.0,D1,D8,rl_broadcast,32,178,,8,,,,,D1,benign,
5604,50888,50891.0,D1,D10,rl_broadcast,32,178,,8,,,,,D1,benign,
5604,50888,50892.0,D1,D6,rl_broadcast,32,178,,8,,,,,D1,benign,
5599,50890,50892.0,D10,D1,telemetry,116,407,870d1015ea2b65ed,8,True,,,,D10,benign,
5608,50902,50904.0,D5,D1,telemetry,124,839,2bf19c80c1e9637e,8,True,,,,D5,benign,
5609,50905,50908.0,D5,D1,video,1201,840,2bf19c80c1e9637e,8,True,,,,D5,benign,
5618,50936,,D1,D7,auth_response,152,179,,8,,,,channel_loss,D1,benign,
5616,50919,50921.0,D7,D1,auth_request,152,851,,8,,True,,,D7,benign,
5610,50928,50931.0,D5,D1,video,1026,841,2bf19c80c1e9637e,8,True,,,,D5,benign,
5611,50930,50933.0,D5,D1,video,1085,842,2bf19c80c1e9637e,8,True,,,,D5,benign,
5619,50936,50938.0,D1,D4,rl_broadcast,32,180,,8,,,,,D1,benign,
5619,50936,50938.0,D1,D5,rl_broadcast,32,180,,8,,,,,D1,benign,
5619,50936,50938.0,D1,D9,rl_broadcast,32,180,,8,,,,,D1,benign,
5619,50936,50939.0,D1,D2,rl_broadcast,32,180,,8,,,,,D1,benign,
5619,50936,50939.0,D1,D3,rl_broadcast,32,180,,8,,,,,D1,benign,
5619,50936,50939.0,D1,D6,rl_broadcast,32,180,,8,,,,,D1,benign,
5619,50936,50939.0,D1,D7,rl_broadcast,32,180,,8,,,,,D1,benign,
5619,50936,50939.0,D1,D8,rl_broadcast,32,180,,8,,,,,D1,benign,
5619,50936,50939.0,D1,D10,rl_broadcast,32,180,,8,,,,,D1,benign,
5606,50959,50962.0,D3,D1,telemetry,122,1007,0b0d3639671194bd,8,True,,,,D3,benign,
5612,50959,50962.0,D5,D1,video,1140,843,2bf19c80c1e9637e,8,True,,,,D5,benign,
5605,50965,50967.0,D3,D9,heartbeat,44,1006,,8,,,,,D3,benign,
5605,50965,50967.0,D3,D10,heartbeat,44,1006,,8,,,,,D3,benign,
5605,50965,50968.0,D3,D1,heartbeat,44,1006,,8,,,,,D3,benign,
5605,50965,50968.0,D3,D2,heartbeat,44,1006,,8,,,,,D3,benign,
5605,50965,50968.0,D3,D4,heartbeat,44,1006,,8,,,,,D3,benign,
5605,50965,50968.0,D3,D5,heartbeat,44,1006,,8,,,,,D3,benign,
5613,50972,50975.0,D5,D1,video,1093,844,2bf19c80c1e9637e,8,True,,,,D5,benign,
5614,50976,50979.0,D5,D1,video,958,845,2bf19c80c1e9637e,8,True,,,,D5,benign,
5617,50999,51003.0,D4,D1,auth_request,152,389,,8,,True,,,D4,benign,
5620,51013,51015.0,D1,D5,heartbeat,41,181,,8,,,,,D1,benign,
5620,51013,51016.0,D1,D6,heartbeat,41,181,,8,,,,,D1,benign,
5620,51013,51016.0,D1,D7,heartbeat,41,181,,8,,,,,D1,benign,
5620,51013,51016.0,D1,D8,heartbeat,41,181,,8,,,,,D1,benign,
5620,51013,51016.0,D1,D9,heartbeat,41,181,,8,,,,,D1,benign,
5620,51013,51016.0,D1,D10,heartbeat,41,181,,8,,,,,D1,benign,
5620,51013,51017.0,D1,D2,heartbeat,41,181,,8,,,,,D1,benign,
5620,51013,51017.0,D1,D3,heartbeat,41,181,,8,,,,,D1,benign,
5620,51013,51017.0,D1,D4,heartbeat,41,181,,8,,,,,D1,benign,
5632,51018,51020.0,D1,D4,auth_response,152,182,,8,,True,,,D1,benign,
5633,51018,51020.0,D1,D3,rl_broadcast,32,183,,8,,,,,D1,benign,
5633,51018,51020.0,D1,D9,rl_broadcast,32,183,,8,,,,,D1,benign,
5633,51018,51021.0,D1,D2,rl_broadcast,32,183,,8,,,,,D1,benign,
5633,51018,51021.0,D1,D4,rl_broadcast,32,183,,8,,,,,D1,benign,
5633,51018,51021.0,D1,D6,rl_broadcast,32,183,,8,,,,,D1,benign,
5633,51018,51021.0,D1,D7,rl_broadcast,32,183,,8,,,,,D1,benign,
5633,51018,51021.0,D1,D8,rl_broadcast,32,183,,8,,,,,D1,benign,
5633,51018,51022.0,D1,D5,rl_broadcast,32,183,,8,,,,,D1,benign,
5633,51018,51022.0,D1,D10,rl_broadcast,32,183,,8,,,,,D1,benign,
5607,51020,51022.0,D4,D1,telemetry,110,388,241fc78a6a1a3717,8,True,,,,D4,benign,
5621,51020,51023.0,D2,D1,telemetry,125,391,edb1fe519173a5b1,8,True,,,,D2,benign,
5629,51022,51024.0,D10,D1,telemetry,127,409,870d1015ea2b65ed,8,True,,,,D10,benign,
5625,51035,51038.0,D6,D1,telemetry,95,516,b3f1d0b5ada62baa,8,True,,,,D6,benign,
5630,51040,51042.0,D9,D1,auth_request,152,383,,8,,True,,,D9,benign,
5635,51057,51059.0,D1,D2,rl_broadcast,32,185,,8,,,,,D1,benign,
5635,51057,51059.0,D1,D3,rl_broadcast,32,185,,8,,,,,D1,benign,
5635,51057,51059.0,D1,D7,rl_broadcast,32,185,,8,,,,,D1,benign,
5635,51057,51059.0,D1,D10,rl_broadcast,32,185,,8,,,,,D1,benign,
5634,51057,51060.0,D1,D9,auth_response,152,184,,8,,True,,,D1,benign,
5635,51057,51060.0,D1,D4,rl_broadcast,32,185,,8,,,,,D1,benign,
5635,51057,51060.0,D1,D5,rl_broadcast,32,185,,8,,,,,D1,benign,
5635,51057,51060.0,D1,D6,rl_broadcast,32,185,,8,,,,,D1,benign,
5635,51057,51060.0,D1,D9,rl_broadcast,32,185,,8,,,,,D1,benign,
5635,51057,51061.0,D1,D8,rl_broadcast,32,185,,8,,,,,D1,benign,
5628,51060,51062.0,D9,D1,telemetry,142,382,4bf42ca8f0c32320,8,True,,,,D9,benign,
5622,51064,51067.0,D5,D1,video,1166,846,2bf19c80c1e9637e,8,True,,,,D5,benign,
5631,51086,51088.0,D8,D1,auth_request,152,655,,8,,True,,,D8,benign,
5623,51089,51092.0,D5,D1,video,1056,847,2bf19c80c1e9637e,8,True,,,,D5,benign,
5624,51096,51100.0,D5,D1,video,1069,848,2bf19c80c1e9637e,8,True,,,,D5,benign,
5640,51100,51102.0,D4,D1,trust_report,136,390,241fc78a6a1a3717,8,True,,,,D4,benign,
5646,51100,51102.0,D10,D1,trust_report,136,410,870d1015ea2b65ed,8,True,,,,D10,benign,
5639,51100,51103.0,D3,D1,trust_report,136,1008,0b0d3639671194bd,8,True,,,,D3,benign,
5641,51100,51103.0,D5,D1,trust_report,136,849,2bf19c80c1e9637e,8,True,,,,D5,benign,
5642,51100,51103.0,D6,D1,trust_report,136,517,b3f1d0b5ada62baa,8,True,,,,D6,benign,
5645,51100,51103.0,D9,D1,trust_report,136,384,4bf42ca8f0c32320,8,True,,,,D9,benign,
5638,51100,51104.0,D2,D1,trust_report,136,392,edb1fe519173a5b1,8,True,,,,D2,benign,
5637,51103,51105.0,D1,D2,rl_broadcast,32,187,,8,,,,,D1,benign,
5637,51103,51105.0,D1,D3,rl_broadcast,32,187,,8,,,,,D1,benign,
5637,51103,51105.0,D1,D10,rl_broadcast,32,187,,8,,,,,D1,benign,
5650,51102,51105.0,D5,D1,telemetry,110,850,2bf19c80c1e9637e,8,True,,,,D5,benign,
5636,51103,51106.0,D1,D8,auth_response,152,186,,8,,True,,,D1,benign,
5637,51103,51106.0,D1,D4,rl_broadcast,32,187,,8,,,,,D1,benign,
5637,51103,51106.0,D1,D5,rl_broadcast,32,187,,8,,,,,D1,benign,
5637,51103,51106.0,D1,D7,rl_broadcast,32,187,,8,,,,,D1,benign,
5637,51103,51106.0,D1,D8,rl_broadcast,32,187,,8,,,,,D1,benign,
5637,51103,51106.0,D1,D9,rl_broadcast,32,187,,8,,,,,D1,benign,
5637,51103,51107.0,D1,D6,rl_broadcast,32,187,,8,,,,,D1,benign,
5644,51106,51108.0,D8,D1,trust_report,136,656,8cc0d51bdad498a5,8,True,,,,D8,benign,
5627,51106,51109.0,D8,D1,telemetry,104,654,8cc0d51bdad498a5,8,True,,,,D8,benign,
5648,51141,51144.0,D3,D1,telemetry,119,1009,0b0d3639671194bd,8,True,,,,D3,benign,
5651,51141,51144.0,D5,D1,video,1087,851,2bf19c80c1e9637e,8,True,,,,D5,benign,
5649,51169,51172.0,D4,D1,telemetry,109,391,241fc78a6a1a3717,8,True,,,,D4,benign,
5653,51184,51187.0,D10,D1,telemetry,111,411,870d1015ea2b65ed,8,True,,,,D10,benign,
5652,51189,51191.0,D5,D1,video,1061,852,2bf19c80c1e9637e,8,True,,,,D5,benign,
5647,51197,51200.0,D1,D9,command,87,188,4bf42ca8f0c32320,8,True,,,,D1,benign,
5655,51202,51205.0,D2,D1,telemetry,117,394,edb1fe519173a5b1,8,True,,,,D2,benign,
5661,51208,51212.0,D9,D1,telemetry,143,385,4bf42ca8f0c32320,8,True,,,,D9,benign,
5654,51225,51227.0,D2,D4,heartbeat,33,393,,8,,,,,D2,benign,
5654,51225,51227.0,D2,D10,heartbeat,33,393,,8,,,,,D2,benign,
5654,51225,51228.0,D2,D1,heartbeat,33,393,,8,,,,,D2,benign,
5654,51225,51228.0,D2,D3,heartbeat,33,393,,8,,,,,D2,benign,
5654,51225,51228.0,D2,D5,heartbeat,33,393,,8,,,,,D2,benign,
5654,51225,51228.0,D2,D6,heartbeat,33,393,,8,,,,,D2,benign,
5654,51225,51228.0,D2,D7,heartbeat,33,393,,8,,,,,D2,benign,
5654,51225,51228.0,D2,D8,heartbeat,33,393,,8,,,,,D2,benign,
5654,51225,51229.0,D2,D9,heartbeat,33,393,,8,,,,,D2,benign,
5656,51231,51233.0,D4,D1,heartbeat,37,392,,8,,,,,D4,benign,
5656,51231,51233.0,D4,D2,heartbeat,37,392,,8,,,,,D4,benign,
5656,51231,51234.0,D4,D3,heartbeat,37,392,,8,,,,,D4,benign,
5656,51231,51234.0,D4,D5,heartbeat,37,392,,8,,,,,D4,benign,
5656,51231,51234.0,D4,D6,heartbeat,37,392,,8,,,,,D4,benign,
5656,51231,51234.0,D4,D7,heartbeat,37,392,,8,,,,,D4,benign,
5656,51231,51234.0,D4,D8,heartbeat,37,392,,8,,,,,D4,benign,
5656,51231,51234.0,D4,D9,heartbeat,37,392,,8,,,,,D4,benign,
5656,51231,51234.0,D4,D10,heartbeat,37,392,,8,,,,,D4,benign,
5660,51268,51272.0,D8,D1,telemetry,119,657,8cc0d51bdad498a5,8,True,,,,D8,benign,
5658,51275,51278.0,D6,D1,telemetry,101,518,b3f1d0b5ada62baa,8,True,,,,D6,benign,
5657,51276,51279.0,D5,D1,video,1286,853,2bf19c80c1e9637e,8,True,,,,D5,benign,
5665,51316,51318.0,D5,D1,telemetry,121,854,2bf19c80c1e9637e,8,True,,,,D5,benign,
5666,51340,51344.0,D5,D1,video,1105,855,2bf19c80c1e9637e,8,True,,,,D5,benign,
5663,51342,51346.0,D3,D1,telemetry,121,1010,0b0d3639671194bd,8,True,,,,D3,benign,
5664,51346,51348.0,D4,D1,telemetry,111,393,241fc78a6a1a3717,8,True,,,,D4,benign,
5668,51361,51364.0,D10,D1,telemetry,108,412,870d1015ea2b65ed,8,True,,,,D10,benign,
5662,51386,51388.0,D2,D1,telemetry,131,395,edb1fe519173a5b1,8,True,,,,D2,benign,
5667,51391,51395.0,D9,D1,telemetry,119,386,4bf42ca8f0c32320,8,True,,,,D9,benign,
5669,51411,51414.0,D5,D1,video,1251,856,2bf19c80c1e9637e,8,True,,,,D5,benign,
5675,51420,51422.0,D9,D3,heartbeat,43,387,,8,,,,,D9,benign,
5675,51420,51422.0,D9,D4,heartbeat,43,387,,8,,,,,D9,benign,
5675,51420,51422.0,D9,D6,heartbeat,43,387,,8,,,,,D9,benign,
5675,51420,51423.0,D9,D1,heartbeat,43,387,,8,,,,,D9,benign,
5675,51420,51423.0,D9,D5,heartbeat,43,387,,8,,,,,D9,benign,
5675,51420,51423.0,D9,D8,heartbeat,43,387,,8,,,,,D9,benign,
5675,51420,51424.0,D9,D2,heartbeat,43,387,,8,,,,,D9,benign,
5675,51420,51424.0,D9,D7,heartbeat,43,387,,8,,,,,D9,benign,
5675,51420,51424.0,D9,D10,heartbeat,43,387,,8,,,,,D9,benign,
5674,51447,51451.0,D8,D1,telemetry,127,658,8cc0d51bdad498a5,8,True,,,,D8,benign,
5670,51460,51463.0,D5,D1,video,1093,857,2bf19c80c1e9637e,8,True,,,,D5,benign,
5671,51464,51467.0,D5,D1,video,1315,858,2bf19c80c1e9637e,8,True,,,,D5,benign,
5672,51488,51491.0,D5,D1,video,880,859,2bf19c80c1e9637e,8,True,,,,D5,benign,
5684,51514,,D7,D9,heartbeat,42,856,,8,,,,channel_loss,D7,benign,
5684,51514,51516.0,D7,D1,heartbeat,42,856,,8,,,,,D7,benign,
5684,51514,51516.0,D7,D4,heartbeat,42,856,,8,,,,,D7,benign,
5684,51514,51517.0,D7,D2,heartbeat,42,856,,8,,,,,D7,benign,
5684,51514,51517.0,D7,D5,heartbeat,42,856,,8,,,,,D7,benign,
5684,51514,51517.0,D7,D6,heartbeat,42,856,,8,,,,,D7,benign,
5684,51514,51517.0,D7,D8,heartbeat,42,856,,8,,,,,D7,benign,
5684,51514,51517.0,D7,D10,heartbeat,42,856,,8,,,,,D7,benign,
5683,51515,51518.0,D6,D1,telemetry,116,520,b3f1d0b5ada62baa,8,True,,,,D6,benign,
5679,51519,51523.0,D5,D1,telemetry,139,860,2bf19c80c1e9637e,8,True,,,,D5,benign,
5678,51524,51526.0,D4,D1,telemetry,104,394,241fc78a6a1a3717,8,True,,,,D4,benign,
5687,51537,51540.0,D10,D1,telemetry,129,413,870d1015ea2b65ed,8,True,,,,D10,benign,
5677,51539,51542.0,D3,D1,telemetry,109,1011,0b0d3639671194bd,8,True,,,,D3,benign,
5676,51572,51575.0,D2,D1,telemetry,134,396,edb1fe519173a5b1,8,True,,,,D2,benign,
5686,51585,51588.0,D9,D1,telemetry,129,388,4bf42ca8f0c32320,8,True,,,,D9,benign,
5680,51590,51593.0,D5,D1,video,1036,861,2bf19c80c1e9637e,8,True,,,,D5,benign,
5681,51592,51595.0,D5,D1,video,1004,862,2bf19c80c1e9637e,8,True,,,,D5,benign,
5682,51598,51600.0,D6,D4,heartbeat,42,519,,8,,,,,D6,benign,
5682,51598,51600.0,D6,D9,heartbeat,42,519,,8,,,,,D6,benign,
5682,51598,51601.0,D6,D1,heartbeat,42,519,,8,,,,,D6,benign,
5682,51598,51601.0,D6,D2,heartbeat,42,519,,8,,,,,D6,benign,
5682,51598,51601.0,D6,D5,heartbeat,42,519,,8,,,,,D6,benign,
5682,51598,51601.0,D6,D10,heartbeat,42,519,,8,,,,,D6,benign,
5682,51598,51602.0,D6,D7,heartbeat,42,519,,8,,,,,D6,benign,
5682,51598,51602.0,D6,D8,heartbeat,42,519,,8,,,,,D6,benign,
5688,51610,51612.0,D5,D3,heartbeat,45,863,,8,,,,,D5,benign,
5688,51610,51612.0,D5,D6,heartbeat,45,863,,8,,,,,D5,benign,
5688,51610,51612.0,D5,D9,heartbeat,45,863,,8,,,,,D5,benign,
5688,51610,51613.0,D5,D1,heartbeat,45,863,,8,,,,,D5,benign,
5688,51610,51613.0,D5,D2,heartbeat,45,863,,8,,,,,D5,benign,
5688,51610,51613.0,D5,D7,heartbeat,45,863,,8,,,,,D5,benign,
5688,51610,51613.0,D5,D8,heartbeat,45,863,,8,,,,,D5,benign,
5688,51610,51613.0,D5,D10,heartbeat,45,863,,8,,,,,D5,benign,
5688,51610,51614.0,D5,D4,heartbeat,45,863,,8,,,,,D5,benign,
5691,51626,51629.0,D8,D1,telemetry,131,660,8cc0d51bdad498a5,8,True,,,,D8,benign,
5690,51633,51636.0,D8,D2,heartbeat,48,659,,8,,,,,D8,benign,
5690,51633,51636.0,D8,D4,heartbeat,48,659,,8,,,,,D8,benign,
5690,51633,51636.0,D8,D5,heartbeat,48,659,,8,,,,,D8,benign,
5690,51633,51636.0,D8,D7,heartbeat,48,659,,8,,,,,D8,benign,
5690,51633,51636.0,D8,D9,heartbeat,48,659,,8,,,,,D8,benign,
5690,51633,51636.0,D8,D10,heartbeat,48,659,,8,,,,,D8,benign,
5690,51633,51637.0,D8,D1,heartbeat,48,659,,8,,,,,D8,benign,
5690,51633,51637.0,D8,D6,heartbeat,48,659,,8,,,,,D8,benign,
5692,51645,51647.0,D10,D2,heartbeat,43,414,,8,,,,,D10,benign,
5692,51645,51647.0,D10,D4,heartbeat,43,414,,8,,,,,D10,benign,
5692,51645,51647.0,D10,D5,heartbeat,43,414,,8,,,,,D10,benign,
5692,51645,51647.0,D10,D8,heartbeat,43,414,,8,,,,,D10,benign,
5692,51645,51647.0,D10,D9,heartbeat,43,414,,8,,,,,D10,benign,
5692,51645,51648.0,D10,D1,heartbeat,43,414,,8,,,,,D10,benign,
5692,51645,51648.0,D10,D3,heartbeat,43,414,,8,,,,,D10,benign,
5692,51645,51648.0,D10,D7,heartbeat,43,414,,8,,,,,D10,benign,
5692,51645,51649.0,D10,D6,heartbeat,43,414,,8,,,,,D10,benign,
5689,51691,51695.0,D5,D1,video,1122,864,2bf19c80c1e9637e,8,True,,,,D5,benign,
5693,51698,51700.0,D10,D1,telemetry,132,415,870d1015ea2b65ed,8,True,,,,D10,benign,
5700,51755,,D6,D1,telemetry,106,521,b3f1d0b5ada62baa,8,,,,channel_loss,D6,benign,
5696,51705,51707.0,D4,D1,telemetry,106,395,241fc78a6a1a3717,8,True,,,,D4,benign,
5697,51729,51731.0,D5,D1,telemetry,126,865,2bf19c80c1e9637e,8,True,,,,D5,benign,
5698,51736,51739.0,D5,D1,video,1020,866,2bf19c80c1e9637e,8,True,,,,D5,benign,
5695,51740,51743.0,D3,D1,telemetry,119,1012,0b0d3639671194bd,8,True,,,,D3,benign,
5699,51751,51754.0,D5,D1,video,1244,867,2bf19c80c1e9637e,8,True,,,,D5,benign,
5694,51754,51756.0,D2,D1,telemetry,115,397,edb1fe519173a5b1,8,True,,,,D2,benign,
5702,51773,51776.0,D9,D1,telemetry,120,389,4bf42ca8f0c32320,8,True,,,,D9,benign,
5707,51812,51815.0,D8,D1,telemetry,155,661,8cc0d51bdad498a5,8,True,,,,D8,benign,
5704,51850,51854.0,D5,D1,video,1098,868,2bf19c80c1e9637e,8,True,,,,D5,benign,
5705,51851,51855.0,D5,D1,video,1258,869,2bf19c80c1e9637e,8,True,,,,D5,benign,
5706,51867,51870.0,D5,D1,video,996,870,2bf19c80c1e9637e,8,True,,,,D5,benign,
5708,51867,51870.0,D10,D1,telemetry,130,416,870d1015ea2b65ed,8,True,,,,D10,benign,
5703,51889,51891.0,D4,D1,telemetry,110,396,241fc78a6a1a3717,8,True,,,,D4,benign,
5713,51908,51911.0,D5,D1,video,1047,872,2bf19c80c1e9637e,8,True,,,,D5,benign,
5714,51912,51915.0,D5,D1,video,1066,873,2bf19c80c1e9637e,8,True,,,,D5,benign,
5715,51914,51917.0,D5,D1,video,1281,874,2bf19c80c1e9637e,8,True,,,,D5,benign,
5712,51930,51933.0,D5,D1,telemetry,135,871,2bf19c80c1e9637e,8,True,,,,D5,benign,
5716,51934,51937.0,D5,D1,video,844,875,2bf19c80c1e9637e,8,True,,,,D5,benign,
5711,51937,51939.0,D3,D1,telemetry,122,1014,0b0d3639671194bd,8,True,,,,D3,benign,
5709,51944,51948.0,D2,D1,telemetry,136,398,edb1fe519173a5b1,8,True,,,,D2,benign,
5717,51948,51952.0,D5,D1,video,950,876,2bf19c80c1e9637e,8,True,,,,D5,benign,
5719,51954,51956.0,D9,D1,telemetry,112,390,4bf42ca8f0c32320,8,True,,,,D9,benign,
5710,51964,51966.0,D3,D1,heartbeat,40,1013,,8,,,,,D3,benign,
5710,51964,51966.0,D3,D9,heartbeat,40,1013,,8,,,,,D3,benign,
5710,51964,51967.0,D3,D4,heartbeat,40,1013,,8,,,,,D3,benign,
5710,51964,51967.0,D3,D5,heartbeat,40,1013,,8,,,,,D3,benign,
5710,51964,51968.0,D3,D2,heartbeat,40,1013,,8,,,,,D3,benign,
5710,51964,51968.0,D3,D10,heartbeat,40,1013,,8,,,,,D3,benign,
5722,52002,,D6,D1,telemetry,132,522,b3f1d0b5ada62baa,8,,,,channel_loss,D6,benign,
5723,52003,52006.0,D8,D1,telemetry,124,662,8cc0d51bdad498a5,8,True,,,,D8,benign,
5724,52030,52034.0,D10,D1,telemetry,108,417,870d1015ea2b65ed,8,True,,,,D10,benign,
5720,52041,52043.0,D1,D4,heartbeat,40,189,,8,,,,,D1,benign,
5720,52041,52043.0,D1,D5,heartbeat,40,189,,8,,,,,D1,benign,
5720,52041,52043.0,D1,D10,heartbeat,40,189,,8,,,,,D1,benign,
5720,52041,52044.0,D1,D2,heartbeat,40,189,,8,,,,,D1,benign,
5720,52041,52044.0,D1,D7,heartbeat,40,189,,8,,,,,D1,benign,
5720,52041,52044.0,D1,D8,heartbeat,40,189,,8,,,,,D1,benign,
5720,52041,52044.0,D1,D9,heartbeat,40,189,,8,,,,,D1,benign,
5720,52041,52045.0,D1,D3,heartbeat,40,189,,8,,,,,D1,benign,
5720,52041,52045.0,D1,D6,heartbeat,40,189,,8,,,,,D1,benign,
5721,52072,52075.0,D4,D1,telemetry,138,397,241fc78a6a1a3717,8,True,,,,D4,benign,
5730,52100,52102.0,D6,D1,trust_report,136,523,b3f1d0b5ada62baa,8,True,,,,D6,benign,
5729,52100,52103.0,D5,D1,trust_report,136,877,2bf19c80c1e9637e,8,True,,,,D5,benign,
5732,52100,52103.0,D8,D1,trust_report,136,663,8cc0d51bdad498a5,8,True,,,,D8,benign,
5734,52100,52103.0,D10,D1,trust_report,136,418,870d1015ea2b65ed,8,True,,,,D10,benign,
5725,52100,52104.0,D2,D1,trust_report,136,399,edb1fe519173a5b1,8,True,,,,D2,benign,
5728,52100,52104.0,D4,D1,trust_report,136,398,241fc78a6a1a3717,8,True,,,,D4,benign,
5733,52100,52104.0,D9,D1,trust_report,136,391,4bf42ca8f0c32320,8,True,,,,D9,benign,
5738,52114,52117.0,D5,D1,video,1191,879,2bf19c80c1e9637e,8,True,,,,D5,benign,
5727,52115,52119.0,D3,D1,auth_request,152,1016,,8,,True,,,D3,benign,
5735,52120,52123.0,D2,D1,telemetry,136,400,edb1fe519173a5b1,8,True,,,,D2,benign,
5737,52127,52132.0,D5,D1,telemetry,103,878,2bf19c80c1e9637e,8,True,,,,D5,benign,
5745,52134,52136.0,D1,D6,rl_broadcast,32,191,,8,,,,,D1,benign,
5745,52134,52136.0,D1,D7,rl_broadcast,32,191,,8,,,,,D1,benign,
5745,52134,52137.0,D1,D3,rl_broadcast,32,191,,8,,,,,D1,benign,
5745,52134,52137.0,D1,D4,rl_broadcast,32,191,,8,,,,,D1,benign,
5745,52134,52137.0,D1,D9,rl_broadcast,32,191,,8,,,,,D1,benign,
5745,52134,52137.0,D1,D10,rl_broadcast,32,191,,8,,,,,D1,benign,
5744,52134,52138.0,D1,D3,auth_response,152,190,,8,,True,,,D1,benign,
5745,52134,52138.0,D1,D2,rl_broadcast,32,191,,8,,,,,D1,benign,
5745,52134,52138.0,D1,D5,rl_broadcast,32,191,,8,,,,,D1,benign,
5745,52134,52138.0,D1,D8,rl_broadcast,32,191,,8,,,,,D1,benign,
5726,52138,52140.0,D3,D1,trust_report,136,1015,73b3907e6e6f13ca,8,True,,,,D3,benign,
5736,52138,52141.0,D3,D1,telemetry,127,1017,73b3907e6e6f13ca,8,True,,,,D3,benign,
5739,52143,52146.0,D5,D1,video,1106,880,2bf19c80c1e9637e,8,True,,,,D5,benign,
5742,52149,52151.0,D9,D1,telemetry,119,392,4bf42ca8f0c32320,8,True,,,,D9,benign,
5741,52183,52186.0,D8,D1,telemetry,132,664,8cc0d51bdad498a5,8,True,,,,D8,benign,
5743,52198,52201.0,D10,D1,telemetry,100,419,870d1015ea2b65ed,8,True,,,,D10,benign,
5750,52215,52220.0,D5,D1,video,1073,881,2bf19c80c1e9637e,8,True,,,,D5,benign,
5751,52240,52243.0,D6,D1,telemetry,138,524,b3f1d0b5ada62baa,8,True,,,,D6,benign,
5748,52251,52253.0,D4,D3,heartbeat,41,399,,8,,,,,D4,benign,
5748,52251,52253.0,D4,D5,heartbeat,41,399,,8,,,,,D4,benign,
5748,52251,52253.0,D4,D6,heartbeat,41,399,,8,,,,,D4,benign,
5748,52251,52253.0,D4,D8,heartbeat,41,399,,8,,,,,D4,benign,
5748,52251,52253.0,D4,D10,heartbeat,41,399,,8,,,,,D4,benign,
5748,52251,52254.0,D4,D2,heartbeat,41,399,,8,,,,,D4,benign,
5748,52251,52254.0,D4,D7,heartbeat,41,399,,8,,,,,D4,benign,
5748,52251,52254.0,D4,D9,heartbeat,41,399,,8,,,,,D4,benign,
5748,52251,52255.0,D4,D1,heartbeat,41,399,,8,,,,,D4,benign,
5746,52254,52256.0,D2,D3,heartbeat,41,401,,8,,,,,D2,benign,
5746,52254,52256.0,D2,D8,heartbeat,41,401,,8,,,,,D2,benign,
5746,52254,52257.0,D2,D4,heartbeat,41,401,,8,,,,,D2,benign,
5746,52254,52257.0,D2,D5,heartbeat,41,401,,8,,,,,D2,benign,
5746,52254,52257.0,D2,D6,heartbeat,41,401,,8,,,,,D2,benign,
5746,52254,52257.0,D2,D7,heartbeat,41,401,,8,,,,,D2,benign,
5746,52254,52257.0,D2,D10,heartbeat,41,401,,8,,,,,D2,benign,
5746,52254,52258.0,D2,D1,heartbeat,41,401,,8,,,,,D2,benign,
5746,52254,52258.0,D2,D9,heartbeat,41,401,,8,,,,,D2,benign,
5749,52266,52268.0,D4,D1,telemetry,123,400,241fc78a6a1a3717,8,True,,,,D4,benign,
5747,52294,52296.0,D2,D1,telemetry,119,402,edb1fe519173a5b1,8,True,,,,D2,benign,
5753,52320,52323.0,D3,D1,telemetry,120,1018,73b3907e6e6f13ca,8,True,,,,D3,benign,
5755,52328,52331.0,D5,D1,video,1072,883,2bf19c80c1e9637e,8,True,,,,D5,benign,
5757,52329,52332.0,D9,D1,telemetry,106,393,4bf42ca8f0c32320,8,True,,,,D9,benign,
5754,52343,52346.0,D5,D1,telemetry,128,882,2bf19c80c1e9637e,8,True,,,,D5,benign,
5758,52363,52365.0,D10,D1,telemetry,107,420,870d1015ea2b65ed,8,True,,,,D10,benign,
5756,52379,52381.0,D8,D1,telemetry,117,665,8cc0d51bdad498a5,8,True,,,,D8,benign,
5765,52469,,D9,D10,heartbeat,34,394,,8,,,,channel_loss,D9,benign,
5761,52426,52430.0,D5,D1,video,1247,884,2bf19c80c1e9637e,8,True,,,,D5,benign,
5760,52449,52452.0,D4,D1,telemetry,118,401,241fc78a6a1a3717,8,True,,,,D4,benign,
5765,52469,52471.0,D9,D2,heartbeat,34,394,,8,,,,,D9,benign,
5765,52469,52471.0,D9,D5,heartbeat,34,394,,8,,,,,D9,benign,
5765,52469,52471.0,D9,D7,heartbeat,34,394,,8,,,,,D9,benign,
5765,52469,52472.0,D9,D3,heartbeat,34,394,,8,,,,,D9,benign,
5765,52469,52472.0,D9,D4,heartbeat,34,394,,8,,,,,D9,benign,
5765,52469,52472.0,D9,D6,heartbeat,34,394,,8,,,,,D9,benign,
5765,52469,52472.0,D9,D8,heartbeat,34,394,,8,,,,,D9,benign,
5765,52469,52473.0,D9,D1,heartbeat,34,394,,8,,,,,D9,benign,
5762,52476,52479.0,D5,D1,video,1088,885,2bf19c80c1e9637e,8,True,,,,D5,benign,
5759,52479,52481.0,D2,D1,telemetry,144,403,edb1fe519173a5b1,8,True,,,,D2,benign,
5763,52487,52489.0,D6,D1,telemetry,108,525,b3f1d0b5ada62baa,8,True,,,,D6,benign,
5773,52512,52515.0,D9,D1,telemetry,145,395,4bf42ca8f0c32320,8,True,,,,D9,benign,
5766,52514,52518.0,D3,D1,telemetry,107,1019,73b3907e6e6f13ca,8,True,,,,D3,benign,
5771,52519,52521.0,D7,D1,heartbeat,36,864,,8,,,,,D7,benign,
5771,52519,52521.0,D7,D2,heartbeat,36,864,,8,,,,,D7,benign,
5771,52519,52521.0,D7,D4,heartbeat,36,864,,8,,,,,D7,benign,
5771,52519,52521.0,D7,D6,heartbeat,36,864,,8,,,,,D7,benign,
5771,52519,52521.0,D7,D9,heartbeat,36,864,,8,,,,,D7,benign,
5771,52519,52522.0,D7,D5,heartbeat,36,864,,8,,,,,D7,benign,
5771,52519,52522.0,D7,D8,heartbeat,36,864,,8,,,,,D7,benign,
5771,52519,52522.0,D7,D10,heartbeat,36,864,,8,,,,,D7,benign,
5769,52522,52525.0,D5,D1,video,1212,888,2bf19c80c1e9637e,8,True,,,,D5,benign,
5774,52530,52533.0,D10,D1,telemetry,116,421,870d1015ea2b65ed,8,True,,,,D10,benign,
5770,52549,52551.0,D6,D7,heartbeat,40,526,,8,,,,,D6,benign,
5770,52549,52551.0,D6,D10,heartbeat,40,526,,8,,,,,D6,benign,
5770,52549,52552.0,D6,D1,heartbeat,40,526,,8,,,,,D6,benign,
5770,52549,52552.0,D6,D2,heartbeat,40,526,,8,,,,,D6,benign,
5770,52549,52552.0,D6,D5,heartbeat,40,526,,8,,,,,D6,benign,
5770,52549,52552.0,D6,D8,heartbeat,40,526,,8,,,,,D6,benign,
5770,52549,52552.0,D6,D9,heartbeat,40,526,,8,,,,,D6,benign,
5770,52549,52553.0,D6,D4,heartbeat,40,526,,8,,,,,D6,benign,
5768,52553,52557.0,D5,D1,telemetry,119,887,2bf19c80c1e9637e,8,True,,,,D5,benign,
5772,52568,52571.0,D8,D1,telemetry,130,666,8cc0d51bdad498a5,8,True,,,,D8,benign,
5767,52575,52577.0,D5,D8,heartbeat,42,886,,8,,,,,D5,benign,
5767,52575,52578.0,D5,D1,heartbeat,42,886,,8,,,,,D5,benign,
5767,52575,52578.0,D5,D2,heartbeat,42,886,,8,,,,,D5,benign,
5767,52575,52578.0,D5,D4,heartbeat,42,886,,8,,,,,D5,benign,
5767,52575,52578.0,D5,D7,heartbeat,42,886,,8,,,,,D5,benign,
5767,52575,52578.0,D5,D9,heartbeat,42,886,,8,,,,,D5,benign,
5767,52575,52579.0,D5,D3,heartbeat,42,886,,8,,,,,D5,benign,
5767,52575,52579.0,D5,D6,heartbeat,42,886,,8,,,,,D5,benign,
5767,52575,52580.0,D5,D10,heartbeat,42,886,,8,,,,,D5,benign,
5783,52609,52611.0,D10,D5,heartbeat,42,422,,8,,,,,D10,benign,
5783,52609,52611.0,D10,D6,heartbeat,42,422,,8,,,,,D10,benign,
5783,52609,52611.0,D10,D7,heartbeat,42,422,,8,,,,,D10,benign,
5783,52609,52611.0,D10,D9,heartbeat,42,422,,8,,,,,D10,benign,
5783,52609,52612.0,D10,D1,heartbeat,42,422,,8,,,,,D10,benign,
5783,52609,52612.0,D10,D2,heartbeat,42,422,,8,,,,,D10,benign,
5783,52609,52612.0,D10,D3,heartbeat,42,422,,8,,,,,D10,benign,
5783,52609,52612.0,D10,D4,heartbeat,42,422,,8,,,,,D10,benign,
5783,52609,52613.0,D10,D8,heartbeat,42,422,,8,,,,,D10,benign,
5777,52620,52623.0,D5,D1,video,1142,889,2bf19c80c1e9637e,8,True,,,,D5,benign,
5776,52635,52637.0,D4,D1,telemetry,115,402,241fc78a6a1a3717,8,True,,,,D4,benign,
5775,52655,52657.0,D2,D1,telemetry,110,404,edb1fe519173a5b1,8,True,,,,D2,benign,
5778,52668,52673.0,D5,D1,video,958,890,2bf19c80c1e9637e,8,True,,,,D5,benign,
5781,52675,52677.0,D8,D1,heartbeat,42,667,,8,,,,,D8,benign,
5781,52675,52677.0,D8,D9,heartbeat,42,667,,8,,,,,D8,benign,
5781,52675,52677.0,D8,D10,heartbeat,42,667,,8,,,,,D8,benign,
5781,52675,52678.0,D8,D2,heartbeat,42,667,,8,,,,,D8,benign,
5781,52675,52678.0,D8,D4,heartbeat,42,667,,8,,,,,D8,benign,
5781,52675,52678.0,D8,D6,heartbeat,42,667,,8,,,,,D8,benign,
5781,52675,52678.0,D8,D7,heartbeat,42,667,,8,,,,,D8,benign,
5781,52675,52679.0,D8,D5,heartbeat,42,667,,8,,,,,D8,benign,
5782,52690,52694.0,D9,D1,telemetry,128,396,4bf42ca8f0c32320,8,True,,,,D9,benign,
5779,52696,52699.0,D5,D1,video,1136,891,2bf19c80c1e9637e,8,True,,,,D5,benign,
5786,52703,52707.0,D5,D1,video,1074,893,2bf19c80c1e9637e,8,True,,,,D5,benign,
5791,52707,52711.0,D10,D1,telemetry,105,423,870d1015ea2b65ed,8,True,,,,D10,benign,
5789,52714,52718.0,D6,D1,telemetry,129,527,b3f1d0b5ada62baa,8,True,,,,D6,benign,
5784,52715,52718.0,D3,D1,telemetry,122,1020,73b3907e6e6f13ca,8,True,,,,D3,benign,
5787,52747,52750.0,D5,D1,video,1014,894,2bf19c80c1e9637e,8,True,,,,D5,benign,
5785,52751,52754.0,D5,D1,telemetry,120,892,2bf19c80c1e9637e,8,True,,,,D5,benign,
5788,52761,52764.0,D5,D1,video,1163,895,2bf19c80c1e9637e,8,True,,,,D5,benign,
5790,52766,52768.0,D8,D1,telemetry,127,668,8cc0d51bdad498a5,8,True,,,,D8,benign,
5793,52825,52827.0,D4,D1,telemetry,121,403,241fc78a6a1a3717,8,True,,,,D4,benign,
5792,52838,52841.0,D2,D1,telemetry,103,405,edb1fe519173a5b1,8,True,,,,D2,benign,
5794,52838,52841.0,D5,D1,video,1147,896,2bf19c80c1e9637e,8,True,,,,D5,benign,
5801,52874,52877.0,D10,D1,telemetry,116,424,870d1015ea2b65ed,8,True,,,,D10,benign,
5795,52874,52878.0,D5,D1,video,1052,897,2bf19c80c1e9637e,8,True,,,,D5,benign,
5800,52878,52881.0,D9,D1,telemetry,122,397,4bf42ca8f0c32320,8,True,,,,D9,benign,
5796,52885,52889.0,D5,D1,video,1259,898,2bf19c80c1e9637e,8,True,,,,D5,benign,
5797,52897,52899.0,D5,D1,video,1011,899,2bf19c80c1e9637e,8,True,,,,D5,benign,
5798,52900,52902.0,D5,D1,video,994,900,2bf19c80c1e9637e,8,True,,,,D5,benign,
5803,52914,52916.0,D3,D1,telemetry,116,1022,73b3907e6e6f13ca,8,True,,,,D3,benign,
5805,52934,52939.0,D5,D1,video,1063,902,2bf19c80c1e9637e,8,True,,,,D5,benign,
5807,52944,52948.0,D6,D1,telemetry,123,528,b3f1d0b5ada62baa,8,True,,,,D6,benign,
5809,52952,52955.0,D8,D1,telemetry,111,669,8cc0d51bdad498a5,8,True,,,,D8,benign,
5804,52967,52969.0,D5,D1,telemetry,152,901,2bf19c80c1e9637e,8,True,,,,D5,benign,
5806,52973,52976.0,D5,D1,video,863,903,2bf19c80c1e9637e,8,True,,,,D5,benign,
5802,52993,52995.0,D3,D2,heartbeat,47,1021,,8,,,,,D3,benign,
5802,52993,52995.0,D3,D9,heartbeat,47,1021,,8,,,,,D3,benign,
5802,52993,52996.0,D3,D4,heartbeat,47,1021,,8,,,,,D3,benign,
5802,52993,52996.0,D3,D10,heartbeat,47,1021,,8,,,,,D3,benign,
5802,52993,52997.0,D3,D1,heartbeat,47,1021,,8,,,,,D3,benign,
5802,52993,52997.0,D3,D5,heartbeat,47,1021,,8,,,,,D3,benign,
5815,53041,,D10,D1,telemetry,136,425,870d1015ea2b65ed,8,,,,channel_loss,D10,benign,
5812,53008,53011.0,D4,D1,telemetry,120,404,241fc78a6a1a3717,8,True,,,,D4,benign,
5810,53009,53011.0,D1,D2,heartbeat,41,192,,8,,,,,D1,benign,
5810,53009,53011.0,D1,D4,heartbeat,41,192,,8,,,,,D1,benign,
5810,53009,53011.0,D1,D8,heartbeat,41,192,,8,,,,,D1,benign,
5810,53009,53011.0,D1,D9,heartbeat,41,192,,8,,,,,D1,benign,
5810,53009,53011.0,D1,D10,heartbeat,41,192,,8,,,,,D1,benign,
5810,53009,53012.0,D1,D3,heartbeat,41,192,,8,,,,,D1,benign,
5810,53009,53012.0,D1,D5,heartbeat,41,192,,8,,,,,D1,benign,
5810,53009,53012.0,D1,D7,heartbeat,41,192,,8,,,,,D1,benign,
5810,53009,53013.0,D1,D6,heartbeat,41,192,,8,,,,,D1,benign,
5811,53019,53021.0,D2,D1,telemetry,124,406,edb1fe519173a5b1,8,True,,,,D2,benign,
5813,53033,53038.0,D5,D1,video,1141,904,2bf19c80c1e9637e,8,True,,,,D5,benign,
5814,53068,53071.0,D9,D1,telemetry,123,398,4bf42ca8f0c32320,8,True,,,,D9,benign,
5817,53100,53102.0,D3,D1,trust_report,136,1023,73b3907e6e6f13ca,8,True,,,,D3,benign,
5818,53100,53102.0,D4,D1,trust_report,136,405,241fc78a6a1a3717,8,True,,,,D4,benign,
5819,53100,53102.0,D5,D1,trust_report,136,905,2bf19c80c1e9637e,8,True,,,,D5,benign,
5820,53100,53102.0,D6,D1,trust_report,136,529,b3f1d0b5ada62baa,8,True,,,,D6,benign,
5822,53100,53102.0,D8,D1,trust_report,136,670,8cc0d51bdad498a5,8,True,,,,D8,benign,
5824,53100,53103.0,D10,D1,trust_report,136,426,870d1015ea2b65ed,8,True,,,,D10,benign,
5816,53100,53104.0,D2,D1,trust_report,136,407,edb1fe519173a5b1,8,True,,,,D2,benign,
5823,53100,53104.0,D9,D1,trust_report,136,399,4bf42ca8f0c32320,8,True,,,,D9,benign,
5826,53102,53105.0,D3,D1,telemetry,122,1024,73b3907e6e6f13ca,8,True,,,,D3,benign,
5829,53116,53120.0,D5,D1,video,1056,907,2bf19c80c1e9637e,8,True,,,,D5,benign,
5832,53144,53146.0,D8,D1,telemetry,109,671,8cc0d51bdad498a5,8,True,,,,D8,benign,
5830,53176,53179.0,D6,D1,telemetry,128,530,b3f1d0b5ada62baa,8,True,,,,D6,benign,
5828,53183,53187.0,D5,D1,telemetry,139,906,2bf19c80c1e9637e,8,True,,,,D5,benign,
5827,53185,53188.0,D4,D1,telemetry,111,406,241fc78a6a1a3717,8,True,,,,D4,benign,
5825,53190,53193.0,D2,D1,telemetry,130,408,edb1fe519173a5b1,8,True,,,,D2,benign,
5840,53213,53218.0,D10,D1,telemetry,115,427,870d1015ea2b65ed,8,True,,,,D10,benign,
5836,53217,53220.0,D5,D1,video,1148,908,2bf19c80c1e9637e,8,True,,,,D5,benign,
5839,53257,53260.0,D9,D1,telemetry,125,400,4bf42ca8f0c32320,8,True,,,,D9,benign,
5835,53267,53269.0,D4,D3,heartbeat,42,407,,8,,,,,D4,benign,
5835,53267,53269.0,D4,D8,heartbeat,42,407,,8,,,,,D4,benign,
5835,53267,53269.0,D4,D10,heartbeat,42,407,,8,,,,,D4,benign,
5835,53267,53270.0,D4,D2,heartbeat,42,407,,8,,,,,D4,benign,
5835,53267,53270.0,D4,D5,heartbeat,42,407,,8,,,,,D4,benign,
5835,53267,53270.0,D4,D6,heartbeat,42,407,,8,,,,,D4,benign,
5835,53267,53270.0,D4,D7,heartbeat,42,407,,8,,,,,D4,benign,
5835,53267,53271.0,D4,D1,heartbeat,42,407,,8,,,,,D4,benign,
5835,53267,53271.0,D4,D9,heartbeat,42,407,,8,,,,,D4,benign,
5837,53272,53275.0,D5,D1,video,1110,909,2bf19c80c1e9637e,8,True,,,,D5,benign,
5838,53293,53297.0,D5,D1,video,1194,910,2bf19c80c1e9637e,8,True,,,,D5,benign,
5833,53299,53301.0,D2,D4,heartbeat,37,409,,8,,,,,D2,benign,
5833,53299,53301.0,D2,D6,heartbeat,37,409,,8,,,,,D2,benign,
5833,53299,53301.0,D2,D9,heartbeat,37,409,,8,,,,,D2,benign,
5833,53299,53301.0,D2,D10,heartbeat,37,409,,8,,,,,D2,benign,
5834,53298,53302.0,D3,D1,telemetry,118,1025,73b3907e6e6f13ca,8,True,,,,D3,benign,
5833,53299,53302.0,D2,D1,heartbeat,37,409,,8,,,,,D2,benign,
5833,53299,53302.0,D2,D3,heartbeat,37,409,,8,,,,,D2,benign,
5833,53299,53302.0,D2,D5,heartbeat,37,409,,8,,,,,D2,benign,
5833,53299,53302.0,D2,D7,heartbeat,37,409,,8,,,,,D2,benign,
5833,53299,53302.0,D2,D8,heartbeat,37,409,,8,,,,,D2,benign,
5844,53310,53313.0,D5,D1,video,941,912,2bf19c80c1e9637e,8,True,,,,D5,benign,
5848,53325,53327.0,D8,D1,telemetry,114,672,8cc0d51bdad498a5,8,True,,,,D8,benign,
5845,53360,53364.0,D5,D1,video,1055,913,2bf19c80c1e9637e,8,True,,,,D5,benign,
5841,53362,53364.0,D2,D1,telemetry,107,410,edb1fe519173a5b1,8,True,,,,D2,benign,
5842,53368,53370.0,D4,D1,telemetry,125,408,241fc78a6a1a3717,8,True,,,,D4,benign,
5849,53382,53384.0,D10,D1,telemetry,123,428,870d1015ea2b65ed,8,True,,,,D10,benign,
5843,53383,53386.0,D5,D1,telemetry,114,911,2bf19c80c1e9637e,8,True,,,,D5,benign,
5846,53392,53396.0,D5,D1,video,860,914,2bf19c80c1e9637e,8,True,,,,D5,benign,
5854,53411,53414.0,D6,D1,telemetry,78,531,b3f1d0b5ada62baa,8,True,,,,D6,benign,
5851,53432,53435.0,D5,D1,video,1110,915,2bf19c80c1e9637e,8,True,,,,D5,benign,
5856,53436,53438.0,D9,D1,heartbeat,44,401,,8,,,,,D9,benign,
5856,53436,53438.0,D9,D2,heartbeat,44,401,,8,,,,,D9,benign,
5856,53436,53438.0,D9,D3,heartbeat,44,401,,8,,,,,D9,benign,
5856,53436,53438.0,D9,D4,heartbeat,44,401,,8,,,,,D9,benign,
5856,53436,53438.0,D9,D7,heartbeat,44,401,,8,,,,,D9,benign,
5856,53436,53438.0,D9,D8,heartbeat,44,401,,8,,,,,D9,benign,
5856,53436,53439.0,D9,D5,heartbeat,44,401,,8,,,,,D9,benign,
5856,53436,53439.0,D9,D6,heartbeat,44,401,,8,,,,,D9,benign,
5856,53436,53439.0,D9,D10,heartbeat,44,401,,8,,,,,D9,benign,
5857,53437,53440.0,D9,D1,telemetry,132,402,4bf42ca8f0c32320,8,True,,,,D9,benign,
5852,53439,53443.0,D5,D1,video,1186,916,2bf19c80c1e9637e,8,True,,,,D5,benign,
5853,53497,53500.0,D5,D1,video,1070,917,2bf19c80c1e9637e,8,True,,,,D5,benign,
5855,53499,53501.0,D7,D4,heartbeat,45,871,,8,,,,,D7,benign,
5855,53499,53501.0,D7,D5,heartbeat,45,871,,8,,,,,D7,benign,
5855,53499,53501.0,D7,D8,heartbeat,45,871,,8,,,,,D7,benign,
5855,53499,53501.0,D7,D10,heartbeat,45,871,,8,,,,,D7,benign,
5850,53499,53502.0,D3,D1,telemetry,124,1026,73b3907e6e6f13ca,8,True,,,,D3,benign,
5855,53499,53502.0,D7,D2,heartbeat,45,871,,8,,,,,D7,benign,
5855,53499,53502.0,D7,D6,heartbeat,45,871,,8,,,,,D7,benign,
5855,53499,53502.0,D7,D9,heartbeat,45,871,,8,,,,,D7,benign,
5855,53499,53504.0,D7,D1,heartbeat,45,871,,8,,,,,D7,benign,
5863,53513,53515.0,D6,D5,heartbeat,39,532,,8,,,,,D6,benign,
5863,53513,53515.0,D6,D8,heartbeat,39,532,,8,,,,,D6,benign,
5863,53513,53516.0,D6,D1,heartbeat,39,532,,8,,,,,D6,benign,
5863,53513,53516.0,D6,D7,heartbeat,39,532,,8,,,,,D6,benign,
5863,53513,53516.0,D6,D9,heartbeat,39,532,,8,,,,,D6,benign,
5863,53513,53517.0,D6,D2,heartbeat,39,532,,8,,,,,D6,benign,
5863,53513,53517.0,D6,D4,heartbeat,39,532,,8,,,,,D6,benign,
5863,53513,53517.0,D6,D10,heartbeat,39,532,,8,,,,,D6,benign,
5865,53516,53518.0,D8,D1,telemetry,116,673,8cc0d51bdad498a5,8,True,,,,D8,benign,
5858,53537,53539.0,D2,D1,telemetry,102,411,edb1fe519173a5b1,8,True,,,,D2,benign,
5866,53544,53547.0,D10,D1,telemetry,104,429,870d1015ea2b65ed,8,True,,,,D10,benign,
5859,53562,53564.0,D4,D1,telemetry,106,409,241fc78a6a1a3717,8,True,,,,D4,benign,
5862,53575,53580.0,D5,D1,video,1111,920,2bf19c80c1e9637e,8,True,,,,D5,benign,
5861,53593,53595.0,D5,D1,telemetry,119,919,2bf19c80c1e9637e,8,True,,,,D5,benign,
5860,53598,53600.0,D5,D1,heartbeat,40,918,,8,,,,,D5,benign,
5860,53598,53600.0,D5,D10,heartbeat,40,918,,8,,,,,D5,benign,
5860,53598,53601.0,D5,D2,heartbeat,40,918,,8,,,,,D5,benign,
5860,53598,53601.0,D5,D3,heartbeat,40,918,,8,,,,,D5,benign,
5860,53598,53601.0,D5,D4,heartbeat,40,918,,8,,,,,D5,benign,
5860,53598,53601.0,D5,D8,heartbeat,40,918,,8,,,,,D5,benign,
5860,53598,53601.0,D5,D9,heartbeat,40,918,,8,,,,,D5,benign,
5860,53598,53602.0,D5,D6,heartbeat,40,918,,8,,,,,D5,benign,
5860,53598,53603.0,D5,D7,heartbeat,40,918,,8,,,,,D5,benign,
5874,53608,53610.0,D10,D3,heartbeat,48,430,,8,,,,,D10,benign,
5874,53608,53610.0,D10,D4,heartbeat,48,430,,8,,,,,D10,benign,
5874,53608,53610.0,D10,D5,heartbeat,48,430,,8,,,,,D10,benign,
5874,53608,53611.0,D10,D1,heartbeat,48,430,,8,,,,,D10,benign,
5874,53608,53611.0,D10,D6,heartbeat,48,430,,8,,,,,D10,benign,
5874,53608,53611.0,D10,D7,heartbeat,48,430,,8,,,,,D10,benign,
5874,53608,53612.0,D10,D2,heartbeat,48,430,,8,,,,,D10,benign,
5874,53608,53612.0,D10,D8,heartbeat,48,430,,8,,,,,D10,benign,
5874,53608,53612.0,D10,D9,heartbeat,48,430,,8,,,,,D10,benign,
5873,53613,53616.0,D9,D1,telemetry,129,403,4bf42ca8f0c32320,8,True,,,,D9,benign,
5868,53625,53627.0,D5,D1,video,1015,921,2bf19c80c1e9637e,8,True,,,,D5,benign,
5870,53647,53650.0,D6,D1,telemetry,111,533,b3f1d0b5ada62baa,8,True,,,,D6,benign,
5872,53650,53652.0,D8,D4,heartbeat,39,674,,8,,,,,D8,benign,
5872,53650,53652.0,D8,D6,heartbeat,39,674,,8,,,,,D8,benign,
5872,53650,53653.0,D8,D5,heartbeat,39,674,,8,,,,,D8,benign,
5872,53650,53653.0,D8,D9,heartbeat,39,674,,8,,,,,D8,benign,
5872,53650,53653.0,D8,D10,heartbeat,39,674,,8,,,,,D8,benign,
5872,53650,53654.0,D8,D1,heartbeat,39,674,,8,,,,,D8,benign,
5872,53650,53654.0,D8,D2,heartbeat,39,674,,8,,,,,D8,benign,
5872,53650,53654.0,D8,D7,heartbeat,39,674,,8,,,,,D8,benign,
5867,53687,53690.0,D3,D1,telemetry,121,1027,73b3907e6e6f13ca,8,True,,,,D3,benign,
5869,53693,53696.0,D5,D1,video,1155,922,2bf19c80c1e9637e,8,True,,,,D5,benign,
5884,53708,53712.0,D8,D1,telemetry,129,675,8cc0d51bdad498a5,8,True,,,,D8,benign,
5885,53712,53715.0,D10,D1,telemetry,108,431,870d1015ea2b65ed,8,True,,,,D10,benign,
5875,53717,53721.0,D2,D1,telemetry,139,412,edb1fe519173a5b1,8,True,,,,D2,benign,
5878,53727,53730.0,D5,D1,video,1228,924,2bf19c80c1e9637e,8,True,,,,D5,benign,
5876,53748,53750.0,D4,D1,telemetry,113,410,241fc78a6a1a3717,8,True,,,,D4,benign,
5879,53757,53760.0,D5,D1,video,968,925,2bf19c80c1e9637e,8,True,,,,D5,benign,
5880,53758,53762.0,D5,D1,video,1058,926,2bf19c80c1e9637e,8,True,,,,D5,benign,
5881,53763,53766.0,D5,D1,video,1022,927,2bf19c80c1e9637e,8,True,,,,D5,benign,
5882,53777,53781.0,D5,D1,video,1428,928,2bf19c80c1e9637e,8,True,,,,D5,benign,
5877,53800,53803.0,D5,D1,telemetry,126,923,2bf19c80c1e9637e,8,True,,,,D5,benign,
5883,53800,53803.0,D5,D1,video,1258,929,2bf19c80c1e9637e,8,True,,,,D5,benign,
5890,53805,53808.0,D9,D1,telemetry,113,404,4bf42ca8f0c32320,8,True,,,,D9,benign,
5886,53875,53878.0,D3,D1,telemetry,116,1028,73b3907e6e6f13ca,8,True,,,,D3,benign,
5887,53878,53881.0,D6,D1,telemetry,125,534,b3f1d0b5ada62baa,8,True,,,,D6,benign,
5891,53880,53883.0,D10,D1,telemetry,128,432,870d1015ea2b65ed,8,True,,,,D10,benign,
5889,53897,53899.0,D8,D1,telemetry,138,676,8cc0d51bdad498a5,8,True,,,,D8,benign,
5893,53901,53903.0,D2,D1,telemetry,119,413,edb1fe519173a5b1,8,True,,,,D2,benign,
5896,53902,53907.0,D5,D1,video,1062,930,2bf19c80c1e9637e,8,True,,,,D5,benign,
5895,53924,53926.0,D4,D1,telemetry,96,411,241fc78a6a1a3717,8,True,,,,D4,benign,
5897,53932,53934.0,D5,D1,video,1117,931,2bf19c80c1e9637e,8,True,,,,D5,benign,
5898,53938,53943.0,D5,D1,video,1131,932,2bf19c80c1e9637e,8,True,,,,D5,benign,
5894,53945,53947.0,D3,D4,heartbeat,44,1029,,8,,,,,D3,benign,
5894,53945,53948.0,D3,D1,heartbeat,44,1029,,8,,,,,D3,benign,
5894,53945,53948.0,D3,D2,heartbeat,44,1029,,8,,,,,D3,benign,
5894,53945,53948.0,D3,D9,heartbeat,44,1029,,8,,,,,D3,benign,
5894,53945,53949.0,D3,D5,heartbeat,44,1029,,8,,,,,D3,benign,
5894,53945,53949.0,D3,D10,heartbeat,44,1029,,8,,,,,D3,benign,
5892,53965,53967.0,D1,D5,heartbeat,39,193,,8,,,,,D1,benign,
5892,53965,53967.0,D1,D6,heartbeat,39,193,,8,,,,,D1,benign,
5892,53965,53967.0,D1,D7,heartbeat,39,193,,8,,,,,D1,benign,
5892,53965,53967.0,D1,D10,heartbeat,39,193,,8,,,,,D1,benign,
5892,53965,53968.0,D1,D2,heartbeat,39,193,,8,,,,,D1,benign,
5892,53965,53968.0,D1,D3,heartbeat,39,193,,8,,,,,D1,benign,
5892,53965,53968.0,D1,D4,heartbeat,39,193,,8,,,,,D1,benign,
5892,53965,53968.0,D1,D8,heartbeat,39,193,,8,,,,,D1,benign,
5892,53965,53968.0,D1,D9,heartbeat,39,193,,8,,,,,D1,benign,
5899,53973,53977.0,D5,D1,video,1064,933,2bf19c80c1e9637e,8,True,,,,D5,benign,
5900,53988,53990.0,D9,D1,telemetry,109,405,4bf42ca8f0c32320,8,True,,,,D9,benign,
5903,54011,54014.0,D5,D1,telemetry,130,934,2bf19c80c1e9637e,8,True,,,,D5,benign,
5904,54041,54044.0,D5,D1,video,898,935,2bf19c80c1e9637e,8,True,,,,D5,benign,
5907,54044,54047.0,D10,D1,telemetry,121,433,870d1015ea2b65ed,8,True,,,,D10,benign,
5908,54046,54049.0,D7,D1,auth_request,152,876,,8,,True,,,D7,benign,
5910,54064,54066.0,D1,D3,rl_broadcast,32,195,,8,,,,,D1,benign,
5910,54064,54066.0,D1,D4,rl_broadcast,32,195,,8,,,,,D1,benign,
5910,54064,54066.0,D1,D7,rl_broadcast,32,195,,8,,,,,D1,benign,
5909,54064,54067.0,D1,D7,auth_response,152,194,,8,,True,,,D1,benign,
5910,54064,54067.0,D1,D2,rl_broadcast,32,195,,8,,,,,D1,benign,
5910,54064,54067.0,D1,D5,rl_broadcast,32,195,,8,,,,,D1,benign,
5910,54064,54067.0,D1,D6,rl_broadcast,32,195,,8,,,,,D1,benign,
5910,54064,54067.0,D1,D9,rl_broadcast,32,195,,8,,,,,D1,benign,
5910,54064,54067.0,D1,D10,rl_broadcast,32,195,,8,,,,,D1,benign,
5910,54064,54068.0,D1,D8,rl_broadcast,32,195,,8,,,,,D1,benign,
5905,54067,54070.0,D7,D1,telemetry,116,875,dda1b6baa3bf3e3b,8,True,,,,D7,benign,
5902,54070,54072.0,D3,D1,telemetry,123,1030,73b3907e6e6f13ca,8,True,,,,D3,benign,
5901,54072,54074.0,D2,D1,telemetry,132,414,edb1fe519173a5b1,8,True,,,,D2,benign,
5906,54076,54078.0,D8,D1,telemetry,117,677,8cc0d51bdad498a5,8,True,,,,D8,benign,
5914,54100,54102.0,D5,D1,trust_report,136,936,2bf19c80c1e9637e,8,True,,,,D5,benign,
5911,54100,54103.0,D2,D1,trust_report,136,415,edb1fe519173a5b1,8,True,,,,D2,benign,
5913,54100,54103.0,D4,D1,trust_report,136,412,241fc78a6a1a3717,8,True,,,,D4,benign,
5915,54100,54103.0,D6,D1,trust_report,136,535,b3f1d0b5ada62baa,8,True,,,,D6,benign,
5916,54100,54103.0,D7,D1,trust_report,136,877,dda1b6baa3bf3e3b,8,True,,,,D7,benign,
5917,54100,54103.0,D8,D1,trust_report,136,678,8cc0d51bdad498a5,8,True,,,,D8,benign,
5919,54100,54103.0,D10,D1,trust_report,136,434,870d1015ea2b65ed,8,True,,,,D10,benign,
5912,54100,54104.0,D3,D1,trust_report,136,1031,73b3907e6e6f13ca,8,True,,,,D3,benign,
5918,54100,54104.0,D9,D1,trust_report,136,406,4bf42ca8f0c32320,8,True,,,,D9,benign,
5920,54111,54113.0,D4,D1,telemetry,117,413,241fc78a6a1a3717,8,True,,,,D4,benign,
5924,54112,54115.0,D6,D1,telemetry,130,536,b3f1d0b5ada62baa,8,True,,,,D6,benign,
5921,54142,54147.0,D5,D1,video,1175,937,2bf19c80c1e9637e,8,True,,,,D5,benign,
5922,54149,54153.0,D5,D1,video,965,938,2bf19c80c1e9637e,8,True,,,,D5,benign,
5925,54178,54181.0,D9,D1,telemetry,121,407,4bf42ca8f0c32320,8,True,,,,D9,benign,
5923,54194,54198.0,D5,D1,video,1222,939,2bf19c80c1e9637e,8,True,,,,D5,benign,
5929,54245,,D4,D8,heartbeat,40,414,,8,,,,channel_loss,D4,benign,
5932,54201,54204.0,D7,D1,telemetry,118,878,dda1b6baa3bf3e3b,8,True,,,,D7,benign,
5934,54218,54220.0,D10,D1,telemetry,120,435,870d1015ea2b65ed,8,True,,,,D10,benign,
5931,54222,54225.0,D5,D1,telemetry,131,940,2bf19c80c1e9637e,8,True,,,,D5,benign,
5929,54245,54247.0,D4,D1,heartbeat,40,414,,8,,,,,D4,benign,
5929,54245,54247.0,D4,D5,heartbeat,40,414,,8,,,,,D4,benign,
5929,54245,54247.0,D4,D7,heartbeat,40,414,,8,,,,,D4,benign,
5929,54245,54248.0,D4,D2,heartbeat,40,414,,8,,,,,D4,benign,
5929,54245,54248.0,D4,D3,heartbeat,40,414,,8,,,,,D4,benign,
5929,54245,54248.0,D4,D6,heartbeat,40,414,,8,,,,,D4,benign,
5929,54245,54248.0,D4,D9,heartbeat,40,414,,8,,,,,D4,benign,
5929,54245,54248.0,D4,D10,heartbeat,40,414,,8,,,,,D4,benign,
5927,54252,54255.0,D2,D1,telemetry,126,416,edb1fe519173a5b1,8,True,,,,D2,benign,
5928,54253,54255.0,D3,D1,telemetry,131,1032,73b3907e6e6f13ca,8,True,,,,D3,benign,
5933,54271,54273.0,D8,D1,telemetry,126,679,8cc0d51bdad498a5,8,True,,,,D8,benign,
5930,54297,54300.0,D4,D1,telemetry,99,415,241fc78a6a1a3717,8,True,,,,D4,benign,
5926,54298,54300.0,D1,D4,command,93,196,241fc78a6a1a3717,8,True,,,,D1,benign,
5936,54304,54306.0,D5,D1,video,1047,941,2bf19c80c1e9637e,8,True,,,,D5,benign,
5937,54312,54315.0,D5,D1,video,953,942,2bf19c80c1e9637e,8,True,,,,D5,benign,
5935,54332,54334.0,D2,D1,heartbeat,40,417,,8,,,,,D2,benign,
5935,54332,54334.0,D2,D4,heartbeat,40,417,,8,,,,,D2,benign,
5935,54332,54334.0,D2,D5,heartbeat,40,417,,8,,,,,D2,benign,
5935,54332,54335.0,D2,D3,heartbeat,40,417,,8,,,,,D2,benign,
5935,54332,54335.0,D2,D6,heartbeat,40,417,,8,,,,,D2,benign,
5935,54332,54335.0,D2,D7,heartbeat,40,417,,8,,,,,D2,benign,
5935,54332,54335.0,D2,D8,heartbeat,40,417,,8,,,,,D2,benign,
5935,54332,54335.0,D2,D9,heartbeat,40,417,,8,,,,,D2,benign,
5935,54332,54335.0,D2,D10,heartbeat,40,417,,8,,,,,D2,benign,
5939,54353,54356.0,D6,D1,telemetry,107,537,b3f1d0b5ada62baa,8,True,,,,D6,benign,
5941,54357,54359.0,D9,D1,telemetry,118,408,4bf42ca8f0c32320,8,True,,,,D9,benign,
5938,54357,54360.0,D5,D1,video,1132,943,2bf19c80c1e9637e,8,True,,,,D5,benign,
5940,54383,54386.0,D7,D1,telemetry,122,879,dda1b6baa3bf3e3b,8,True,,,,D7,benign,
5942,54386,54388.0,D10,D1,telemetry,130,436,870d1015ea2b65ed,8,True,,,,D10,benign,
5953,54403,54405.0,D9,D2,heartbeat,37,409,,8,,,,,D9,benign,
5953,54403,54405.0,D9,D5,heartbeat,37,409,,8,,,,,D9,benign,
5953,54403,54405.0,D9,D6,heartbeat,37,409,,8,,,,,D9,benign,
5953,54403,54405.0,D9,D8,heartbeat,37,409,,8,,,,,D9,benign,
5953,54403,54405.0,D9,D10,heartbeat,37,409,,8,,,,,D9,benign,
5953,54403,54406.0,D9,D1,heartbeat,37,409,,8,,,,,D9,benign,
5953,54403,54406.0,D9,D3,heartbeat,37,409,,8,,,,,D9,benign,
5953,54403,54406.0,D9,D4,heartbeat,37,409,,8,,,,,D9,benign,
5953,54403,54407.0,D9,D7,heartbeat,37,409,,8,,,,,D9,benign,
5949,54412,54415.0,D5,D1,video,1051,945,2bf19c80c1e9637e,8,True,,,,D5,benign,
5943,54415,54417.0,D1,D10,command,83,197,870d1015ea2b65ed,8,True,,,,D1,benign,
5944,54415,54418.0,D1,D3,command,82,198,73b3907e6e6f13ca,8,True,,,,D1,benign,
5948,54431,54433.0,D5,D1,telemetry,120,944,2bf19c80c1e9637e,8,True,,,,D5,benign,
5945,54435,54438.0,D2,D1,telemetry,116,418,edb1fe519173a5b1,8,True,,,,D2,benign,
5950,54445,54448.0,D5,D1,video,983,946,2bf19c80c1e9637e,8,True,,,,D5,benign,
5946,54450,54453.0,D3,D1,telemetry,80,1033,73b3907e6e6f13ca,8,True,,,,D3,benign,
5952,54461,54464.0,D8,D1,telemetry,124,680,8cc0d51bdad498a5,8,True,,,,D8,benign,
5947,54485,54488.0,D4,D1,telemetry,108,416,241fc78a6a1a3717,8,True,,,,D4,benign,
5951,54496,54500.0,D5,D1,video,1254,947,2bf19c80c1e9637e,8,True,,,,D5,benign,
5958,54513,54516.0,D7,D2,heartbeat,43,880,,8,,,,,D7,benign,
5958,54513,54516.0,D7,D4,heartbeat,43,880,,8,,,,,D7,benign,
5958,54513,54516.0,D7,D5,heartbeat,43,880,,8,,,,,D7,benign,
5958,54513,54516.0,D7,D6,heartbeat,43,880,,8,,,,,D7,benign,
5958,54513,54516.0,D7,D9,heartbeat,43,880,,8,,,,,D7,benign,
5958,54513,54516.0,D7,D10,heartbeat,43,880,,8,,,,,D7,benign,
5958,54513,54517.0,D7,D1,heartbeat,43,880,,8,,,,,D7,benign,
5958,54513,54517.0,D7,D8,heartbeat,43,880,,8,,,,,D7,benign,
5956,54517,54519.0,D6,D4,heartbeat,34,538,,8,,,,,D6,benign,
5956,54517,54519.0,D6,D10,heartbeat,34,538,,8,,,,,D6,benign,
5956,54517,54520.0,D6,D1,heartbeat,34,538,,8,,,,,D6,benign,
5956,54517,54520.0,D6,D5,heartbeat,34,538,,8,,,,,D6,benign,
5956,54517,54520.0,D6,D7,heartbeat,34,538,,8,,,,,D6,benign,
5956,54517,54520.0,D6,D8,heartbeat,34,538,,8,,,,,D6,benign,
5956,54517,54520.0,D6,D9,heartbeat,34,538,,8,,,,,D6,benign,
5956,54517,54521.0,D6,D2,heartbeat,34,538,,8,,,,,D6,benign,
5962,54542,54545.0,D9,D1,telemetry,134,410,4bf42ca8f0c32320,8,True,,,,D9,benign,
5955,54546,54550.0,D5,D1,video,1151,949,2bf19c80c1e9637e,8,True,,,,D5,benign,
5960,54546,54550.0,D8,D1,video,1032,681,8cc0d51bdad498a5,8,True,,,,D8,benign,
5954,54552,54554.0,D5,D1,heartbeat,46,948,,8,,,,,D5,benign,
5954,54552,54554.0,D5,D2,heartbeat,46,948,,8,,,,,D5,benign,
5954,54552,54554.0,D5,D3,heartbeat,46,948,,8,,,,,D5,benign,
5954,54552,54554.0,D5,D4,heartbeat,46,948,,8,,,,,D5,benign,
5954,54552,54554.0,D5,D6,heartbeat,46,948,,8,,,,,D5,benign,
5954,54552,54554.0,D5,D7,heartbeat,46,948,,8,,,,,D5,benign,
5954,54552,54554.0,D5,D8,heartbeat,46,948,,8,,,,,D5,benign,
5954,54552,54554.0,D5,D10,heartbeat,46,948,,8,,,,,D5,benign,
5954,54552,54555.0,D5,D9,heartbeat,46,948,,8,,,,,D5,benign,
5963,54561,54564.0,D10,D1,telemetry,128,437,870d1015ea2b65ed,8,True,,,,D10,benign,
5959,54563,54566.0,D7,D1,telemetry,126,881,dda1b6baa3bf3e3b,8,True,,,,D7,benign,
5957,54585,54588.0,D6,D1,telemetry,113,539,b3f1d0b5ada62baa,8,True,,,,D6,benign,
5961,54600,54603.0,D8,D1,video,1059,682,8cc0d51bdad498a5,8,True,,,,D8,benign,
5968,54616,54619.0,D5,D1,video,1116,951,2bf19c80c1e9637e,8,True,,,,D5,benign,
5964,54617,54620.0,D2,D1,telemetry,128,419,edb1fe519173a5b1,8,True,,,,D2,benign,
5973,54624,54626.0,D8,D7,heartbeat,38,683,,8,,,,,D8,benign,
5973,54624,54626.0,D8,D10,heartbeat,38,683,,8,,,,,D8,benign,
5973,54624,54627.0,D8,D1,heartbeat,38,683,,8,,,,,D8,benign,
5973,54624,54627.0,D8,D2,heartbeat,38,683,,8,,,,,D8,benign,
5973,54624,54627.0,D8,D5,heartbeat,38,683,,8,,,,,D8,benign,
5973,54624,54627.0,D8,D6,heartbeat,38,683,,8,,,,,D8,benign,
5973,54624,54627.0,D8,D9,heartbeat,38,683,,8,,,,,D8,benign,
5973,54624,54628.0,D8,D4,heartbeat,38,683,,8,,,,,D8,benign,
5967,54634,54636.0,D5,D1,telemetry,140,950,2bf19c80c1e9637e,8,True,,,,D5,benign,
5965,54643,54645.0,D3,D1,telemetry,125,1034,73b3907e6e6f13ca,8,True,,,,D3,benign,
5974,54644,54647.0,D8,D1,telemetry,109,684,8cc0d51bdad498a5,8,True,,,,D8,benign,
5975,54646,54649.0,D8,D1,video,1107,685,8cc0d51bdad498a5,8,True,,,,D8,benign,
5969,54649,54652.0,D5,D1,video,1113,952,2bf19c80c1e9637e,8,True,,,,D5,benign,
5970,54651,54654.0,D5,D1,video,1072,953,2bf19c80c1e9637e,8,True,,,,D5,benign,
5976,54652,54655.0,D10,D2,heartbeat,43,438,,8,,,,,D10,benign,
5976,54652,54655.0,D10,D4,heartbeat,43,438,,8,,,,,D10,benign,
5976,54652,54655.0,D10,D5,heartbeat,43,438,,8,,,,,D10,benign,
5976,54652,54655.0,D10,D6,heartbeat,43,438,,8,,,,,D10,benign,
5976,54652,54655.0,D10,D8,heartbeat,43,438,,8,,,,,D10,benign,
5976,54652,54655.0,D10,D9,heartbeat,43,438,,8,,,,,D10,benign,
5976,54652,54656.0,D10,D1,heartbeat,43,438,,8,,,,,D10,benign,
5976,54652,54656.0,D10,D3,heartbeat,43,438,,8,,,,,D10,benign,
5976,54652,54656.0,D10,D7,heartbeat,43,438,,8,,,,,D10,benign,
5971,54660,54664.0,D5,D1,video,1241,954,2bf19c80c1e9637e,8,True,,,,D5,benign,
5966,54675,54677.0,D4,D1,telemetry,125,417,241fc78a6a1a3717,8,True,,,,D4,benign,
5972,54677,54680.0,D5,D1,video,1032,955,2bf19c80c1e9637e,8,True,,,,D5,benign,
5982,54724,54727.0,D8,D1,video,1191,686,8cc0d51bdad498a5,8,True,,,,D8,benign,
5984,54726,54730.0,D10,D1,telemetry,116,439,870d1015ea2b65ed,8,True,,,,D10,benign,
5983,54734,54737.0,D9,D1,telemetry,104,411,4bf42ca8f0c32320,8,True,,,,D9,benign,
5981,54738,54741.0,D7,D1,telemetry,141,882,dda1b6baa3bf3e3b,8,True,,,,D7,benign,
5978,54762,54765.0,D5,D1,video,1019,956,2bf19c80c1e9637e,8,True,,,,D5,benign,
5979,54764,54767.0,D5,D1,video,1117,957,2bf19c80c1e9637e,8,True,,,,D5,benign,
5980,54770,54773.0,D5,D1,video,997,958,2bf19c80c1e9637e,8,True,,,,D5,benign,
5977,54793,54796.0,D2,D1,telemetry,123,420,edb1fe519173a5b1,8,True,,,,D2,benign,
5985,54825,54828.0,D3,D1,telemetry,124,1035,73b3907e6e6f13ca,8,True,,,,D3,benign,
5993,54827,54830.0,D6,D1,telemetry,129,540,b3f1d0b5ada62baa,8,True,,,,D6,benign,
5994,54830,54832.0,D8,D1,telemetry,111,687,8cc0d51bdad498a5,8,True,,,,D8,benign,
5995,54831,54834.0,D8,D1,video,1161,688,8cc0d51bdad498a5,8,True,,,,D8,benign,
5996,54834,54837.0,D5,D1,auth_request,152,965,,8,,True,,,D5,benign,
5998,54852,54854.0,D1,D4,rl_broadcast,32,200,,8,,,,,D1,benign,
5998,54852,54854.0,D1,D6,rl_broadcast,32,200,,8,,,,,D1,benign,
5998,54852,54854.0,D1,D9,rl_broadcast,32,200,,8,,,,,D1,benign,
5986,54853,54855.0,D4,D1,telemetry,126,418,241fc78a6a1a3717,8,True,,,,D4,benign,
5997,54852,54855.0,D1,D5,auth_response,152,199,,8,,True,,,D1,benign,
5998,54852,54855.0,D1,D2,rl_broadcast,32,200,,8,,,,,D1,benign,
5998,54852,54855.0,D1,D3,rl_broadcast,32,200,,8,,,,,D1,benign,
5998,54852,54855.0,D1,D5,rl_broadcast,32,200,,8,,,,,D1,benign,
5998,54852,54855.0,D1,D7,rl_broadcast,32,200,,8,,,,,D1,benign,
5998,54852,54855.0,D1,D8,rl_broadcast,32,200,,8,,,,,D1,benign,
5998,54852,54855.0,D1,D10,rl_broadcast,32,200,,8,,,,,D1,benign,
5988,54855,54858.0,D5,D1,video,1186,960,083d4deb0ffc5dba,8,True,,,,D5,benign,
5987,54855,54858.0,D5,D1,telemetry,113,959,083d4deb0ffc5dba,8,True,,,,D5,benign,
5989,54855,54858.0,D5,D1,video,896,961,083d4deb0ffc5dba,8,True,,,,D5,benign,
5990,54862,54867.0,D5,D1,video,1248,962,083d4deb0ffc5dba,8,True,,,,D5,benign,
5991,54880,54883.0,D5,D1,video,1020,963,083d4deb0ffc5dba,8,True,,,,D5,benign,
5992,54888,54892.0,D5,D1,video,1105,964,083d4deb0ffc5dba,8,True,,,,D5,benign,
6011,54903,54907.0,D10,D1,telemetry,121,440,870d1015ea2b65ed,8,True,,,,D10,benign,
6010,54910,54912.0,D9,D1,telemetry,106,412,4bf42ca8f0c32320,8,True,,,,D9,benign,
6006,54912,54915.0,D7,D1,telemetry,116,883,dda1b6baa3bf3e3b,8,True,,,,D7,benign,
5999,54928,54930.0,D1,D6,heartbeat,33,201,,8,,,,,D1,benign,
5999,54928,54930.0,D1,D7,heartbeat,33,201,,8,,,,,D1,benign,
5999,54928,54930.0,D1,D10,heartbeat,33,201,,8,,,,,D1,benign,
5999,54928,54931.0,D1,D4,heartbeat,33,201,,8,,,,,D1,benign,
5999,54928,54931.0,D1,D5,heartbeat,33,201,,8,,,,,D1,benign,
5999,54928,54931.0,D1,D8,heartbeat,33,201,,8,,,,,D1,benign,
5999,54928,54931.0,D1,D9,heartbeat,33,201,,8,,,,,D1,benign,
5999,54928,54932.0,D1,D2,heartbeat,33,201,,8,,,,,D1,benign,
6007,54929,54932.0,D8,D1,video,1176,689,8cc0d51bdad498a5,8,True,,,,D8,benign,
5999,54928,54933.0,D1,D3,heartbeat,33,201,,8,,,,,D1,benign,
6002,54934,54937.0,D5,D1,video,1162,966,083d4deb0ffc5dba,8,True,,,,D5,benign,
6003,54939,54942.0,D5,D1,video,1084,967,083d4deb0ffc5dba,8,True,,,,D5,benign,
6008,54942,54947.0,D8,D1,video,1169,690,8cc0d51bdad498a5,8,True,,,,D8,benign,
6004,54946,54949.0,D5,D1,video,1072,968,083d4deb0ffc5dba,8,True,,,,D5,benign,
6005,54961,54964.0,D5,D1,video,1184,969,083d4deb0ffc5dba,8,True,,,,D5,benign,
6000,54969,54972.0,D2,D1,telemetry,109,421,edb1fe519173a5b1,8,True,,,,D2,benign,
6009,54980,54983.0,D8,D1,video,1068,691,8cc0d51bdad498a5,8,True,,,,D8,benign,
6001,54994,54996.0,D3,D1,heartbeat,39,1036,,8,,,,,D3,benign,
6001,54994,54996.0,D3,D9,heartbeat,39,1036,,8,,,,,D3,benign,
6001,54994,54997.0,D3,D2,heartbeat,39,1036,,8,,,,,D3,benign,
6001,54994,54997.0,D3,D4,heartbeat,39,1036,,8,,,,,D3,benign,
6001,54994,54997.0,D3,D5,heartbeat,39,1036,,8,,,,,D3,benign,
6001,54994,54997.0,D3,D10,heartbeat,39,1036,,8,,,,,D3,benign,
6012,55022,55025.0,D3,D1,telemetry,107,1037,73b3907e6e6f13ca,8,True,,,,D3,benign,
6017,55026,55028.0,D8,D1,telemetry,118,692,8cc0d51bdad498a5,8,True,,,,D8,benign,
6013,55028,55031.0,D4,D1,telemetry,98,419,241fc78a6a1a3717,8,True,,,,D4,benign,
6014,55041,55044.0,D5,D1,telemetry,131,970,083d4deb0ffc5dba,8,True,,,,D5,benign,
6019,55069,55072.0,D10,D1,telemetry,126,441,870d1015ea2b65ed,8,True,,,,D10,benign,
6015,55070,55072.0,D6,D1,telemetry,146,541,b3f1d0b5ada62baa,8,True,,,,D6,benign,
6016,55085,55088.0,D7,D1,telemetry,124,884,dda1b6baa3bf3e3b,8,True,,,,D7,benign,
6018,55098,55102.0,D9,D1,telemetry,119,413,4bf42ca8f0c32320,8,True,,,,D9,benign,
6022,55100,55102.0,D4,D1,trust_report,136,420,241fc78a6a1a3717,8,True,,,,D4,benign,
6026,55100,55102.0,D8,D1,trust_report,136,693,8cc0d51bdad498a5,8,True,,,,D8,benign,
6020,55100,55103.0,D2,D1,trust_report,136,422,edb1fe519173a5b1,8,True,,,,D2,benign,
6021,55100,55103.0,D3,D1,trust_report,136,1038,73b3907e6e6f13ca,8,True,,,,D3,benign,
6023,55100,55103.0,D5,D1,trust_report,136,971,083d4deb0ffc5dba,8,True,,,,D5,benign,
6024,55100,55103.0,D6,D1,trust_report,136,542,b3f1d0b5ada62baa,8,True,,,,D6,benign,
6025,55100,55103.0,D7,D1,trust_report,136,885,dda1b6baa3bf3e3b,8,True,,,,D7,benign,
6027,55100,55103.0,D9,D1,trust_report,136,414,4bf42ca8f0c32320,8,True,,,,D9,benign,
6028,55100,55103.0,D10,D1,trust_report,136,442,870d1015ea2b65ed,8,True,,,,D10,benign,
6033,55110,55112.0,D8,D1,video,994,694,8cc0d51bdad498a5,8,True,,,,D8,benign,
6030,55113,55117.0,D5,D1,video,1189,972,083d4deb0ffc5dba,8,True,,,,D5,benign,
6031,55114,55117.0,D5,D1,video,1100,973,083d4deb0ffc5dba,8,True,,,,D5,benign,
6034,55130,55133.0,D8,D1,video,1249,695,8cc0d51bdad498a5,8,True,,,,D8,benign,
6035,55131,55134.0,D8,D1,video,1097,696,8cc0d51bdad498a5,8,True,,,,D8,benign,
6036,55133,55137.0,D8,D1,video,994,697,8cc0d51bdad498a5,8,True,,,,D8,benign,
6037,55144,55148.0,D8,D1,video,1156,698,8cc0d51bdad498a5,8,True,,,,D8,benign,
6029,55152,55154.0,D2,D1,telemetry,121,423,edb1fe519173a5b1,8,True,,,,D2,benign,
6032,55166,55169.0,D5,D1,video,1155,974,083d4deb0ffc5dba,8,True,,,,D5,benign,
6040,55206,55209.0,D4,D1,telemetry,160,422,241fc78a6a1a3717,8,True,,,,D4,benign,
6045,55213,55216.0,D8,D1,telemetry,100,699,8cc0d51bdad498a5,8,True,,,,D8,benign,
6038,55218,55222.0,D3,D1,telemetry,110,1039,73b3907e6e6f13ca,8,True,,,,D3,benign,
6042,55232,55235.0,D5,D1,video,1323,976,083d4deb0ffc5dba,8,True,,,,D5,benign,
6049,55234,55236.0,D10,D1,telemetry,116,443,870d1015ea2b65ed,8,True,,,,D10,benign,
6041,55247,55251.0,D5,D1,telemetry,116,975,083d4deb0ffc5dba,8,True,,,,D5,benign,
6044,55263,55265.0,D7,D1,telemetry,109,886,dda1b6baa3bf3e3b,8,True,,,,D7,benign,
6046,55265,55268.0,D8,D1,video,1197,700,8cc0d51bdad498a5,8,True,,,,D8,benign,
6047,55270,55274.0,D8,D1,video,1047,701,8cc0d51bdad498a5,8,True,,,,D8,benign,
6039,55273,55275.0,D4,D1,heartbeat,42,421,,8,,,,,D4,benign,
6039,55273,55275.0,D4,D2,heartbeat,42,421,,8,,,,,D4,benign,
6039,55273,55275.0,D4,D3,heartbeat,42,421,,8,,,,,D4,benign,
6039,55273,55275.0,D4,D5,heartbeat,42,421,,8,,,,,D4,benign,
6039,55273,55276.0,D4,D6,heartbeat,42,421,,8,,,,,D4,benign,
6039,55273,55276.0,D4,D7,heartbeat,42,421,,8,,,,,D4,benign,
6039,55273,55276.0,D4,D8,heartbeat,42,421,,8,,,,,D4,benign,
6039,55273,55276.0,D4,D9,heartbeat,42,421,,8,,,,,D4,benign,
6039,55273,55277.0,D4,D10,heartbeat,42,421,,8,,,,,D4,benign,
6048,55283,55285.0,D9,D1,telemetry,113,415,4bf42ca8f0c32320,8,True,,,,D9,benign,
6043,55297,55300.0,D6,D1,telemetry,107,543,b3f1d0b5ada62baa,8,True,,,,D6,benign,
6050,55326,55328.0,D2,D8,heartbeat,37,424,,8,,,,,D2,benign,
6050,55326,55329.0,D2,D1,heartbeat,37,424,,8,,,,,D2,benign,
6050,55326,55329.0,D2,D3,heartbeat,37,424,,8,,,,,D2,benign,
6050,55326,55329.0,D2,D4,heartbeat,37,424,,8,,,,,D2,benign,
6050,55326,55329.0,D2,D5,heartbeat,37,424,,8,,,,,D2,benign,
6050,55326,55329.0,D2,D6,heartbeat,37,424,,8,,,,,D2,benign,
6050,55326,55329.0,D2,D9,heartbeat,37,424,,8,,,,,D2,benign,
6050,55326,55329.0,D2,D10,heartbeat,37,424,,8,,,,,D2,benign,
6050,55326,55330.0,D2,D7,heartbeat,37,424,,8,,,,,D2,benign,
6051,55339,55341.0,D2,D1,telemetry,93,425,edb1fe519173a5b1,8,True,,,,D2,benign,
6053,55343,55346.0,D5,D1,video,1015,977,083d4deb0ffc5dba,8,True,,,,D5,benign,
6057,55357,55360.0,D8,D1,video,1073,702,8cc0d51bdad498a5,8,True,,,,D8,benign,
6058,55372,55375.0,D8,D1,video,1078,703,8cc0d51bdad498a5,8,True,,,,D8,benign,
6054,55374,55377.0,D5,D1,video,1221,978,083d4deb0ffc5dba,8,True,,,,D5,benign,
6055,55387,55391.0,D5,D1,video,979,979,083d4deb0ffc5dba,8,True,,,,D5,benign,
6059,55395,55397.0,D10,D1,telemetry,125,444,870d1015ea2b65ed,8,True,,,,D10,benign,
6052,55396,55398.0,D4,D1,telemetry,127,423,241fc78a6a1a3717,8,True,,,,D4,benign,
6056,55398,55401.0,D5,D1,video,1207,980,083d4deb0ffc5dba,8,True,,,,D5,benign,
6064,55403,55406.0,D8,D1,telemetry,101,704,8cc0d51bdad498a5,8,True,,,,D8,benign,
6062,55405,55409.0,D5,D1,video,1076,982,083d4deb0ffc5dba,8,True,,,,D5,benign,
6060,55410,55414.0,D3,D1,telemetry,120,1040,73b3907e6e6f13ca,8,True,,,,D3,benign,
6065,55427,55429.0,D9,D2,heartbeat,42,416,,8,,,,,D9,benign,
6065,55427,55429.0,D9,D4,heartbeat,42,416,,8,,,,,D9,benign,
6065,55427,55430.0,D9,D1,heartbeat,42,416,,8,,,,,D9,benign,
6065,55427,55430.0,D9,D3,heartbeat,42,416,,8,,,,,D9,benign,
6065,55427,55430.0,D9,D5,heartbeat,42,416,,8,,,,,D9,benign,
6065,55427,55430.0,D9,D8,heartbeat,42,416,,8,,,,,D9,benign,
6065,55427,55430.0,D9,D10,heartbeat,42,416,,8,,,,,D9,benign,
6065,55427,55431.0,D9,D6,heartbeat,42,416,,8,,,,,D9,benign,
6065,55427,55431.0,D9,D7,heartbeat,42,416,,8,,,,,D9,benign,
6063,55447,55450.0,D7,D1,telemetry,113,887,dda1b6baa3bf3e3b,8,True,,,,D7,benign,
6061,55449,55452.0,D5,D1,telemetry,131,981,083d4deb0ffc5dba,8,True,,,,D5,benign,
6066,55473,55477.0,D9,D1,telemetry,113,417,4bf42ca8f0c32320,8,True,,,,D9,benign,
6071,55508,55510.0,D6,D1,heartbeat,40,544,,8,,,,,D6,benign,
6071,55508,55510.0,D6,D2,heartbeat,40,544,,8,,,,,D6,benign,
6071,55508,55510.0,D6,D5,heartbeat,40,544,,8,,,,,D6,benign,
6071,55508,55510.0,D6,D8,heartbeat,40,544,,8,,,,,D6,benign,
6071,55508,55510.0,D6,D9,heartbeat,40,544,,8,,,,,D6,benign,
6071,55508,55511.0,D6,D4,heartbeat,40,544,,8,,,,,D6,benign,
6071,55508,55511.0,D6,D7,heartbeat,40,544,,8,,,,,D6,benign,
6067,55515,55518.0,D2,D1,telemetry,112,426,edb1fe519173a5b1,8,True,,,,D2,benign,
6072,55538,55542.0,D6,D1,telemetry,142,545,b3f1d0b5ada62baa,8,True,,,,D6,benign,
6073,55548,55550.0,D7,D2,heartbeat,47,888,,8,,,,,D7,benign,
6073,55548,55551.0,D7,D1,heartbeat,47,888,,8,,,,,D7,benign,
6073,55548,55551.0,D7,D4,heartbeat,47,888,,8,,,,,D7,benign,
6073,55548,55551.0,D7,D5,heartbeat,47,888,,8,,,,,D7,benign,
6073,55548,55552.0,D7,D6,heartbeat,47,888,,8,,,,,D7,benign,
6073,55548,55552.0,D7,D8,heartbeat,47,888,,8,,,,,D7,benign,
6073,55548,55552.0,D7,D9,heartbeat,47,888,,8,,,,,D7,benign,
6073,55548,55552.0,D7,D10,heartbeat,47,888,,8,,,,,D7,benign,
6070,55568,55570.0,D5,D1,heartbeat,39,983,,8,,,,,D5,benign,
6070,55568,55570.0,D5,D2,heartbeat,39,983,,8,,,,,D5,benign,
6070,55568,55570.0,D5,D3,heartbeat,39,983,,8,,,,,D5,benign,
6070,55568,55570.0,D5,D4,heartbeat,39,983,,8,,,,,D5,benign,
6070,55568,55570.0,D5,D9,heartbeat,39,983,,8,,,,,D5,benign,
6070,55568,55571.0,D5,D6,heartbeat,39,983,,8,,,,,D5,benign,
6070,55568,55571.0,D5,D7,heartbeat,39,983,,8,,,,,D5,benign,
6070,55568,55571.0,D5,D8,heartbeat,39,983,,8,,,,,D5,benign,
6070,55568,55572.0,D5,D10,heartbeat,39,983,,8,,,,,D5,benign,
6076,55571,55573.0,D10,D1,telemetry,106,445,870d1015ea2b65ed,8,True,,,,D10,benign,
6069,55590,55593.0,D4,D1,telemetry,102,424,241fc78a6a1a3717,8,True,,,,D4,benign,
6068,55596,55599.0,D3,D1,telemetry,120,1041,73b3907e6e6f13ca,8,True,,,,D3,benign,
6075,55596,55599.0,D8,D1,telemetry,112,706,8cc0d51bdad498a5,8,True,,,,D8,benign,
6074,55598,55600.0,D8,D2,heartbeat,37,705,,8,,,,,D8,benign,
6074,55598,55600.0,D8,D3,heartbeat,37,705,,8,,,,,D8,benign,
6074,55598,55600.0,D8,D5,heartbeat,37,705,,8,,,,,D8,benign,
6074,55598,55601.0,D8,D4,heartbeat,37,705,,8,,,,,D8,benign,
6074,55598,55601.0,D8,D6,heartbeat,37,705,,8,,,,,D8,benign,
6074,55598,55601.0,D8,D7,heartbeat,37,705,,8,,,,,D8,benign,
6074,55598,55601.0,D8,D10,heartbeat,37,705,,8,,,,,D8,benign,
6074,55598,55602.0,D8,D1,heartbeat,37,705,,8,,,,,D8,benign,
6074,55598,55602.0,D8,D9,heartbeat,37,705,,8,,,,,D8,benign,
6079,55606,55609.0,D5,D1,video,1134,985,083d4deb0ffc5dba,8,True,,,,D5,benign,
6083,55615,55618.0,D7,D1,telemetry,116,889,dda1b6baa3bf3e3b,8,True,,,,D7,benign,
6085,55634,55636.0,D10,D1,heartbeat,34,446,,8,,,,,D10,benign,
6085,55634,55636.0,D10,D2,heartbeat,34,446,,8,,,,,D10,benign,
6085,55634,55636.0,D10,D4,heartbeat,34,446,,8,,,,,D10,benign,
6085,55634,55636.0,D10,D8,heartbeat,34,446,,8,,,,,D10,benign,
6085,55634,55637.0,D10,D3,heartbeat,34,446,,8,,,,,D10,benign,
6085,55634,55637.0,D10,D5,heartbeat,34,446,,8,,,,,D10,benign,
6085,55634,55637.0,D10,D7,heartbeat,34,446,,8,,,,,D10,benign,
6085,55634,55638.0,D10,D9,heartbeat,34,446,,8,,,,,D10,benign,
6080,55646,55649.0,D5,D1,video,949,986,083d4deb0ffc5dba,8,True,,,,D5,benign,
6084,55662,55664.0,D9,D1,telemetry,116,418,4bf42ca8f0c32320,8,True,,,,D9,benign,
6078,55666,55669.0,D5,D1,telemetry,128,984,083d4deb0ffc5dba,8,True,,,,D5,benign,
6081,55681,55685.0,D5,D1,video,906,987,083d4deb0ffc5dba,8,True,,,,D5,benign,
6077,55687,55690.0,D2,D1,telemetry,138,427,edb1fe519173a5b1,8,True,,,,D2,benign,
6082,55694,55697.0,D5,D1,video,1215,988,083d4deb0ffc5dba,8,True,,,,D5,benign,
6091,55734,55736.0,D10,D1,telemetry,105,447,870d1015ea2b65ed,8,True,,,,D10,benign,
6087,55773,55775.0,D4,D1,telemetry,102,425,241fc78a6a1a3717,8,True,,,,D4,benign,
6088,55773,55776.0,D6,D1,telemetry,122,546,b3f1d0b5ada62baa,8,True,,,,D6,benign,
6090,55780,55782.0,D8,D1,telemetry,133,707,8cc0d51bdad498a5,8,True,,,,D8,benign,
6086,55784,55786.0,D3,D1,telemetry,126,1042,73b3907e6e6f13ca,8,True,,,,D3,benign,
6089,55787,55790.0,D7,D1,telemetry,155,890,dda1b6baa3bf3e3b,8,True,,,,D7,benign,
6094,55840,55843.0,D5,D1,video,1394,990,083d4deb0ffc5dba,8,True,,,,D5,benign,
6095,55853,55856.0,D5,D1,video,1224,991,083d4deb0ffc5dba,8,True,,,,D5,benign,
6098,55853,55856.0,D9,D1,telemetry,101,419,4bf42ca8f0c32320,8,True,,,,D9,benign,
6093,55863,55866.0,D5,D1,telemetry,142,989,083d4deb0ffc5dba,8,True,,,,D5,benign,
6092,55873,55875.0,D2,D1,telemetry,122,428,edb1fe519173a5b1,8,True,,,,D2,benign,
6096,55873,55876.0,D5,D1,video,1114,992,083d4deb0ffc5dba,8,True,,,,D5,benign,
6097,55890,55893.0,D5,D1,video,1103,993,083d4deb0ffc5dba,8,True,,,,D5,benign,
6099,55898,55901.0,D10,D1,telemetry,127,448,870d1015ea2b65ed,8,True,,,,D10,benign,
6103,55915,55917.0,D5,D1,video,1034,994,083d4deb0ffc5dba,8,True,,,,D5,benign,
6104,55934,55937.0,D5,D1,video,1068,995,083d4deb0ffc5dba,8,True,,,,D5,benign,
6105,55936,55939.0,D5,D1,video,1099,996,083d4deb0ffc5dba,8,True,,,,D5,benign,
6102,55955,55959.0,D4,D1,telemetry,128,426,241fc78a6a1a3717,8,True,,,,D4,benign,
6100,55959,55961.0,D1,D5,heartbeat,47,202,,8,,,,,D1,benign,
6100,55959,55962.0,D1,D2,heartbeat,47,202,,8,,,,,D1,benign,
6100,55959,55962.0,D1,D3,heartbeat,47,202,,8,,,,,D1,benign,
6100,55959,55962.0,D1,D7,heartbeat,47,202,,8,,,,,D1,benign,
6100,55959,55962.0,D1,D9,heartbeat,47,202,,8,,,,,D1,benign,
6100,55959,55962.0,D1,D10,heartbeat,47,202,,8,,,,,D1,benign,
6100,55959,55963.0,D1,D4,heartbeat,47,202,,8,,,,,D1,benign,
6100,55959,55963.0,D1,D6,heartbeat,47,202,,8,,,,,D1,benign,
6100,55959,55963.0,D1,D8,heartbeat,47,202,,8,,,,,D1,benign,
6106,55962,55965.0,D5,D1,video,1303,997,083d4deb0ffc5dba,8,True,,,,D5,benign,
6107,55963,55968.0,D5,D1,video,1330,998,083d4deb0ffc5dba,8,True,,,,D5,benign,
6108,55968,55972.0,D7,D1,telemetry,130,891,dda1b6baa3bf3e3b,8,True,,,,D7,benign,
6101,55975,55977.0,D3,D1,telemetry,128,1043,73b3907e6e6f13ca,8,True,,,,D3,benign,
6109,55976,55979.0,D8,D1,telemetry,125,708,8cc0d51bdad498a5,8,True,,,,D8,benign,
6111,56010,,D3,D10,heartbeat,39,1044,,8,,,,channel_loss,D3,benign,
6114,56006,56009.0,D6,D1,telemetry,100,547,b3f1d0b5ada62baa,8,True,,,,D6,benign,
6111,56010,56012.0,D3,D1,heartbeat,39,1044,,8,,,,,D3,benign,
6111,56010,56012.0,D3,D2,heartbeat,39,1044,,8,,,,,D3,benign,
6111,56010,56012.0,D3,D4,heartbeat,39,1044,,8,,,,,D3,benign,
6111,56010,56012.0,D3,D8,heartbeat,39,1044,,8,,,,,D3,benign,
6111,56010,56013.0,D3,D5,heartbeat,39,1044,,8,,,,,D3,benign,
6111,56010,56013.0,D3,D9,heartbeat,39,1044,,8,,,,,D3,benign,
6113,56041,56045.0,D5,D1,video,971,1000,083d4deb0ffc5dba,8,True,,,,D5,benign,
6115,56043,56046.0,D9,D1,telemetry,124,420,4bf42ca8f0c32320,8,True,,,,D9,benign,
6110,56047,56049.0,D2,D1,telemetry,129,429,edb1fe519173a5b1,8,True,,,,D2,benign,
6112,56061,56063.0,D5,D1,telemetry,119,999,083d4deb0ffc5dba,8,True,,,,D5,benign,
6116,56066,56070.0,D10,D1,telemetry,128,449,870d1015ea2b65ed,8,True,,,,D10,benign,
6117,56100,56102.0,D2,D1,trust_report,136,430,edb1fe519173a5b1,8,True,,,,D2,benign,
6118,56100,56102.0,D3,D1,trust_report,136,1045,73b3907e6e6f13ca,8,True,,,,D3,benign,
6122,56100,56102.0,D7,D1,trust_report,136,892,dda1b6baa3bf3e3b,8,True,,,,D7,benign,
6125,56100,56102.0,D10,D1,trust_report,136,450,870d1015ea2b65ed,8,True,,,,D10,benign,
6119,56100,56103.0,D4,D1,trust_report,136,427,241fc78a6a1a3717,8,True,,,,D4,benign,
6121,56100,56103.0,D6,D1,trust_report,136,548,b3f1d0b5ada62baa,8,True,,,,D6,benign,
6123,56100,56103.0,D8,D1,trust_report,136,709,8cc0d51bdad498a5,8,True,,,,D8,benign,
6120,56100,56104.0,D5,D1,trust_report,136,1001,083d4deb0ffc5dba,8,True,,,,D5,benign,
6124,56100,56104.0,D9,D1,trust_report,136,421,4bf42ca8f0c32320,8,True,,,,D9,benign,
6127,56133,56135.0,D4,D1,telemetry,120,428,241fc78a6a1a3717,8,True,,,,D4,benign,
6128,56138,56140.0,D7,D1,telemetry,107,893,dda1b6baa3bf3e3b,8,True,,,,D7,benign,
6129,56158,56161.0,D8,D1,telemetry,108,710,8cc0d51bdad498a5,8,True,,,,D8,benign,
6126,56165,56168.0,D3,D1,telemetry,139,1046,73b3907e6e6f13ca,8,True,,,,D3,benign,
6134,56229,56232.0,D9,D1,telemetry,109,422,4bf42ca8f0c32320,8,True,,,,D9,benign,
6135,56231,56234.0,D10,D1,telemetry,147,451,870d1015ea2b65ed,8,True,,,,D10,benign,
6130,56235,56238.0,D2,D1,telemetry,120,431,edb1fe519173a5b1,8,True,,,,D2,benign,
6133,56236,56239.0,D6,D1,telemetry,126,549,b3f1d0b5ada62baa,8,True,,,,D6,benign,
6131,56243,56245.0,D4,D2,heartbeat,38,429,,8,,,,,D4,benign,
6131,56243,56245.0,D4,D6,heartbeat,38,429,,8,,,,,D4,benign,
6131,56243,56245.0,D4,D8,heartbeat,38,429,,8,,,,,D4,benign,
6131,56243,56246.0,D4,D1,heartbeat,38,429,,8,,,,,D4,benign,
6131,56243,56246.0,D4,D7,heartbeat,38,429,,8,,,,,D4,benign,
6131,56243,56246.0,D4,D9,heartbeat,38,429,,8,,,,,D4,benign,
6131,56243,56246.0,D4,D10,heartbeat,38,429,,8,,,,,D4,benign,
6131,56243,56247.0,D4,D5,heartbeat,38,429,,8,,,,,D4,benign,
6131,56243,56249.0,D4,D3,heartbeat,38,429,,8,,,,,D4,benign,
6132,56274,56278.0,D5,D1,telemetry,117,1002,083d4deb0ffc5dba,8,True,,,,D5,benign,
6139,56307,56309.0,D7,D1,telemetry,148,894,dda1b6baa3bf3e3b,8,True,,,,D7,benign,
6138,56308,56310.0,D4,D1,telemetry,110,430,241fc78a6a1a3717,8,True,,,,D4,benign,
6140,56348,56351.0,D8,D1,telemetry,130,711,8cc0d51bdad498a5,8,True,,,,D8,benign,
6137,56361,56364.0,D3,D1,telemetry,123,1047,73b3907e6e6f13ca,8,True,,,,D3,benign,
6136,56369,56371.0,D2,D6,heartbeat,46,432,,8,,,,,D2,benign,
6136,56369,56372.0,D2,D1,heartbeat,46,432,,8,,,,,D2,benign,
6136,56369,56372.0,D2,D3,heartbeat,46,432,,8,,,,,D2,benign,
6136,56369,56372.0,D2,D5,heartbeat,46,432,,8,,,,,D2,benign,
6136,56369,56372.0,D2,D7,heartbeat,46,432,,8,,,,,D2,benign,
6136,56369,56372.0,D2,D8,heartbeat,46,432,,8,,,,,D2,benign,
6136,56369,56372.0,D2,D9,heartbeat,46,432,,8,,,,,D2,benign,
6136,56369,56372.0,D2,D10,heartbeat,46,432,,8,,,,,D2,benign,
6136,56369,56373.0,D2,D4,heartbeat,46,432,,8,,,,,D2,benign,
6149,56401,56404.0,D10,D1,telemetry,109,452,870d1015ea2b65ed,8,True,,,,D10,benign,
6141,56410,56414.0,D2,D1,telemetry,123,433,edb1fe519173a5b1,8,True,,,,D2,benign,
6148,56421,56424.0,D9,D1,telemetry,117,424,4bf42ca8f0c32320,8,True,,,,D9,benign,
6147,56459,56461.0,D9,D1,heartbeat,37,423,,8,,,,,D9,benign,
6147,56459,56461.0,D9,D2,heartbeat,37,423,,8,,,,,D9,benign,
6147,56459,56462.0,D9,D4,heartbeat,37,423,,8,,,,,D9,benign,
6147,56459,56462.0,D9,D5,heartbeat,37,423,,8,,,,,D9,benign,
6147,56459,56462.0,D9,D7,heartbeat,37,423,,8,,,,,D9,benign,
6147,56459,56462.0,D9,D8,heartbeat,37,423,,8,,,,,D9,benign,
6147,56459,56462.0,D9,D10,heartbeat,37,423,,8,,,,,D9,benign,
6144,56460,56462.0,D6,D2,heartbeat,43,550,,8,,,,,D6,benign,
6147,56459,56463.0,D9,D3,heartbeat,37,423,,8,,,,,D9,benign,
6147,56459,56463.0,D9,D6,heartbeat,37,423,,8,,,,,D9,benign,
6144,56460,56463.0,D6,D4,heartbeat,43,550,,8,,,,,D6,benign,
6144,56460,56463.0,D6,D5,heartbeat,43,550,,8,,,,,D6,benign,
6144,56460,56463.0,D6,D7,heartbeat,43,550,,8,,,,,D6,benign,
6144,56460,56463.0,D6,D8,heartbeat,43,550,,8,,,,,D6,benign,
6144,56460,56463.0,D6,D9,heartbeat,43,550,,8,,,,,D6,benign,
6144,56460,56464.0,D6,D1,heartbeat,43,550,,8,,,,,D6,benign,
6145,56481,56484.0,D6,D1,telemetry,110,551,b3f1d0b5ada62baa,8,True,,,,D6,benign,
6146,56481,56484.0,D7,D1,telemetry,122,895,dda1b6baa3bf3e3b,8,True,,,,D7,benign,
6143,56487,56490.0,D5,D1,telemetry,122,1003,083d4deb0ffc5dba,8,True,,,,D5,benign,
6142,56491,56494.0,D4,D1,telemetry,130,431,241fc78a6a1a3717,8,True,,,,D4,benign,
6152,56565,,D5,D3,heartbeat,38,1004,,8,,,,channel_loss,D5,benign,
6154,56528,56532.0,D8,D1,telemetry,107,712,8cc0d51bdad498a5,8,True,,,,D8,benign,
6151,56545,56548.0,D3,D1,telemetry,114,1048,73b3907e6e6f13ca,8,True,,,,D3,benign,
6152,56565,56567.0,D5,D7,heartbeat,38,1004,,8,,,,,D5,benign,
6152,56565,56567.0,D5,D8,heartbeat,38,1004,,8,,,,,D5,benign,
6152,56565,56567.0,D5,D9,heartbeat,38,1004,,8,,,,,D5,benign,
6152,56565,56567.0,D5,D10,heartbeat,38,1004,,8,,,,,D5,benign,
6152,56565,56568.0,D5,D1,heartbeat,38,1004,,8,,,,,D5,benign,
6152,56565,56568.0,D5,D2,heartbeat,38,1004,,8,,,,,D5,benign,
6152,56565,56568.0,D5,D6,heartbeat,38,1004,,8,,,,,D5,benign,
6152,56565,56569.0,D5,D4,heartbeat,38,1004,,8,,,,,D5,benign,
6155,56576,56579.0,D10,D1,telemetry,119,453,870d1015ea2b65ed,8,True,,,,D10,benign,
6153,56591,56593.0,D7,D1,heartbeat,40,896,,8,,,,,D7,benign,
6153,56591,56593.0,D7,D2,heartbeat,40,896,,8,,,,,D7,benign,
6153,56591,56593.0,D7,D5,heartbeat,40,896,,8,,,,,D7,benign,
6153,56591,56594.0,D7,D4,heartbeat,40,896,,8,,,,,D7,benign,
6153,56591,56594.0,D7,D6,heartbeat,40,896,,8,,,,,D7,benign,
6153,56591,56594.0,D7,D8,heartbeat,40,896,,8,,,,,D7,benign,
6153,56591,56594.0,D7,D10,heartbeat,40,896,,8,,,,,D7,benign,
6153,56591,56595.0,D7,D9,heartbeat,40,896,,8,,,,,D7,benign,
6160,56644,,D10,D6,heartbeat,35,454,,8,,,,channel_loss,D10,benign,
6150,56599,56601.0,D2,D1,telemetry,116,434,edb1fe519173a5b1,8,True,,,,D2,benign,
6159,56609,56611.0,D9,D1,telemetry,112,425,4bf42ca8f0c32320,8,True,,,,D9,benign,
6158,56613,56615.0,D8,D1,heartbeat,38,713,,8,,,,,D8,benign,
6158,56613,56615.0,D8,D2,heartbeat,38,713,,8,,,,,D8,benign,
6158,56613,56616.0,D8,D3,heartbeat,38,713,,8,,,,,D8,benign,
6158,56613,56616.0,D8,D4,heartbeat,38,713,,8,,,,,D8,benign,
6158,56613,56616.0,D8,D5,heartbeat,38,713,,8,,,,,D8,benign,
6158,56613,56616.0,D8,D6,heartbeat,38,713,,8,,,,,D8,benign,
6158,56613,56616.0,D8,D7,heartbeat,38,713,,8,,,,,D8,benign,
6158,56613,56616.0,D8,D9,heartbeat,38,713,,8,,,,,D8,benign,
6158,56613,56616.0,D8,D10,heartbeat,38,713,,8,,,,,D8,benign,
6160,56644,56646.0,D10,D1,heartbeat,35,454,,8,,,,,D10,benign,
6160,56644,56646.0,D10,D4,heartbeat,35,454,,8,,,,,D10,benign,
6160,56644,56646.0,D10,D5,heartbeat,35,454,,8,,,,,D10,benign,
6160,56644,56646.0,D10,D9,heartbeat,35,454,,8,,,,,D10,benign,
6160,56644,56647.0,D10,D3,heartbeat,35,454,,8,,,,,D10,benign,
6160,56644,56647.0,D10,D8,heartbeat,35,454,,8,,,,,D10,benign,
6160,56644,56648.0,D10,D2,heartbeat,35,454,,8,,,,,D10,benign,
6160,56644,56648.0,D10,D7,heartbeat,35,454,,8,,,,,D10,benign,
6157,56661,56664.0,D7,D1,telemetry,131,897,dda1b6baa3bf3e3b,8,True,,,,D7,benign,
6156,56674,56678.0,D4,D1,telemetry,132,432,241fc78a6a1a3717,8,True,,,,D4,benign,
6163,56703,56706.0,D5,D1,telemetry,98,1005,083d4deb0ffc5dba,8,True,,,,D5,benign,
6164,56715,56717.0,D6,D1,telemetry,129,552,b3f1d0b5ada62baa,8,True,,,,D6,benign,
6165,56715,56719.0,D8,D1,telemetry,124,714,8cc0d51bdad498a5,8,True,,,,D8,benign,
6162,56742,56744.0,D3,D1,telemetry,87,1049,73b3907e6e6f13ca,8,True,,,,D3,benign,
6167,56752,56755.0,D10,D1,telemetry,150,455,870d1015ea2b65ed,8,True,,,,D10,benign,
6161,56770,56772.0,D2,D1,telemetry,105,435,edb1fe519173a5b1,8,True,,,,D2,benign,
6166,56793,56797.0,D9,D1,telemetry,103,426,4bf42ca8f0c32320,8,True,,,,D9,benign,
6169,56840,56845.0,D7,D1,telemetry,130,898,dda1b6baa3bf3e3b,8,True,,,,D7,benign,
6168,56858,56862.0,D4,D1,telemetry,136,433,241fc78a6a1a3717,8,True,,,,D4,benign,
6174,56901,56904.0,D5,D1,telemetry,120,1006,083d4deb0ffc5dba,8,True,,,,D5,benign,
6176,56907,56909.0,D8,D1,telemetry,113,715,8cc0d51bdad498a5,8,True,,,,D8,benign,
6178,56923,56927.0,D10,D1,telemetry,127,456,870d1015ea2b65ed,8,True,,,,D10,benign,
6173,56934,56936.0,D3,D1,telemetry,112,1050,73b3907e6e6f13ca,8,True,,,,D3,benign,
6170,56938,56940.0,D1,D3,heartbeat,45,203,,8,,,,,D1,benign,
6170,56938,56940.0,D1,D6,heartbeat,45,203,,8,,,,,D1,benign,
6170,56938,56940.0,D1,D9,heartbeat,45,203,,8,,,,,D1,benign,
6170,56938,56941.0,D1,D2,heartbeat,45,203,,8,,,,,D1,benign,
6170,56938,56941.0,D1,D4,heartbeat,45,203,,8,,,,,D1,benign,
6170,56938,56941.0,D1,D5,heartbeat,45,203,,8,,,,,D1,benign,
6170,56938,56941.0,D1,D7,heartbeat,45,203,,8,,,,,D1,benign,
6170,56938,56941.0,D1,D8,heartbeat,45,203,,8,,,,,D1,benign,
6170,56938,56942.0,D1,D10,heartbeat,45,203,,8,,,,,D1,benign,
6172,56944,56946.0,D2,D1,telemetry,122,436,edb1fe519173a5b1,8,True,,,,D2,benign,
6175,56943,56947.0,D6,D1,telemetry,123,553,b3f1d0b5ada62baa,8,True,,,,D6,benign,
6177,56973,56977.0,D9,D1,telemetry,122,427,4bf42ca8f0c32320,8,True,,,,D9,benign,
6171,57000,57002.0,D1,D4,command,74,204,241fc78a6a1a3717,8,True,,,,D1,benign,
6179,57003,57005.0,D3,D4,heartbeat,47,1051,,8,,,,,D3,benign,
6179,57003,57005.0,D3,D5,heartbeat,47,1051,,8,,,,,D3,benign,
6179,57003,57005.0,D3,D8,heartbeat,47,1051,,8,,,,,D3,benign,
6179,57003,57005.0,D3,D9,heartbeat,47,1051,,8,,,,,D3,benign,
6179,57003,57006.0,D3,D2,heartbeat,47,1051,,8,,,,,D3,benign,
6179,57003,57006.0,D3,D10,heartbeat,47,1051,,8,,,,,D3,benign,
6179,57003,57007.0,D3,D1,heartbeat,47,1051,,8,,,,,D3,benign,
6182,57016,57018.0,D7,D1,telemetry,125,899,dda1b6baa3bf3e3b,8,True,,,,D7,benign,
6180,57049,57052.0,D4,D1,telemetry,105,434,241fc78a6a1a3717,8,True,,,,D4,benign,
6184,57084,57087.0,D10,D1,telemetry,115,457,870d1015ea2b65ed,8,True,,,,D10,benign,
6183,57089,57092.0,D8,D1,telemetry,109,716,8cc0d51bdad498a5,8,True,,,,D8,benign,
6187,57100,57102.0,D4,D1,trust_report,136,435,241fc78a6a1a3717,8,True,,,,D4,benign,
6188,57100,57102.0,D5,D1,trust_report,136,1008,083d4deb0ffc5dba,8,True,,,,D5,benign,
6191,57100,57102.0,D8,D1,trust_report,136,717,8cc0d51bdad498a5,8,True,,,,D8,benign,
6192,57100,57102.0,D9,D1,trust_report,136,428,4bf42ca8f0c32320,8,True,,,,D9,benign,
6193,57100,57102.0,D10,D1,trust_report,136,458,870d1015ea2b65ed,8,True,,,,D10,benign,
6185,57100,57103.0,D2,D1,trust_report,136,437,edb1fe519173a5b1,8,True,,,,D2,benign,
6186,57100,57103.0,D3,D1,trust_report,136,1052,73b3907e6e6f13ca,8,True,,,,D3,benign,
6190,57100,57103.0,D7,D1,trust_report,136,900,dda1b6baa3bf3e3b,8,True,,,,D7,benign,
6181,57100,57104.0,D5,D1,telemetry,128,1007,083d4deb0ffc5dba,8,True,,,,D5,benign,
6189,57100,57104.0,D6,D1,trust_report,136,554,b3f1d0b5ada62baa,8,True,,,,D6,benign,
6195,57116,57119.0,D3,D1,telemetry,126,1053,73b3907e6e6f13ca,8,True,,,,D3,benign,
6194,57133,57136.0,D2,D1,telemetry,125,438,edb1fe519173a5b1,8,True,,,,D2,benign,
6198,57162,57165.0,D9,D1,telemetry,118,429,4bf42ca8f0c32320,8,True,,,,D9,benign,
6196,57187,57189.0,D6,D1,telemetry,124,555,b3f1d0b5ada62baa,8,True,,,,D6,benign,
6197,57199,57202.0,D7,D1,telemetry,105,901,dda1b6baa3bf3e3b,8,True,,,,D7,benign,
6199,57222,57224.0,D4,D1,heartbeat,42,436,,8,,,,,D4,benign,
6199,57222,57224.0,D4,D2,heartbeat,42,436,,8,,,,,D4,benign,
6199,57222,57224.0,D4,D3,heartbeat,42,436,,8,,,,,D4,benign,
6199,57222,57225.0,D4,D5,heartbeat,42,436,,8,,,,,D4,benign,
6199,57222,57225.0,D4,D7,heartbeat,42,436,,8,,,,,D4,benign,
6199,57222,57225.0,D4,D9,heartbeat,42,436,,8,,,,,D4,benign,
6199,57222,57225.0,D4,D10,heartbeat,42,436,,8,,,,,D4,benign,
6199,57222,57226.0,D4,D6,heartbeat,42,436,,8,,,,,D4,benign,
6199,57222,57226.0,D4,D8,heartbeat,42,436,,8,,,,,D4,benign,
6200,57236,57240.0,D4,D1,telemetry,126,437,241fc78a6a1a3717,8,True,,,,D4,benign,
6202,57253,57255.0,D10,D1,telemetry,128,459,870d1015ea2b65ed,8,True,,,,D10,benign,
6201,57277,57279.0,D8,D1,telemetry,147,718,8cc0d51bdad498a5,8,True,,,,D8,benign,
6205,57304,57307.0,D3,D1,telemetry,128,1054,73b3907e6e6f13ca,8,True,,,,D3,benign,
6204,57311,57314.0,D2,D1,telemetry,114,440,edb1fe519173a5b1,8,True,,,,D2,benign,
6206,57315,57318.0,D5,D1,telemetry,125,1009,083d4deb0ffc5dba,8,True,,,,D5,benign,
6208,57339,57342.0,D9,D1,telemetry,117,430,4bf42ca8f0c32320,8,True,,,,D9,benign,
6203,57348,57350.0,D2,D3,heartbeat,37,439,,8,,,,,D2,benign,
6203,57348,57350.0,D2,D4,heartbeat,37,439,,8,,,,,D2,benign,
6203,57348,57350.0,D2,D5,heartbeat,37,439,,8,,,,,D2,benign,
6203,57348,57351.0,D2,D1,heartbeat,37,439,,8,,,,,D2,benign,
6203,57348,57351.0,D2,D7,heartbeat,37,439,,8,,,,,D2,benign,
6203,57348,57351.0,D2,D8,heartbeat,37,439,,8,,,,,D2,benign,
6203,57348,57351.0,D2,D9,heartbeat,37,439,,8,,,,,D2,benign,
6203,57348,57351.0,D2,D10,heartbeat,37,439,,8,,,,,D2,benign,
6203,57348,57352.0,D2,D6,heartbeat,37,439,,8,,,,,D2,benign,
6207,57368,57370.0,D7,D1,telemetry,114,902,dda1b6baa3bf3e3b,8,True,,,,D7,benign,
6215,57460,,D9,D5,heartbeat,37,431,,8,,,,channel_loss,D9,benign,
6211,57417,57420.0,D4,D1,telemetry,119,438,241fc78a6a1a3717,8,True,,,,D4,benign,
6216,57417,57420.0,D10,D1,telemetry,122,460,870d1015ea2b65ed,8,True,,,,D10,benign,
6213,57418,57420.0,D6,D1,telemetry,129,557,b3f1d0b5ada62baa,8,True,,,,D6,benign,
6212,57458,57460.0,D6,D1,heartbeat,43,556,,8,,,,,D6,benign,
6212,57458,57460.0,D6,D2,heartbeat,43,556,,8,,,,,D6,benign,
6212,57458,57460.0,D6,D4,heartbeat,43,556,,8,,,,,D6,benign,
6212,57458,57460.0,D6,D5,heartbeat,43,556,,8,,,,,D6,benign,
6212,57458,57461.0,D6,D7,heartbeat,43,556,,8,,,,,D6,benign,
6212,57458,57461.0,D6,D8,heartbeat,43,556,,8,,,,,D6,benign,
6212,57458,57461.0,D6,D9,heartbeat,43,556,,8,,,,,D6,benign,
6215,57460,57462.0,D9,D2,heartbeat,37,431,,8,,,,,D9,benign,
6215,57460,57462.0,D9,D4,heartbeat,37,431,,8,,,,,D9,benign,
6215,57460,57462.0,D9,D7,heartbeat,37,431,,8,,,,,D9,benign,
6212,57458,57463.0,D6,D10,heartbeat,43,556,,8,,,,,D6,benign,
6215,57460,57463.0,D9,D1,heartbeat,37,431,,8,,,,,D9,benign,
6215,57460,57463.0,D9,D6,heartbeat,37,431,,8,,,,,D9,benign,
6215,57460,57463.0,D9,D8,heartbeat,37,431,,8,,,,,D9,benign,
6215,57460,57463.0,D9,D10,heartbeat,37,431,,8,,,,,D9,benign,
6215,57460,57464.0,D9,D3,heartbeat,37,431,,8,,,,,D9,benign,
6214,57463,57467.0,D8,D1,telemetry,134,719,8cc0d51bdad498a5,8,True,,,,D8,benign,
6209,57485,57487.0,D2,D1,telemetry,109,441,edb1fe519173a5b1,8,True,,,,D2,benign,
6210,57489,57492.0,D3,D1,telemetry,116,1055,73b3907e6e6f13ca,8,True,,,,D3,benign,
6220,57521,57523.0,D9,D1,telemetry,131,432,4bf42ca8f0c32320,8,True,,,,D9,benign,
6217,57529,57533.0,D5,D1,telemetry,131,1010,083d4deb0ffc5dba,8,True,,,,D5,benign,
6219,57543,57546.0,D7,D1,telemetry,120,904,dda1b6baa3bf3e3b,8,True,,,,D7,benign,
6218,57566,57568.0,D7,D1,heartbeat,29,903,,8,,,,,D7,benign,
6218,57566,57568.0,D7,D3,heartbeat,29,903,,8,,,,,D7,benign,
6218,57566,57568.0,D7,D4,heartbeat,29,903,,8,,,,,D7,benign,
6218,57566,57569.0,D7,D2,heartbeat,29,903,,8,,,,,D7,benign,
6218,57566,57569.0,D7,D5,heartbeat,29,903,,8,,,,,D7,benign,
6218,57566,57569.0,D7,D8,heartbeat,29,903,,8,,,,,D7,benign,
6218,57566,57569.0,D7,D9,heartbeat,29,903,,8,,,,,D7,benign,
6218,57566,57569.0,D7,D10,heartbeat,29,903,,8,,,,,D7,benign,
6218,57566,57570.0,D7,D6,heartbeat,29,903,,8,,,,,D7,benign,
6221,57584,57586.0,D10,D1,telemetry,112,461,870d1015ea2b65ed,8,True,,,,D10,benign,
6225,57601,57603.0,D5,D1,heartbeat,32,1011,,8,,,,,D5,benign,
6225,57601,57603.0,D5,D3,heartbeat,32,1011,,8,,,,,D5,benign,
6225,57601,57603.0,D5,D6,heartbeat,32,1011,,8,,,,,D5,benign,
6225,57601,57603.0,D5,D7,heartbeat,32,1011,,8,,,,,D5,benign,
6225,57601,57603.0,D5,D8,heartbeat,32,1011,,8,,,,,D5,benign,
6225,57601,57604.0,D5,D2,heartbeat,32,1011,,8,,,,,D5,benign,
6225,57601,57604.0,D5,D4,heartbeat,32,1011,,8,,,,,D5,benign,
6225,57601,57604.0,D5,D9,heartbeat,32,1011,,8,,,,,D5,benign,
6225,57601,57605.0,D5,D10,heartbeat,32,1011,,8,,,,,D5,benign,
6224,57610,57612.0,D4,D1,telemetry,119,439,241fc78a6a1a3717,8,True,,,,D4,benign,
6227,57630,57632.0,D8,D2,heartbeat,35,720,,8,,,,,D8,benign,
6227,57630,57632.0,D8,D3,heartbeat,35,720,,8,,,,,D8,benign,
6227,57630,57632.0,D8,D4,heartbeat,35,720,,8,,,,,D8,benign,
6227,57630,57632.0,D8,D7,heartbeat,35,720,,8,,,,,D8,benign,
6227,57630,57633.0,D8,D1,heartbeat,35,720,,8,,,,,D8,benign,
6227,57630,57633.0,D8,D5,heartbeat,35,720,,8,,,,,D8,benign,
6227,57630,57633.0,D8,D6,heartbeat,35,720,,8,,,,,D8,benign,
6227,57630,57633.0,D8,D9,heartbeat,35,720,,8,,,,,D8,benign,
6227,57630,57634.0,D8,D10,heartbeat,35,720,,8,,,,,D8,benign,
6229,57632,57634.0,D10,D2,heartbeat,38,462,,8,,,,,D10,benign,
6229,57632,57634.0,D10,D3,heartbeat,38,462,,8,,,,,D10,benign,
6229,57632,57634.0,D10,D4,heartbeat,38,462,,8,,,,,D10,benign,
6229,57632,57634.0,D10,D7,heartbeat,38,462,,8,,,,,D10,benign,
6229,57632,57635.0,D10,D5,heartbeat,38,462,,8,,,,,D10,benign,
6229,57632,57635.0,D10,D6,heartbeat,38,462,,8,,,,,D10,benign,
6229,57632,57635.0,D10,D8,heartbeat,38,462,,8,,,,,D10,benign,
6229,57632,57635.0,D10,D9,heartbeat,38,462,,8,,,,,D10,benign,
6229,57632,57636.0,D10,D1,heartbeat,38,462,,8,,,,,D10,benign,
6228,57661,57663.0,D8,D1,telemetry,117,721,8cc0d51bdad498a5,8,True,,,,D8,benign,
6226,57661,57664.0,D6,D1,telemetry,138,558,b3f1d0b5ada62baa,8,True,,,,D6,benign,
6222,57674,57678.0,D2,D1,telemetry,141,442,edb1fe519173a5b1,8,True,,,,D2,benign,
6223,57688,57691.0,D3,D1,telemetry,94,1056,73b3907e6e6f13ca,8,True,,,,D3,benign,
6232,57712,57714.0,D9,D1,telemetry,125,433,4bf42ca8f0c32320,8,True,,,,D9,benign,
6231,57721,57724.0,D7,D1,telemetry,129,905,dda1b6baa3bf3e3b,8,True,,,,D7,benign,
6230,57742,57746.0,D5,D1,telemetry,126,1012,083d4deb0ffc5dba,8,True,,,,D5,benign,
6233,57760,57762.0,D10,D1,telemetry,114,463,870d1015ea2b65ed,8,True,,,,D10,benign,
6236,57804,57807.0,D4,D1,telemetry,114,440,241fc78a6a1a3717,8,True,,,,D4,benign,
6238,57848,57851.0,D8,D1,telemetry,145,722,8cc0d51bdad498a5,8,True,,,,D8,benign,
6234,57856,57860.0,D2,D1,telemetry,122,443,edb1fe519173a5b1,8,True,,,,D2,benign,
6235,57888,57892.0,D3,D1,telemetry,100,1057,73b3907e6e6f13ca,8,True,,,,D3,benign,
6237,57891,57893.0,D7,D1,telemetry,116,906,dda1b6baa3bf3e3b,8,True,,,,D7,benign,
6243,57903,57906.0,D6,D1,telemetry,126,559,b3f1d0b5ada62baa,8,True,,,,D6,benign,
6244,57903,57906.0,D9,D1,telemetry,104,434,4bf42ca8f0c32320,8,True,,,,D9,benign,
6245,57938,57940.0,D10,D1,telemetry,120,464,870d1015ea2b65ed,8,True,,,,D10,benign,
6242,57948,57950.0,D5,D1,telemetry,105,1013,083d4deb0ffc5dba,8,True,,,,D5,benign,
6240,57957,57959.0,D3,D1,heartbeat,46,1058,,8,,,,,D3,benign,
6240,57957,57959.0,D3,D7,heartbeat,46,1058,,8,,,,,D3,benign,
6240,57957,57960.0,D3,D8,heartbeat,46,1058,,8,,,,,D3,benign,
6240,57957,57960.0,D3,D9,heartbeat,46,1058,,8,,,,,D3,benign,
6240,57957,57960.0,D3,D10,heartbeat,46,1058,,8,,,,,D3,benign,
6240,57957,57961.0,D3,D4,heartbeat,46,1058,,8,,,,,D3,benign,
6240,57957,57961.0,D3,D5,heartbeat,46,1058,,8,,,,,D3,benign,
6240,57957,57962.0,D3,D2,heartbeat,46,1058,,8,,,,,D3,benign,
6239,57985,57987.0,D1,D7,heartbeat,42,205,,8,,,,,D1,benign,
6239,57985,57987.0,D1,D10,heartbeat,42,205,,8,,,,,D1,benign,
6239,57985,57988.0,D1,D2,heartbeat,42,205,,8,,,,,D1,benign,
6239,57985,57988.0,D1,D3,heartbeat,42,205,,8,,,,,D1,benign,
6239,57985,57988.0,D1,D4,heartbeat,42,205,,8,,,,,D1,benign,
6239,57985,57988.0,D1,D5,heartbeat,42,205,,8,,,,,D1,benign,
6239,57985,57988.0,D1,D6,heartbeat,42,205,,8,,,,,D1,benign,
6239,57985,57988.0,D1,D8,heartbeat,42,205,,8,,,,,D1,benign,
6239,57985,57988.0,D1,D9,heartbeat,42,205,,8,,,,,D1,benign,
6241,57992,57995.0,D4,D1,telemetry,132,441,241fc78a6a1a3717,8,True,,,,D4,benign,
6246,58030,58034.0,D2,D1,telemetry,137,444,edb1fe519173a5b1,8,True,,,,D2,benign,
6249,58031,58034.0,D8,D1,telemetry,115,723,8cc0d51bdad498a5,8,True,,,,D8,benign,
6248,58061,58063.0,D7,D1,telemetry,124,907,dda1b6baa3bf3e3b,8,True,,,,D7,benign,
6247,58072,58074.0,D3,D1,telemetry,116,1059,73b3907e6e6f13ca,8,True,,,,D3,benign,
6250,58092,58095.0,D9,D1,telemetry,120,435,4bf42ca8f0c32320,8,True,,,,D9,benign,
6252,58100,58102.0,D3,D1,trust_report,136,1060,73b3907e6e6f13ca,8,True,,,,D3,benign,
6254,58100,58102.0,D5,D1,trust_report,136,1014,083d4deb0ffc5dba,8,True,,,,D5,benign,
6255,58100,58102.0,D6,D1,trust_report,136,560,b3f1d0b5ada62baa,8,True,,,,D6,benign,
6257,58100,58102.0,D8,D1,trust_report,136,724,8cc0d51bdad498a5,8,True,,,,D8,benign,
6259,58100,58102.0,D10,D1,trust_report,136,465,870d1015ea2b65ed,8,True,,,,D10,benign,
6251,58100,58103.0,D2,D1,trust_report,136,445,edb1fe519173a5b1,8,True,,,,D2,benign,
6253,58100,58103.0,D4,D1,trust_report,136,442,241fc78a6a1a3717,8,True,,,,D4,benign,
6256,58100,58103.0,D7,D1,trust_report,136,908,dda1b6baa3bf3e3b,8,True,,,,D7,benign,
6258,58100,58103.0,D9,D1,trust_report,136,436,4bf42ca8f0c32320,8,True,,,,D9,benign,
6263,58113,58115.0,D10,D1,telemetry,93,466,870d1015ea2b65ed,8,True,,,,D10,benign,
6262,58139,58142.0,D6,D1,telemetry,120,561,b3f1d0b5ada62baa,8,True,,,,D6,benign,
6261,58148,58150.0,D5,D1,telemetry,115,1015,083d4deb0ffc5dba,8,True,,,,D5,benign,
6260,58181,58184.0,D4,D1,telemetry,128,443,241fc78a6a1a3717,8,True,,,,D4,benign,
6272,58212,58216.0,D7,D1,video,975,910,dda1b6baa3bf3e3b,8,True,,,,D7,benign,
6265,58213,58216.0,D2,D1,telemetry,111,446,edb1fe519173a5b1,8,True,,,,D2,benign,
6273,58214,58217.0,D7,D1,video,957,911,dda1b6baa3bf3e3b,8,True,,,,D7,benign,
6275,58222,58224.0,D8,D1,telemetry,123,725,8cc0d51bdad498a5,8,True,,,,D8,benign,
6267,58230,58232.0,D4,D1,heartbeat,40,444,,8,,,,,D4,benign,
6267,58230,58232.0,D4,D5,heartbeat,40,444,,8,,,,,D4,benign,
6267,58230,58232.0,D4,D7,heartbeat,40,444,,8,,,,,D4,benign,
6267,58230,58232.0,D4,D8,heartbeat,40,444,,8,,,,,D4,benign,
6271,58230,58232.0,D7,D1,telemetry,117,909,dda1b6baa3bf3e3b,8,True,,,,D7,benign,
6267,58230,58233.0,D4,D3,heartbeat,40,444,,8,,,,,D4,benign,
6267,58230,58233.0,D4,D6,heartbeat,40,444,,8,,,,,D4,benign,
6267,58230,58233.0,D4,D9,heartbeat,40,444,,8,,,,,D4,benign,
6267,58230,58233.0,D4,D10,heartbeat,40,444,,8,,,,,D4,benign,
6267,58230,58234.0,D4,D2,heartbeat,40,444,,8,,,,,D4,benign,
6268,58232,58236.0,D5,D1,video,956,1016,083d4deb0ffc5dba,8,True,,,,D5,benign,
6274,58240,58244.0,D7,D1,video,1010,912,dda1b6baa3bf3e3b,8,True,,,,D7,benign,
6269,58252,58255.0,D5,D1,video,1100,1017,083d4deb0ffc5dba,8,True,,,,D5,benign,
6266,58257,58260.0,D3,D1,telemetry,92,1061,73b3907e6e6f13ca,8,True,,,,D3,benign,
6270,58268,58271.0,D5,D1,video,1073,1018,083d4deb0ffc5dba,8,True,,,,D5,benign,
6264,58274,58278.0,D1,D6,command,79,206,b3f1d0b5ada62baa,8,True,,,,D1,benign,
6276,58287,58289.0,D9,D1,telemetry,115,437,4bf42ca8f0c32320,8,True,,,,D9,benign,
6277,58290,58294.0,D10,D1,telemetry,134,467,870d1015ea2b65ed,8,True,,,,D10,benign,
6278,58305,58307.0,D2,D1,heartbeat,41,447,,8,,,,,D2,benign,
6278,58305,58307.0,D2,D4,heartbeat,41,447,,8,,,,,D2,benign,
6278,58305,58307.0,D2,D5,heartbeat,41,447,,8,,,,,D2,benign,
6278,58305,58307.0,D2,D7,heartbeat,41,447,,8,,,,,D2,benign,
6278,58305,58307.0,D2,D8,heartbeat,41,447,,8,,,,,D2,benign,
6278,58305,58308.0,D2,D3,heartbeat,41,447,,8,,,,,D2,benign,
6278,58305,58308.0,D2,D6,heartbeat,41,447,,8,,,,,D2,benign,
6278,58305,58308.0,D2,D9,heartbeat,41,447,,8,,,,,D2,benign,
6278,58305,58308.0,D2,D10,heartbeat,41,447,,8,,,,,D2,benign,
6282,58325,58328.0,D5,D1,video,1002,1020,083d4deb0ffc5dba,8,True,,,,D5,benign,
6281,58356,58359.0,D5,D1,telemetry,115,1019,083d4deb0ffc5dba,8,True,,,,D5,benign,
6283,58366,58369.0,D5,D1,video,1037,1021,083d4deb0ffc5dba,8,True,,,,D5,benign,
6280,58370,58372.0,D4,D1,telemetry,116,445,241fc78a6a1a3717,8,True,,,,D4,benign,
6284,58372,58375.0,D6,D1,telemetry,105,562,b3f1d0b5ada62baa,8,True,,,,D6,benign,
6279,58385,58388.0,D2,D1,telemetry,99,448,edb1fe519173a5b1,8,True,,,,D2,benign,
6290,58432,,D6,D10,heartbeat,36,563,,8,,,,channel_loss,D6,benign,
6291,58402,58404.0,D7,D1,telemetry,137,913,dda1b6baa3bf3e3b,8,True,,,,D7,benign,
6292,58403,58408.0,D7,D1,video,1115,914,dda1b6baa3bf3e3b,8,True,,,,D7,benign,
6287,58409,58412.0,D5,D1,video,1122,1022,083d4deb0ffc5dba,8,True,,,,D5,benign,
6296,58409,58412.0,D8,D1,telemetry,144,726,8cc0d51bdad498a5,8,True,,,,D8,benign,
6297,58419,58421.0,D9,D3,heartbeat,42,438,,8,,,,,D9,benign,
6297,58419,58421.0,D9,D6,heartbeat,42,438,,8,,,,,D9,benign,
6297,58419,58421.0,D9,D10,heartbeat,42,438,,8,,,,,D9,benign,
6297,58419,58422.0,D9,D1,heartbeat,42,438,,8,,,,,D9,benign,
6297,58419,58422.0,D9,D2,heartbeat,42,438,,8,,,,,D9,benign,
6297,58419,58422.0,D9,D7,heartbeat,42,438,,8,,,,,D9,benign,
6297,58419,58422.0,D9,D8,heartbeat,42,438,,8,,,,,D9,benign,
6297,58419,58423.0,D9,D4,heartbeat,42,438,,8,,,,,D9,benign,
6297,58419,58423.0,D9,D5,heartbeat,42,438,,8,,,,,D9,benign,
6290,58432,58434.0,D6,D7,heartbeat,36,563,,8,,,,,D6,benign,
6290,58432,58434.0,D6,D9,heartbeat,36,563,,8,,,,,D6,benign,
6290,58432,58435.0,D6,D1,heartbeat,36,563,,8,,,,,D6,benign,
6290,58432,58435.0,D6,D2,heartbeat,36,563,,8,,,,,D6,benign,
6290,58432,58435.0,D6,D4,heartbeat,36,563,,8,,,,,D6,benign,
6290,58432,58435.0,D6,D5,heartbeat,36,563,,8,,,,,D6,benign,
6290,58432,58435.0,D6,D8,heartbeat,36,563,,8,,,,,D6,benign,
6286,58455,58459.0,D3,D1,telemetry,140,1062,73b3907e6e6f13ca,8,True,,,,D3,benign,
6285,58461,58463.0,D1,D5,command,79,207,083d4deb0ffc5dba,8,True,,,,D1,benign,
6299,58464,58466.0,D10,D1,telemetry,105,468,870d1015ea2b65ed,8,True,,,,D10,benign,
6293,58464,58467.0,D7,D1,video,1128,915,dda1b6baa3bf3e3b,8,True,,,,D7,benign,
6294,58467,58470.0,D7,D1,video,1012,916,dda1b6baa3bf3e3b,8,True,,,,D7,benign,
6298,58479,58482.0,D9,D1,telemetry,137,439,4bf42ca8f0c32320,8,True,,,,D9,benign,
6288,58490,58494.0,D5,D1,video,1115,1023,083d4deb0ffc5dba,8,True,,,,D5,benign,
6289,58490,58494.0,D5,D1,video,1072,1024,083d4deb0ffc5dba,8,True,,,,D5,benign,
6295,58496,58500.0,D7,D1,video,1222,917,dda1b6baa3bf3e3b,8,True,,,,D7,benign,
6309,58508,58512.0,D7,D1,video,1345,920,dda1b6baa3bf3e3b,8,True,,,,D7,benign,
6310,58533,58536.0,D7,D1,video,1164,921,dda1b6baa3bf3e3b,8,True,,,,D7,benign,
6303,58535,58538.0,D5,D1,video,1149,1026,083d4deb0ffc5dba,8,True,,,,D5,benign,
6307,58545,58547.0,D7,D8,heartbeat,38,918,,8,,,,,D7,benign,
6307,58545,58548.0,D7,D1,heartbeat,38,918,,8,,,,,D7,benign,
6307,58545,58548.0,D7,D2,heartbeat,38,918,,8,,,,,D7,benign,
6307,58545,58548.0,D7,D3,heartbeat,38,918,,8,,,,,D7,benign,
6307,58545,58548.0,D7,D4,heartbeat,38,918,,8,,,,,D7,benign,
6307,58545,58548.0,D7,D5,heartbeat,38,918,,8,,,,,D7,benign,
6307,58545,58548.0,D7,D6,heartbeat,38,918,,8,,,,,D7,benign,
6307,58545,58548.0,D7,D9,heartbeat,38,918,,8,,,,,D7,benign,
6307,58545,58548.0,D7,D10,heartbeat,38,918,,8,,,,,D7,benign,
6301,58548,58552.0,D4,D1,telemetry,115,446,241fc78a6a1a3717,8,True,,,,D4,benign,
6304,58549,58552.0,D5,D1,video,1069,1027,083d4deb0ffc5dba,8,True,,,,D5,benign,
6305,58555,58559.0,D5,D1,video,977,1028,083d4deb0ffc5dba,8,True,,,,D5,benign,
6311,58556,58560.0,D7,D1,video,1049,922,dda1b6baa3bf3e3b,8,True,,,,D7,benign,
6302,58557,58560.0,D5,D1,telemetry,113,1025,083d4deb0ffc5dba,8,True,,,,D5,benign,
6306,58564,58567.0,D5,D1,video,1027,1029,083d4deb0ffc5dba,8,True,,,,D5,benign,
6300,58568,58570.0,D2,D1,telemetry,150,449,edb1fe519173a5b1,8,True,,,,D2,benign,
6312,58572,58575.0,D7,D1,video,938,923,dda1b6baa3bf3e3b,8,True,,,,D7,benign,
6308,58573,58576.0,D7,D1,telemetry,146,919,dda1b6baa3bf3e3b,8,True,,,,D7,benign,
6313,58578,58582.0,D7,D1,video,1068,924,dda1b6baa3bf3e3b,8,True,,,,D7,benign,
6314,58584,58588.0,D7,D1,video,1199,925,dda1b6baa3bf3e3b,8,True,,,,D7,benign,
6315,58595,58598.0,D7,D1,video,1147,926,dda1b6baa3bf3e3b,8,True,,,,D7,benign,
6323,58621,,D8,D10,heartbeat,45,728,,8,,,,channel_loss,D8,benign,
6316,58597,58601.0,D8,D1,telemetry,135,727,8cc0d51bdad498a5,8,True,,,,D8,benign,
6325,58608,58610.0,D10,D2,heartbeat,40,469,,8,,,,,D10,benign,
6325,58608,58610.0,D10,D3,heartbeat,40,469,,8,,,,,D10,benign,
6325,58608,58611.0,D10,D4,heartbeat,40,469,,8,,,,,D10,benign,
6325,58608,58611.0,D10,D5,heartbeat,40,469,,8,,,,,D10,benign,
6325,58608,58611.0,D10,D6,heartbeat,40,469,,8,,,,,D10,benign,
6325,58608,58611.0,D10,D7,heartbeat,40,469,,8,,,,,D10,benign,
6325,58608,58612.0,D10,D1,heartbeat,40,469,,8,,,,,D10,benign,
6325,58608,58612.0,D10,D8,heartbeat,40,469,,8,,,,,D10,benign,
6325,58608,58612.0,D10,D9,heartbeat,40,469,,8,,,,,D10,benign,
6321,58619,58621.0,D6,D1,telemetry,93,564,b3f1d0b5ada62baa,8,True,,,,D6,benign,
6323,58621,58623.0,D8,D1,heartbeat,45,728,,8,,,,,D8,benign,
6323,58621,58623.0,D8,D2,heartbeat,45,728,,8,,,,,D8,benign,
6323,58621,58623.0,D8,D5,heartbeat,45,728,,8,,,,,D8,benign,
6323,58621,58623.0,D8,D6,heartbeat,45,728,,8,,,,,D8,benign,
6323,58621,58623.0,D8,D7,heartbeat,45,728,,8,,,,,D8,benign,
6323,58621,58623.0,D8,D9,heartbeat,45,728,,8,,,,,D8,benign,
6323,58621,58624.0,D8,D3,heartbeat,45,728,,8,,,,,D8,benign,
6323,58621,58625.0,D8,D4,heartbeat,45,728,,8,,,,,D8,benign,
6318,58623,58625.0,D5,D2,heartbeat,37,1030,,8,,,,,D5,benign,
6318,58623,58625.0,D5,D3,heartbeat,37,1030,,8,,,,,D5,benign,
6318,58623,58625.0,D5,D4,heartbeat,37,1030,,8,,,,,D5,benign,
6318,58623,58626.0,D5,D1,heartbeat,37,1030,,8,,,,,D5,benign,
6318,58623,58626.0,D5,D7,heartbeat,37,1030,,8,,,,,D5,benign,
6318,58623,58626.0,D5,D8,heartbeat,37,1030,,8,,,,,D5,benign,
6318,58623,58626.0,D5,D9,heartbeat,37,1030,,8,,,,,D5,benign,
6318,58623,58627.0,D5,D6,heartbeat,37,1030,,8,,,,,D5,benign,
6318,58623,58627.0,D5,D10,heartbeat,37,1030,,8,,,,,D5,benign,
6319,58626,58629.0,D5,D1,video,1150,1031,083d4deb0ffc5dba,8,True,,,,D5,benign,
6326,58640,58642.0,D10,D1,telemetry,135,470,870d1015ea2b65ed,8,True,,,,D10,benign,
6322,58646,58650.0,D7,D1,video,1039,927,dda1b6baa3bf3e3b,8,True,,,,D7,benign,
6317,58652,58656.0,D3,D1,telemetry,109,1063,73b3907e6e6f13ca,8,True,,,,D3,benign,
6324,58661,58663.0,D9,D1,telemetry,118,440,4bf42ca8f0c32320,8,True,,,,D9,benign,
6320,58687,58690.0,D5,D1,video,1056,1032,083d4deb0ffc5dba,8,True,,,,D5,benign,
6333,58719,58722.0,D7,D1,video,1060,929,dda1b6baa3bf3e3b,8,True,,,,D7,benign,
6334,58720,58723.0,D7,D1,video,987,930,dda1b6baa3bf3e3b,8,True,,,,D7,benign,
6335,58726,58729.0,D7,D1,video,1174,931,dda1b6baa3bf3e3b,8,True,,,,D7,benign,
6336,58728,58732.0,D7,D1,video,1031,932,dda1b6baa3bf3e3b,8,True,,,,D7,benign,
6328,58740,58743.0,D4,D1,telemetry,143,447,241fc78a6a1a3717,8,True,,,,D4,benign,
6327,58746,58748.0,D2,D1,telemetry,115,450,edb1fe519173a5b1,8,True,,,,D2,benign,
6330,58746,58750.0,D5,D1,video,1040,1034,083d4deb0ffc5dba,8,True,,,,D5,benign,
6329,58757,58759.0,D5,D1,telemetry,117,1033,083d4deb0ffc5dba,8,True,,,,D5,benign,
6332,58758,58762.0,D7,D1,telemetry,144,928,dda1b6baa3bf3e3b,8,True,,,,D7,benign,
6331,58762,58765.0,D5,D1,video,1160,1035,083d4deb0ffc5dba,8,True,,,,D5,benign,
6338,58786,58788.0,D8,D1,telemetry,127,729,8cc0d51bdad498a5,8,True,,,,D8,benign,
6337,58789,58792.0,D7,D1,video,1093,933,dda1b6baa3bf3e3b,8,True,,,,D7,benign,
6345,58807,58810.0,D10,D1,telemetry,106,471,870d1015ea2b65ed,8,True,,,,D10,benign,
6340,58831,58834.0,D5,D1,video,1128,1036,083d4deb0ffc5dba,8,True,,,,D5,benign,
6341,58849,58852.0,D5,D1,video,941,1037,083d4deb0ffc5dba,8,True,,,,D5,benign,
6343,58849,58852.0,D7,D1,video,1000,934,dda1b6baa3bf3e3b,8,True,,,,D7,benign,
6339,58850,58852.0,D3,D1,telemetry,128,1064,73b3907e6e6f13ca,8,True,,,,D3,benign,
6342,58850,58852.0,D6,D1,telemetry,121,565,b3f1d0b5ada62baa,8,True,,,,D6,benign,
6344,58853,58855.0,D9,D1,telemetry,123,441,4bf42ca8f0c32320,8,True,,,,D9,benign,
6349,58925,58928.0,D4,D1,telemetry,134,448,241fc78a6a1a3717,8,True,,,,D4,benign,
6347,58925,58929.0,D2,D1,telemetry,119,451,edb1fe519173a5b1,8,True,,,,D2,benign,
6354,58927,58930.0,D7,D1,telemetry,121,935,dda1b6baa3bf3e3b,8,True,,,,D7,benign,
6348,58932,58934.0,D3,D10,heartbeat,47,1065,,8,,,,,D3,benign,
6348,58932,58935.0,D3,D1,heartbeat,47,1065,,8,,,,,D3,benign,
6348,58932,58935.0,D3,D2,heartbeat,47,1065,,8,,,,,D3,benign,
6348,58932,58935.0,D3,D4,heartbeat,47,1065,,8,,,,,D3,benign,
6348,58932,58935.0,D3,D7,heartbeat,47,1065,,8,,,,,D3,benign,
6348,58932,58935.0,D3,D8,heartbeat,47,1065,,8,,,,,D3,benign,
6348,58932,58935.0,D3,D9,heartbeat,47,1065,,8,,,,,D3,benign,
6348,58932,58936.0,D3,D5,heartbeat,47,1065,,8,,,,,D3,benign,
6355,58934,58937.0,D7,D1,video,860,936,dda1b6baa3bf3e3b,8,True,,,,D7,benign,
6346,58942,58944.0,D1,D4,heartbeat,38,208,,8,,,,,D1,benign,
6346,58942,58944.0,D1,D7,heartbeat,38,208,,8,,,,,D1,benign,
6346,58942,58944.0,D1,D8,heartbeat,38,208,,8,,,,,D1,benign,
6346,58942,58944.0,D1,D10,heartbeat,38,208,,8,,,,,D1,benign,
6346,58942,58945.0,D1,D2,heartbeat,38,208,,8,,,,,D1,benign,
6346,58942,58945.0,D1,D5,heartbeat,38,208,,8,,,,,D1,benign,
6346,58942,58945.0,D1,D6,heartbeat,38,208,,8,,,,,D1,benign,
6346,58942,58945.0,D1,D9,heartbeat,38,208,,8,,,,,D1,benign,
6346,58942,58946.0,D1,D3,heartbeat,38,208,,8,,,,,D1,benign,
6351,58960,58962.0,D5,D1,video,1052,1039,083d4deb0ffc5dba,8,True,,,,D5,benign,
6357,58969,58971.0,D10,D1,telemetry,115,472,870d1015ea2b65ed,8,True,,,,D10,benign,
6350,58970,58973.0,D5,D1,telemetry,126,1038,083d4deb0ffc5dba,8,True,,,,D5,benign,
6356,58976,58979.0,D8,D1,telemetry,129,730,8cc0d51bdad498a5,8,True,,,,D8,benign,
6352,58980,58983.0,D5,D1,video,1223,1040,083d4deb0ffc5dba,8,True,,,,D5,benign,
6353,58993,58997.0,D5,D1,video,1061,1041,083d4deb0ffc5dba,8,True,,,,D5,benign,
6360,59015,59018.0,D7,D1,video,987,937,dda1b6baa3bf3e3b,8,True,,,,D7,benign,
6364,59030,59032.0,D9,D1,telemetry,105,442,4bf42ca8f0c32320,8,True,,,,D9,benign,
6361,59034,59038.0,D7,D1,video,1086,938,dda1b6baa3bf3e3b,8,True,,,,D7,benign,
6358,59038,59042.0,D3,D1,telemetry,113,1066,73b3907e6e6f13ca,8,True,,,,D3,benign,
6362,59056,59059.0,D7,D1,video,1087,939,dda1b6baa3bf3e3b,8,True,,,,D7,benign,
6363,59070,59073.0,D7,D1,video,1200,940,dda1b6baa3bf3e3b,8,True,,,,D7,benign,
6359,59094,59098.0,D6,D1,telemetry,130,566,b3f1d0b5ada62baa,8,True,,,,D6,benign,
6366,59100,59102.0,D3,D1,trust_report,136,1067,73b3907e6e6f13ca,8,True,,,,D3,benign,
6367,59100,59102.0,D4,D1,trust_report,136,449,241fc78a6a1a3717,8,True,,,,D4,benign,
6369,59100,59102.0,D6,D1,trust_report,136,567,b3f1d0b5ada62baa,8,True,,,,D6,benign,
6365,59100,59103.0,D2,D1,trust_report,136,452,edb1fe519173a5b1,8,True,,,,D2,benign,
6370,59100,59103.0,D7,D1,trust_report,136,941,dda1b6baa3bf3e3b,8,True,,,,D7,benign,
6371,59100,59103.0,D8,D1,trust_report,136,731,8cc0d51bdad498a5,8,True,,,,D8,benign,
6372,59100,59103.0,D9,D1,trust_report,136,443,4bf42ca8f0c32320,8,True,,,,D9,benign,
6373,59100,59103.0,D10,D1,trust_report,136,473,870d1015ea2b65ed,8,True,,,,D10,benign,
6368,59100,59104.0,D5,D1,trust_report,136,1042,083d4deb0ffc5dba,8,True,,,,D5,benign,
6380,59102,59106.0,D7,D1,telemetry,135,942,dda1b6baa3bf3e3b,8,True,,,,D7,benign,
6374,59103,59106.0,D2,D1,telemetry,141,453,edb1fe519173a5b1,8,True,,,,D2,benign,
6375,59117,59120.0,D4,D1,telemetry,107,450,241fc78a6a1a3717,8,True,,,,D4,benign,
6382,59138,59142.0,D10,D1,telemetry,137,474,870d1015ea2b65ed,8,True,,,,D10,benign,
6377,59155,59157.0,D5,D1,video,1240,1044,083d4deb0ffc5dba,8,True,,,,D5,benign,
6381,59168,59170.0,D8,D1,telemetry,115,732,8cc0d51bdad498a5,8,True,,,,D8,benign,
6378,59176,59178.0,D5,D1,video,1087,1045,083d4deb0ffc5dba,8,True,,,,D5,benign,
6376,59180,59182.0,D5,D1,telemetry,119,1043,083d4deb0ffc5dba,8,True,,,,D5,benign,
6379,59190,59194.0,D5,D1,video,1106,1046,083d4deb0ffc5dba,8,True,,,,D5,benign,
6391,59211,59214.0,D7,D1,video,1096,944,dda1b6baa3bf3e3b,8,True,,,,D7,benign,
6396,59217,59220.0,D9,D1,telemetry,133,444,4bf42ca8f0c32320,8,True,,,,D9,benign,
6385,59236,59239.0,D3,D1,telemetry,137,1068,73b3907e6e6f13ca,8,True,,,,D3,benign,
6386,59244,59246.0,D4,D6,heartbeat,40,451,,8,,,,,D4,benign,
6386,59244,59246.0,D4,D10,heartbeat,40,451,,8,,,,,D4,benign,
6386,59244,59247.0,D4,D1,heartbeat,40,451,,8,,,,,D4,benign,
6386,59244,59247.0,D4,D2,heartbeat,40,451,,8,,,,,D4,benign,
6386,59244,59247.0,D4,D3,heartbeat,40,451,,8,,,,,D4,benign,
6386,59244,59247.0,D4,D5,heartbeat,40,451,,8,,,,,D4,benign,
6386,59244,59247.0,D4,D8,heartbeat,40,451,,8,,,,,D4,benign,
6386,59244,59247.0,D4,D9,heartbeat,40,451,,8,,,,,D4,benign,
6392,59244,59247.0,D7,D1,video,1115,945,dda1b6baa3bf3e3b,8,True,,,,D7,benign,
6386,59244,59248.0,D4,D7,heartbeat,40,451,,8,,,,,D4,benign,
6388,59253,59257.0,D5,D1,video,1236,1047,083d4deb0ffc5dba,8,True,,,,D5,benign,
6393,59261,59264.0,D7,D1,video,1112,946,dda1b6baa3bf3e3b,8,True,,,,D7,benign,
6389,59264,59267.0,D5,D1,video,992,1048,083d4deb0ffc5dba,8,True,,,,D5,benign,
6394,59270,59273.0,D7,D1,video,870,947,dda1b6baa3bf3e3b,8,True,,,,D7,benign,
6390,59275,59278.0,D7,D1,telemetry,114,943,dda1b6baa3bf3e3b,8,True,,,,D7,benign,
6395,59278,59282.0,D7,D1,video,1066,948,dda1b6baa3bf3e3b,8,True,,,,D7,benign,
6384,59285,59288.0,D2,D1,telemetry,140,455,edb1fe519173a5b1,8,True,,,,D2,benign,
6383,59289,59291.0,D2,D1,heartbeat,41,454,,8,,,,,D2,benign,
6383,59289,59291.0,D2,D3,heartbeat,41,454,,8,,,,,D2,benign,
6383,59289,59291.0,D2,D6,heartbeat,41,454,,8,,,,,D2,benign,
6383,59289,59292.0,D2,D4,heartbeat,41,454,,8,,,,,D2,benign,
6383,59289,59292.0,D2,D5,heartbeat,41,454,,8,,,,,D2,benign,
6383,59289,59292.0,D2,D7,heartbeat,41,454,,8,,,,,D2,benign,
6383,59289,59292.0,D2,D8,heartbeat,41,454,,8,,,,,D2,benign,
6383,59289,59292.0,D2,D10,heartbeat,41,454,,8,,,,,D2,benign,
6383,59289,59293.0,D2,D9,heartbeat,41,454,,8,,,,,D2,benign,
6387,59294,59297.0,D4,D1,telemetry,138,452,241fc78a6a1a3717,8,True,,,,D4,benign,
6403,59301,59304.0,D10,D1,telemetry,133,475,870d1015ea2b65ed,8,True,,,,D10,benign,
6400,59341,59344.0,D6,D1,telemetry,125,569,b3f1d0b5ada62baa,8,True,,,,D6,benign,
6398,59343,59346.0,D5,D1,video,1160,1050,083d4deb0ffc5dba,8,True,,,,D5,benign,
6402,59349,59352.0,D8,D1,telemetry,108,733,8cc0d51bdad498a5,8,True,,,,D8,benign,
6401,59369,59373.0,D7,D1,video,1026,949,dda1b6baa3bf3e3b,8,True,,,,D7,benign,
6399,59385,59387.0,D6,D1,heartbeat,42,568,,8,,,,,D6,benign,
6399,59385,59387.0,D6,D2,heartbeat,42,568,,8,,,,,D6,benign,
6399,59385,59387.0,D6,D4,heartbeat,42,568,,8,,,,,D6,benign,
6399,59385,59387.0,D6,D5,heartbeat,42,568,,8,,,,,D6,benign,
6399,59385,59387.0,D6,D8,heartbeat,42,568,,8,,,,,D6,benign,
6399,59385,59387.0,D6,D9,heartbeat,42,568,,8,,,,,D6,benign,
6399,59385,59388.0,D6,D7,heartbeat,42,568,,8,,,,,D6,benign,
6399,59385,59388.0,D6,D10,heartbeat,42,568,,8,,,,,D6,benign,
6397,59397,59400.0,D5,D1,telemetry,114,1049,083d4deb0ffc5dba,8,True,,,,D5,benign,
6414,59403,59405.0,D9,D2,heartbeat,40,445,,8,,,,,D9,benign,
6414,59403,59405.0,D9,D5,heartbeat,40,445,,8,,,,,D9,benign,
6414,59403,59406.0,D9,D1,heartbeat,40,445,,8,,,,,D9,benign,
6414,59403,59406.0,D9,D3,heartbeat,40,445,,8,,,,,D9,benign,
6414,59403,59406.0,D9,D6,heartbeat,40,445,,8,,,,,D9,benign,
6414,59403,59406.0,D9,D10,heartbeat,40,445,,8,,,,,D9,benign,
6414,59403,59407.0,D9,D4,heartbeat,40,445,,8,,,,,D9,benign,
6414,59403,59407.0,D9,D7,heartbeat,40,445,,8,,,,,D9,benign,
6414,59403,59407.0,D9,D8,heartbeat,40,445,,8,,,,,D9,benign,
6409,59405,59408.0,D7,D1,video,1248,951,dda1b6baa3bf3e3b,8,True,,,,D7,benign,
6415,59406,59409.0,D9,D1,telemetry,121,446,4bf42ca8f0c32320,8,True,,,,D9,benign,
6405,59424,59428.0,D3,D1,telemetry,135,1069,73b3907e6e6f13ca,8,True,,,,D3,benign,
6410,59425,59428.0,D7,D1,video,1139,952,dda1b6baa3bf3e3b,8,True,,,,D7,benign,
6408,59451,59453.0,D7,D1,telemetry,103,950,dda1b6baa3bf3e3b,8,True,,,,D7,benign,
6411,59457,59461.0,D7,D1,video,1096,953,dda1b6baa3bf3e3b,8,True,,,,D7,benign,
6412,59459,59461.0,D7,D1,video,1030,954,dda1b6baa3bf3e3b,8,True,,,,D7,benign,
6416,59466,59469.0,D10,D1,telemetry,126,476,870d1015ea2b65ed,8,True,,,,D10,benign,
6404,59467,59471.0,D2,D1,telemetry,107,456,edb1fe519173a5b1,8,True,,,,D2,benign,
6406,59481,59484.0,D4,D1,telemetry,116,453,241fc78a6a1a3717,8,True,,,,D4,benign,
6407,59492,59496.0,D5,D1,video,1032,1051,083d4deb0ffc5dba,8,True,,,,D5,benign,
6418,59579,,D6,D1,telemetry,110,570,b3f1d0b5ada62baa,8,,,,channel_loss,D6,benign,
6413,59498,59503.0,D7,D1,video,1182,955,dda1b6baa3bf3e3b,8,True,,,,D7,benign,
6420,59518,59522.0,D7,D1,video,914,957,dda1b6baa3bf3e3b,8,True,,,,D7,benign,
6422,59543,59546.0,D8,D1,telemetry,110,734,8cc0d51bdad498a5,8,True,,,,D8,benign,
6419,59564,59566.0,D7,D6,heartbeat,39,956,,8,,,,,D7,benign,
6419,59564,59566.0,D7,D8,heartbeat,39,956,,8,,,,,D7,benign,
6419,59564,59567.0,D7,D1,heartbeat,39,956,,8,,,,,D7,benign,
6419,59564,59567.0,D7,D2,heartbeat,39,956,,8,,,,,D7,benign,
6419,59564,59567.0,D7,D3,heartbeat,39,956,,8,,,,,D7,benign,
6419,59564,59567.0,D7,D4,heartbeat,39,956,,8,,,,,D7,benign,
6419,59564,59567.0,D7,D5,heartbeat,39,956,,8,,,,,D7,benign,
6419,59564,59567.0,D7,D9,heartbeat,39,956,,8,,,,,D7,benign,
6421,59564,59567.0,D7,D1,video,1001,958,dda1b6baa3bf3e3b,8,True,,,,D7,benign,
6419,59564,59568.0,D7,D10,heartbeat,39,956,,8,,,,,D7,benign,
6423,59593,59595.0,D9,D1,telemetry,129,447,4bf42ca8f0c32320,8,True,,,,D9,benign,
6417,59598,59600.0,D5,D1,telemetry,115,1052,083d4deb0ffc5dba,8,True,,,,D5,benign,
6432,59610,59612.0,D10,D3,heartbeat,30,477,,8,,,,,D10,benign,
6432,59610,59612.0,D10,D4,heartbeat,30,477,,8,,,,,D10,benign,
6432,59610,59612.0,D10,D5,heartbeat,30,477,,8,,,,,D10,benign,
6432,59610,59613.0,D10,D1,heartbeat,30,477,,8,,,,,D10,benign,
6432,59610,59613.0,D10,D2,heartbeat,30,477,,8,,,,,D10,benign,
6432,59610,59613.0,D10,D6,heartbeat,30,477,,8,,,,,D10,benign,
6432,59610,59613.0,D10,D7,heartbeat,30,477,,8,,,,,D10,benign,
6432,59610,59613.0,D10,D8,heartbeat,30,477,,8,,,,,D10,benign,
6432,59610,59613.0,D10,D9,heartbeat,30,477,,8,,,,,D10,benign,
6431,59613,59615.0,D8,D6,heartbeat,36,735,,8,,,,,D8,benign,
6431,59613,59616.0,D8,D1,heartbeat,36,735,,8,,,,,D8,benign,
6431,59613,59616.0,D8,D2,heartbeat,36,735,,8,,,,,D8,benign,
6431,59613,59616.0,D8,D4,heartbeat,36,735,,8,,,,,D8,benign,
6431,59613,59616.0,D8,D5,heartbeat,36,735,,8,,,,,D8,benign,
6431,59613,59616.0,D8,D7,heartbeat,36,735,,8,,,,,D8,benign,
6431,59613,59616.0,D8,D9,heartbeat,36,735,,8,,,,,D8,benign,
6431,59613,59616.0,D8,D10,heartbeat,36,735,,8,,,,,D8,benign,
6431,59613,59617.0,D8,D3,heartbeat,36,735,,8,,,,,D8,benign,
6429,59618,59621.0,D7,D1,video,1130,960,dda1b6baa3bf3e3b,8,True,,,,D7,benign,
6425,59622,59625.0,D3,D1,telemetry,122,1070,73b3907e6e6f13ca,8,True,,,,D3,benign,
6428,59625,59627.0,D7,D1,telemetry,118,959,dda1b6baa3bf3e3b,8,True,,,,D7,benign,
6427,59629,59631.0,D5,D2,heartbeat,42,1053,,8,,,,,D5,benign,
6427,59629,59631.0,D5,D3,heartbeat,42,1053,,8,,,,,D5,benign,
6427,59629,59631.0,D5,D4,heartbeat,42,1053,,8,,,,,D5,benign,
6427,59629,59631.0,D5,D7,heartbeat,42,1053,,8,,,,,D5,benign,
6427,59629,59631.0,D5,D10,heartbeat,42,1053,,8,,,,,D5,benign,
6427,59629,59632.0,D5,D6,heartbeat,42,1053,,8,,,,,D5,benign,
6427,59629,59632.0,D5,D8,heartbeat,42,1053,,8,,,,,D5,benign,
6427,59629,59632.0,D5,D9,heartbeat,42,1053,,8,,,,,D5,benign,
6427,59629,59633.0,D5,D1,heartbeat,42,1053,,8,,,,,D5,benign,
6430,59630,59633.0,D7,D1,video,1190,961,dda1b6baa3bf3e3b,8,True,,,,D7,benign,
6433,59644,59646.0,D10,D1,telemetry,103,478,870d1015ea2b65ed,8,True,,,,D10,benign,
6424,59656,59658.0,D2,D1,telemetry,135,457,edb1fe519173a5b1,8,True,,,,D2,benign,
6426,59675,59678.0,D4,D1,telemetry,127,454,241fc78a6a1a3717,8,True,,,,D4,benign,
6434,59706,59709.0,D7,D1,video,968,962,dda1b6baa3bf3e3b,8,True,,,,D7,benign,
6436,59722,59725.0,D8,D1,telemetry,101,736,8cc0d51bdad498a5,8,True,,,,D8,benign,
6435,59735,59739.0,D7,D1,video,888,963,dda1b6baa3bf3e3b,8,True,,,,D7,benign,
6437,59770,59772.0,D9,D1,telemetry,106,448,4bf42ca8f0c32320,8,True,,,,D9,benign,
6443,59801,59805.0,D7,D1,telemetry,127,964,dda1b6baa3bf3e3b,8,True,,,,D7,benign,
6445,59806,59809.0,D10,D1,telemetry,108,479,870d1015ea2b65ed,8,True,,,,D10,benign,
6441,59809,59813.0,D5,D1,telemetry,124,1054,083d4deb0ffc5dba,8,True,,,,D5,benign,
6439,59813,59816.0,D3,D1,telemetry,116,1071,73b3907e6e6f13ca,8,True,,,,D3,benign,
6442,59815,59817.0,D6,D1,telemetry,106,571,b3f1d0b5ada62baa,8,True,,,,D6,benign,
6438,59828,59831.0,D2,D1,telemetry,110,458,edb1fe519173a5b1,8,True,,,,D2,benign,
6444,59844,59848.0,D7,D1,video,1077,965,dda1b6baa3bf3e3b,8,True,,,,D7,benign,
6440,59850,59853.0,D4,D1,telemetry,124,455,241fc78a6a1a3717,8,True,,,,D4,benign,
6451,59904,59906.0,D8,D1,telemetry,136,737,8cc0d51bdad498a5,8,True,,,,D8,benign,
6447,59906,59908.0,D3,D1,heartbeat,43,1072,,8,,,,,D3,benign,
6447,59906,59908.0,D3,D4,heartbeat,43,1072,,8,,,,,D3,benign,
6447,59906,59908.0,D3,D5,heartbeat,43,1072,,8,,,,,D3,benign,
6447,59906,59908.0,D3,D6,heartbeat,43,1072,,8,,,,,D3,benign,
6447,59906,59908.0,D3,D8,heartbeat,43,1072,,8,,,,,D3,benign,
6447,59906,59908.0,D3,D9,heartbeat,43,1072,,8,,,,,D3,benign,
6447,59906,59909.0,D3,D2,heartbeat,43,1072,,8,,,,,D3,benign,
6447,59906,59909.0,D3,D7,heartbeat,43,1072,,8,,,,,D3,benign,
6447,59906,59909.0,D3,D10,heartbeat,43,1072,,8,,,,,D3,benign,
6446,59939,59941.0,D1,D2,heartbeat,36,209,,8,,,,,D1,benign,
6446,59939,59941.0,D1,D3,heartbeat,36,209,,8,,,,,D1,benign,
6446,59939,59941.0,D1,D4,heartbeat,36,209,,8,,,,,D1,benign,
6446,59939,59941.0,D1,D6,heartbeat,36,209,,8,,,,,D1,benign,
6446,59939,59941.0,D1,D8,heartbeat,36,209,,8,,,,,D1,benign,
6446,59939,59941.0,D1,D10,heartbeat,36,209,,8,,,,,D1,benign,
6446,59939,59942.0,D1,D5,heartbeat,36,209,,8,,,,,D1,benign,
6446,59939,59942.0,D1,D7,heartbeat,36,209,,8,,,,,D1,benign,
6446,59939,59942.0,D1,D9,heartbeat,36,209,,8,,,,,D1,benign,
6450,59942,59945.0,D7,D1,video,982,967,dda1b6baa3bf3e3b,8,True,,,,D7,benign,
6452,59963,59966.0,D9,D1,telemetry,108,449,4bf42ca8f0c32320,8,True,,,,D9,benign,
6453,59971,59974.0,D10,D1,telemetry,119,480,870d1015ea2b65ed,8,True,,,,D10,benign,
6449,59986,59988.0,D7,D1,telemetry,125,966,dda1b6baa3bf3e3b,8,True,,,,D7,benign,
6448,59996,59998.0,D3,D1,telemetry,115,1073,73b3907e6e6f13ca,8,True,,,,D3,benign,
