drone_id,window,t_ms,previous,new,alpha,beta,positive,negative,multiplier,reason,c_ml_normal,c_ml_attack,e_window,e_t_ms,e_attack_prob,e_insider_prob,e_attack_class,e_tx_count,e_verified,e_unverified,e_auth_success,e_auth_failures,e_violations,e_authz_violations,e_reauth_success,c_auth_success,c_anomaly,c_violation,c_reauth_success
D1,0,1000,0.8888888888888888,0.9090488076110794,0.9999074935913086,0.0002454703961120685,0.9999074935913086,0.0002454703961120685,1.0,"IDS P(attack)=0.00 (benign), attribution=1.00",0.9999074935913086,-0.0002454703961120685,0,1000,9.250640869140625e-05,8.126120519591495e-05,benign,17,8,0,0,0,0,0,0,,,,
D10,0,1000,0.8888888888888888,0.916607830983197,1.4996238946914673,0.0003509132831823081,1.4996238946914673,0.0003509132831823081,1.0,"IDS P(attack)=0.00 (benign), attribution=1.00; 1 successful MAKA",0.9996238946914673,-0.0003509132831823081,0,1000,0.00037610530853271484,0.00010333245154470205,benign,8,7,0,1,0,0,0,0,0.5,,,
D2,0,1000,0.8888888888888888,0.9165454123855327,1.499177634716034,0.0007188902178313582,1.499177634716034,0.0007188902178313582,1.0,"IDS P(attack)=0.00 (benign), attribution=1.00; 1 successful MAKA",0.9991776347160339,-0.0007188902178313582,0,1000,0.0008223652839660645,0.00020895979832857847,benign,8,7,0,1,0,0,0,0,0.5,,,
D3,0,1000,0.8888888888888888,0.9165857216768556,1.499447524547577,0.0004795902743353509,1.499447524547577,0.0004795902743353509,1.0,"IDS P(attack)=0.00 (benign), attribution=1.00; 1 successful MAKA",0.9994475245475769,-0.0004795902743353509,0,1000,0.0005524754524230957,0.00013919963384978473,benign,8,7,0,1,0,0,0,0,0.5,,,
D4,0,1000,0.8888888888888888,0.9165471370755395,1.499240517616272,0.0007133256338420324,1.499240517616272,0.0007133256338420324,1.0,"IDS P(attack)=0.00 (benign), attribution=1.00; 1 successful MAKA",0.999240517616272,-0.0007133256338420324,0,1000,0.0007594823837280273,0.00021031693904660642,benign,8,7,0,1,0,0,0,0,0.5,,,
D5,0,1000,0.8888888888888888,0.9090688645436903,0.9997020363807678,0.00010356843486079014,0.9997020363807678,0.00010356843486079014,1.0,"IDS P(attack)=0.00 (benign), attribution=1.00",0.9997020363807678,-0.00010356843486079014,0,1000,0.00029796361923217773,2.0657505956478417e-05,benign,1,0,0,0,0,0,0,0,,,,
D6,0,1000,0.8888888888888888,0.9166551489760878,1.4999146461486816,6.762885641364846e-05,1.4999146461486816,6.762885641364846e-05,1.0,"IDS P(attack)=0.00 (benign), attribution=1.00; 1 successful MAKA",0.9999146461486816,-6.762885641364846e-05,0,1000,8.535385131835938e-05,1.923711533891037e-05,benign,6,5,0,1,0,0,0,0,0.5,,,
D7,0,1000,0.8888888888888888,0.9164764705270853,1.499406337738037,0.0011910748449736274,1.499406337738037,0.0011910748449736274,1.0,"IDS P(attack)=0.00 (benign), attribution=1.00; 1 successful MAKA",0.9994063377380371,-0.0011910748449736274,0,1000,0.0005936622619628906,0.00038667561602778733,benign,26,25,0,1,0,0,0,0,0.5,,,
D8,0,1000,0.8888888888888888,0.9166382028405132,1.4998039603233337,0.00016848603590915447,1.4998039603233337,0.00016848603590915447,1.0,"IDS P(attack)=0.00 (benign), attribution=1.00; 1 successful MAKA",0.9998039603233337,-0.00016848603590915447,0,1000,0.00019603967666625977,4.880002961726859e-05,benign,7,6,0,1,0,0,0,0,0.5,,,
D9,0,1000,0.8888888888888888,0.9166453163806698,1.4998489618301392,0.0001260160010133404,1.4998489618301392,0.0001260160010133404,1.0,"IDS P(attack)=0.00 (benign), attribution=1.00; 1 successful MAKA",0.9998489618301392,-0.0001260160010133404,0,1000,0.00015103816986083984,3.6266763345338404e-05,benign,6,5,0,1,0,0,0,0,0.5,,,
D1,1,2000,0.9090488076110794,0.921146246670015,1.8496980309486388,0.0007572329093636654,0.9997766613960266,0.0005485830726684072,1.0,"IDS P(attack)=0.00 (benign), attribution=1.00",0.9997766613960266,-0.0005485830726684072,1,2000,0.00022333860397338867,0.000180730625288561,benign,2,1,0,0,0,0,0,0,,,,
D10,1,2000,0.916607830983197,0.9261274550415518,2.274534398317337,0.00048815841684699994,0.9998540878295898,0.00018988212614203805,1.0,"IDS P(attack)=0.00 (benign), attribution=1.00",0.9998540878295898,-0.00018988212614203805,1,2000,0.00014591217041015625,5.8945719501934946e-05,benign,7,6,0,0,0,0,0,0,,,,
D2,1,2000,0.9165454123855327,0.9260578966380609,2.2740503519773485,0.0009583972104883286,0.9997493624687195,0.0003473405253316741,1.0,"IDS P(attack)=0.00 (benign), attribution=1.00",0.9997493624687195,-0.0003473405253316741,1,2000,0.0002506375312805176,0.00010868241952266544,benign,7,6,0,0,0,0,0,0,,,,
D3,1,2000,0.9165857216768556,0.9261193862885615,2.2744273990392685,0.0005386495434504468,0.9998970031738281,0.0001309978102653986,1.0,"IDS P(attack)=0.00 (benign), attribution=1.00",0.9998970031738281,-0.0001309978102653986,1,2000,0.000102996826171875,4.054325836477801e-05,benign,6,5,0,0,0,0,0,0,,,,
D4,1,2000,0.9165471370755395,0.9260855051289102,2.274210911989212,0.0007692353524180361,0.9998564720153809,0.00016290856365230866,1.0,"IDS P(attack)=0.00 (benign), attribution=1.00",0.9998564720153809,-0.00016290856365230866,1,2000,0.00014352798461914062,4.9606795073486865e-05,benign,6,5,0,0,0,0,0,0,,,,
D5,1,2000,0.9090688645436903,0.9212262623381048,1.849479642510414,0.00018697214321946373,0.9997329115867615,9.893897358779213e-05,1.0,"IDS P(attack)=0.00 (benign), attribution=1.00",0.9997329115867615,-9.893897358779213e-05,1,2000,0.0002670884132385254,2.065814442175906e-05,benign,1,0,0,0,0,0,0,0,,,,
D6,1,2000,0.9166551489760878,0.9261850408976743,2.274887037277222,9.502375401098105e-05,0.9999595880508423,3.753922605937987e-05,1.0,"IDS P(attack)=0.00 (benign), attribution=1.00",0.9999595880508423,-3.753922605937987e-05,1,2000,4.0411949157714844e-05,1.104471357393777e-05,benign,5,4,0,0,0,0,0,0,,,,
D7,1,2000,0.9164764705270853,0.9252461460951605,2.272124910354614,0.00674678430201311,0.9976295232772827,0.005734370683785527,1.0,"IDS P(attack)=0.00 (benign), attribution=1.00",0.9976295232772827,-0.005734370683785527,1,2000,0.002370476722717285,0.0018872979562729597,benign,33,32,0,0,0,0,0,0,,,,
D8,1,2000,0.9166382028405132,0.9261321415884916,2.274568423628807,0.0004565883168288565,0.9997350573539734,0.00031337518630607524,1.0,"IDS P(attack)=0.00 (benign), attribution=1.00",0.9997350573539734,-0.00031337518630607524,1,2000,0.00026494264602661133,9.601185593055561e-05,benign,7,6,0,0,0,0,0,0,,,,
D9,1,2000,0.9166453163806698,0.9261376838734025,2.2746451795101166,0.0004221660572875408,0.9997735619544983,0.00031505245642620143,1.0,"IDS P(attack)=0.00 (benign), attribution=1.00",0.9997735619544983,-0.00031505245642620143,1,2000,0.00022643804550170898,9.862692968454212e-05,benign,7,6,0,0,0,0,0,0,,,,
D1,2,3000,0.921146246670015,0.9292076748458798,2.5721431905031205,0.0007032445989016196,0.9998998641967773,5.959662594250403e-05,1.0,"IDS P(attack)=0.00 (benign), attribution=1.00",0.9998998641967773,-5.959662594250403e-05,2,3000,0.00010013580322265625,1.5640791389159858e-05,benign,1,0,0,0,0,0,0,0,,,,
D10,2,3000,0.9261274550415518,0.9326591894203922,2.9332207241654396,0.0005994781253248221,0.9998664855957031,0.00018454347100487213,1.0,"IDS P(attack)=0.00 (benign), attribution=1.00",0.9998664855957031,-0.00018454347100487213,2,3000,0.000133514404296875,5.772502117906697e-05,benign,7,6,0,0,0,0,0,0,,,,
D2,2,3000,0.9260578966380609,0.9326193081133333,2.9328864131867887,0.000893214657131466,0.9999436140060425,7.857702821638667e-05,1.0,"IDS P(attack)=0.00 (benign), attribution=1.00",0.9999436140060425,-7.857702821638667e-05,2,3000,5.638599395751953e-05,2.4603203200967982e-05,benign,5,4,0,0,0,0,0,0,,,,
D3,2,3000,0.9261193862885615,0.932658559440122,2.933158146589994,0.0005999810917928698,0.9998948574066162,0.00014212897985999007,1.0,"IDS P(attack)=0.00 (benign), attribution=1.00",0.9998948574066162,-0.00014212897985999007,2,3000,0.00010514259338378906,4.4335996790323406e-05,benign,6,5,0,0,0,0,0,0,,,,
D4,2,3000,0.9260855051289102,0.9326278845762415,2.9329510059952737,0.0008295196056751591,0.9998717308044434,0.0001756695561198285,1.0,"IDS P(attack)=0.00 (benign), attribution=1.00",0.9998717308044434,-0.0001756695561198285,2,3000,0.00012826919555664062,5.48874304513447e-05,benign,6,5,0,0,0,0,0,0,,,,
D5,2,3000,0.9212262623381048,0.9292628451239502,2.5717966873943805,0.00025695370196353903,0.9997389912605286,9.802738022699486e-05,1.0,"IDS P(attack)=0.00 (benign), attribution=1.00",0.9997389912605286,-9.802738022699486e-05,2,3000,0.00026100873947143555,2.0658269932027906e-05,benign,1,0,0,0,0,0,0,0,,,,
D6,2,3000,0.9261850408976743,0.9327114931514289,2.933546931743622,0.0002061448017070688,0.9998929500579834,0.0001253746107977349,1.0,"IDS P(attack)=0.00 (benign), attribution=1.00",0.9998929500579834,-0.0001253746107977349,2,3000,0.00010704994201660156,3.835688403341919e-05,benign,5,4,0,0,0,0,0,0,,,,
D7,2,3000,0.9252461460951605,0.9318139450041358,2.930757036209106,0.007162382541751866,0.9994508624076843,0.0014276158850407227,1.0,"IDS P(attack)=0.00 (benign), attribution=1.00",0.9994508624076843,-0.0014276158850407227,2,3000,0.0005491375923156738,0.0004720158758573234,benign,29,28,0,0,0,0,0,0,,,,
D8,2,3000,0.9261321415884916,0.9326688625144162,2.933274083584547,0.0005262310232328673,0.999890923500061,0.0001381309539283393,1.0,"IDS P(attack)=0.00 (benign), attribution=1.00",0.999890923500061,-0.0001381309539283393,2,3000,0.00010907649993896484,4.272613296052441e-05,benign,6,5,0,0,0,0,0,0,,,,
D9,2,3000,0.9261376838734025,0.9326590796660381,2.9332738205790516,0.0006041866577234031,0.9998254179954529,0.00024534550902899355,1.0,"IDS P(attack)=0.00 (benign), attribution=1.00",0.9998254179954529,-0.00024534550902899355,2,3000,0.00017458200454711914,7.689761696383357e-05,benign,6,5,0,0,0,0,0,0,,,,
D1,3,4000,0.9292076748458798,0.9348685781249766,3.1862215761244297,0.0006573545350088807,0.9998998641967773,5.959662594250403e-05,1.0,"IDS P(attack)=0.00 (benign), attribution=1.00",0.9998998641967773,-5.959662594250403e-05,3,4000,0.00010013580322265625,1.5640791389159858e-05,benign,1,0,0,0,0,0,0,0,,,,
D10,3,4000,0.9326591894203922,0.9373792476009932,3.493178845360875,0.0005748722917662235,0.9999412298202515,6.531588524012478e-05,1.0,"IDS P(attack)=0.00 (benign), attribution=1.00",0.9999412298202515,-6.531588524012478e-05,3,4000,5.8770179748535156e-05,1.9824687115033157e-05,benign,7,6,0,0,0,0,0,0,,,,
D2,3,4000,0.9326193081133333,0.937333897377507,3.492822678618133,0.0009378154616329992,0.9998692274093628,0.00017858300307125317,1.0,"IDS P(attack)=0.00 (benign), attribution=1.00",0.9998692274093628,-0.00017858300307125317,3,4000,0.00013077259063720703,5.577793490374461e-05,benign,7,6,0,0,0,0,0,0,,,,
D3,3,4000,0.932658559440122,0.9373759448291789,3.4931062233075494,0.0005981859442192217,0.9999217987060547,8.820201619528235e-05,1.0,"IDS P(attack)=0.00 (benign), attribution=1.00",0.9999217987060547,-8.820201619528235e-05,3,4000,7.82012939453125e-05,2.6832218281924725e-05,benign,6,5,0,0,0,0,0,0,,,,
D4,3,4000,0.9326278845762415,0.9373238622169948,3.492765466168523,0.0010195724907332985,0.9997571110725403,0.00031448082590941335,1.0,"IDS P(attack)=0.00 (benign), attribution=1.00",0.9997571110725403,-0.00031448082590941335,3,4000,0.0002428889274597168,9.756052168086171e-05,benign,7,6,0,0,0,0,0,0,,,,
D5,3,4000,0.9292628451239502,0.9349061852206219,3.185766175545752,0.00031643802689600305,0.9997389912605286,9.802738022699486e-05,1.0,"IDS P(attack)=0.00 (benign), attribution=1.00",0.9997389912605286,-9.802738022699486e-05,3,4000,0.00026100873947143555,2.0658269932027906e-05,benign,1,0,0,0,0,0,0,0,,,,
D6,3,4000,0.9327114931514289,0.937416674672778,3.4934419358968736,0.0002732799249407662,0.9999270439147949,9.805684348975775e-05,1.0,"IDS P(attack)=0.00 (benign), attribution=1.00",0.9999270439147949,-9.805684348975775e-05,3,4000,7.295608520507812e-05,3.056611603824422e-05,benign,5,4,0,0,0,0,0,0,,,,
D7,3,4000,0.9318139450041358,0.936434613777678,3.490295783519745,0.00844291463995487,0.9991523027420044,0.002354889479465783,1.0,"IDS P(attack)=0.00 (benign), attribution=1.00",0.9991523027420044,-0.002354889479465783,3,4000,0.0008476972579956055,0.0007816613651812077,benign,26,25,0,0,0,0,0,0,,,,
D8,3,4000,0.9326688625144162,0.9373810571227951,3.4931917759403586,0.0005603049263298544,0.9999088048934937,0.00011300855658191722,1.0,"IDS P(attack)=0.00 (benign), attribution=1.00",0.9999088048934937,-0.00011300855658191722,3,4000,9.119510650634766e-05,3.4852382668759674e-05,benign,6,5,0,0,0,0,0,0,,,,
D9,3,4000,0.9326590796660381,0.9373648350939177,3.4931281330436463,0.0006943920918155526,0.9998453855514526,0.00018083343275066,1.0,"IDS P(attack)=0.00 (benign), attribution=1.00",0.9998453855514526,-0.00018083343275066,3,4000,0.00015461444854736328,5.531272472580895e-05,benign,6,5,0,0,0,0,0,0,,,,
D1,4,5000,0.9348685781249766,0.9390069590657903,3.708168534369767,0.0006828058147143724,0.9998801946640015,0.00012405445995682384,1.0,"IDS P(attack)=0.00 (benign), attribution=1.00",0.9998801946640015,-0.00012405445995682384,4,5000,0.00011980533599853516,3.7222336686681956e-05,benign,3,1,0,0,0,0,0,0,,,,
D10,4,5000,0.9373792476009932,0.9408867986195325,3.969064212618023,0.0006732991742780724,0.9998621940612793,0.00018465772627678236,1.0,"IDS P(attack)=0.00 (benign), attribution=1.00",0.9998621940612793,-0.00018465772627678236,4,5000,0.00013780593872070312,5.753924051532522e-05,benign,7,6,0,0,0,0,0,0,,,,
D2,4,5000,0.937333897377507,0.9408529261072771,3.968773511024937,0.0009599509256600503,0.9998742341995239,0.00016280778327200097,1.0,"IDS P(attack)=0.00 (benign), attribution=1.00",0.9998742341995239,-0.00016280778327200097,4,5000,0.00012576580047607422,5.050628533354029e-05,benign,6,5,0,0,0,0,0,0,,,,
D3,4,5000,0.9373759448291789,0.9408845998073282,3.969008444337174,0.0006895887362179747,0.9998681545257568,0.0001811306836316362,1.0,"IDS P(attack)=0.00 (benign), attribution=1.00",0.9998681545257568,-0.0001811306836316362,4,5000,0.00013184547424316406,5.6615390349179506e-05,benign,6,5,0,0,0,0,0,0,,,,
D4,4,5000,0.9373238622169948,0.9408387240953663,3.9686954357482493,0.00108289253037904,0.9998447895050049,0.00021625591325573625,1.0,"IDS P(attack)=0.00 (benign), attribution=1.00",0.9998447895050049,-0.00021625591325573625,4,5000,0.0001552104949951172,6.771029438823462e-05,benign,6,5,0,0,0,0,0,0,,,,
D5,4,5000,0.9349061852206219,0.9425407091690928,4.207770476623251,0.0003631846367500225,1.4998692274093628,9.42123138884199e-05,1.0,"IDS P(attack)=0.00 (benign), attribution=1.00; 1 successful MAKA",0.9998692274093628,-9.42123138884199e-05,4,5000,0.00013077259063720703,2.6174184313276783e-05,benign,6,5,0,1,0,0,0,0,0.5,,,
D6,4,5000,0.937416674672778,0.9409038693964807,3.9692257911384106,0.000529781500557516,0.9998001456260681,0.0002974935643578647,1.0,"IDS P(attack)=0.00 (benign), attribution=1.00",0.9998001456260681,-0.0002974935643578647,4,5000,0.00019985437393188477,9.386505553266034e-05,benign,5,4,0,0,0,0,0,0,,,,
D7,4,5000,0.936434613777678,0.9399332620612552,3.965991933608055,0.00906928099221478,0.999240517616272,0.0018928035482531412,1.0,"IDS P(attack)=0.00 (benign), attribution=1.00",0.999240517616272,-0.0018928035482531412,4,5000,0.0007594823837280273,0.000624168838839978,benign,38,37,0,0,0,0,0,0,,,,
D8,4,5000,0.9373810571227951,0.9406589341114832,3.968379378987476,0.0026817995406962585,0.9991663694381714,0.0022055403533158824,1.0,"IDS P(attack)=0.00 (benign), attribution=1.00",0.9991663694381714,-0.0022055403533158824,4,5000,0.0008336305618286133,0.0007299985154531896,benign,33,32,0,0,0,0,0,0,,,,
D9,4,5000,0.9373648350939177,0.940863365005195,3.968949164342135,0.0008770195035220831,0.9997902512550354,0.00028678622547886337,1.0,"IDS P(attack)=0.00 (benign), attribution=1.00",0.9997902512550354,-0.00028678622547886337,4,5000,0.0002097487449645996,8.958733815234154e-05,benign,7,6,0,0,0,0,0,0,,,,
D1,5,6000,0.9390069590657903,0.9421391552247431,4.15184311841108,0.0006399815684497206,0.9998998641967773,5.959662594250403e-05,1.0,"IDS P(attack)=0.00 (benign), attribution=1.00",0.9998998641967773,-5.959662594250403e-05,5,6000,0.00010013580322265625,1.5640791389159858e-05,benign,1,0,0,0,0,0,0,0,,,,
D10,5,6000,0.9408867986195325,0.9435845315551096,4.373639850081093,0.000647052736828402,0.9999352693557739,7.474843869204051e-05,1.0,"IDS P(attack)=0.00 (benign), attribution=1.00",0.9999352693557739,-7.474843869204051e-05,5,6000,6.473064422607422e-05,2.2820646336185746e-05,benign,7,6,0,0,0,0,0,0,,,,
D2,5,6000,0.9408529261072771,0.9435573976368552,4.373389177448284,0.0008872559933742431,0.9999316930770874,7.129770656320034e-05,1.0,"IDS P(attack)=0.00 (benign), attribution=1.00",0.9999316930770874,-7.129770656320034e-05,5,6000,6.830692291259766e-05,2.142163793905638e-05,benign,7,6,0,0,0,0,0,0,,,,
D3,5,6000,0.9408845998073282,0.9435845491819921,4.373604725599195,0.0006447869202718421,0.9999475479125977,5.8636494486563606e-05,1.0,"IDS P(attack)=0.00 (benign), attribution=1.00",0.9999475479125977,-5.8636494486563606e-05,5,6000,5.245208740234375e-05,1.781357241270598e-05,benign,6,5,0,0,0,0,0,0,,,,
D4,5,6000,0.9408387240953663,0.9435232845846073,4.373190789174922,0.0011962301780531564,0.9997996687889099,0.0002757715272309724,1.0,"IDS P(attack)=0.00 (benign), attribution=1.00",0.9997996687889099,-0.0002757715272309724,5,6000,0.0002003312110900879,8.621819142717868e-05,benign,7,6,0,0,0,0,0,0,,,,
D5,5,6000,0.9425407091690928,0.7967986580614217,4.077929558755251,1.5600513188839267,0.5013246536254883,1.5597426119426891,1.0,"IDS P(attack)=0.50 (benign), attribution=1.00; transmission-rate anomaly",0.5013246536254883,-1.4909002840518952,5,6000,0.4986753463745117,0.4968768358230591,benign,9,8,0,0,0,0,0,0,,-0.06884232789079389,,
D6,5,6000,0.9409038693964807,0.9435952931623579,4.373758833592833,0.0005529548107343228,0.9999169111251831,0.00010264053526043426,1.0,"IDS P(attack)=0.00 (benign), attribution=1.00",0.9999169111251831,-0.00010264053526043426,5,6000,8.308887481689453e-05,3.164112422382459e-05,benign,6,5,0,0,0,0,0,0,,,,
D7,5,6000,0.9399332620612552,0.94280136041831,4.37099682246089,0.00785844218019684,0.999903678894043,0.00014955333681427875,1.0,"IDS P(attack)=0.00 (benign), attribution=1.00",0.999903678894043,-0.00014955333681427875,5,6000,9.632110595703125e-05,4.7405323130078614e-05,benign,39,38,0,0,0,0,0,0,,,,
D8,5,6000,0.9406589341114832,0.9433153136056057,4.372728306623455,0.003124958835183762,0.9996058344841003,0.0008454292255919427,1.0,"IDS P(attack)=0.00 (benign), attribution=1.00",0.9996058344841003,-0.0008454292255919427,5,6000,0.0003941655158996582,0.00027589628007262945,benign,38,37,0,0,0,0,0,0,,,,
D9,5,6000,0.940863365005195,0.9435673396833038,4.373548019511066,0.0008032507666235098,0.9999412298202515,5.7784188629739223e-05,1.0,"IDS P(attack)=0.00 (benign), attribution=1.00",0.9999412298202515,-5.7784188629739223e-05,5,6000,5.8770179748535156e-05,1.7181986549985595e-05,benign,6,5,0,0,0,0,0,0,,,,
D1,6,7000,0.9421391552247431,0.9445024214484583,4.528828172465671,0.0011414483492097783,0.9997615218162537,0.0005974640160275157,1.0,"IDS P(attack)=0.00 (benign), attribution=1.00",0.9997615218162537,-0.0005974640160275157,6,7000,0.0002384781837463379,0.0001970850134966895,benign,2,1,0,0,0,0,0,0,,,,
D10,6,7000,0.9435845315551096,0.9456593067508885,4.717329406760061,0.0009264117240837051,0.9997355341911316,0.00037641689777956344,1.0,"IDS P(attack)=0.00 (benign), attribution=1.00",0.9997355341911316,-0.00037641689777956344,6,7000,0.0002644658088684082,0.00011815685138572007,benign,7,6,0,0,0,0,0,0,,,,
D2,6,7000,0.9435573976368552,0.945660180801274,4.717252650844774,0.0009134809452912914,0.9998718500137329,0.00015931335092318478,1.0,"IDS P(attack)=0.00 (benign), attribution=1.00",0.9998718500137329,-0.00015931335092318478,6,7000,0.00012814998626708984,4.915468525723554e-05,benign,6,5,0,0,0,0,0,0,,,,
D3,6,7000,0.9435845491819921,0.9455362360641085,4.716759652078072,0.002093438484039554,0.9991956353187561,0.0015453696018084882,1.0,"IDS P(attack)=0.00 (benign), attribution=1.00",0.9991956353187561,-0.0015453696018084882,6,7000,0.0008043646812438965,0.0004998999647796154,benign,7,5,0,0,0,0,0,0,,,,
D4,6,7000,0.9435232845846073,0.9456321714580909,4.717074364859963,0.0011762699708252515,0.9998621940612793,0.00015947431948006854,1.0,"IDS P(attack)=0.00 (benign), attribution=1.00",0.9998621940612793,-0.00015947431948006854,6,7000,0.00013780593872070312,4.8702957428758964e-05,benign,6,5,0,0,0,0,0,0,,,,
D5,6,7000,0.7967986580614217,0.8068643057402042,4.466091590167183,1.5264925159056815,0.9998514652252197,0.20044889485434397,1.15,"IDS P(attack)=0.00 (benign), attribution=1.00; transmission-rate anomaly; repeat-offender x1.15",0.9998514652252197,-0.0004488948543439619,6,7000,0.00014853477478027344,0.0001292771630687639,benign,25,24,0,0,0,0,0,0,,-0.2,,
D6,6,7000,0.9435952931623579,0.9456952815162564,4.717594395913527,0.0005909607231219575,0.9998993873596191,0.00012094913399778305,1.0,"IDS P(attack)=0.00 (benign), attribution=1.00",0.9998993873596191,-0.00012094913399778305,6,7000,0.00010061264038085938,3.714289050549269e-05,benign,5,4,0,0,0,0,0,0,,,,
D7,6,7000,0.94280136041831,0.944982516050843,4.715075561516226,0.00739724987209414,0.999728262424469,0.0007175740189268253,1.0,"IDS P(attack)=0.00 (benign), attribution=1.00",0.999728262424469,-0.0007175740189268253,6,7000,0.00027173757553100586,0.00023747837985865772,benign,37,36,0,0,0,0,0,0,,,,
D8,6,7000,0.9433153136056057,0.9450592507588186,4.715427828616234,0.006668904068342278,0.9986087679862976,0.0040126890584360805,1.0,"IDS P(attack)=0.00 (benign), attribution=1.00",0.9986087679862976,-0.0040126890584360805,6,7000,0.0013912320137023926,0.0013347383355721831,benign,35,34,0,0,0,0,0,0,,,,
D9,6,7000,0.9435673396833038,0.945658846943192,4.717332532301722,0.0009310735220734886,0.9998167157173157,0.00024831037044350526,1.0,"IDS P(attack)=0.00 (benign), attribution=1.00",0.9998167157173157,-0.00024831037044350526,6,7000,0.00018328428268432617,7.747990457573906e-05,benign,6,5,0,0,0,0,0,0,,,,
D1,7,8000,0.9445024214484583,0.9462760612540619,4.848898005777034,0.0023879118334594667,0.9993940591812134,0.001417680736631155,1.0,"IDS P(attack)=0.00 (benign), attribution=1.00",0.9993940591812134,-0.001417680736631155,7,8000,0.0006059408187866211,0.00046554021537303925,benign,3,2,0,0,0,0,0,0,,,,
D10,7,8000,0.9456593067508885,0.9473299957466221,5.0096101904100525,0.0009196469876108844,0.9998801946640015,0.00013219702213973505,1.0,"IDS P(attack)=0.00 (benign), attribution=1.00",0.9998801946640015,-0.00013219702213973505,7,8000,0.00011980533599853516,4.007937604910694e-05,benign,7,6,0,0,0,0,0,0,,,,
D2,7,8000,0.945660180801274,0.9473330614626178,5.009570697088602,0.0008866738158164016,0.9999059438705444,0.00011021501231880394,1.0,"IDS P(attack)=0.00 (benign), attribution=1.00",0.9999059438705444,-0.00011021501231880394,7,8000,9.40561294555664e-05,3.37216115440242e-05,benign,7,6,0,0,0,0,0,0,,,,
D3,7,8000,0.9455362360641085,0.9472263602541678,5.009103964421086,0.0019319847935093677,0.9998582601547241,0.00015256208207574672,1.0,"IDS P(attack)=0.00 (benign), attribution=1.00",0.9998582601547241,-0.00015256208207574672,7,8000,0.0001417398452758789,4.607056325767189e-05,benign,7,6,0,0,0,0,0,0,,,,
D4,7,8000,0.9456321714580909,0.9472732889459076,5.009213279558459,0.001466884962589743,0.9997000694274902,0.00046705548738827933,1.0,"IDS P(attack)=0.00 (benign), attribution=1.00",0.9997000694274902,-0.00046705548738827933,7,8000,0.0002999305725097656,0.00014809329877607524,benign,7,6,0,0,0,0,0,0,,,,
D5,7,8000,0.8068643057402042,0.8148863569630056,4.795939969504807,1.4981295278498117,0.9997621178627014,0.20061088932998247,1.15,"IDS P(attack)=0.00 (benign), attribution=1.00; transmission-rate anomaly; repeat-offender x1.15",0.9997621178627014,-0.0006108893299824557,7,8000,0.00023788213729858398,0.00017430515435989946,benign,30,29,0,0,0,0,0,0,,-0.2,,
D6,7,8000,0.9456952815162564,0.9473603721307698,5.00984854421235,0.0006279431540285984,0.999893307685852,0.00012562653937493452,1.0,"IDS P(attack)=0.00 (benign), attribution=1.00",0.999893307685852,-0.00012562653937493452,7,8000,0.00010669231414794922,3.84641025448218e-05,benign,5,4,0,0,0,0,0,0,,,,
D7,7,8000,0.944982516050843,0.9458624687391239,5.0044096695838665,0.015377791258235657,0.9965954422950745,0.009090128866955639,1.0,"IDS P(attack)=0.00 (benign), attribution=1.00",0.9965954422950745,-0.009090128866955639,7,8000,0.003404557704925537,0.003010331653058529,benign,34,33,0,0,0,0,0,0,,,,
D8,7,8000,0.9450592507588186,0.9440198193272031,4.998632820316536,0.033617071142102994,0.9905191659927368,0.027948502684012055,1.0,"IDS P(attack)=0.01 (benign), attribution=1.00",0.9905191659927368,-0.027948502684012055,7,8000,0.009480834007263184,0.009307500906288624,benign,33,32,0,0,0,0,0,0,,,,
D9,7,8000,0.945658846943192,0.9473317100672002,5.0096339471647156,0.0009037572319894313,0.999901294708252,0.000112344738226966,1.0,"IDS P(attack)=0.00 (benign), attribution=1.00",0.999901294708252,-0.000112344738226966,7,8000,9.870529174804688e-05,3.4224191040266305e-05,benign,7,6,0,0,0,0,0,0,,,,
D1,8,9000,0.9462760612540619,0.9469367795995941,5.118315686235247,0.010960399218805563,0.9967523813247681,0.008930674160365016,1.0,"IDS P(attack)=0.00 (benign), attribution=1.00",0.9967523813247681,-0.008930674160365016,8,9000,0.0032476186752319336,0.0029626425821334124,benign,3,2,0,0,0,0,0,0,,,,
D10,8,9000,0.9473299957466221,0.9486704359371532,5.2580468299546235,0.0009237031673167055,0.9998781681060791,0.00014200322784745366,1.0,"IDS P(attack)=0.00 (benign), attribution=1.00",0.9998781681060791,-0.00014200322784745366,8,9000,0.00012183189392089844,4.341348903835751e-05,benign,7,6,0,0,0,0,0,0,,,,
D2,8,9000,0.9473330614626178,0.9486686080681812,5.257996094493695,0.0009397612485867754,0.9998610019683838,0.00018608850514283405,1.0,"IDS P(attack)=0.00 (benign), attribution=1.00",0.9998610019683838,-0.00018608850514283405,8,9000,0.00013899803161621094,5.797852645628154e-05,benign,6,5,0,0,0,0,0,0,,,,
D3,8,9000,0.9472263602541678,0.9485838092385019,5.2576015174935185,0.0017907758719752287,0.9998631477355957,0.0001485887974922662,1.0,"IDS P(attack)=0.00 (benign), attribution=1.00",0.9998631477355957,-0.0001485887974922662,8,9000,0.00013685226440429688,4.493366941460408e-05,benign,6,5,0,0,0,0,0,0,,,,
D4,8,9000,0.9472732889459076,0.9486205478769012,5.257704329731318,0.0014183779212822696,0.9998730421066284,0.00017152570308098802,1.0,"IDS P(attack)=0.00 (benign), attribution=1.00",0.9998730421066284,-0.00017152570308098802,8,9000,0.00012695789337158203,5.3502462833421305e-05,benign,6,5,0,0,0,0,0,0,,,,
D5,8,9000,0.8148863569630056,0.8213890088413635,5.0764465732993616,1.4736727679643276,0.9998975992202759,0.20026266929198755,1.15,"IDS P(attack)=0.00 (benign), attribution=1.00; transmission-rate anomaly; repeat-offender x1.15",0.9998975992202759,-0.00026266929198754947,8,9000,0.0001024007797241211,7.494217425119132e-05,benign,34,33,0,0,0,0,0,0,,-0.2,,
D6,8,9000,0.9473603721307698,0.9487023791488395,5.25830414775048,0.0006090280095315964,0.9999328851699829,7.527632860728772e-05,1.0,"IDS P(attack)=0.00 (benign), attribution=1.00",0.9999328851699829,-7.527632860728772e-05,8,9000,6.711483001708984e-05,2.2880387405166402e-05,benign,5,4,0,0,0,0,0,0,,,,
D7,8,9000,0.9458624687391239,0.9472300178281461,5.252891700400864,0.015476622233519168,0.9991434812545776,0.0024054996640188618,1.0,"IDS P(attack)=0.00 (benign), attribution=1.00",0.9991434812545776,-0.0024054996640188618,8,9000,0.0008565187454223633,0.0007989550358615816,benign,40,39,0,0,0,0,0,0,,,,
D8,8,9000,0.9440198193272031,0.9459109694276963,5.248641142336652,0.028855304218302964,0.9998032450675964,0.0002807937475154176,1.0,"IDS P(attack)=0.00 (benign), attribution=1.00",0.9998032450675964,-0.0002807937475154176,8,9000,0.00019675493240356445,8.816859917715192e-05,benign,7,6,0,0,0,0,0,0,,,,
D9,8,9000,0.9473317100672002,0.948681143162074,5.258138906397686,0.0008185400833737521,0.9999500513076782,5.034643618273549e-05,1.0,"IDS P(attack)=0.00 (benign), attribution=1.00",0.9999500513076782,-5.034643618273549e-05,8,9000,4.9948692321777344e-05,1.5036537661217153e-05,benign,6,5,0,0,0,0,0,0,,,,
D1,9,10000,0.9469367795995941,0.9483383379019759,5.350468197496737,0.009375935961927232,0.9998998641967773,5.959662594250403e-05,1.0,"IDS P(attack)=0.00 (benign), attribution=1.00",0.9998998641967773,-5.959662594250403e-05,9,10000,0.00010013580322265625,1.5640791389159858e-05,benign,1,0,0,0,0,0,0,0,,,,
D10,9,10000,0.9486704359371532,0.9497570875361542,5.469220476962589,0.0009293658014180456,0.9998806715011597,0.00014421810919884592,1.0,"IDS P(attack)=0.00 (benign), attribution=1.00",0.9998806715011597,-0.00014421810919884592,9,10000,0.00011932849884033203,4.43223980255425e-05,benign,7,6,0,0,0,0,0,0,,,,
D2,9,10000,0.9486686080681812,0.949741296969066,5.469082878458831,0.0010878497992337396,0.9997861981391907,0.0002890527379349805,1.0,"IDS P(attack)=0.00 (benign), attribution=1.00",0.9997861981391907,-0.0002890527379349805,9,10000,0.00021380186080932617,9.016928379423916e-05,benign,7,6,0,0,0,0,0,0,,,,
D3,9,10000,0.9485838092385019,0.9496866612536705,5.468854239927474,0.0016493232454020917,0.9998929500579834,0.00012716375422314739,1.0,"IDS P(attack)=0.00 (benign), attribution=1.00",0.9998929500579834,-0.00012716375422314739,9,10000,0.00010704994201660156,3.898465365637094e-05,benign,6,5,0,0,0,0,0,0,,,,
D4,9,10000,0.9486205478769012,0.9496990714862422,5.468834520782942,0.0015179888436941986,0.999785840511322,0.00031236761060426943,1.0,"IDS P(attack)=0.00 (benign), attribution=1.00",0.999785840511322,-0.00031236761060426943,9,10000,0.00021415948867797852,9.833111835177988e-05,benign,7,6,0,0,0,0,0,0,,,,
D5,9,10000,0.8213890088413635,0.8264529051238703,5.313812945592269,1.4558103902907333,0.9988333582878113,0.20318853752105498,1.15,"IDS P(attack)=0.00 (benign), attribution=1.00; transmission-rate anomaly; repeat-offender x1.15",0.9988333582878113,-0.0031885375210549674,9,10000,0.0011666417121887207,0.0009131943224929273,benign,29,28,0,0,0,0,0,0,,-0.2,,
D6,9,10000,0.9487023791488395,0.9497935138266993,5.469511914755694,0.0005623981370291161,0.9999533891677856,4.4724328927259196e-05,1.0,"IDS P(attack)=0.00 (benign), attribution=1.00",0.9999533891677856,-4.4724328927259196e-05,9,10000,4.661083221435547e-05,1.3239545296528377e-05,benign,6,5,0,0,0,0,0,0,,,,
D7,9,10000,0.9472300178281461,0.9485537971223249,5.464845411771399,0.0133397375426132,0.9998874664306641,0.00018460864412190857,1.0,"IDS P(attack)=0.00 (benign), attribution=1.00",0.9998874664306641,-0.00018460864412190857,9,10000,0.0001125335693359375,5.885214341105893e-05,benign,44,43,0,0,0,0,0,0,,,,
D8,9,10000,0.9459109694276963,0.9474591694031415,5.4612389939277435,0.024667839279556823,0.9998940229415894,0.0001408306939993054,1.0,"IDS P(attack)=0.00 (benign), attribution=1.00",0.9998940229415894,-0.0001408306939993054,9,10000,0.00010597705841064453,4.3836538679897785e-05,benign,6,5,0,0,0,0,0,0,,,,
D9,9,10000,0.948681143162074,0.9497485803975241,5.469178519370681,0.0010164509732473112,0.9997604489326477,0.0003206919023796218,1.0,"IDS P(attack)=0.00 (benign), attribution=1.00",0.9997604489326477,-0.0003206919023796218,9,10000,0.00023955106735229492,9.991552360588685e-05,benign,7,6,0,0,0,0,0,0,,,,
D1,10,11000,0.9483383379019759,0.9440089652747621,5.547558817443455,0.0662845555001013,0.999660849571228,0.058315009932463156,1.0,"IDS P(attack)=0.00 (benign), attribution=1.00; transmission-rate anomaly",0.999660849571228,-0.0009825373592320828,10,11000,0.00033915042877197266,0.0003268999280408025,benign,19,10,0,0,0,0,0,0,,-0.057332472573231076,,
D10,10,11000,0.9497570875361542,0.9529133518321712,6.148191112254901,0.0014561959110769992,1.4993537068367004,0.0006662349798716605,1.0,"IDS P(attack)=0.00 (benign), attribution=1.00; 1 successful MAKA",0.9993537068367004,-0.0006662349798716605,10,11000,0.0006462931632995605,0.0001997512299567461,benign,8,7,0,1,0,0,0,0,0.5,,,
D2,10,11000,0.949741296969066,0.9529369461120194,6.148459795578404,0.001205785113053563,1.4997393488883972,0.00028111278370488433,1.0,"IDS P(attack)=0.00 (benign), attribution=1.00; 1 successful MAKA",0.9997393488883972,-0.00028111278370488433,10,11000,0.0002606511116027832,8.491758489981294e-05,benign,7,6,0,1,0,0,0,0,0.5,,,
D3,10,11000,0.9496866612536705,0.952833080731957,6.147361488784086,0.0023123040159941607,1.4988353848457336,0.0009103792574023827,1.0,"IDS P(attack)=0.00 (benign), attribution=1.00; 1 successful MAKA",0.9988353848457336,-0.0009103792574023827,10,11000,0.0011646151542663574,0.00025813578395172954,benign,6,6,0,1,0,0,0,0,0.5,,,
D4,10,11000,0.9496990714862422,0.9529024498305324,6.148222823138066,0.0015796041123436351,1.4997134804725647,0.00028931359520356636,1.0,"IDS P(attack)=0.00 (benign), attribution=1.00; 1 successful MAKA",0.9997134804725647,-0.00028931359520356636,10,11000,0.00028651952743530273,8.643356704851612e-05,benign,7,6,0,1,0,0,0,0,0.5,,,
D5,10,11000,0.8264529051238703,0.8307537475661415,5.516249980689769,1.4387088546685038,0.9995089769363403,0.2012700229213806,1.15,"IDS P(attack)=0.00 (benign), attribution=1.00; transmission-rate anomaly; repeat-offender x1.15",0.9995089769363403,-0.0012700229213805868,10,11000,0.000491023063659668,0.00036253620055504143,benign,33,32,0,0,0,0,0,0,,-0.2,,
D6,10,11000,0.9497935138266993,0.9530002302562022,6.1490223042467465,0.0005263338667078754,1.4999371767044067,4.829545023312675e-05,1.0,"IDS P(attack)=0.00 (benign), attribution=1.00; 1 successful MAKA",0.9999371767044067,-4.829545023312675e-05,10,11000,6.282329559326172e-05,1.3639282769872807e-05,benign,6,5,0,1,0,0,0,0,0.5,,,
D7,10,11000,0.9485537971223249,0.949608835680626,6.134499674911084,0.03778905505555101,1.4893810749053955,0.02645027814432979,1.0,"IDS P(attack)=0.01 (benign), attribution=1.00; 1 successful MAKA",0.9893810749053955,-0.02645027814432979,10,11000,0.010618925094604492,0.008721908554434776,benign,31,30,0,1,0,0,0,0,0.5,,,
D8,10,11000,0.9474591694031415,0.9442148249832188,6.116265910532246,0.09767930920314477,1.4742127656936646,0.07671164581552148,1.0,"IDS P(attack)=0.03 (benign), attribution=1.00; 1 successful MAKA",0.9742127656936646,-0.07671164581552148,10,11000,0.02578723430633545,0.025559144094586372,benign,31,30,0,1,0,0,0,0,0.5,,,
D9,10,11000,0.9497485803975241,0.9529478927693867,6.148573515280233,0.0010890657316187599,1.499771773815155,0.0002250824043585453,1.0,"IDS P(attack)=0.00 (benign), attribution=1.00; 1 successful MAKA",0.999771773815155,-0.0002250824043585453,10,11000,0.0002282261848449707,6.696437776554376e-05,benign,7,6,0,1,0,0,0,0,0.5,,,
D1,11,12000,0.9440089652747621,0.9458316448009906,5.715319494605684,0.05640227322526357,0.9998944997787476,6.0401050177461e-05,1.0,"IDS P(attack)=0.00 (benign), attribution=1.00",0.9998944997787476,-6.0401050177461e-05,11,12000,0.0001055002212524414,1.5640707715647295e-05,benign,1,0,0,0,0,0,0,0,,,,
D10,11,12000,0.9529133518321712,0.9532564516200224,6.22581021515391,0.0014292362817893015,0.9998477697372437,0.0001914697573738522,1.0,"IDS P(attack)=0.00 (benign), attribution=1.00",0.9998477697372437,-0.0001914697573738522,11,12000,0.00015223026275634766,5.917025191592984e-05,benign,6,5,0,0,0,0,0,0,,,,
D2,11,12000,0.9529369461120194,0.9532665821004787,6.225985607449681,0.001323835116946932,0.9997947812080383,0.00029891777085140343,1.0,"IDS P(attack)=0.00 (benign), attribution=1.00",0.9997947812080383,-0.00029891777085140343,11,12000,0.00020521879196166992,9.40824393182993e-05,benign,7,6,0,0,0,0,0,0,,,,
D3,11,12000,0.952833080731957,0.9531641557425372,6.2248638152063105,0.002421462575564795,0.9996065497398376,0.0004560041619697586,1.0,"IDS P(attack)=0.00 (benign), attribution=1.00",0.9996065497398376,-0.0004560041619697586,11,12000,0.0003934502601623535,0.0001392935519106686,benign,7,5,0,0,0,0,0,0,,,,
D4,11,12000,0.9529024498305324,0.9532595672797226,6.225937305207822,0.001400406585784296,0.9999479055404663,5.774309029220603e-05,1.0,"IDS P(attack)=0.00 (benign), attribution=1.00",0.9999479055404663,-5.774309029220603e-05,11,12000,5.2094459533691406e-05,1.7518919776193798e-05,benign,6,5,0,0,0,0,0,0,,,,
D5,11,12000,0.8307537475661415,0.8257423288995118,5.654396642483703,1.5373821420075406,0.9655841588973999,0.31447961553931236,1.15,"IDS P(attack)=0.03 (benign), attribution=1.00; transmission-rate anomaly; repeat-offender x1.15",0.9655841588973999,-0.11447961553931235,11,12000,0.0344158411026001,0.03312643617391586,benign,34,33,0,0,0,0,0,0,,-0.2,,
D6,11,12000,0.9530002302562022,0.9532930813913196,6.22638994926754,0.0010454521750552616,0.9997209906578064,0.0005980683883535676,1.0,"IDS P(attack)=0.00 (benign), attribution=1.00",0.9997209906578064,-0.0005980683883535676,11,12000,0.0002790093421936035,0.00019516385509632528,benign,5,4,0,0,0,0,0,0,,,,
D7,11,12000,0.949608835680626,0.9452399662561151,6.194672893478041,0.09060201809480431,0.9803481698036194,0.05848132129758596,1.0,"IDS P(attack)=0.02 (benign), attribution=1.00",0.9803481698036194,-0.05848132129758596,11,12000,0.019651830196380615,0.019485455006361008,benign,22,21,0,0,0,0,0,0,,,,
D8,11,12000,0.9442148249832188,0.912279353922093,6.069716522113725,0.46825828113240936,0.8708904981613159,0.3852308683097363,1.0,"IDS P(attack)=0.13 (benign), attribution=1.00",0.8708904981613159,-0.3852308683097363,11,12000,0.12910950183868408,0.12837348878383636,benign,35,34,0,0,0,0,0,0,,,,
D9,11,12000,0.9529478927693867,0.9532871963162866,6.226155165676797,0.0011001726860087025,0.9998676776885986,0.00017446681413275656,1.0,"IDS P(attack)=0.00 (benign), attribution=1.00",0.9998676776885986,-0.00017446681413275656,11,12000,0.0001323223114013672,5.42520938324742e-05,benign,6,5,0,0,0,0,0,0,,,,
D1,12,13000,0.9458316448009906,0.9472247811758595,5.85752279874735,0.04921802417588861,0.9995012283325195,0.0012760919344145805,1.0,"IDS P(attack)=0.00 (benign), attribution=1.00",0.9995012283325195,-0.0012760919344145805,12,13000,0.0004987716674804688,0.00042150041554123163,benign,2,1,0,0,0,0,0,0,,,,
D10,12,13000,0.9532564516200224,0.9535485290053659,6.291811844196741,0.0013586459638342348,0.999873161315918,0.0001437951243133284,1.0,"IDS P(attack)=0.00 (benign), attribution=1.00",0.999873161315918,-0.0001437951243133284,12,13000,0.00012683868408203125,4.3778709368780255e-05,benign,7,6,0,0,0,0,0,0,,,,
D2,12,13000,0.9532665821004787,0.9535603492049264,6.2919980017371975,0.0012339214636905578,0.9999102354049683,0.00010866161428566556,1.0,"IDS P(attack)=0.00 (benign), attribution=1.00",0.9999102354049683,-0.00010866161428566556,12,13000,8.976459503173828e-05,3.34024298354052e-05,benign,7,6,0,0,0,0,0,0,,,,
D3,12,13000,0.9531641557425372,0.9554247320792918,6.789566581163126,0.003386404972979314,1.4984323382377625,0.0013281617837492378,1.0,"IDS P(attack)=0.00 (benign), attribution=1.00; 1 successful MAKA",0.9984323382377625,-0.0013281617837492378,12,13000,0.0015676617622375488,0.0003835131647065282,benign,7,6,0,1,0,0,0,0,0.5,,,
D4,12,13000,0.9532595672797226,0.9535535870116794,6.291942997344739,0.0013077832416286887,0.9998962879180908,0.00011743764371203725,1.0,"IDS P(attack)=0.00 (benign), attribution=1.00",0.9998962879180908,-0.00011743764371203725,12,13000,0.00010371208190917969,3.574766014935449e-05,benign,7,6,0,0,0,0,0,0,,,,
D5,12,13000,0.8257423288995118,0.8300887858717872,5.806075736733096,1.507209665543992,0.9998385906219482,0.20043484483758223,1.15,"IDS P(attack)=0.00 (benign), attribution=1.00; transmission-rate anomaly; repeat-offender x1.15",0.9998385906219482,-0.00043484483758220453,12,13000,0.0001614093780517578,0.0001244343729922548,benign,27,25,0,0,0,0,0,0,,-0.2,,
D6,12,13000,0.9532930813913196,0.9535814710401466,6.29233310921353,0.0010111637061922237,0.9999016523361206,0.00012252935739525127,1.0,"IDS P(attack)=0.00 (benign), attribution=1.00",0.9999016523361206,-0.00012252935739525127,12,13000,9.834766387939453e-05,3.7816564145032316e-05,benign,5,4,0,0,0,0,0,0,,,,
D7,12,13000,0.9452399662561151,0.9456533100164496,6.261002743586431,0.08969976535729761,0.9955307841300964,0.012688049976713954,1.0,"IDS P(attack)=0.00 (benign), attribution=1.00",0.9955307841300964,-0.012688049976713954,12,13000,0.0044692158699035645,0.004216725472360849,benign,4,3,0,0,0,0,0,0,,,,
D8,12,13000,0.912279353922093,0.9187621542452511,6.159121237857946,0.3982794081269859,0.9998621940612793,0.0002598691644379869,1.0,"IDS P(attack)=0.00 (benign), attribution=1.00",0.9998621940612793,-0.0002598691644379869,12,13000,0.00013780593872070312,8.392921881750226e-05,benign,28,27,0,0,0,0,0,0,,,,
D9,12,13000,0.9532871963162866,0.9535770139165284,6.292130205301291,0.001051735011518671,0.9998983144760132,0.00011658822841127404,1.0,"IDS P(attack)=0.00 (benign), attribution=1.00",0.9998983144760132,-0.00011658822841127404,12,13000,0.0001016855239868164,3.555628063622862e-05,benign,7,6,0,0,0,0,0,0,,,,
D1,13,14000,0.9472247811758595,0.9484922727346219,5.978784587179572,0.04189636513803392,0.9998902082443237,6.104458852860262e-05,1.0,"IDS P(attack)=0.00 (benign), attribution=1.00",0.9998902082443237,-6.104458852860262e-05,13,14000,0.00010979175567626953,1.5640640413039364e-05,benign,1,0,0,0,0,0,0,0,,,,
D10,13,14000,0.9535485290053659,0.9537941880526896,6.3479197853940725,0.0012968642909769834,0.9998797178268433,0.00014201522171788385,1.0,"IDS P(attack)=0.00 (benign), attribution=1.00",0.9998797178268433,-0.00014201522171788385,13,14000,0.00012028217315673828,4.349926166469231e-05,benign,6,5,0,0,0,0,0,0,,,,
D2,13,14000,0.9535603492049264,0.9538112813597399,6.348134643715998,0.0011128394589164847,0.9999363422393799,6.400621477951063e-05,1.0,"IDS P(attack)=0.00 (benign), attribution=1.00",0.9999363422393799,-6.400621477951063e-05,13,14000,6.365776062011719e-05,1.910791252157651e-05,benign,6,5,0,0,0,0,0,0,,,,
D3,13,14000,0.9554247320792918,0.9553813359680503,6.7710130999548435,0.0030328693868130747,0.9998815059661865,0.00015442515978065786,1.0,"IDS P(attack)=0.00 (benign), attribution=1.00",0.9998815059661865,-0.00015442515978065786,13,14000,0.00011849403381347656,4.7947738494258374e-05,benign,7,6,0,0,0,0,0,0,,,,
D4,13,14000,0.9535535870116794,0.9537946140307524,6.348009688688463,0.0012963741310742381,0.9998581409454346,0.00018475837568985296,1.0,"IDS P(attack)=0.00 (benign), attribution=1.00",0.9998581409454346,-0.00018475837568985296,13,14000,0.0001418590545654297,5.736123421229422e-05,benign,6,5,0,0,0,0,0,0,,,,
D5,13,14000,0.8300887858717872,0.8479743503389795,5.935129567110582,1.28117949711877,0.9999651908874512,5.128140637680189e-05,1.15,"IDS P(attack)=0.00 (benign), attribution=1.00; repeat-offender x1.15",0.9999651908874512,-5.128140637680189e-05,13,14000,3.4809112548828125e-05,1.3957587725599296e-05,benign,5,4,0,0,0,0,0,0,,,,
D6,13,14000,0.9535814710401466,0.9538310216374377,6.3484390353943665,0.0009030395040207724,0.9999558925628662,4.355035375738225e-05,1.0,"IDS P(attack)=0.00 (benign), attribution=1.00",0.9999558925628662,-4.355035375738225e-05,13,14000,4.410743713378906e-05,1.2959381820110139e-05,benign,6,5,0,0,0,0,0,0,,,,
D7,13,14000,0.9456533100164496,0.9470932272422649,6.321603363447239,0.07658814141819531,0.9997510313987732,0.0003433408644923474,1.0,"IDS P(attack)=0.00 (benign), attribution=1.00",0.9997510313987732,-0.0003433408644923474,13,14000,0.00024896860122680664,0.00010736686817836016,benign,7,6,0,0,0,0,0,0,,,,
D8,13,14000,0.9187621542452511,0.9242661775200514,6.23515315479461,0.33866237987864184,0.9999001026153564,0.00012488297070376573,1.0,"IDS P(attack)=0.00 (benign), attribution=1.00",0.9999001026153564,-0.00012488297070376573,13,14000,9.989738464355469e-05,3.856082912534475e-05,benign,6,5,0,0,0,0,0,0,,,,
D9,13,14000,0.9535770139165284,0.9538257120840699,6.348253573256402,0.0009544551641086568,0.9999428987503052,6.0480404317786455e-05,1.0,"IDS P(attack)=0.00 (benign), attribution=1.00",0.9999428987503052,-6.0480404317786455e-05,13,14000,5.710124969482422e-05,1.8215865566162392e-05,benign,6,5,0,0,0,0,0,0,,,,
D1,14,15000,0.9484922727346219,0.9495384340593104,6.081865809625096,0.03578319540228652,0.9998989105224609,0.00017128503495769112,1.0,"IDS P(attack)=0.00 (benign), attribution=1.00",0.9998989105224609,-0.00017128503495769112,14,15000,0.0001010894775390625,5.477951344801113e-05,benign,3,1,0,0,0,0,0,0,,,,
D10,14,15000,0.9537941880526896,0.9540004987555991,6.395603429180115,0.001249814335133279,0.9998716115951538,0.00014747968780284284,1.0,"IDS P(attack)=0.00 (benign), attribution=1.00",0.9998716115951538,-0.00014747968780284284,14,15000,0.0001283884048461914,4.498997441260144e-05,benign,7,6,0,0,0,0,0,0,,,,
D2,14,15000,0.9538112813597399,0.9540015594849646,6.3956825254857765,0.0012415121416667107,0.999768078327179,0.0002955986015876988,1.0,"IDS P(attack)=0.00 (benign), attribution=1.00",0.999768078327179,-0.0002955986015876988,14,15000,0.00023192167282104492,9.151240374194458e-05,benign,7,6,0,0,0,0,0,0,,,,
D3,14,15000,0.9553813359680503,0.9553519810584236,6.755294735387337,0.0026446928343628463,0.9999336004257202,6.675385557173286e-05,1.0,"IDS P(attack)=0.00 (benign), attribution=1.00",0.9999336004257202,-6.675385557173286e-05,14,15000,6.639957427978516e-05,1.992769102798775e-05,benign,6,5,0,0,0,0,0,0,,,,
D4,14,15000,0.9537946140307524,0.9540052009992063,6.395720020510926,0.0012017254320239891,0.9999117851257324,9.980742061088677e-05,1.0,"IDS P(attack)=0.00 (benign), attribution=1.00",0.9999117851257324,-9.980742061088677e-05,14,15000,8.821487426757812e-05,3.037725946342107e-05,benign,6,5,0,0,0,0,0,0,,,,
D5,14,15000,0.8479743503389795,0.8690322117174799,6.544727809732594,1.089146709018452,1.4998676776885986,0.00014413646749744657,1.15,"IDS P(attack)=0.00 (benign), attribution=1.00; 1 successful MAKA; repeat-offender x1.15",0.9998676776885986,-0.00014413646749744657,14,15000,0.0001323223114013672,3.7663066905224696e-05,benign,7,6,0,1,0,0,0,0,0.5,,,
D6,14,15000,0.9538310216374377,0.9540265258474281,6.396032513123542,0.0009732109983452797,0.9998593330383301,0.00020562741992762314,1.0,"IDS P(attack)=0.00 (benign), attribution=1.00",0.9998593330383301,-0.00020562741992762314,14,15000,0.00014066696166992188,6.474644760601223e-05,benign,5,4,0,0,0,0,0,0,,,,
D7,14,15000,0.9470932272422649,0.9483107234183222,6.373119970002693,0.06540441218639867,0.9997571110725403,0.00030449198093265297,1.0,"IDS P(attack)=0.00 (benign), attribution=1.00",0.9997571110725403,-0.00030449198093265297,14,15000,0.0002428889274597168,9.40556637942791e-05,benign,7,6,0,0,0,0,0,0,,,,
D8,14,15000,0.9242661775200514,0.9289328293906655,6.299780403400065,0.28797543590665614,0.999900221824646,0.00011241300981055246,1.0,"IDS P(attack)=0.00 (benign), attribution=1.00",0.999900221824646,-0.00011241300981055246,14,15000,9.97781753540039e-05,3.4191678423667327e-05,benign,7,6,0,0,0,0,0,0,,,,
D9,14,15000,0.9538257120840699,0.9540286810648216,6.3959016923964205,0.0009422901065218599,0.999886155128479,0.00013100321702950166,1.0,"IDS P(attack)=0.00 (benign), attribution=1.00",0.999886155128479,-0.00013100321702950166,14,15000,0.0001138448715209961,3.9974205719772726e-05,benign,7,6,0,0,0,0,0,0,,,,
D1,15,16000,0.9495384340593104,0.9504225914927509,6.169480437960079,0.030476117142121003,0.9998944997787476,6.0401050177461e-05,1.0,"IDS P(attack)=0.00 (benign), attribution=1.00",0.9998944997787476,-6.0401050177461e-05,15,16000,0.0001055002212524414,1.5640707715647295e-05,benign,1,0,0,0,0,0,0,0,,,,
D10,15,16000,0.9540004987555991,0.9541714430539584,6.4361270162130095,0.0012439271163513193,0.9998641014099121,0.00018158493148803247,1.0,"IDS P(attack)=0.00 (benign), attribution=1.00",0.9998641014099121,-0.00018158493148803247,15,16000,0.00013589859008789062,5.6561453675385565e-05,benign,7,6,0,0,0,0,0,0,,,,
D2,15,16000,0.9540015594849646,0.9541834550421135,6.4362780522033765,0.0011134913785276585,0.9999479055404663,5.820605811095447e-05,1.0,"IDS P(attack)=0.00 (benign), attribution=1.00",0.9999479055404663,-5.820605811095447e-05,15,16000,5.2094459533691406e-05,1.768136462487746e-05,benign,6,5,0,0,0,0,0,0,,,,
D3,15,16000,0.9553519810584236,0.6946576295750805,6.242060844979749,4.001980548828565,0.5000603199005127,3.999732559919357,1.0,"IDS P(attack)=1.00 (flooding), attribution=1.00; 1 successful MAKA; transmission-rate anomaly",6.031990051269531e-05,-2.999799674749374,15,16000,0.9999396800994873,0.9999328851699829,flooding,28,27,0,1,0,0,0,0,0.5,-0.9999328851699829,,
D4,15,16000,0.9540052009992063,0.9533697899246898,6.428709257882285,0.010077945251231391,0.992347240447998,0.009056478634011,1.0,"IDS P(attack)=0.01 (benign), attribution=1.00",0.992347240447998,-0.009056478634011,15,16000,0.007652759552001953,0.00277493498288095,benign,9,7,0,0,0,0,0,0,,,,
D5,15,16000,0.8690322117174799,0.8810615181211603,6.562896687169494,0.9259332298317429,0.9998780488967896,0.00015852716605877502,1.15,"IDS P(attack)=0.00 (benign), attribution=1.00; repeat-offender x1.15",0.9998780488967896,-0.00015852716605877502,15,16000,0.00012195110321044922,4.249530320521444e-05,benign,6,5,0,0,0,0,0,0,,,,
D6,15,16000,0.9540265258474281,0.9541913904523615,6.436469564637066,0.0010317260519660575,0.9998419284820557,0.00020449670337256977,1.0,"IDS P(attack)=0.00 (benign), attribution=1.00",0.9998419284820557,-0.00020449670337256977,15,16000,0.00015807151794433594,6.343367567751557e-05,benign,5,4,0,0,0,0,0,0,,,,
D7,15,16000,0.9483107234183222,0.9493529849181469,6.417039798560822,0.05573846626864879,0.9998878240585327,0.00014471591020992491,1.0,"IDS P(attack)=0.00 (benign), attribution=1.00",0.9998878240585327,-0.00014471591020992491,15,16000,0.00011217594146728516,4.487351543502882e-05,benign,6,5,0,0,0,0,0,0,,,,
D8,15,16000,0.9289328293906655,0.9328949483553142,6.354755168756754,0.2448388284152734,0.9999418258666992,5.970789461571258e-05,1.0,"IDS P(attack)=0.00 (benign), attribution=1.00",0.9999418258666992,-5.970789461571258e-05,15,16000,5.817413330078125e-05,1.7888341972138733e-05,benign,6,5,0,0,0,0,0,0,,,,
D9,15,16000,0.9540286810648216,0.9541983995572634,6.436403308921173,0.0009482038916123292,0.9998868703842163,0.00014725730106874836,1.0,"IDS P(attack)=0.00 (benign), attribution=1.00",0.9998868703842163,-0.00014725730106874836,15,16000,0.0001131296157836914,4.571503814077005e-05,benign,6,5,0,0,0,0,0,0,,,,
D1,16,17000,0.9504225914927509,0.9509923776798574,6.24329579044081,0.027869185067667508,0.9992374181747437,0.0019644854968646538,1.0,"IDS P(attack)=0.00 (benign), attribution=1.00",0.9992374181747437,-0.0019644854968646538,16,17000,0.0007625818252563477,0.0006491572712548077,benign,2,1,0,0,0,0,0,0,,,,
D10,16,17000,0.9541714430539584,0.9543054608465306,6.470496665315329,0.0013536435232290598,0.9997887015342712,0.0002963054743304383,1.0,"IDS P(attack)=0.00 (benign), attribution=1.00",0.9997887015342712,-0.0002963054743304383,16,17000,0.00021129846572875977,9.284586121793836e-05,benign,7,6,0,0,0,0,0,0,,,,
D2,16,17000,0.9541834550421135,0.9543222721357314,6.470673742901923,0.001168839655657907,0.9998373985290527,0.00022237198390939739,1.0,"IDS P(attack)=0.00 (benign), attribution=1.00",0.9998373985290527,-0.00022237198390939739,16,17000,0.00016260147094726562,6.946728535695001e-05,benign,6,5,0,0,0,0,0,0,,,,
D3,16,17000,0.6946576295750805,0.5270620128625746,5.306037582109129,7.850400095055763,0.00028586387634277344,4.448716628551483,1.15,"IDS P(attack)=1.00 (flooding), attribution=1.00; transmission-rate anomaly; repeat-offender x1.15",0.00028586387634277344,-3.449005115032196,16,17000,0.9997141361236572,0.9997115135192871,flooding,28,27,0,0,0,0,0,0,,-0.9997115135192871,,
D4,16,17000,0.9533697899246898,0.9535871566954821,6.463707282995413,0.0092879063020937,0.9993044137954712,0.0007216528385470156,1.0,"IDS P(attack)=0.00 (benign), attribution=1.00",0.9993044137954712,-0.0007216528385470156,16,17000,0.0006955862045288086,0.0002166017220588401,benign,5,5,0,0,0,0,0,0,,,,
D5,16,17000,0.8810615181211603,0.89151634618613,6.578327119969009,0.787217651276806,0.999864935874939,0.00017440591982449403,1.15,"IDS P(attack)=0.00 (benign), attribution=1.00; repeat-offender x1.15",0.999864935874939,-0.00017440591982449403,16,17000,0.00013506412506103516,4.671100032282993e-05,benign,6,5,0,0,0,0,0,0,,,,
D6,16,17000,0.9541913904523615,0.9543379335219742,6.4709192597175065,0.0010005308693450297,0.999920129776001,0.00012356372517388083,1.0,"IDS P(attack)=0.00 (benign), attribution=1.00",0.999920129776001,-0.00012356372517388083,16,17000,7.987022399902344e-05,3.915199704351835e-05,benign,5,4,0,0,0,0,0,0,,,,
D7,16,17000,0.9493529849181469,0.9502342334335148,6.454351744883876,0.047516401992709456,0.9998679161071777,0.00013870566435798538,1.0,"IDS P(attack)=0.00 (benign), attribution=1.00",0.9998679161071777,-0.00013870566435798538,16,17000,0.00013208389282226562,4.17168703279458e-05,benign,7,6,0,0,0,0,0,0,,,,
D8,16,17000,0.9328949483553142,0.936247811716313,6.4014276909438514,0.2082673713881369,0.9998857975006104,0.00015436723515449557,1.0,"IDS P(attack)=0.00 (benign), attribution=1.00",0.9998857975006104,-0.00015436723515449557,16,17000,0.00011420249938964844,4.8153284296859056e-05,benign,6,5,0,0,0,0,0,0,,,,
D9,16,17000,0.9541983995572634,0.9543420644785147,6.4708259874792375,0.0009485755553038675,0.9998831748962402,0.00014260224743338766,1.0,"IDS P(attack)=0.00 (benign), attribution=1.00",0.9998831748962402,-0.00014260224743338766,16,17000,0.00011682510375976562,4.3887186620850116e-05,benign,6,5,0,0,0,0,0,0,,,,
D1,17,18000,0.9509923776798574,0.9516411211976904,6.306701286071466,0.023748403933459887,0.9998998641967773,5.959662594250403e-05,1.0,"IDS P(attack)=0.00 (benign), attribution=1.00",0.9998998641967773,-5.959662594250403e-05,17,18000,0.00010013580322265625,1.5640791389159858e-05,benign,1,0,0,0,0,0,0,0,,,,
D10,17,18000,0.9543054608465306,0.9544108739236438,6.4996240826895075,0.0015331437834956157,0.9997019171714783,0.0003825467887509149,1.0,"IDS P(attack)=0.00 (benign), attribution=1.00",0.9997019171714783,-0.0003825467887509149,17,18000,0.0002980828285217285,0.0001185383734991774,benign,7,6,0,0,0,0,0,0,,,,
D2,17,18000,0.9543222721357314,0.9544288978013766,6.499833488027151,0.0013353913043295778,0.9997608065605164,0.00034187759702035696,1.0,"IDS P(attack)=0.00 (benign), attribution=1.00",0.9997608065605164,-0.00034187759702035696,17,18000,0.00023919343948364258,0.00010736792319221422,benign,7,6,0,0,0,0,0,0,,,,
D3,17,18000,0.5270620128625746,0.4134564922385413,4.510141660349857,11.572777752220357,9.715557098388672e-06,4.8999376714229586,1.3,"IDS P(attack)=1.00 (flooding), attribution=1.00; transmission-rate anomaly; repeat-offender x1.30",9.715557098388672e-06,-3.8999504864215853,17,18000,0.9999902844429016,0.9999871850013733,flooding,25,24,0,0,0,0,0,0,,-0.9999871850013733,,
D4,17,18000,0.9535871566954821,0.9538252665580231,6.494047240045613,0.008017402165495797,0.9998960494995117,0.00012268180871615185,1.0,"IDS P(attack)=0.00 (benign), attribution=1.00",0.9998960494995117,-0.00012268180871615185,17,18000,0.00010395050048828125,3.757516969926655e-05,benign,7,6,0,0,0,0,0,0,,,,
D5,17,18000,0.89151634618613,0.9005848676832886,6.591530249048548,0.6691939526524552,0.9999521970748901,5.8949067170033235e-05,1.15,"IDS P(attack)=0.00 (benign), attribution=1.00; repeat-offender x1.15",0.9999521970748901,-5.8949067170033235e-05,17,18000,4.780292510986328e-05,1.5690493455622345e-05,benign,6,5,0,0,0,0,0,0,,,,
D6,17,18000,0.9543379335219742,0.9544628275018968,6.500187672258294,0.0009612145352317716,0.9999063014984131,0.00011076329628849634,1.0,"IDS P(attack)=0.00 (benign), attribution=1.00",0.9999063014984131,-0.00011076329628849634,17,18000,9.369850158691406e-05,3.393281440366991e-05,benign,5,4,0,0,0,0,0,0,,,,
D7,17,18000,0.9502342334335148,0.9509877568036632,6.486153445202686,0.04043798058746991,0.9999544620513916,4.903889366687509e-05,1.0,"IDS P(attack)=0.00 (benign), attribution=1.00",0.9999544620513916,-4.903889366687509e-05,17,18000,4.553794860839844e-05,1.4809895219514146e-05,benign,6,5,0,0,0,0,0,0,,,,
D8,17,18000,0.936247811716313,0.9390794551665024,6.4409637342360195,0.1773326748626089,0.9997501969337463,0.0003054091826925287,1.0,"IDS P(attack)=0.00 (benign), attribution=1.00",0.9997501969337463,-0.0003054091826925287,17,18000,0.0002498030662536621,9.401358693139628e-05,benign,7,6,0,0,0,0,0,0,,,,
D9,17,18000,0.9543420644785147,0.9544633781031934,6.500093966531729,0.0009503976832534833,0.9998918771743774,0.00014410846124519595,1.0,"IDS P(attack)=0.00 (benign), attribution=1.00",0.9998918771743774,-0.00014410846124519595,17,18000,0.0001081228256225586,4.4873697333969176e-05,benign,6,5,0,0,0,0,0,0,,,,
D1,18,19000,0.9516411211976904,0.9519279071849105,6.359463707525371,0.02315001703797532,0.998767614364624,0.002963873694534413,1.0,"IDS P(attack)=0.00 (benign), attribution=1.00",0.998767614364624,-0.002963873694534413,18,19000,0.0012323856353759766,0.0009750932804308832,benign,3,2,0,0,0,0,0,0,,,,
D10,18,19000,0.9544108739236438,0.9545216805999233,6.52455875760145,0.0014440786952536941,0.9998782873153687,0.00014090647928242104,1.0,"IDS P(attack)=0.00 (benign), attribution=1.00",0.9998782873153687,-0.00014090647928242104,18,19000,0.00012171268463134766,4.303493915358558e-05,benign,7,6,0,0,0,0,0,0,,,,
D2,18,19000,0.9544288978013766,0.9545368764876304,6.524736156091999,0.0012769978674715553,0.9998776912689209,0.00014191525879141408,1.0,"IDS P(attack)=0.00 (benign), attribution=1.00",0.9998776912689209,-0.00014191525879141408,18,19000,0.00012230873107910156,4.335752601036802e-05,benign,6,5,0,0,0,0,0,0,,,,
D3,18,19000,0.4134564922385413,0.3331714597390199,3.834732216736374,15.180884105482464,0.0011118054389953613,5.344023016095161,1.45,"IDS P(attack)=1.00 (flooding), attribution=1.00; transmission-rate anomaly; repeat-offender x1.45",0.0011118054389953613,-4.34514036476612,18,19000,0.9988881945610046,0.9988826513290405,flooding,23,22,0,0,0,0,0,0,,-0.9988826513290405,,
D4,18,19000,0.9538252665580231,0.9540233706659819,6.519817368470534,0.006974733201869862,0.9998772144317627,0.00015994136119843458,1.0,"IDS P(attack)=0.00 (benign), attribution=1.00",0.9998772144317627,-0.00015994136119843458,18,19000,0.0001227855682373047,4.965737753082067e-05,benign,6,5,0,0,0,0,0,0,,,,
D5,18,19000,0.9005848676832886,0.8929535552622212,6.60206572681654,0.7709658147883083,0.9992650151252747,0.2021509550337214,1.15,"IDS P(attack)=0.00 (benign), attribution=1.00; transmission-rate anomaly; repeat-offender x1.15",0.9992650151252747,-0.002150955033721402,18,19000,0.0007349848747253418,0.0006183961522765458,benign,34,33,0,0,0,0,0,0,,-0.2,,
D6,18,19000,0.9544628275018968,0.9545659292129179,6.525052829105402,0.000956487803462952,0.999893307685852,0.00013945544851594603,1.0,"IDS P(attack)=0.00 (benign), attribution=1.00",0.999893307685852,-0.00013945544851594603,18,19000,0.00010669231414794922,4.3316351366229355e-05,benign,6,5,0,0,0,0,0,0,,,,
D7,18,19000,0.9509877568036632,0.9516202044699437,6.513141379082988,0.034481747980451324,0.9999109506607056,0.00010946448110189523,1.0,"IDS P(attack)=0.00 (benign), attribution=1.00",0.9999109506607056,-0.00010946448110189523,18,19000,8.90493392944336e-05,3.372178252902813e-05,benign,7,6,0,0,0,0,0,0,,,,
D8,18,19000,0.9390794551665024,0.9415051932169518,6.474767079641083,0.15078714470760166,0.9999479055404663,5.437107438410749e-05,1.0,"IDS P(attack)=0.00 (benign), attribution=1.00",0.9999479055404663,-5.437107438410749e-05,18,19000,5.2094459533691406e-05,1.6335756299667992e-05,benign,6,5,0,0,0,0,0,0,,,,
D9,18,19000,0.9544633781031934,0.9545676146597633,6.524979497330167,0.0009335293563583856,0.9998996257781982,0.00012569132559292484,1.0,"IDS P(attack)=0.00 (benign), attribution=1.00",0.9998996257781982,-0.00012569132559292484,18,19000,0.00010037422180175781,3.881936572724953e-05,benign,6,5,0,0,0,0,0,0,,,,
D1,19,20000,0.9519279071849105,0.9524275977596413,6.405444015593342,0.019737111108221527,0.9998998641967773,5.959662594250403e-05,1.0,"IDS P(attack)=0.00 (benign), attribution=1.00",0.9998998641967773,-5.959662594250403e-05,19,20000,0.00010013580322265625,1.5640791389159858e-05,benign,1,0,0,0,0,0,0,0,,,,
D10,19,20000,0.9545216805999233,0.9545966358079444,6.545626690615743,0.0015803652631136873,0.9997517466545105,0.0003528983721480472,1.0,"IDS P(attack)=0.00 (benign), attribution=1.00",0.9997517466545105,-0.0003528983721480472,19,20000,0.00024825334548950195,0.00011075802467530593,benign,7,6,0,0,0,0,0,0,,,,
D2,19,20000,0.9545368764876304,0.9546085569090803,6.5457629357993845,0.001448886756898547,0.9997372031211853,0.00036343856954772495,1.0,"IDS P(attack)=0.00 (benign), attribution=1.00",0.9997372031211853,-0.00036343856954772495,19,20000,0.00026279687881469727,0.00011369089043000713,benign,7,6,0,0,0,0,0,0,,,,
D3,19,20000,0.3331714597390199,0.3881000146322904,7.760311370908809,18.0419584758245,4.500788986682892,5.138206986164406,1.6,"IDS P(attack)=1.00 (flooding), attribution=0.91; 1 successful MAKA; 2 integrity/replay/unauthenticated verdict(s); transmission-rate anomaly; passed forced re-authentication; repeat-offender x1.60",0.0007889866828918457,-4.2152713447809225,19,20000,0.9992110133171082,0.9617050886154175,flooding,24,20,2,1,0,2,0,1,0.5,-0.8742773532867432,-0.048658288096740804,4.0
D4,19,20000,0.9540233706659819,0.9514337237990348,6.527512289921908,0.03738064648357755,0.9856675267219543,0.031452123261988166,1.0,"IDS P(attack)=0.01 (benign), attribution=1.00",0.9856675267219543,-0.031452123261988166,19,20000,0.014332473278045654,0.01028149202466011,benign,9,7,0,0,0,0,0,0,,,,
D5,19,20000,0.8929535552622212,0.8862775162346177,6.609871645763419,0.8614030976598874,0.9981157779693604,0.20608215508982541,1.15,"IDS P(attack)=0.00 (benign), attribution=1.00; transmission-rate anomaly; repeat-offender x1.15",0.9981157779693604,-0.006082155089825391,19,20000,0.0018842220306396484,0.0017574308440089226,benign,34,33,0,0,0,0,0,0,,-0.2,,
D6,19,20000,0.9545659292129179,0.9546207350106668,6.546031988651487,0.0013207472323060073,0.9997370839118958,0.0005077325993624981,1.0,"IDS P(attack)=0.00 (benign), attribution=1.00",0.9997370839118958,-0.0005077325993624981,19,20000,0.00026291608810424805,0.00016431410040240735,benign,5,4,0,0,0,0,0,0,,,,
D7,19,20000,0.9516202044699437,0.952155286690517,6.536067890650105,0.029425351813702635,0.9998977184295654,0.00011586603031901178,1.0,"IDS P(attack)=0.00 (benign), attribution=1.00",0.9998977184295654,-0.00011586603031901178,19,20000,0.00010228157043457031,3.5271506931167096e-05,benign,7,6,0,0,0,0,0,0,,,,
D8,19,20000,0.9415051932169518,0.9435642501672964,6.503496823793858,0.12822719174780814,0.999944806098938,5.8118746346735867e-05,1.0,"IDS P(attack)=0.00 (benign), attribution=1.00",0.999944806098938,-5.8118746346735867e-05,19,20000,5.519390106201172e-05,1.7487600416643545e-05,benign,6,5,0,0,0,0,0,0,,,,
D9,19,20000,0.9545676146597633,0.9546396591168663,6.546011975940329,0.0011008013524209186,0.9997794032096863,0.000307301399516291,1.0,"IDS P(attack)=0.00 (benign), attribution=1.00",0.9997794032096863,-0.000307301399516291,19,20000,0.0002205967903137207,9.621469507692382e-05,benign,7,6,0,0,0,0,0,0,,,,
D1,20,21000,0.9524275977596413,0.9387613492310541,6.941549131374916,0.21375510578526835,1.496921718120575,0.19697856134328007,1.0,"IDS P(attack)=0.00 (benign), attribution=1.00; 1 successful MAKA; transmission-rate anomaly",0.996921718120575,-0.008766691584605725,20,21000,0.003078281879425049,0.0029140172991901636,benign,19,11,0,1,0,0,0,0,0.5,-0.18821186975867435,,
D10,20,21000,0.9545966358079444,0.9566239367158852,7.063319916561345,0.0016425435481212483,1.4995372295379639,0.00029923307447461407,1.0,"IDS P(attack)=0.00 (benign), attribution=1.00; 1 successful MAKA",0.9995372295379639,-0.00029923307447461407,20,21000,0.0004627704620361328,8.063772111199796e-05,benign,8,7,0,1,0,0,0,0,0.5,,,
D2,20,21000,0.9546085569090803,0.9565957945517736,7.063074461215457,0.0019716368590338962,1.4991759657859802,0.0007400831156701315,1.0,"IDS P(attack)=0.00 (benign), attribution=1.00; 1 successful MAKA",0.9991759657859802,-0.0007400831156701315,20,21000,0.0008240342140197754,0.00021630806440953165,benign,8,7,0,1,0,0,0,0,0.5,,,
D3,20,21000,0.3881000146322904,0.4032994418732186,7.429202263500942,16.410044154533605,0.8329375982284546,1.0743794500827788,1.75,"IDS P(attack)=0.17 (benign), attribution=1.00; transmission-rate anomaly; repeat-offender x1.75",0.8329375982284546,-0.8743794500827788,20,21000,0.1670624017715454,0.16653335094451904,benign,26,25,0,0,0,0,0,0,,-0.2,,
D4,20,21000,0.9514337237990348,0.9540355950730488,7.048011963729459,0.03228128820474551,1.4996265172958374,0.0005077386937045957,1.0,"IDS P(attack)=0.00 (benign), attribution=1.00; 1 successful MAKA",0.9996265172958374,-0.0005077386937045957,20,21000,0.00037348270416259766,0.00015849694318603724,benign,7,5,0,1,0,0,0,0,0.5,,,
D5,20,21000,0.8862775162346177,0.8811496550362894,6.618373613551921,0.9322168313987866,0.9999827146530151,0.2000241983878823,1.15,"IDS P(attack)=0.00 (benign), attribution=1.00; transmission-rate anomaly; repeat-offender x1.15",0.9999827146530151,-2.4198387882279347e-05,20,21000,1.728534698486328e-05,6.5471472225908656e-06,benign,25,24,0,0,0,0,0,0,,-0.2,,
D6,20,21000,0.9546207350106668,0.9561544410063598,7.060540004017247,0.007193752859877724,1.4964128136634827,0.006071117712417618,1.0,"IDS P(attack)=0.00 (benign), attribution=1.00; 1 successful MAKA",0.9964128136634827,-0.006071117712417618,20,21000,0.003587186336517334,0.0019414174603298306,benign,8,6,0,1,0,0,0,0,0.5,,,
D7,20,21000,0.952155286690517,0.954656174609767,7.055522881346107,0.025110204555476964,1.499865174293518,9.865551382972627e-05,1.0,"IDS P(attack)=0.00 (benign), attribution=1.00; 1 successful MAKA",0.9998651742935181,-9.865551382972627e-05,20,21000,0.0001348257064819336,2.751987994997762e-05,benign,7,6,0,1,0,0,0,0,0.5,,,
D8,20,21000,0.9435642501672964,0.9476555296277633,7.0278316332631094,0.10913062621403799,1.49985933303833,0.00013751322840107607,1.0,"IDS P(attack)=0.00 (benign), attribution=1.00; 1 successful MAKA",0.9998593330383301,-0.00013751322840107607,20,21000,0.00014066696166992188,4.084673128090799e-05,benign,7,6,0,1,0,0,0,0,0.5,,,
D9,20,21000,0.9546396591168663,0.9566656694866303,7.0638329583464285,0.0011612828324628886,1.4997227787971497,0.00022560168290510776,1.0,"IDS P(attack)=0.00 (benign), attribution=1.00; 1 successful MAKA",0.9997227787971497,-0.00022560168290510776,20,21000,0.0002772212028503418,6.456789560616016e-05,benign,7,6,0,1,0,0,0,0,0.5,,,
D1,21,22000,0.9387613492310541,0.9411368229587721,6.900216625865456,0.1817514365434206,0.9998998641967773,5.959662594250403e-05,1.0,"IDS P(attack)=0.00 (benign), attribution=1.00",0.9998998641967773,-5.959662594250403e-05,21,22000,0.00010013580322265625,1.5640791389159858e-05,benign,1,0,0,0,0,0,0,0,,,,
D10,21,22000,0.9566239367158852,0.9563904125525512,7.003546138385767,0.0017408176157410675,0.9997242093086243,0.00034465559983800633,1.0,"IDS P(attack)=0.00 (benign), attribution=1.00",0.9997242093086243,-0.00034465559983800633,21,22000,0.0002757906913757324,0.00010641648987075314,benign,7,6,0,0,0,0,0,0,,,,
D2,21,22000,0.9565957945517736,0.9563827296468516,7.003493009859982,0.001830819986953967,0.9998797178268433,0.00015492865677515513,1.0,"IDS P(attack)=0.00 (benign), attribution=1.00",0.9998797178268433,-0.00015492865677515513,21,22000,0.00012028217315673828,4.80302915093489e-05,benign,6,5,0,0,0,0,0,0,,,,
D3,21,22000,0.4032994418732186,0.424347398260123,7.215290154223299,14.714211240641804,0.9004682302474976,0.7656737092882395,1.9,"IDS P(attack)=0.10 (benign), attribution=1.00; transmission-rate anomaly; repeat-offender x1.90",0.9004682302474976,-0.5656737092882395,21,22000,0.09953176975250244,0.09923314303159714,benign,19,18,0,0,0,0,0,0,,-0.2,,
D4,21,22000,0.9540355950730488,0.9541972970983191,6.990694893787044,0.027567552783875758,0.9998847246170044,0.00012845780984207524,1.0,"IDS P(attack)=0.00 (benign), attribution=1.00",0.9998847246170044,-0.00012845780984207524,21,22000,0.00011527538299560547,3.900579031324014e-05,benign,7,6,0,0,0,0,0,0,,,,
D5,21,22000,0.8811496550362894,0.8768414817615694,6.625588246033903,0.9924381784084699,0.9999706745147705,0.20005387171950134,1.15,"IDS P(attack)=0.00 (benign), attribution=1.00; transmission-rate anomaly; repeat-offender x1.15",0.9999706745147705,-5.3871719501330504e-05,21,22000,2.9325485229492188e-05,1.4991786883911118e-05,benign,25,24,0,0,0,0,0,0,,-0.2,,
D6,21,22000,0.9561544410063598,0.9558947110997112,7.000890196289568,0.007584605954675726,0.9994311928749084,0.0014699160237796605,1.0,"IDS P(attack)=0.00 (benign), attribution=1.00",0.9994311928749084,-0.0014699160237796605,21,22000,0.0005688071250915527,0.0004858227912336588,benign,5,4,0,0,0,0,0,0,,,,
D7,21,22000,0.954656174609767,0.9547083658064934,6.996928791242427,0.02169740404887642,0.9997343420982361,0.000353730176721001,1.0,"IDS P(attack)=0.00 (benign), attribution=1.00",0.9997343420982361,-0.000353730176721001,21,22000,0.000265657901763916,0.00011013385665137321,benign,7,6,0,0,0,0,0,0,,,,
D8,21,22000,0.9476555296277633,0.9487397331149938,6.973538871076988,0.09289867554879443,0.9998819828033447,0.00013764326686214188,1.0,"IDS P(attack)=0.00 (benign), attribution=1.00",0.9998819828033447,-0.00013764326686214188,21,22000,0.00011801719665527344,4.2084451706614345e-05,benign,7,6,0,0,0,0,0,0,,,,
D9,21,22000,0.9566656694866303,0.9564432585670027,7.004141785537152,0.0011322461123337737,0.999883770942688,0.00014515570474031846,1.0,"IDS P(attack)=0.00 (benign), attribution=1.00",0.999883770942688,-0.00014515570474031846,21,22000,0.00011622905731201172,4.4814507418777794e-05,benign,7,6,0,0,0,0,0,0,,,,
D1,22,23000,0.9411368229587721,0.9431797561021338,6.865083996182415,0.15454831768785002,0.9998998641967773,5.959662594250403e-05,1.0,"IDS P(attack)=0.00 (benign), attribution=1.00",0.9998998641967773,-5.959662594250403e-05,22,23000,0.00010013580322265625,1.5640791389159858e-05,benign,1,0,0,0,0,0,0,0,,,,
D10,22,23000,0.9563904125525512,0.9562134180307745,6.952952467215915,0.0015536719809396409,0.9999382495880127,7.397700755973347e-05,1.0,"IDS P(attack)=0.00 (benign), attribution=1.00",0.9999382495880127,-7.397700755973347e-05,22,23000,6.175041198730469e-05,2.2706823074258864e-05,benign,6,5,0,0,0,0,0,0,,,,
D2,22,23000,0.9563827296468516,0.9561851270439105,6.952716155873203,0.0018817521009782492,0.999747097492218,0.00032555511206737724,1.0,"IDS P(attack)=0.00 (benign), attribution=1.00",0.999747097492218,-0.00032555511206737724,22,23000,0.0002529025077819824,0.00010091920557897538,benign,7,6,0,0,0,0,0,0,,,,
D3,22,23000,0.424347398260123,0.44616449323072127,7.044485283319113,13.209804784330379,0.9114886522293091,0.7027252297848463,1.9,"IDS P(attack)=0.09 (benign), attribution=1.00; transmission-rate anomaly; repeat-offender x1.90",0.9114886522293091,-0.5027252297848464,22,23000,0.08851134777069092,0.08818892389535904,benign,17,16,0,0,0,0,0,0,,-0.2,,
D4,22,23000,0.9541972970983191,0.9543353770330453,6.9419714504294365,0.023569609619262362,0.9998807907104492,0.00013718975296797,1.0,"IDS P(attack)=0.00 (benign), attribution=1.00",0.9998807907104492,-0.00013718975296797,22,23000,0.00011920928955078125,4.186258229310624e-05,benign,6,5,0,0,0,0,0,0,,,,
D5,22,23000,0.8768414817615694,0.8877957317495119,6.63168563611246,0.8436880403991411,0.9999356269836426,0.00011558875194168651,1.15,"IDS P(attack)=0.00 (benign), attribution=1.00; repeat-offender x1.15",0.9999356269836426,-0.00011558875194168651,22,23000,6.437301635742188e-05,3.2100848329719156e-05,benign,5,4,0,0,0,0,0,0,,,,
D6,22,23000,0.9558947110997112,0.9547986077365249,6.946735141463137,0.01823249963324569,0.9959784746170044,0.011785584571771325,1.0,"IDS P(attack)=0.00 (benign), attribution=1.00",0.9959784746170044,-0.011785584571771325,22,23000,0.0040215253829956055,0.003923633601516485,benign,5,4,0,0,0,0,0,0,,,,
D7,22,23000,0.9547083658064934,0.9547572938804804,6.947138000559756,0.01874769701539629,0.9997485280036926,0.0003049035738513339,1.0,"IDS P(attack)=0.00 (benign), attribution=1.00",0.9997485280036926,-0.0003049035738513339,22,23000,0.00025147199630737305,9.374834189657122e-05,benign,7,6,0,0,0,0,0,0,,,,
D8,22,23000,0.9487397331149938,0.9496711909496277,6.92739109610239,0.07910841682428875,0.9998830556869507,0.00014454260781349149,1.0,"IDS P(attack)=0.00 (benign), attribution=1.00",0.9998830556869507,-0.00014454260781349149,22,23000,0.0001169443130493164,4.456174065126106e-05,benign,6,5,0,0,0,0,0,0,,,,
D9,22,23000,0.9564432585670027,0.9562569890603287,6.95344064748258,0.0010540885465278572,0.999920129776001,9.167935104414937e-05,1.0,"IDS P(attack)=0.00 (benign), attribution=1.00",0.999920129776001,-9.167935104414937e-05,22,23000,7.987022399902344e-05,2.796449734887574e-05,benign,6,5,0,0,0,0,0,0,,,,
D1,23,24000,0.9431797561021338,0.9449337133473518,6.83522126095183,0.13142566666061503,0.9998998641967773,5.959662594250403e-05,1.0,"IDS P(attack)=0.00 (benign), attribution=1.00",0.9998998641967773,-5.959662594250403e-05,23,24000,0.00010013580322265625,1.5640791389159858e-05,benign,1,0,0,0,0,0,0,0,,,,
D10,23,24000,0.9562134180307745,0.9560396569199492,6.909739647697339,0.001648539739357121,0.9997300505638123,0.00032791855555842626,1.0,"IDS P(attack)=0.00 (benign), attribution=1.00",0.9997300505638123,-0.00032791855555842626,23,24000,0.00026994943618774414,0.00010085127723868936,benign,7,6,0,0,0,0,0,0,,,,
D2,23,24000,0.9561851270439105,0.9560399108441423,6.909765221101536,0.001646684776619511,0.999956488609314,4.719549078799901e-05,1.0,"IDS P(attack)=0.00 (benign), attribution=1.00",0.999956488609314,-4.719549078799901e-05,23,24000,4.3511390686035156e-05,1.4269748135120608e-05,benign,6,5,0,0,0,0,0,0,,,,
D3,23,24000,0.44616449323072127,0.46301953761242565,6.868786187529925,12.104923461041603,0.8809736967086792,0.8765893943607808,1.9,"IDS P(attack)=0.12 (benign), attribution=1.00; transmission-rate anomaly; repeat-offender x1.90",0.8809736967086792,-0.6765893943607807,23,24000,0.1190263032913208,0.11869107186794281,benign,23,22,0,0,0,0,0,0,,-0.2,,
D4,23,24000,0.9543353770330453,0.9544438970367006,6.9004961440703125,0.020286342897763484,0.9998204112052917,0.00025217472139047457,1.0,"IDS P(attack)=0.00 (benign), attribution=1.00",0.9998204112052917,-0.00025217472139047457,23,24000,0.00017958879470825195,7.903031655587256e-05,benign,6,5,0,0,0,0,0,0,,,,
D5,23,24000,0.8877957317495119,0.8973080194912588,6.636804998337192,0.7173239822194253,0.9998722076416016,0.0001891478801553603,1.15,"IDS P(attack)=0.00 (benign), attribution=1.00; repeat-offender x1.15",0.9998722076416016,-0.0001891478801553603,23,24000,0.0001277923583984375,5.150879587745294e-05,benign,6,5,0,0,0,0,0,0,,,,
D6,23,24000,0.9547986077365249,0.9548450290153743,6.904596958675978,0.015682382277053875,0.999872088432312,0.00018475758879503703,1.0,"IDS P(attack)=0.00 (benign), attribution=1.00",0.999872088432312,-0.00018475758879503703,23,24000,0.00012791156768798828,5.809503636555746e-05,benign,5,4,0,0,0,0,0,0,,,,
D7,23,24000,0.9547572938804804,0.9548095099984744,6.904921865142541,0.0161225955059146,0.999854564666748,0.00018705304282775617,1.0,"IDS P(attack)=0.00 (benign), attribution=1.00",0.999854564666748,-0.00018705304282775617,23,24000,0.00014543533325195312,5.797815538244322e-05,benign,6,5,0,0,0,0,0,0,,,,
D8,23,24000,0.9496711909496277,0.950472060008279,6.888180269325886,0.06736979621843386,0.999897837638855,0.0001276419177884236,1.0,"IDS P(attack)=0.00 (benign), attribution=1.00",0.999897837638855,-0.0001276419177884236,23,24000,0.00010216236114501953,3.940967144444585e-05,benign,6,5,0,0,0,0,0,0,,,,
D9,23,24000,0.9562569890603287,0.9561011355452737,6.910378893202295,0.0009441223069379247,0.999954342842102,4.814704238924605e-05,1.0,"IDS P(attack)=0.00 (benign), attribution=1.00",0.999954342842102,-4.814704238924605e-05,23,24000,4.565715789794922e-05,1.4490690773527604e-05,benign,6,5,0,0,0,0,0,0,,,,
D1,24,25000,0.9449337133473518,0.9484378629846151,7.30870693787122,0.11480157989728922,1.4987688660621643,0.0030897632357664404,1.0,"IDS P(attack)=0.00 (benign), attribution=1.00; 1 successful MAKA",0.9987688660621643,-0.0030897632357664404,24,25000,0.0012311339378356934,0.0010193309281021357,benign,5,3,0,1,0,0,0,0,0.5,,,
D10,24,25000,0.9560396569199492,0.9558886651668403,6.873034977150252,0.001757269447291833,0.9997562766075134,0.00035601066883828025,1.0,"IDS P(attack)=0.00 (benign), attribution=1.00",0.9997562766075134,-0.00035601066883828025,24,25000,0.00024372339248657227,0.00011208847718080506,benign,7,6,0,0,0,0,0,0,,,,
D2,24,25000,0.9560399108441423,0.9558918623041052,6.873066728124141,0.001720689686315969,0.9997662901878357,0.00032100762618938463,1.0,"IDS P(attack)=0.00 (benign), attribution=1.00",0.9997662901878357,-0.00032100762618938463,24,25000,0.00023370981216430664,0.0001003337383735925,benign,7,6,0,0,0,0,0,0,,,,
D3,24,25000,0.46301953761242565,0.36002096320574395,5.838485723561355,16.98904997312773,1.7464160919189453e-05,6.69986503124237,1.9,"IDS P(attack)=1.00 (flooding), attribution=1.00; transmission-rate anomaly; repeat-offender x1.90",1.7464160919189453e-05,-5.699885237216949,24,25000,0.9999825358390808,0.9999797940254211,flooding,25,24,0,0,0,0,0,0,,-0.9999797940254211,,
D4,24,25000,0.9544438970367006,0.954549516387649,6.865329573678943,0.01734821007518869,0.9999078512191772,0.00010481861208972988,1.0,"IDS P(attack)=0.00 (benign), attribution=1.00",0.9999078512191772,-0.00010481861208972988,24,25000,9.21487808227539e-05,3.1928524549584836e-05,benign,7,6,0,0,0,0,0,0,,,,
D5,24,25000,0.8973080194912588,0.9094074725222779,7.141166231389958,0.6098505768285726,1.4998819828033447,0.00012519194206106476,1.15,"IDS P(attack)=0.00 (benign), attribution=1.00; 1 successful MAKA; repeat-offender x1.15",0.9998819828033447,-0.00012519194206106476,24,25000,0.00011801719665527344,3.257253410993144e-05,benign,7,6,0,1,0,0,0,0,0.5,,,
D6,24,25000,0.9548450290153743,0.9548837545084573,6.868759237727669,0.01352597386077982,0.9998518228530884,0.0001959489252840285,1.0,"IDS P(attack)=0.00 (benign), attribution=1.00",0.9998518228530884,-0.0001959489252840285,24,25000,0.0001481771469116211,6.095521166571416e-05,benign,5,4,0,0,0,0,0,0,,,,
D7,24,25000,0.9548095099984744,0.9548257815332122,6.868824884618901,0.014220163836198348,0.9996412992477417,0.0005159576561709401,1.0,"IDS P(attack)=0.00 (benign), attribution=1.00",0.9996412992477417,-0.0005159576561709401,24,25000,0.0003587007522583008,0.00016215878713410348,benign,7,6,0,0,0,0,0,0,,,,
D8,24,25000,0.950472060008279,0.9511427805584336,6.854719399905549,0.05757286764711124,0.9997661709785461,0.00030854086144245225,1.0,"IDS P(attack)=0.00 (benign), attribution=1.00",0.9997661709785461,-0.00030854086144245225,24,25000,0.00023382902145385742,9.5953160780482e-05,benign,7,6,0,0,0,0,0,0,,,,
D9,24,25000,0.9561011355452737,0.9559615975698661,6.873722757883755,0.0009211457266636055,0.9999006986618042,0.00011864176576636964,1.0,"IDS P(attack)=0.00 (benign), attribution=1.00",0.9999006986618042,-0.00011864176576636964,24,25000,9.930133819580078e-05,3.640230352175422e-05,benign,7,6,0,0,0,0,0,0,,,,
D1,25,26000,0.9484378629846151,0.9493577784425237,7.212192340538468,0.09809941156864282,0.9997914433479309,0.0005180686559469905,1.0,"IDS P(attack)=0.00 (benign), attribution=1.00",0.9997914433479309,-0.0005180686559469905,25,26000,0.0002085566520690918,0.0001708018098725006,benign,2,1,0,0,0,0,0,0,,,,
D10,25,26000,0.9558886651668403,0.9557774407191078,6.84195062691713,0.001642729670009379,0.9998708963394165,0.00014905063981132118,1.0,"IDS P(attack)=0.00 (benign), attribution=1.00",0.9998708963394165,-0.00014905063981132118,25,26000,0.0001291036605834961,4.5503540604840964e-05,benign,7,6,0,0,0,0,0,0,,,,
D2,25,26000,0.9558918623041052,0.9557829119520372,6.842013139613222,0.001580687012223142,0.9999064207077026,0.0001181007788545685,1.0,"IDS P(attack)=0.00 (benign), attribution=1.00",0.9999064207077026,-0.0001181007788545685,25,26000,9.357929229736328e-05,3.651364386314526e-05,benign,7,6,0,0,0,0,0,0,,,,
D3,25,26000,0.36002096320574395,0.3822292479396177,9.463052194269858,21.259402044492823,4.500339329242706,6.818709567334252,2.05,"IDS P(attack)=1.00 (flooding), attribution=0.96; 1 successful MAKA; 1 integrity/replay/unauthenticated verdict(s); transmission-rate anomaly; passed forced re-authentication; repeat-offender x2.05",0.00033932924270629883,-5.84173218442334,25,26000,0.9996606707572937,0.9851163029670715,flooding,29,26,1,1,0,1,0,1,0.5,-0.948630513968291,-0.028346868942621076,4.0
D4,25,26000,0.954549516387649,0.9542101634551803,6.832666492073512,0.019828908780941776,0.9971363544464111,0.005082930217031389,1.0,"IDS P(attack)=0.00 (benign), attribution=1.00",0.9971363544464111,-0.005082930217031389,25,26000,0.002863645553588867,0.0016327660996466875,benign,8,6,0,0,0,0,0,0,,,,
D5,25,26000,0.9094074725222779,0.9157505477227574,7.069931930455268,0.518438595757815,0.9999406337738037,6.560545352840562e-05,1.15,"IDS P(attack)=0.00 (benign), attribution=1.00; repeat-offender x1.15",0.9999406337738037,-6.560545352840562e-05,25,26000,5.936622619628906e-05,1.7181975636049174e-05,benign,6,5,0,0,0,0,0,0,,,,
D6,25,26000,0.9548837545084573,0.9549230698872568,6.83834950779972,0.011621866417211458,0.9999041557312012,0.00012478863554861165,1.0,"IDS P(attack)=0.00 (benign), attribution=1.00",0.9999041557312012,-0.00012478863554861165,25,26000,9.584426879882812e-05,3.874105095746927e-05,benign,5,4,0,0,0,0,0,0,,,,
D7,25,26000,0.9548257815332122,0.9540039452773742,6.834705945379282,0.022381201916653368,0.9962047934532166,0.010294062655884773,1.0,"IDS P(attack)=0.00 (benign), attribution=1.00",0.9962047934532166,-0.010294062655884773,25,26000,0.0037952065467834473,0.003412204096093774,benign,9,8,0,0,0,0,0,0,,,,
D8,25,26000,0.9511427805584336,0.9517315820020005,6.82640694337278,0.049076594327058375,0.999895453453064,0.0001396568270138232,1.0,"IDS P(attack)=0.00 (benign), attribution=1.00",0.999895453453064,-0.0001396568270138232,25,26000,0.00010454654693603516,4.3499945604708046e-05,benign,6,5,0,0,0,0,0,0,,,,
D9,25,26000,0.9559615975698661,0.955661643712676,6.841732902417286,0.003007125337663989,0.999068558216095,0.002224151469999924,1.0,"IDS P(attack)=0.00 (benign), attribution=1.00",0.999068558216095,-0.002224151469999924,25,26000,0.0009314417839050293,0.0007313807727769017,benign,6,5,0,0,0,0,0,0,,,,
D1,26,27000,0.9493577784425237,0.9501913378881917,7.130263353654475,0.0834440964592889,0.9998998641967773,5.959662594250403e-05,1.0,"IDS P(attack)=0.00 (benign), attribution=1.00",0.9998998641967773,-5.959662594250403e-05,26,27000,0.00010013580322265625,1.5640791389159858e-05,benign,1,0,0,0,0,0,0,0,,,,
D10,26,27000,0.9557774407191078,0.9556702390785684,6.815454125389784,0.0016861214570305966,0.9997960925102234,0.0002898012375226244,1.0,"IDS P(attack)=0.00 (benign), attribution=1.00",0.9997960925102234,-0.0002898012375226244,26,27000,0.00020390748977661133,9.095267159864306e-05,benign,7,6,0,0,0,0,0,0,,,,
D2,26,27000,0.9557829119520372,0.9556863351139706,6.81559124412595,0.001501871824204292,0.9998800754547119,0.00015828786381462124,1.0,"IDS P(attack)=0.00 (benign), attribution=1.00",0.9998800754547119,-0.00015828786381462124,26,27000,0.00011992454528808594,4.9227783165406436e-05,benign,6,5,0,0,0,0,0,0,,,,
D3,26,27000,0.3822292479396177,0.37668046920640696,8.717012529382615,20.54373051146287,0.6734181642532349,2.4732387736439705,2.2,"IDS P(attack)=0.33 (benign), attribution=1.00; transmission-rate anomaly; repeat-offender x2.20",0.6734181642532349,-2.14783588796854,26,27000,0.32658183574676514,0.3254028856754303,benign,31,30,0,0,0,0,0,0,,-0.3254028856754303,,
D4,26,27000,0.9542101634551803,0.9543554876653704,6.807717761663059,0.016906973404858805,0.9999512434005737,5.240094105829485e-05,1.0,"IDS P(attack)=0.00 (benign), attribution=1.00",0.9999512434005737,-5.240094105829485e-05,26,27000,4.875659942626953e-05,1.5820158296264708e-05,benign,5,4,0,0,0,0,0,0,,,,
D5,26,27000,0.9157505477227574,0.9212710137614507,7.009336402247146,0.44082401504114566,0.9998942613601685,0.00015120864700293168,1.15,"IDS P(attack)=0.00 (benign), attribution=1.00; repeat-offender x1.15",0.9998942613601685,-0.00015120864700293168,26,27000,0.00010573863983154297,4.101450031157583e-05,benign,5,4,0,0,0,0,0,0,,,,
D6,26,27000,0.9549230698872568,0.9549610909995722,6.812537119357118,0.009952583379850593,0.999940037727356,7.399692522085387e-05,1.0,"IDS P(attack)=0.00 (benign), attribution=1.00",0.999940037727356,-7.399692522085387e-05,26,27000,5.996227264404297e-05,2.2807924324297346e-05,benign,6,5,0,0,0,0,0,0,,,,
D7,26,27000,0.9540039452773742,0.9541752435147601,6.809412911581728,0.01912761076993633,0.9999128580093384,0.0001035891407809686,1.0,"IDS P(attack)=0.00 (benign), attribution=1.00",0.9999128580093384,-0.0001035891407809686,26,27000,8.71419906616211e-05,3.176064637955278e-05,benign,6,5,0,0,0,0,0,0,,,,
D8,26,27000,0.9517315820020005,0.9522419056262048,6.802392138477276,0.04177584515446998,0.9999462366104126,6.0739976470358675e-05,1.0,"IDS P(attack)=0.00 (benign), attribution=1.00",0.9999462366104126,-6.0739976470358675e-05,26,27000,5.3763389587402344e-05,1.8482620362192392e-05,benign,6,5,0,0,0,0,0,0,,,,
D9,26,27000,0.955661643712676,0.9555768699522181,6.815306193258611,0.0027850386894899,0.9998332262039185,0.0002289821524755098,1.0,"IDS P(attack)=0.00 (benign), attribution=1.00",0.9998332262039185,-0.0002289821524755098,26,27000,0.00016677379608154297,7.15670466888696e-05,benign,6,5,0,0,0,0,0,0,,,,
D1,27,28000,0.9501913378881917,0.9508227569317186,7.060288319466929,0.07204613912155104,0.9995644688606262,0.001118657131155487,1.0,"IDS P(attack)=0.00 (benign), attribution=1.00",0.9995644688606262,-0.001118657131155487,27,28000,0.0004355311393737793,0.00036958858254365623,benign,2,1,0,0,0,0,0,0,,,,
D10,27,28000,0.9556702390785684,0.9555722913159554,6.792852109658251,0.0017953050287092894,0.9997161030769348,0.00036210179023328233,1.0,"IDS P(attack)=0.00 (benign), attribution=1.00",0.9997161030769348,-0.00036210179023328233,27,28000,0.00028389692306518555,0.00011211131641175598,benign,7,6,0,0,0,0,0,0,,,,
D2,27,28000,0.9556863351139706,0.955591610520719,6.793016105881233,0.0015745822893409292,0.999763548374176,0.0002979912387672812,1.0,"IDS P(attack)=0.00 (benign), attribution=1.00",0.999763548374176,-0.0002979912387672812,27,28000,0.0002364516258239746,9.211350698024035e-05,benign,7,6,0,0,0,0,0,0,,,,
D3,27,28000,0.37668046920640696,0.39092652079697865,8.27296702671854,18.621595311231168,0.8635063767433167,1.1594243764877317,2.3499999999999996,"IDS P(attack)=0.14 (benign), attribution=1.00; transmission-rate anomaly; repeat-offender x2.35",0.8635063767433167,-0.9594243764877317,27,28000,0.13649362325668335,0.13607975840568542,benign,25,24,0,0,0,0,0,0,,-0.2,,
D4,27,28000,0.9543554876653704,0.954456701543474,6.786335089879573,0.014685765688564579,0.9997749924659729,0.000314838294434594,1.0,"IDS P(attack)=0.00 (benign), attribution=1.00",0.9997749924659729,-0.000314838294434594,27,28000,0.0002250075340270996,9.86270752036944e-05,benign,7,6,0,0,0,0,0,0,,,,
D5,27,28000,0.9212710137614507,0.9260717701249531,6.957880151962565,0.37476663143310873,0.9999442100524902,6.621864813496358e-05,1.15,"IDS P(attack)=0.00 (benign), attribution=1.00; repeat-offender x1.15",0.9999442100524902,-6.621864813496358e-05,27,28000,5.5789947509765625e-05,1.753035030560568e-05,benign,6,5,0,0,0,0,0,0,,,,
D6,27,28000,0.9549610909995722,0.9549894011809735,6.790553673836667,0.008580809219049575,0.9998971223831177,0.0001211133461765712,1.0,"IDS P(attack)=0.00 (benign), attribution=1.00",0.9998971223831177,-0.0001211133461765712,27,28000,0.00010287761688232422,3.7081299524288625e-05,benign,5,4,0,0,0,0,0,0,,,,
D7,27,28000,0.9541752435147601,0.95428318730679,6.787741158197893,0.016807954360002146,0.9997401833534241,0.000549485205556266,1.0,"IDS P(attack)=0.00 (benign), attribution=1.00",0.9997401833534241,-0.000549485205556266,27,28000,0.00025981664657592773,0.00017912726616486907,benign,17,16,0,0,0,0,0,0,,,,
D8,27,28000,0.9522419056262048,0.9526562577995059,6.781786614080959,0.035817743009268266,0.9997532963752747,0.00030827462796878535,1.0,"IDS P(attack)=0.00 (benign), attribution=1.00",0.9997532963752747,-0.00030827462796878535,27,28000,0.0002467036247253418,9.518213482806459e-05,benign,7,6,0,0,0,0,0,0,,,,
D9,27,28000,0.9555768699522181,0.9554942304550341,6.7927641566915415,0.0027139453077917562,0.9997538924217224,0.00034666242172534114,1.0,"IDS P(attack)=0.00 (benign), attribution=1.00",0.9997538924217224,-0.00034666242172534114,27,28000,0.0002461075782775879,0.00010868290701182559,benign,7,6,0,0,0,0,0,0,,,,
D1,28,29000,0.9508227569317186,0.9514550014698215,7.0011449357436675,0.061298814879260886,0.9998998641967773,5.959662594250403e-05,1.0,"IDS P(attack)=0.00 (benign), attribution=1.00",0.9998998641967773,-5.959662594250403e-05,28,29000,0.00010013580322265625,1.5640791389159858e-05,benign,1,0,0,0,0,0,0,0,,,,
D10,28,29000,0.9555722913159554,0.9554902119329468,6.773639442612132,0.0018705605904870033,0.9997151494026184,0.00034455131608410736,1.0,"IDS P(attack)=0.00 (benign), attribution=1.00",0.9997151494026184,-0.00034455131608410736,28,29000,0.0002848505973815918,0.00010590306192170829,benign,7,6,0,0,0,0,0,0,,,,
D2,28,29000,0.955591610520719,0.9555274755407718,6.773977620891992,0.0014465784954313036,0.9999139308929443,0.000108183549491514,1.0,"IDS P(attack)=0.00 (benign), attribution=1.00",0.9999139308929443,-0.000108183549491514,28,29000,8.606910705566406e-05,3.342918716953136e-05,benign,6,5,0,0,0,0,0,0,,,,
D3,28,29000,0.39092652079697865,0.30769742070207473,7.032640907342106,24.3228462207881,0.0006189346313476562,8.494490206241608,2.5,"IDS P(attack)=1.00 (flooding), attribution=1.00; transmission-rate anomaly; repeat-offender x2.50",0.0006189346313476562,-7.495138943195343,28,29000,0.9993810653686523,0.9993512630462646,flooding,19,17,0,0,0,0,0,0,,-0.9993512630462646,,
D4,28,29000,0.954456701543474,0.9545648369929224,6.7683224799392026,0.012548198119352478,0.9999376535415649,6.529728407258517e-05,1.0,"IDS P(attack)=0.00 (benign), attribution=1.00",0.9999376535415649,-6.529728407258517e-05,28,29000,6.23464584350586e-05,1.9629935195553117e-05,benign,6,5,0,0,0,0,0,0,,,,
D5,28,29000,0.9260717701249531,0.9226866973804352,6.907483427515653,0.4139544001702513,0.9932852983474731,0.09540276345210894,1.15,"IDS P(attack)=0.01 (benign), attribution=1.00; transmission-rate anomaly; repeat-offender x1.15",0.9932852983474731,-0.022788875503465533,28,29000,0.0067147016525268555,0.006600506138056517,benign,14,13,0,0,0,0,0,0,,-0.0726138879486434,,
D6,28,29000,0.9549894011809735,0.954996037884629,6.771786504013456,0.007617887939397069,0.9998158812522888,0.00032420010320493024,1.0,"IDS P(attack)=0.00 (benign), attribution=1.00",0.9998158812522888,-0.00032420010320493024,28,29000,0.00018411874771118164,0.00010406396177131683,benign,5,4,0,0,0,0,0,0,,,,
D7,28,29000,0.95428318730679,0.953685114386924,6.7666227000176775,0.02287163893821168,0.997042715549469,0.00858487773220986,1.0,"IDS P(attack)=0.00 (benign), attribution=1.00",0.997042715549469,-0.00858487773220986,28,29000,0.002957284450531006,0.0028565912507474422,benign,38,37,0,0,0,0,0,0,,,,
D8,28,29000,0.9526562577995059,0.9530307197453245,6.764454964208195,0.030516689050523876,0.9999363422393799,7.160749264585321e-05,1.0,"IDS P(attack)=0.00 (benign), attribution=1.00",0.9999363422393799,-7.160749264585321e-05,28,29000,6.365776062011719e-05,2.1775027562398463e-05,benign,6,5,0,0,0,0,0,0,,,,
D9,28,29000,0.9554942304550341,0.9554480428050651,6.7737824183577935,0.0023748771529475366,0.9999328851699829,6.802364132454385e-05,1.0,"IDS P(attack)=0.00 (benign), attribution=1.00",0.9999328851699829,-6.802364132454385e-05,28,29000,6.711483001708984e-05,2.033558484981768e-05,benign,6,5,0,0,0,0,0,0,,,,
D1,29,30000,0.9514550014698215,0.9519046697286303,6.950514597245215,0.05327873992477221,0.9995414018630981,0.0011747472774004562,1.0,"IDS P(attack)=0.00 (benign), attribution=1.00",0.9995414018630981,-0.0011747472774004562,29,30000,0.00045859813690185547,0.0003880552831105888,benign,2,1,0,0,0,0,0,0,,,,
D10,29,30000,0.9554902119329468,0.9554237275129328,6.757345272874822,0.0018949606468095233,0.9997517466545105,0.0003049841448955704,1.0,"IDS P(attack)=0.00 (benign), attribution=1.00",0.9997517466545105,-0.0003049841448955704,29,30000,0.00024825334548950195,9.394601511303335e-05,benign,7,6,0,0,0,0,0,0,,,,
D2,29,30000,0.9555274755407718,0.9554670165218494,6.757752112516189,0.0014038044271590616,0.9998711347579956,0.00017421270604245365,1.0,"IDS P(attack)=0.00 (benign), attribution=1.00",0.9998711347579956,-0.00017421270604245365,29,30000,0.00012886524200439453,5.434488411992788e-05,benign,7,6,0,0,0,0,0,0,,,,
D3,29,30000,0.30769742070207473,0.3285892094807067,6.871727300880988,21.714347917664277,0.8939825296401978,1.0399286299943924,2.65,"IDS P(attack)=0.11 (benign), attribution=1.00; transmission-rate anomaly; repeat-offender x2.65",0.8939825296401978,-0.8399286299943923,29,30000,0.10601747035980225,0.1056443601846695,benign,20,19,0,0,0,0,0,0,,-0.2,,
D4,29,30000,0.9545648369929224,0.9545865258817914,6.752262829128284,0.011527867263507902,0.9991887211799622,0.0008618988620582969,1.0,"IDS P(attack)=0.00 (benign), attribution=1.00",0.9991887211799622,-0.0008618988620582969,29,30000,0.0008112788200378418,0.0002597217680886388,benign,6,6,0,0,0,0,0,0,,,,
D5,29,30000,0.9226866973804352,0.9117733852586549,6.87130107032495,0.5519478927284546,0.9999401569366455,0.20008665258374095,1.15,"IDS P(attack)=0.00 (benign), attribution=1.00; transmission-rate anomaly; repeat-offender x1.15",0.9999401569366455,-8.665258374094264e-05,29,30000,5.984306335449219e-05,2.353821946599055e-05,benign,40,39,0,0,0,0,0,0,,-0.2,,
D6,29,30000,0.954996037884629,0.9550172573402494,6.755902418563415,0.006619107507133217,0.9998838901519775,0.00014390275864570865,1.0,"IDS P(attack)=0.00 (benign), attribution=1.00",0.9998838901519775,-0.00014390275864570865,29,30000,0.00011610984802246094,4.438115138327703e-05,benign,5,4,0,0,0,0,0,0,,,,
D7,29,30000,0.953685114386924,0.9461415221466954,6.72051090207069,0.11025796403612673,0.9688816070556641,0.0908170709386468,1.0,"IDS P(attack)=0.03 (benign), attribution=1.00",0.9688816070556641,-0.0908170709386468,29,30000,0.031118392944335938,0.03022782877087593,benign,9,8,0,0,0,0,0,0,,,,
D8,29,30000,0.9530307197453245,0.9533428536077786,6.749670967356812,0.026095066527372375,0.9998842477798462,0.00015588083442708012,1.0,"IDS P(attack)=0.00 (benign), attribution=1.00",0.9998842477798462,-0.00015588083442708012,29,30000,0.0001157522201538086,4.8602807510178536e-05,benign,6,5,0,0,0,0,0,0,,,,
D9,29,30000,0.9554480428050651,0.9554029517347565,6.757599541802549,0.0021516681655835523,0.9998844861984253,0.0001330225855781464,1.0,"IDS P(attack)=0.00 (benign), attribution=1.00",0.9998844861984253,-0.0001330225855781464,29,30000,0.00011551380157470703,4.0594917663838714e-05,benign,7,6,0,0,0,0,0,0,,,,
D1,30,31000,0.9519046697286303,0.9459632005839994,6.907881856129502,0.12309720245905342,0.9999444484710693,0.07781027352299705,1.0,"IDS P(attack)=0.00 (benign), attribution=1.00; transmission-rate anomaly",0.9999444484710693,-0.0001461923267925158,30,31000,5.555152893066406e-05,4.83717885799706e-05,benign,15,7,0,0,0,0,0,0,,-0.07766408119620453,,
D10,30,31000,0.9554237275129328,0.9572388946533089,7.243056240389339,0.002241932499185396,1.4993127584457397,0.0006312159493973013,1.0,"IDS P(attack)=0.00 (benign), attribution=1.00; 1 successful MAKA",0.9993127584457397,-0.0006312159493973013,30,31000,0.0006872415542602539,0.00018530867237132043,benign,8,7,0,1,0,0,0,0,0.5,,,
D2,30,31000,0.9554670165218494,0.9573120614045711,7.243843545688351,0.0013793539284662009,1.499754250049591,0.00018612016538099851,1.0,"IDS P(attack)=0.00 (benign), attribution=1.00; 1 successful MAKA",0.9997542500495911,-0.00018612016538099851,30,31000,0.00024574995040893555,5.23711132700555e-05,benign,7,6,0,1,0,0,0,0,0.5,,,
D3,30,31000,0.3285892094807067,0.30672187380899624,6.365141584693236,22.92814956854184,0.524173378944397,4.470953838527203,2.8,"IDS P(attack)=0.48 (benign), attribution=1.00; transmission-rate anomaly; repeat-offender x2.80",0.524173378944397,-3.9953235849738125,30,31000,0.475826621055603,0.4756302535533905,benign,16,15,0,0,0,0,0,0,,-0.4756302535533905,,
D4,30,31000,0.9545865258817914,0.9566015257583437,7.23928845984327,0.009896709951801723,1.4998650550842285,9.802277782000601e-05,1.0,"IDS P(attack)=0.00 (benign), attribution=1.00; 1 successful MAKA",0.9998650550842285,-9.802277782000601e-05,30,31000,0.00013494491577148438,2.729159314185381e-05,benign,7,6,0,1,0,0,0,0,0.5,,,
D5,30,31000,0.9117733852586549,0.9026191995268081,6.840455825280663,0.6695433315771758,0.9998499155044556,0.20038762275798946,1.15,"IDS P(attack)=0.00 (benign), attribution=1.00; transmission-rate anomaly; repeat-offender x1.15",0.9998499155044556,-0.00038762275798944753,30,31000,0.0001500844955444336,0.00011063941929023713,benign,24,23,0,0,0,0,0,0,,-0.2,,
D6,30,31000,0.9550172573402494,0.9569371170261026,7.242265464573306,0.005910318921408841,1.499748408794403,0.00028407754034560635,1.0,"IDS P(attack)=0.00 (benign), attribution=1.00; 1 successful MAKA",0.9997484087944031,-0.00028407754034560635,30,31000,0.00025159120559692383,8.643468754598871e-05,benign,7,6,0,1,0,0,0,0,0.5,,,
D7,30,31000,0.9461415221466954,0.9496908201158821,7.212126229955887,0.09395422535247686,1.4996919631958008,0.00023495592176914215,1.0,"IDS P(attack)=0.00 (benign), attribution=1.00; 1 successful MAKA",0.9996919631958008,-0.00023495592176914215,30,31000,0.00030803680419921875,6.622821092605591e-05,benign,8,7,0,1,0,0,0,0,0.5,,,
D8,30,31000,0.9533428536077786,0.9555716169647767,7.2369682542105345,0.02245202859673471,1.4997479319572449,0.0002712220484681893,1.0,"IDS P(attack)=0.00 (benign), attribution=1.00; 1 successful MAKA",0.9997479319572449,-0.0002712220484681893,30,31000,0.00025206804275512695,8.189889194909483e-05,benign,7,6,0,1,0,0,0,0,0.5,,,
D9,30,31000,0.9554029517347565,0.9572656676162823,7.2438072610601205,0.0019469652025676494,1.499847650527954,0.00011804726182162995,1.0,"IDS P(attack)=0.00 (benign), attribution=1.00; 1 successful MAKA",0.9998476505279541,-0.00011804726182162995,30,31000,0.00015234947204589844,3.3401698601664975e-05,benign,6,5,0,1,0,0,0,0,0.5,,,
D1,31,32000,0.9459632005839994,0.9473016208104237,6.87132716788952,0.10477181586289754,0.9996275901794434,0.00013919377270212865,1.0,"IDS P(attack)=0.00 (benign), attribution=1.00",0.9996275901794434,-0.00013919377270212865,31,32000,0.0003724098205566406,2.9239403374958783e-05,benign,3,1,0,0,0,0,0,0,,,,
D10,31,32000,0.9572388946533089,0.9569210698734132,7.156323324941747,0.002238364391279686,0.9997255206108093,0.00033272176697209945,1.0,"IDS P(attack)=0.00 (benign), attribution=1.00",0.9997255206108093,-0.00033272176697209945,31,32000,0.00027447938919067383,0.00010229819599771872,benign,7,6,0,0,0,0,0,0,,,,
D2,31,32000,0.9573120614045711,0.9569890146051236,7.157064536856796,0.0014439377263370523,0.999797523021698,0.00027148688714078166,1.0,"IDS P(attack)=0.00 (benign), attribution=1.00",0.999797523021698,-0.00027148688714078166,31,32000,0.00020247697830200195,8.46018738229759e-05,benign,7,6,0,0,0,0,0,0,,,,
D3,31,32000,0.30672187380899624,0.24977836565159486,5.911449667896844,29.26952767391946,0.5010793209075928,9.780600540658895,2.95,"IDS P(attack)=1.00 (flooding), attribution=1.00; 1 successful MAKA; transmission-rate anomaly; repeat-offender x2.95",0.0010793209075927734,-8.839507859945297,31,32000,0.9989206790924072,0.9988126158714294,flooding,13,12,0,1,0,0,0,0,0.5,-0.941092680713599,,
D4,31,32000,0.9566015257583437,0.9563984826622649,7.153338924082112,0.008472680883298911,0.999943733215332,6.047742426744662e-05,1.0,"IDS P(attack)=0.00 (benign), attribution=1.00",0.999943733215332,-6.047742426744662e-05,31,32000,5.626678466796875e-05,1.825873914640397e-05,benign,7,6,0,0,0,0,0,0,,,,
D5,31,32000,0.9026191995268081,0.8956674582105305,6.814014922458717,0.7596791961868619,0.9996274709701538,0.19056736434626245,1.15,"IDS P(attack)=0.00 (benign), attribution=1.00; transmission-rate anomaly; repeat-offender x1.15",0.9996274709701538,-0.0010461010679136962,31,32000,0.0003725290298461914,0.00030006718588992953,benign,18,17,0,0,0,0,0,0,,-0.18952126327834876,,
D6,31,32000,0.9569371170261026,0.9405289517052419,7.155780567181926,0.2053966426804077,0.9998549222946167,0.20037287159721018,1.0,"IDS P(attack)=0.00 (benign), attribution=1.00; transmission-rate anomaly",0.9998549222946167,-0.0003728715972101781,31,32000,0.00014507770538330078,0.00012319647066760808,benign,20,19,0,0,0,0,0,0,,-0.2,,
D7,31,32000,0.9496908201158821,0.9504770352515849,7.1302486444920445,0.07992238720041743,0.999941349029541,6.129565081209877e-05,1.0,"IDS P(attack)=0.00 (benign), attribution=1.00",0.999941349029541,-6.129565081209877e-05,31,32000,5.8650970458984375e-05,1.842035271693021e-05,benign,7,6,0,0,0,0,0,0,,,,
D8,31,32000,0.9555716169647767,0.9554396318177664,7.150972106941229,0.02006574369304755,0.9995490908622742,0.0009815193858230486,1.0,"IDS P(attack)=0.00 (benign), attribution=1.00",0.9995490908622742,-0.0009815193858230486,31,32000,0.0004509091377258301,0.0003206607070751488,benign,17,16,0,0,0,0,0,0,,,,
D9,31,32000,0.9572656676162823,0.9569561040281795,7.157100511729594,0.0018465024179328137,0.9998643398284912,0.00019158199575031176,1.0,"IDS P(attack)=0.00 (benign), attribution=1.00",0.9998643398284912,-0.00019158199575031176,31,32000,0.00013566017150878906,6.008174386806786e-05,benign,6,5,0,0,0,0,0,0,,,,
D1,32,33000,0.9473016208104237,0.948457216963143,6.84052795690287,0.0891156401094054,0.9998998641967773,5.959662594250403e-05,1.0,"IDS P(attack)=0.00 (benign), attribution=1.00",0.9998998641967773,-5.959662594250403e-05,32,33000,0.00010013580322265625,1.5640791389159858e-05,benign,1,0,0,0,0,0,0,0,,,,
D10,32,33000,0.9569210698734132,0.9566455820663073,7.082624903924941,0.0022557579258318567,0.9997500777244568,0.0003531481932441238,1.0,"IDS P(attack)=0.00 (benign), attribution=1.00",0.9997500777244568,-0.0003531481932441238,32,33000,0.0002499222755432129,0.00011075784277636558,benign,7,6,0,0,0,0,0,0,,,,
D2,32,33000,0.9569890146051236,0.9567044238798746,7.083269477586059,0.001572403502276051,0.999764621257782,0.0003450564348895568,1.0,"IDS P(attack)=0.00 (benign), attribution=1.00",0.999764621257782,-0.0003450564348895568,32,33000,0.00023537874221801758,0.00010868407844100147,benign,7,6,0,0,0,0,0,0,,,,
D3,32,33000,0.24977836565159486,0.2831489575565749,6.024635658187781,24.87947016898905,0.9999034404754639,0.00037164615750953086,3.0,"IDS P(attack)=0.00 (benign), attribution=1.00; repeat-offender x3.00",0.9999034404754639,-0.00037164615750953086,32,33000,9.655952453613281e-05,4.035731399198994e-05,benign,6,5,0,0,0,0,0,0,,,,
D4,32,33000,0.9563984826622649,0.9562152875266245,7.080208147344185,0.007358263567929676,0.9998700618743896,0.0001564848171256017,1.0,"IDS P(attack)=0.00 (benign), attribution=1.00",0.9998700618743896,-0.0001564848171256017,32,33000,0.00012993812561035156,4.806810466106981e-05,benign,6,5,0,0,0,0,0,0,,,,
D5,32,33000,0.8956674582105305,0.9040051351994842,6.791771182663212,0.6459609855084024,0.9998584985733032,0.00023366874956991522,1.15,"IDS P(attack)=0.00 (benign), attribution=1.00; repeat-offender x1.15",0.9998584985733032,-0.00023366874956991522,32,33000,0.00014150142669677734,6.437682895921171e-05,benign,5,4,0,0,0,0,0,0,,,,
D6,32,33000,0.9405289517052419,0.9116247799462518,7.017858909999229,0.5680992082616935,0.9354454278945923,0.39351206198334693,1.0,"IDS P(attack)=0.06 (benign), attribution=1.00; transmission-rate anomaly",0.9354454278945923,-0.19351206198334692,32,33000,0.06455457210540771,0.06450136005878448,benign,23,22,0,0,0,0,0,0,,-0.2,,
D7,32,33000,0.9504770352515849,0.9509962202634539,7.059920215368134,0.06990541349105434,0.9992088675498962,0.0019713843706995245,1.0,"IDS P(attack)=0.00 (benign), attribution=1.00",0.9992088675498962,-0.0019713843706995245,32,33000,0.0007911324501037598,0.000650075264275074,benign,16,15,0,0,0,0,0,0,,,,
D8,32,33000,0.9554396318177664,0.9549811633156858,7.076340860182576,0.02215059249238667,0.9980145692825317,0.0050947103532962505,1.0,"IDS P(attack)=0.00 (benign), attribution=1.00",0.9980145692825317,-0.0050947103532962505,32,33000,0.0019854307174682617,0.0016831213142722845,benign,10,9,0,0,0,0,0,0,,,,
D9,32,33000,0.9569561040281795,0.956695080062955,7.083433391818299,0.001692969539134159,0.9998979568481445,0.0001234424838912673,1.0,"IDS P(attack)=0.00 (benign), attribution=1.00",0.9998979568481445,-0.0001234424838912673,32,33000,0.00010204315185546875,3.794246003963053e-05,benign,7,6,0,0,0,0,0,0,,,,
D1,33,34000,0.948457216963143,0.9493602094313278,6.8140219345062025,0.07683037537084933,0.9995731711387634,0.0010820812778547404,1.0,"IDS P(attack)=0.00 (benign), attribution=1.00",0.9995731711387634,-0.0010820812778547404,33,34000,0.00042682886123657227,0.00035721296444535255,benign,2,1,0,0,0,0,0,0,,,,
D10,33,34000,0.9566455820663073,0.9564330307201202,7.020165245599078,0.0019851733400764703,0.9999340772628784,6.777910311939195e-05,1.0,"IDS P(attack)=0.00 (benign), attribution=1.00",0.9999340772628784,-6.777910311939195e-05,33,34000,6.592273712158203e-05,2.0312523702159524e-05,benign,6,5,0,0,0,0,0,0,,,,
D2,33,34000,0.9567044238798746,0.9564781697262495,7.020668191308868,0.001464294436265837,0.9998891353607178,0.00012775145933119347,1.0,"IDS P(attack)=0.00 (benign), attribution=1.00",0.9998891353607178,-0.00012775145933119347,33,34000,0.00011086463928222656,3.899009243468754e-05,benign,6,5,0,0,0,0,0,0,,,,
D3,33,34000,0.2831489575565749,0.3185815672388508,6.120886665279316,21.147701684000047,0.9999463558197021,0.00015204035935312277,3.0,"IDS P(attack)=0.00 (benign), attribution=1.00; repeat-offender x3.00",0.9999463558197021,-0.00015204035935312277,33,34000,5.364418029785156e-05,1.627047822694294e-05,benign,6,5,0,0,0,0,0,0,,,,
D4,33,34000,0.9562152875266245,0.9560652136759974,7.018112790644778,0.00632365264027823,0.9999358654022217,6.912860753800488e-05,1.0,"IDS P(attack)=0.00 (benign), attribution=1.00",0.9999358654022217,-6.912860753800488e-05,33,34000,6.413459777832031e-05,2.0880146621493623e-05,benign,7,6,0,0,0,0,0,0,,,,
D5,33,34000,0.9040051351994842,0.9112489553945252,6.772900720298215,0.5492261052234542,0.9998952150344849,0.00015926754131214693,1.15,"IDS P(attack)=0.00 (benign), attribution=1.00; repeat-offender x1.15",0.9998952150344849,-0.00015926754131214693,33,34000,0.00010478496551513672,4.349993832875043e-05,benign,6,5,0,0,0,0,0,0,,,,
D6,33,34000,0.9116247799462518,0.9014073313482689,6.95984724593129,0.6987483908916698,0.9946671724319458,0.21586406386923046,1.0,"IDS P(attack)=0.01 (benign), attribution=1.00; transmission-rate anomaly",0.9946671724319458,-0.01586406386923045,33,34000,0.005332827568054199,0.005285663064569235,benign,28,27,0,0,0,0,0,0,,-0.2,,
D7,33,34000,0.9509962202634539,0.93619500580539,6.9386989734529285,0.2455109460847034,0.9377667903900146,0.1860913446173072,1.0,"IDS P(attack)=0.06 (benign), attribution=1.00",0.9377667903900146,-0.1860913446173072,33,34000,0.06223320960998535,0.06201977655291557,benign,39,38,0,0,0,0,0,0,,,,
D8,33,34000,0.9549811633156858,0.9550064908389494,7.014796867118629,0.01894345064864035,0.9999071359634399,0.00011544703011168167,1.0,"IDS P(attack)=0.00 (benign), attribution=1.00",0.9999071359634399,-0.00011544703011168167,33,34000,9.28640365600586e-05,3.562014899216592e-05,benign,6,5,0,0,0,0,0,0,,,,
D9,33,34000,0.956695080062955,0.956475903775678,7.02085579816854,0.001500128064241195,0.9999374151229858,6.110395597715978e-05,1.0,"IDS P(attack)=0.00 (benign), attribution=1.00",0.9999374151229858,-6.110395597715978e-05,33,34000,6.258487701416016e-05,1.8146043657907285e-05,benign,6,5,0,0,0,0,0,0,,,,
D1,34,35000,0.9493602094313278,0.9502005310176351,6.791802653691539,0.0655922344526035,0.9998840093612671,0.00028641538738156665,1.0,"IDS P(attack)=0.00 (benign), attribution=1.00",0.9998840093612671,-0.00028641538738156665,34,35000,0.00011599063873291016,9.439185669180006e-05,benign,4,2,0,0,0,0,0,0,,,,
D10,34,35000,0.9564330307201202,0.9562307925488585,6.966901742156891,0.0019840410799408788,0.9997612833976746,0.0002966437408758793,1.0,"IDS P(attack)=0.00 (benign), attribution=1.00",0.9997612833976746,-0.0002966437408758793,34,35000,0.00023871660232543945,9.15214914130047e-05,benign,7,6,0,0,0,0,0,0,,,,
D2,34,35000,0.9564781697262495,0.9562830207007865,6.9674529256481215,0.0013828564730717446,0.9998849630355835,0.00013820620224578304,1.0,"IDS P(attack)=0.00 (benign), attribution=1.00",0.9998849630355835,-0.00013820620224578304,34,35000,0.0001150369644165039,4.243882722221315e-05,benign,7,6,0,0,0,0,0,0,,,,
D3,34,35000,0.3185815672388508,0.355757814015602,6.202634694616447,17.975961509510785,0.9998810291290283,0.00041507811074552596,3.0,"IDS P(attack)=0.00 (benign), attribution=1.00; repeat-offender x3.00",0.9998810291290283,-0.00041507811074552596,34,35000,0.00011897087097167969,4.488502599997446e-05,benign,6,5,0,0,0,0,0,0,,,,
D4,34,35000,0.9560652136759974,0.9559368807027696,6.965335909775417,0.005438082869479302,0.999940037727356,6.297812524280744e-05,1.0,"IDS P(attack)=0.00 (benign), attribution=1.00",0.999940037727356,-6.297812524280744e-05,34,35000,5.996227264404297e-05,1.894167871796526e-05,benign,6,5,0,0,0,0,0,0,,,,
D5,34,35000,0.9112489553945252,0.9208886558798106,7.2567568171828345,0.46704108206287476,1.4997912049293518,0.00019889262293872886,1.15,"IDS P(attack)=0.00 (benign), attribution=1.00; 1 successful MAKA; repeat-offender x1.15",0.9997912049293518,-0.00019889262293872886,34,35000,0.00020879507064819336,5.077980677015148e-05,benign,7,6,0,1,0,0,0,0,0.5,,,
D6,34,35000,0.9014073313482689,0.8939963287024275,6.915718882453157,0.7943076377860838,0.9998487234115601,0.20037150552816457,1.0,"IDS P(attack)=0.00 (benign), attribution=1.00; transmission-rate anomaly",0.9998487234115601,-0.00037150552816456184,34,35000,0.0001512765884399414,0.00012239089119248092,benign,26,25,0,0,0,0,0,0,,-0.2,,
D7,34,35000,0.93619500580539,0.9389008115814962,6.897616667813559,0.2091649361531884,0.9997225403785706,0.00048063198119052686,1.0,"IDS P(attack)=0.00 (benign), attribution=1.00",0.9997225403785706,-0.00048063198119052686,34,35000,0.00027745962142944336,0.00015403966244775802,benign,30,29,0,0,0,0,0,0,,,,
D8,34,35000,0.9550064908389494,0.9550005694635094,6.962316685939232,0.01654210898016003,0.9997393488883972,0.00044017592881573364,1.0,"IDS P(attack)=0.00 (benign), attribution=1.00",0.9997393488883972,-0.00044017592881573364,34,35000,0.0002606511116027832,0.00014072921476326883,benign,17,16,0,0,0,0,0,0,,,,
D9,34,35000,0.956475903775678,0.9562645839905063,6.967483466632193,0.001605371589465314,0.9997560381889343,0.00033026273486029827,1.0,"IDS P(attack)=0.00 (benign), attribution=1.00",0.9997560381889343,-0.00033026273486029827,34,35000,0.00024396181106567383,0.00010304156603524461,benign,7,6,0,0,0,0,0,0,,,,
D1,35,36000,0.9502005310176351,0.9509378143623199,6.772932119834585,0.05581299591065547,0.9998998641967773,5.959662594250403e-05,1.0,"IDS P(attack)=0.00 (benign), attribution=1.00",0.9998998641967773,-5.959662594250403e-05,35,36000,0.00010013580322265625,1.5640791389159858e-05,benign,1,0,0,0,0,0,0,0,,,,
D10,35,36000,0.9562307925488585,0.9560545419799666,6.921598557955091,0.002015972798265658,0.9997320771217346,0.00032953788031591107,1.0,"IDS P(attack)=0.00 (benign), attribution=1.00",0.9997320771217346,-0.00032953788031591107,35,36000,0.00026792287826538086,0.00010152612230740488,benign,7,6,0,0,0,0,0,0,,,,
D2,35,36000,0.9562830207007865,0.9561221070975291,6.922271567458862,0.001239599556478914,0.999936580657959,6.417155436793108e-05,1.0,"IDS P(attack)=0.00 (benign), attribution=1.00",0.999936580657959,-6.417155436793108e-05,35,36000,6.341934204101562e-05,1.917847475851886e-05,benign,6,5,0,0,0,0,0,0,,,,
D3,35,36000,0.355757814015602,0.39429047905148834,6.2720996579273365,15.28001218265798,0.9998601675033569,0.0004448995738130179,3.0,"IDS P(attack)=0.00 (benign), attribution=1.00; repeat-offender x3.00",0.9998601675033569,-0.0004448995738130179,35,36000,0.0001398324966430664,4.790109596797265e-05,benign,7,6,0,0,0,0,0,0,,,,
D4,35,36000,0.9559368807027696,0.9558260118570977,6.920469958199852,0.004695106080209073,0.9999344348907471,7.273564115166663e-05,1.0,"IDS P(attack)=0.00 (benign), attribution=1.00",0.9999344348907471,-7.273564115166663e-05,35,36000,6.556510925292969e-05,2.207048237323761e-05,benign,6,5,0,0,0,0,0,0,,,,
D5,35,36000,0.9208886558798106,0.9256511454813975,7.168196326145326,0.3970362192507613,0.999953031539917,5.1299497317813807e-05,1.0,"IDS P(attack)=0.00 (benign), attribution=1.00",0.999953031539917,-5.1299497317813807e-05,35,36000,4.696846008300781e-05,1.5527799405390397e-05,benign,6,5,0,0,0,0,0,0,,,,
D6,35,36000,0.8939963287024275,0.8877566242524422,6.87827438493168,0.8753929916333831,0.9999133348464966,0.2002314995152119,1.0,"IDS P(attack)=0.00 (benign), attribution=1.00; transmission-rate anomaly",0.9999133348464966,-0.00023149951521190813,35,36000,8.666515350341797e-05,7.666657620575279e-05,benign,27,26,0,0,0,0,0,0,,-0.2,,
D7,35,36000,0.9389008115814962,0.9401012542999433,6.858150482949142,0.19182930197815676,0.9951763153076172,0.014039106247946619,1.0,"IDS P(attack)=0.00 (benign), attribution=1.00",0.9951763153076172,-0.014039106247946619,35,36000,0.0048236846923828125,0.004672124050557613,benign,29,28,0,0,0,0,0,0,,,,
D8,35,36000,0.9550005694635094,0.9523820369531392,6.917926863750557,0.04588328819139995,0.9999576807022095,0.03182249555826393,1.0,"IDS P(attack)=0.00 (benign), attribution=1.00; transmission-rate anomaly",0.9999576807022095,-0.00010193997404712719,35,36000,4.2319297790527344e-05,3.354108048370108e-05,benign,32,31,0,0,0,0,0,0,,-0.0317205555842168,,
D9,35,36000,0.9562645839905063,0.956100160124315,6.922254015904636,0.001501016710872681,0.999893069267273,0.0001364508598271641,1.0,"IDS P(attack)=0.00 (benign), attribution=1.00",0.999893069267273,-0.0001364508598271641,35,36000,0.00010693073272705078,4.22495613747742e-05,benign,6,5,0,0,0,0,0,0,,,,
D1,36,37000,0.9509378143623199,0.9515674435247755,6.756892166056175,0.047500643149999654,0.9998998641967773,5.959662594250403e-05,1.0,"IDS P(attack)=0.00 (benign), attribution=1.00",0.9998998641967773,-5.959662594250403e-05,36,37000,0.00010013580322265625,1.5640791389159858e-05,benign,1,0,0,0,0,0,0,0,,,,
D10,36,37000,0.9560545419799666,0.9559009928317643,6.883098123150225,0.0020748233806691403,0.9997393488883972,0.0003612465021433309,1.0,"IDS P(attack)=0.00 (benign), attribution=1.00",0.9997393488883972,-0.0003612465021433309,36,37000,0.0002606511116027832,0.00011303467908874154,benign,7,6,0,0,0,0,0,0,,,,
D2,36,37000,0.9561221070975291,0.9559799415346512,6.8838292660253355,0.0011682565726135704,0.9998984336853027,0.00011459694960649359,1.0,"IDS P(attack)=0.00 (benign), attribution=1.00",0.9998984336853027,-0.00011459694960649359,36,37000,0.00010156631469726562,3.486386049189605e-05,benign,7,6,0,0,0,0,0,0,,,,
D3,36,37000,0.39429047905148834,0.43373177477079755,6.331229634546464,12.988168056586327,0.9999449253082275,0.00015770132704346907,3.0,"IDS P(attack)=0.00 (benign), attribution=1.00; repeat-offender x3.00",0.9999449253082275,-0.00015770132704346907,36,37000,5.507469177246094e-05,1.6885889635886997e-05,benign,6,5,0,0,0,0,0,0,,,,
D4,36,37000,0.9558260118570977,0.9557230075535039,6.882268691879236,0.004156669728496965,0.9998692274093628,0.0001658295603192528,1.0,"IDS P(attack)=0.00 (benign), attribution=1.00",0.9998692274093628,-0.0001658295603192528,36,37000,0.00013077259063720703,5.1303042710060254e-05,benign,7,6,0,0,0,0,0,0,,,,
D5,36,37000,0.9256511454813975,0.9297935716513471,7.092874966861284,0.33759573660888087,0.9999080896377563,0.00011495024573378033,1.0,"IDS P(attack)=0.00 (benign), attribution=1.00",0.9999080896377563,-0.00011495024573378033,36,37000,9.191036224365234e-05,3.5496032069204375e-05,benign,6,5,0,0,0,0,0,0,,,,
D6,36,37000,0.8877566242524422,0.8825014941668821,6.846501279102328,0.9441309190242873,0.9999680519104004,0.2000468761359116,1.0,"IDS P(attack)=0.00 (benign), attribution=1.00; transmission-rate anomaly",0.9999680519104004,-4.687613591158879e-05,36,37000,3.1948089599609375e-05,1.4766288586542942e-05,benign,22,21,0,0,0,0,0,0,,-0.2,,
D7,36,37000,0.9401012542999433,0.9422951042822139,6.829332781493709,0.16317389956654227,0.9999048709869385,0.00011899288510903717,1.0,"IDS P(attack)=0.00 (benign), attribution=1.00",0.9999048709869385,-0.00011899288510903717,36,37000,9.512901306152344e-05,3.674509935081005e-05,benign,6,5,0,0,0,0,0,0,,,,
D8,36,37000,0.9523820369531392,0.9509052978209787,6.879705266686905,0.06171302346038897,0.9994674324989319,0.022712228497699008,1.0,"IDS P(attack)=0.00 (benign), attribution=1.00; transmission-rate anomaly",0.9994674324989319,-0.0014466111242654733,36,37000,0.0005325675010681152,0.0004795529821421951,benign,31,30,0,0,0,0,0,0,,-0.021265617373433535,,
D9,36,37000,0.956100160124315,0.955966936683296,6.883867276128804,0.0013248874099435937,0.9999513626098633,4.902320570181473e-05,1.0,"IDS P(attack)=0.00 (benign), attribution=1.00",0.9999513626098633,-4.902320570181473e-05,36,37000,4.863739013671875e-05,1.464126216887962e-05,benign,6,5,0,0,0,0,0,0,,,,
D1,37,38000,0.9515674435247755,0.9521047651150323,6.743258205344525,0.04043514330344221,0.9998998641967773,5.959662594250403e-05,1.0,"IDS P(attack)=0.00 (benign), attribution=1.00",0.9998998641967773,-5.959662594250403e-05,37,38000,0.00010013580322265625,1.5640791389159858e-05,benign,1,0,0,0,0,0,0,0,,,,
D10,37,38000,0.9559009928317643,0.9557883055525703,6.850516221946062,0.0019099993321407467,0.9998828172683716,0.00014639945857197745,1.0,"IDS P(attack)=0.00 (benign), attribution=1.00",0.9998828172683716,-0.00014639945857197745,37,38000,0.00011718273162841797,4.520071888691746e-05,benign,7,6,0,0,0,0,0,0,,,,
D2,37,38000,0.9559799415346512,0.9558632743082337,6.8511977748718405,0.0010510943243773033,0.9999428987503052,5.807623765576863e-05,1.0,"IDS P(attack)=0.00 (benign), attribution=1.00",0.9999428987503052,-5.807623765576863e-05,37,38000,5.710124969482422e-05,1.737229831633158e-05,benign,6,5,0,0,0,0,0,0,,,,
D3,37,38000,0.43373177477079755,0.47357408806047446,6.381496551974357,11.04009251657422,0.9999513626098633,0.00014966847584219067,3.0,"IDS P(attack)=0.00 (benign), attribution=1.00; repeat-offender x3.00",0.9999513626098633,-0.00014966847584219067,37,38000,4.863739013671875e-05,1.608732964086812e-05,benign,6,5,0,0,0,0,0,0,,,,
D4,37,38000,0.9557230075535039,0.9556395577839126,6.849827417829101,0.00364505979560898,0.9998990297317505,0.00011189052638655995,1.0,"IDS P(attack)=0.00 (benign), attribution=1.00",0.9998990297317505,-0.00011189052638655995,37,38000,0.00010097026824951172,3.394560917513445e-05,benign,6,5,0,0,0,0,0,0,,,,
D5,37,38000,0.9297935716513471,0.9333931170158766,7.0288804216993395,0.287020317915547,0.9999366998672485,6.394179799826816e-05,1.0,"IDS P(attack)=0.00 (benign), attribution=1.00",0.9999366998672485,-6.394179799826816e-05,37,38000,6.330013275146484e-05,1.910413266159594e-05,benign,6,5,0,0,0,0,0,0,,,,
D6,37,38000,0.8825014941668821,0.8846683625360361,6.8193670620447175,0.9104893680296666,0.9998409748077393,0.10797808685902244,1.0,"IDS P(attack)=0.00 (benign), attribution=1.00; transmission-rate anomaly",0.9998409748077393,-0.0002132428428012645,37,38000,0.0001590251922607422,6.645230314461514e-05,benign,11,10,0,0,0,0,0,0,,-0.10776484401622118,,
D7,37,38000,0.9422951042822139,0.9441720814655961,6.804800303539672,0.13887666556522296,0.9998674392700195,0.00017885093366203363,1.0,"IDS P(attack)=0.00 (benign), attribution=1.00",0.9998674392700195,-0.00017885093366203363,37,38000,0.00013256072998046875,5.577783304033801e-05,benign,7,6,0,0,0,0,0,0,,,,
D8,37,38000,0.9509052978209787,0.9514407541378548,6.847169404280915,0.05361341599047968,0.9994199275970459,0.0011573460491490551,1.0,"IDS P(attack)=0.00 (benign), attribution=1.00",0.9994199275970459,-0.0011573460491490551,37,38000,0.0005800724029541016,0.00037555620656348765,benign,14,13,0,0,0,0,0,0,,,,
D9,37,38000,0.955966936683296,0.9558306490364565,6.8510400042476,0.0014312888483054465,0.9997528195381165,0.00030513454985339197,1.0,"IDS P(attack)=0.00 (benign), attribution=1.00",0.9997528195381165,-0.00030513454985339197,37,38000,0.0002471804618835449,9.40552563406527e-05,benign,7,6,0,0,0,0,0,0,,,,
D1,38,39000,0.9521047651150323,0.9524698777806753,6.731322499311676,0.035514121617948174,0.9995530247688293,0.0011442498100223018,1.0,"IDS P(attack)=0.00 (benign), attribution=1.00",0.9995530247688293,-0.0011442498100223018,38,39000,0.0004469752311706543,0.0003779661492444575,benign,2,1,0,0,0,0,0,0,,,,
D10,38,39000,0.9557883055525703,0.9556896568257275,6.822811592342202,0.0017973066277801749,0.9998728036880493,0.00017380719546054022,1.0,"IDS P(attack)=0.00 (benign), attribution=1.00",0.9998728036880493,-0.00017380719546054022,38,39000,0.0001271963119506836,5.429043812910095e-05,benign,7,6,0,0,0,0,0,0,,,,
D2,38,39000,0.9558632743082337,0.9557435372956002,6.823300730501568,0.0011815266607399036,0.9997826218605042,0.00028809648501919587,1.0,"IDS P(attack)=0.00 (benign), attribution=1.00",0.9997826218605042,-0.00028809648501919587,38,39000,0.0002173781394958496,8.964553126133978e-05,benign,7,6,0,0,0,0,0,0,,,,
D3,38,39000,0.47357408806047446,0.5132948222049473,6.424225696764569,9.384231053267497,0.9999536275863647,0.00015241417941069813,3.0,"IDS P(attack)=0.00 (benign), attribution=1.00; repeat-offender x3.00",0.9999536275863647,-0.00015241417941069813,38,39000,4.6372413635253906e-05,1.643596806388814e-05,benign,6,5,0,0,0,0,0,0,,,,
D4,38,39000,0.9556395577839126,0.9555655658275416,6.822238387399609,0.0032412807875782626,0.999885082244873,0.00014297996131062973,1.0,"IDS P(attack)=0.00 (benign), attribution=1.00",0.999885082244873,-0.00014297996131062973,38,39000,0.00011491775512695312,4.4120104575995356e-05,benign,7,6,0,0,0,0,0,0,,,,
D5,38,39000,0.9333931170158766,0.9364977635504144,6.974396008972392,0.24415414256954307,0.9998476505279541,0.00018687234132812593,1.0,"IDS P(attack)=0.00 (benign), attribution=1.00",0.9998476505279541,-0.00018687234132812593,38,39000,0.00015234947204589844,5.755084930569865e-05,benign,6,5,0,0,0,0,0,0,,,,
D6,38,39000,0.8846683625360361,0.8944488600913918,6.796356025679599,0.7740445387265792,0.9998940229415894,0.00012857590136263755,1.0,"IDS P(attack)=0.00 (benign), attribution=1.00",0.9998940229415894,-0.00012857590136263755,38,39000,0.00010597705841064453,3.95366114389617e-05,benign,6,5,0,0,0,0,0,0,,,,
D7,38,39000,0.9441720814655961,0.9457826645158135,6.783959379789116,0.1181943965331477,0.9998791217803955,0.00014923080270818901,1.0,"IDS P(attack)=0.00 (benign), attribution=1.00",0.9998791217803955,-0.00014923080270818901,38,39000,0.00012087821960449219,4.5999673602636904e-05,benign,7,6,0,0,0,0,0,0,,,,
D8,38,39000,0.9514407541378548,0.9519863824725119,6.819987420533919,0.045708160564732245,0.9998934268951416,0.0001367569728245144,1.0,"IDS P(attack)=0.00 (benign), attribution=1.00",0.9998934268951416,-0.0001367569728245144,38,39000,0.00010657310485839844,4.237579196342267e-05,benign,6,5,0,0,0,0,0,0,,,,
D9,38,39000,0.9558306490364565,0.955734166043764,6.823314623803941,0.00129320999022208,0.9999306201934814,7.66144691624504e-05,1.0,"IDS P(attack)=0.00 (benign), attribution=1.00",0.9999306201934814,-7.66144691624504e-05,38,39000,6.937980651855469e-05,2.323070111742709e-05,benign,6,5,0,0,0,0,0,0,,,,
D1,39,40000,0.9524698777806753,0.9528743857844184,6.721523988611702,0.030246600001198453,0.9998998641967773,5.959662594250403e-05,1.0,"IDS P(attack)=0.00 (benign), attribution=1.00",0.9998998641967773,-5.959662594250403e-05,39,40000,0.00010013580322265625,1.5640791389159858e-05,benign,1,0,0,0,0,0,0,0,,,,
D10,39,40000,0.9556896568257275,0.9555881064625131,6.799115135683102,0.0018994569537741856,0.9997252821922302,0.0003717463201610371,1.0,"IDS P(attack)=0.00 (benign), attribution=1.00",0.9997252821922302,-0.0003717463201610371,39,40000,0.0002747178077697754,0.00011597847333177924,benign,7,6,0,0,0,0,0,0,,,,
D2,39,40000,0.9557435372956002,0.9556342181525265,6.799541274326754,0.0013739390327002566,0.9997356534004211,0.0003696413710713386,1.0,"IDS P(attack)=0.00 (benign), attribution=1.00",0.9997356534004211,-0.0003696413710713386,39,40000,0.0002643465995788574,0.00011578574776649475,benign,7,6,0,0,0,0,0,0,,,,
D3,39,40000,0.5132948222049473,0.5523714083293544,6.460498620585454,7.9769381526595655,0.9999067783355713,0.0003417573821934639,3.0,"IDS P(attack)=0.00 (benign), attribution=1.00; repeat-offender x3.00",0.9999067783355713,-0.0003417573821934639,39,40000,9.322166442871094e-05,3.703662514453754e-05,benign,6,5,0,0,0,0,0,0,,,,
D4,39,40000,0.9555655658275416,0.9555102985951232,6.798851726923029,0.0028074417959986597,0.9999490976333618,5.2353126557136426e-05,1.0,"IDS P(attack)=0.00 (benign), attribution=1.00",0.9999490976333618,-5.2353126557136426e-05,39,40000,5.0902366638183594e-05,1.5690446161897853e-05,benign,6,5,0,0,0,0,0,0,,,,
D5,39,40000,0.9364977635504144,0.9391885816321217,6.928184990004158,0.20758785022049603,0.9999483823776245,5.682903638444259e-05,1.0,"IDS P(attack)=0.00 (benign), attribution=1.00",0.9999483823776245,-5.682903638444259e-05,39,40000,5.161762237548828e-05,1.722329579934012e-05,benign,6,5,0,0,0,0,0,0,,,,
D6,39,40000,0.8944488600913918,0.9029744577349768,6.776855891786155,0.6579843459087683,0.9999532699584961,4.64879911760363e-05,1.0,"IDS P(attack)=0.00 (benign), attribution=1.00",0.9999532699584961,-4.64879911760363e-05,39,40000,4.673004150390625e-05,1.3852099982614163e-05,benign,5,4,0,0,0,0,0,0,,,,
D7,39,40000,0.9457826645158135,0.9471585510115235,6.766234223392953,0.10064222183904235,0.9998687505722046,0.00017698478586680721,1.0,"IDS P(attack)=0.00 (benign), attribution=1.00",0.9998687505722046,-0.00017698478586680721,39,40000,0.00013124942779541016,5.519206024473533e-05,benign,6,5,0,0,0,0,0,0,,,,
D8,39,40000,0.9519863824725119,0.9524567437739564,6.796910748532017,0.03894341923942119,0.999921441078186,9.148275939878657e-05,1.0,"IDS P(attack)=0.00 (benign), attribution=1.00",0.999921441078186,-9.148275939878657e-05,39,40000,7.855892181396484e-05,2.796453372866381e-05,benign,6,5,0,0,0,0,0,0,,,,
D9,39,40000,0.955734166043764,0.955633666895194,6.799605654930462,0.0013834469058515192,0.999788224697113,0.00028421841416275133,1.0,"IDS P(attack)=0.00 (benign), attribution=1.00",0.999788224697113,-0.00028421841416275133,39,40000,0.0002117753028869629,8.857969078235328e-05,benign,7,6,0,0,0,0,0,0,,,,
D1,40,41000,0.9528743857844184,0.942876269946109,6.713240196418885,0.14905678559256333,0.999944806098938,0.12334717559154464,1.0,"IDS P(attack)=0.00 (benign), attribution=1.00; transmission-rate anomaly",0.999944806098938,-0.0001475956483773189,40,41000,5.519390106201172e-05,4.888300463790074e-05,benign,15,7,0,0,0,0,0,0,,-0.12319957994316731,,
D10,40,41000,0.9555881064625131,0.957366107985188,7.278416976582467,0.0022559368532388295,1.499169111251831,0.0006413984425307716,1.0,"IDS P(attack)=0.00 (benign), attribution=1.00; 1 successful MAKA",0.999169111251831,-0.0006413984425307716,40,41000,0.0008308887481689453,0.00018132109835278243,benign,8,7,0,1,0,0,0,0,0.5,,,
D2,40,41000,0.9556342181525265,0.9574497345625795,7.279479668214972,0.0012742043296956177,1.4998695850372314,0.0001063561519003997,1.0,"IDS P(attack)=0.00 (benign), attribution=1.00; 1 successful MAKA",0.9998695850372314,-0.0001063561519003997,40,41000,0.0001304149627685547,3.045400262635667e-05,benign,7,6,0,1,0,0,0,0,0.5,,,
D3,40,41000,0.5523714083293544,0.5903331778960201,6.491365057317887,6.7805736548339315,0.9999412298202515,0.0001762250733008841,3.0,"IDS P(attack)=0.00 (benign), attribution=1.00; repeat-offender x3.00",0.9999412298202515,-0.0001762250733008841,40,41000,5.8770179748535156e-05,1.8916332919616252e-05,benign,7,6,0,0,0,0,0,0,,,,
D4,40,41000,0.9555102985951232,0.9573357000830374,7.278652392529045,0.002640618429135551,1.4996284246444702,0.0002542929025366903,1.0,"IDS P(attack)=0.00 (benign), attribution=1.00; 1 successful MAKA",0.9996284246444702,-0.0002542929025366903,40,41000,0.00037157535552978516,6.96689821779728e-05,benign,8,7,0,1,0,0,0,0,0.5,,,
D5,40,41000,0.9391885816321217,0.9415021686083853,6.888870933977899,0.17655217075324742,0.9999136924743652,0.00010249806582578457,1.0,"IDS P(attack)=0.00 (benign), attribution=1.00",0.9999136924743652,-0.00010249806582578457,40,41000,8.630752563476562e-05,3.142173227388412e-05,benign,5,4,0,0,0,0,0,0,,,,
D6,40,41000,0.9029744577349768,0.9140068241202058,7.26018731789372,0.5594004802963217,1.4998598098754883,0.0001137862738687545,1.0,"IDS P(attack)=0.00 (benign), attribution=1.00; 1 successful MAKA",0.9998598098754883,-0.0001137862738687545,40,41000,0.00014019012451171875,3.254658076912165e-05,benign,6,5,0,1,0,0,0,0,0.5,,,
D7,40,41000,0.9471585510115235,0.9505083687862018,7.250909573530403,0.0858190056169887,1.4996104836463928,0.0002731170538027072,1.0,"IDS P(attack)=0.00 (benign), attribution=1.00; 1 successful MAKA",0.9996104836463928,-0.0002731170538027072,40,41000,0.00038951635360717773,7.532968447776511e-05,benign,8,7,0,1,0,0,0,0,0.5,,,
D8,40,41000,0.9524567437739564,0.9548570921043728,7.277299034399798,0.033158391795981804,1.499924898147583,5.6485442473785956e-05,1.0,"IDS P(attack)=0.00 (benign), attribution=1.00; 1 successful MAKA",0.999924898147583,-5.6485442473785956e-05,40,41000,7.510185241699219e-05,1.5866724424995482e-05,benign,7,6,0,1,0,0,0,0,0.5,,,
D9,40,41000,0.955633666895194,0.9574283332224818,7.2793868702323055,0.001533412613830754,1.4997220635414124,0.0003574827438569628,1.0,"IDS P(attack)=0.00 (benign), attribution=1.00; 1 successful MAKA",0.9997220635414124,-0.0003574827438569628,40,41000,0.0002779364585876465,0.00011080430704168975,benign,7,6,0,1,0,0,0,0,0.5,,,
D1,41,42000,0.942876269946109,0.9446748577059936,6.706119937296018,0.12700685226868416,0.9998657703399658,0.0003085845150053501,1.0,"IDS P(attack)=0.00 (benign), attribution=1.00",0.9998657703399658,-0.0003085845150053501,41,42000,0.0001342296600341797,0.00010121054947376251,benign,4,2,0,0,0,0,0,0,,,,
D10,41,42000,0.957366107985188,0.9570359061879844,7.18645588702335,0.002192171731999059,0.9998014569282532,0.00027462540674605407,1.0,"IDS P(attack)=0.00 (benign), attribution=1.00",0.9998014569282532,-0.00027462540674605407,41,42000,0.00019854307174682617,8.591015648562461e-05,benign,7,6,0,0,0,0,0,0,,,,
D2,41,42000,0.9574497345625795,0.9571188238155742,7.1874450652041,0.0012238720602576244,0.9998873472213745,0.00014079838001634926,1.0,"IDS P(attack)=0.00 (benign), attribution=1.00",0.9998873472213745,-0.00014079838001634926,41,42000,0.00011265277862548828,4.347384674474597e-05,benign,6,5,0,0,0,0,0,0,,,,
D3,41,42000,0.5903331778960201,0.6375037500714126,7.017230847254598,5.764598233782899,1.4995705485343933,0.0011106271740572993,3.0,"IDS P(attack)=0.00 (benign), attribution=1.00; 1 successful MAKA; repeat-offender x3.00",0.9995705485343933,-0.0011106271740572993,41,42000,0.00042945146560668945,0.0001182157575385645,benign,8,6,0,1,0,0,0,0,0.5,,,
D4,41,42000,0.9573357000830374,0.9570187378342357,7.186713270641571,0.0024134187244735706,0.9998587369918823,0.00016889305970835267,1.0,"IDS P(attack)=0.00 (benign), attribution=1.00",0.9998587369918823,-0.00016889305970835267,41,42000,0.00014126300811767578,5.182582754059695e-05,benign,6,5,0,0,0,0,0,0,,,,
D5,41,42000,0.9415021686083853,0.9434789216161483,6.855368155667103,0.1503135367995546,0.9998278617858887,0.0002441916592943016,1.0,"IDS P(attack)=0.00 (benign), attribution=1.00",0.9998278617858887,-0.0002441916592943016,41,42000,0.00017213821411132812,7.662137795705348e-05,benign,6,5,0,0,0,0,0,0,,,,
D6,41,42000,0.9140068241202058,0.9195646104314849,7.170555663576667,0.4771015394719981,0.9993964433670044,0.0016111312201246618,1.0,"IDS P(attack)=0.00 (benign), attribution=1.00",0.9993964433670044,-0.0016111312201246618,41,42000,0.0006035566329956055,0.000533543061465025,benign,5,4,0,0,0,0,0,0,,,,
D7,41,42000,0.9505083687862018,0.9511727167451346,7.163201015880664,0.07304921434101289,0.9999278783798218,0.00010305956657248317,1.0,"IDS P(attack)=0.00 (benign), attribution=1.00",0.9999278783798218,-0.00010305956657248317,41,42000,7.212162017822266e-05,3.2365376682719216e-05,benign,6,5,0,0,0,0,0,0,,,,
D8,41,42000,0.9548570921043728,0.9549022680528557,7.1856402830606285,0.0282708231191729,0.9999361038208008,8.61900925883674e-05,1.0,"IDS P(attack)=0.00 (benign), attribution=1.00",0.9999361038208008,-8.61900925883674e-05,41,42000,6.389617919921875e-05,2.687918095034547e-05,benign,6,5,0,0,0,0,0,0,,,,
D9,41,42000,0.9574283332224818,0.9570892241793616,7.187264918627361,0.0015772875103925868,0.9997860789299011,0.00027388678863644596,1.0,"IDS P(attack)=0.00 (benign), attribution=1.00",0.9997860789299011,-0.00027388678863644596,41,42000,0.00021392107009887695,8.484162390232086e-05,benign,7,6,0,0,0,0,0,0,,,,
D1,42,43000,0.9446748577059936,0.9462319492641721,6.700101810898392,0.10801542105432403,0.9998998641967773,5.959662594250403e-05,1.0,"IDS P(attack)=0.00 (benign), attribution=1.00",0.9998998641967773,-5.959662594250403e-05,42,43000,0.00010013580322265625,1.5640791389159858e-05,benign,1,0,0,0,0,0,0,0,,,,
D10,42,43000,0.9570359061879844,0.9567572685755954,7.108328717196166,0.002065143447364422,0.9998412132263184,0.00020179747516522182,1.0,"IDS P(attack)=0.00 (benign), attribution=1.00",0.9998412132263184,-0.00020179747516522182,42,43000,0.00015878677368164062,6.244893302209675e-05,benign,6,5,0,0,0,0,0,0,,,,
D2,42,43000,0.9571188238155742,0.9568160011052077,7.109084701240288,0.0013865789309319672,0.999756395816803,0.00034628767971298655,1.0,"IDS P(attack)=0.00 (benign), attribution=1.00",0.999756395816803,-0.00034628767971298655,42,43000,0.00024360418319702148,0.00010868317622225732,benign,7,6,0,0,0,0,0,0,,,,
D3,42,43000,0.6375037500714126,0.6698839651259774,6.962460875470363,4.9022551741350044,0.9978146553039551,0.0023466754195396785,3.0,"IDS P(attack)=0.00 (benign), attribution=1.00; repeat-offender x3.00",0.9978146553039551,-0.0023466754195396785,42,43000,0.002185344696044922,0.0002281213237438351,benign,4,4,0,0,0,0,0,0,,,,
D4,42,43000,0.9570187378342357,0.9567494243707962,7.108609124474351,0.00217301085841733,0.9999028444290161,0.0001216049426147947,1.0,"IDS P(attack)=0.00 (benign), attribution=1.00",0.9999028444290161,-0.0001216049426147947,42,43000,9.715557098388672e-05,3.755494981305674e-05,benign,6,5,0,0,0,0,0,0,,,,
D5,42,43000,0.9434789216161483,0.9284949220718566,6.825055328671713,0.333657143892523,0.9979923963546753,0.20589063761290163,1.0,"IDS P(attack)=0.00 (benign), attribution=1.00; transmission-rate anomaly",0.9979923963546753,-0.0058906376129016285,42,43000,0.002007603645324707,0.0019612270407378674,benign,27,26,0,0,0,0,0,0,,-0.2,,
D6,42,43000,0.9195646104314849,0.9245368495424087,7.094913663069708,0.4055962880058344,0.999941349029541,5.997945463604993e-05,1.0,"IDS P(attack)=0.00 (benign), attribution=1.00",0.999941349029541,-5.997945463604993e-05,42,43000,5.8650970458984375e-05,1.7958529497263953e-05,benign,5,4,0,0,0,0,0,0,,,,
D7,42,43000,0.9511727167451346,0.9517415653607797,7.088590925372953,0.06225141350247964,0.9998700618743896,0.00015958131261868403,1.0,"IDS P(attack)=0.00 (benign), attribution=1.00",0.9998700618743896,-0.00015958131261868403,42,43000,0.00012993812561035156,4.9154594307765365e-05,benign,6,5,0,0,0,0,0,0,,,,
D8,42,43000,0.9549022680528557,0.9549366425398889,7.107671455033297,0.024169821357263387,0.9998772144317627,0.00013962170596641953,1.0,"IDS P(attack)=0.00 (benign), attribution=1.00",0.9998772144317627,-0.00013962170596641953,42,43000,0.0001227855682373047,4.252767394063994e-05,benign,6,5,0,0,0,0,0,0,,,,
D9,42,43000,0.9570892241793616,0.956815656975809,7.109126662652409,0.0013926486272968135,0.9999514818191528,5.195424346311484e-05,1.0,"IDS P(attack)=0.00 (benign), attribution=1.00",0.9999514818191528,-5.195424346311484e-05,42,43000,4.851818084716797e-05,1.5675970644224435e-05,benign,6,5,0,0,0,0,0,0,,,,
D1,43,44000,0.9462319492641721,0.9474662793653603,6.6946322922657995,0.09298028580860533,0.9995457530021667,0.0011671779124299065,1.0,"IDS P(attack)=0.00 (benign), attribution=1.00",0.9995457530021667,-0.0011671779124299065,43,44000,0.00045424699783325195,0.0003856283728964627,benign,2,1,0,0,0,0,0,0,,,,
D10,43,44000,0.9567572685755954,0.9565044528602566,7.041822096365245,0.002109626426674555,0.9997426867485046,0.00035425449641479645,1.0,"IDS P(attack)=0.00 (benign), attribution=1.00",0.9997426867485046,-0.00035425449641479645,43,44000,0.00025731325149536133,0.00011075702059315518,benign,7,6,0,0,0,0,0,0,,,,
D2,43,44000,0.9568160011052077,0.9565575123239597,7.042482444986892,0.0014992839936717938,0.9997604489326477,0.0003206919023796218,1.0,"IDS P(attack)=0.00 (benign), attribution=1.00",0.9997604489326477,-0.0003206919023796218,43,44000,0.00023955106735229492,9.991552360588685e-05,benign,7,6,0,0,0,0,0,0,,,,
D3,43,44000,0.6698839651259774,0.7005319010098009,6.917986959184293,4.1672946581785455,0.9998952150344849,0.00037776016379211793,3.0,"IDS P(attack)=0.00 (benign), attribution=1.00; repeat-offender x3.00",0.9998952150344849,-0.00037776016379211793,43,44000,0.00010478496551513672,4.090874790563248e-05,benign,6,5,0,0,0,0,0,0,,,,
D4,43,44000,0.9567494243707962,0.956521808992291,7.042253382786841,0.0019197651521575218,0.9999356269836426,7.27059225027915e-05,1.0,"IDS P(attack)=0.00 (benign), attribution=1.00",0.9999356269836426,-7.27059225027915e-05,43,44000,6.437301635742188e-05,2.212279650848359e-05,benign,7,6,0,0,0,0,0,0,,,,
D5,43,44000,0.9284949220718566,0.9163690411181896,6.800441106671981,0.4856850303403054,0.9991440773010254,0.20207645803166088,1.0,"IDS P(attack)=0.00 (benign), attribution=1.00; transmission-rate anomaly",0.9991440773010254,-0.002076458031660877,43,44000,0.0008559226989746094,0.0006835332023911178,benign,30,29,0,0,0,0,0,0,,-0.2,,
D6,43,44000,0.9245368495424087,0.9288592322815262,7.030611525337156,0.34482787600574605,0.9999349117279053,7.103120078681967e-05,1.0,"IDS P(attack)=0.00 (benign), attribution=1.00",0.9999349117279053,-7.103120078681967e-05,43,44000,6.508827209472656e-05,2.1497529814951122e-05,benign,6,5,0,0,0,0,0,0,,,,
D7,43,44000,0.9517415653607797,0.9522327336087748,7.025188680114068,0.053061353709879786,0.9998863935470581,0.00014765223277208862,1.0,"IDS P(attack)=0.00 (benign), attribution=1.00",0.9998863935470581,-0.00014765223277208862,43,44000,0.00011360645294189453,4.582851397572085e-05,benign,7,6,0,0,0,0,0,0,,,,
D8,43,44000,0.9549366425398889,0.9549671117326498,7.041418574417158,0.02067444298958692,0.999897837638855,0.00013009483591304162,1.0,"IDS P(attack)=0.00 (benign), attribution=1.00",0.999897837638855,-0.00013009483591304162,43,44000,0.00010216236114501953,4.0270344470627606e-05,benign,6,5,0,0,0,0,0,0,,,,
D9,43,44000,0.956815656975809,0.9565796274082486,7.0427044959114085,0.0012424788223609191,0.9999468326568604,5.872748915862757e-05,1.0,"IDS P(attack)=0.00 (benign), attribution=1.00",0.9999468326568604,-5.872748915862757e-05,43,44000,5.316734313964844e-05,1.7807855329010636e-05,benign,6,5,0,0,0,0,0,0,,,,
D1,44,45000,0.9474662793653603,0.948594646185911,6.690320265694301,0.07931983682758324,0.9998828172683716,0.0002865938902687048,1.0,"IDS P(attack)=0.00 (benign), attribution=1.00",0.9998828172683716,-0.0002865938902687048,44,45000,0.00011718273162841797,9.439174755243585e-05,benign,4,2,0,0,0,0,0,0,,,,
D10,44,45000,0.9565044528602566,0.9562728643868761,6.985186028042356,0.0023155388724566137,0.999637246131897,0.0005223564097832424,1.0,"IDS P(attack)=0.00 (benign), attribution=1.00",0.999637246131897,-0.0005223564097832424,44,45000,0.00036275386810302734,0.00016419064195360988,benign,7,6,0,0,0,0,0,0,,,,
D2,44,45000,0.9565575123239597,0.9563536833624954,6.986023174666776,0.0013829657481651246,0.9999130964279175,0.00010857435354409971,1.0,"IDS P(attack)=0.00 (benign), attribution=1.00",0.9999130964279175,-0.00010857435354409971,44,45000,8.690357208251953e-05,3.352239218656905e-05,benign,6,5,0,0,0,0,0,0,,,,
D3,44,45000,0.7005319010098009,0.7290951106906838,6.880141572624764,3.5426598741135455,0.9998526573181152,0.00045941466178192055,3.0,"IDS P(attack)=0.00 (benign), attribution=1.00; repeat-offender x3.00",0.9998526573181152,-0.00045941466178192055,44,45000,0.00014734268188476562,4.94139276270289e-05,benign,7,6,0,0,0,0,0,0,,,,
D4,44,45000,0.956521808992291,0.9563275595057672,6.985855889933329,0.0016891261392510417,0.9999405145645142,5.7325759917148384e-05,1.0,"IDS P(attack)=0.00 (benign), attribution=1.00",0.9999405145645142,-5.7325759917148384e-05,44,45000,5.9485435485839844e-05,1.6983489331323653e-05,benign,6,5,0,0,0,0,0,0,,,,
D5,44,45000,0.9163690411181896,0.9100880525224131,7.279373284615733,0.6143431841958948,1.4989983439445496,0.2015109084066353,1.0,"IDS P(attack)=0.00 (benign), attribution=1.00; 1 successful MAKA; transmission-rate anomaly",0.9989983439445496,-0.0015109084066352808,44,45000,0.0010016560554504395,0.00047742456081323326,benign,16,15,0,1,0,0,0,0,0.5,-0.2,,
D6,44,45000,0.9288592322815262,0.9326061136606889,6.975964364216941,0.29316753771088383,0.9999445676803589,6.384310599969468e-05,1.0,"IDS P(attack)=0.00 (benign), attribution=1.00",0.9999445676803589,-6.384310599969468e-05,44,45000,5.543231964111328e-05,1.9483599317027256e-05,benign,5,4,0,0,0,0,0,0,,,,
D7,44,45000,0.9522327336087748,0.9526520512091832,6.9712698303445775,0.045285260697269965,0.9998594522476196,0.00018311004387214778,1.0,"IDS P(attack)=0.00 (benign), attribution=1.00",0.9998594522476196,-0.00018311004387214778,44,45000,0.0001405477523803711,5.6851888075470924e-05,benign,7,6,0,0,0,0,0,0,,,,
D8,44,45000,0.9549671117326498,0.9549924978802198,6.985101241707648,0.017712933368162705,0.999895453453064,0.0001396568270138232,1.0,"IDS P(attack)=0.00 (benign), attribution=1.00",0.999895453453064,-0.0001396568270138232,44,45000,0.00010454654693603516,4.3499945604708046e-05,benign,6,5,0,0,0,0,0,0,,,,
D9,44,45000,0.9565796274082486,0.9563696101874064,6.986187241629677,0.0011991460210843546,0.9998884201049805,0.00014303902207757346,1.0,"IDS P(attack)=0.00 (benign), attribution=1.00",0.9998884201049805,-0.00014303902207757346,44,45000,0.00011157989501953125,4.431650449987501e-05,benign,7,6,0,0,0,0,0,0,,,,
D1,45,46000,0.948594646185911,0.9494739048363079,6.686288593752448,0.06866906155541014,0.9995163679122925,0.0012472002519643864,1.0,"IDS P(attack)=0.00 (benign), attribution=1.00",0.9995163679122925,-0.0012472002519643864,45,46000,0.00048363208770751953,0.00041215980309061706,benign,2,1,0,0,0,0,0,0,,,,
D10,45,46000,0.9562728643868761,0.956090924949872,6.937154982909641,0.002295698502355998,0.9997468590736389,0.0003274904607678764,1.0,"IDS P(attack)=0.00 (benign), attribution=1.00",0.9997468590736389,-0.0003274904607678764,45,46000,0.000253140926361084,0.00010158572695218027,benign,7,6,0,0,0,0,0,0,,,,
D2,45,46000,0.9563536833624954,0.9561775386558626,6.938013840617638,0.0012988376467410181,0.9998941421508789,0.00012331676080066243,1.0,"IDS P(attack)=0.00 (benign), attribution=1.00",0.9998941421508789,-0.00012331676080066243,45,46000,0.00010585784912109375,3.769757313420996e-05,benign,7,6,0,0,0,0,0,0,,,,
D3,45,46000,0.7290951106906838,0.7554303445204542,6.847932760913941,3.0120050408964816,0.9998124241828918,0.000744147899968084,2.95,"IDS P(attack)=0.00 (benign), attribution=1.00; repeat-offender x2.95",0.9998124241828918,-0.000744147899968084,45,46000,0.0001875758171081543,8.230017556343228e-05,benign,6,5,0,0,0,0,0,0,,,,
D4,45,46000,0.9563275595057672,0.956153653327043,6.937863661571808,0.0015777122202542777,0.999886155128479,0.00014195500189089215,1.0,"IDS P(attack)=0.00 (benign), attribution=1.00",0.999886155128479,-0.00014195500189089215,45,46000,0.0001138448715209961,4.3816937250085175e-05,benign,7,6,0,0,0,0,0,0,,,,
D5,45,46000,0.9100880525224131,0.9162709841940927,7.187377765746921,0.5223046958086992,0.9999104738235474,0.0001129892421886325,1.0,"IDS P(attack)=0.00 (benign), attribution=1.00",0.9999104738235474,-0.0001129892421886325,45,46000,8.952617645263672e-05,3.493344411253929e-05,benign,6,5,0,0,0,0,0,0,,,,
D6,45,46000,0.9326061136606889,0.9358374755324672,6.929450619504139,0.24934073610551366,0.9998809099197388,0.00014832905126240805,1.0,"IDS P(attack)=0.00 (benign), attribution=1.00",0.9998809099197388,-0.00014832905126240805,45,46000,0.00011909008026123047,4.577738218358718e-05,benign,5,4,0,0,0,0,0,0,,,,
D7,45,46000,0.9526520512091832,0.9530151245141227,6.925466703014266,0.03863960755915145,0.9998873472213745,0.00014713596647197846,1.0,"IDS P(attack)=0.00 (benign), attribution=1.00",0.9998873472213745,-0.00014713596647197846,45,46000,0.00011265277862548828,4.569756129058078e-05,benign,6,5,0,0,0,0,0,0,,,,
D8,45,46000,0.9549924978802198,0.9550107629661645,6.937207547837365,0.015236730243367622,0.9998714923858643,0.00018073688042932192,1.0,"IDS P(attack)=0.00 (benign), attribution=1.00",0.9998714923858643,-0.00018073688042932192,45,46000,0.0001285076141357422,5.665289063472301e-05,benign,6,5,0,0,0,0,0,0,,,,
D9,45,46000,0.9563696101874064,0.9561958102025616,6.938190729253024,0.001088352022039577,0.9999315738677979,6.907790411787574e-05,1.0,"IDS P(attack)=0.00 (benign), attribution=1.00",0.9999315738677979,-6.907790411787574e-05,45,46000,6.842613220214844e-05,2.063648571493104e-05,benign,6,5,0,0,0,0,0,0,,,,
D1,46,47000,0.9494739048363079,0.950325162837556,6.683245168886359,0.058428298948041114,0.9998998641967773,5.959662594250403e-05,1.0,"IDS P(attack)=0.00 (benign), attribution=1.00",0.9998998641967773,-5.959662594250403e-05,46,47000,0.00010013580322265625,1.5640791389159858e-05,benign,1,0,0,0,0,0,0,0,,,,
D10,46,47000,0.956090924949872,0.9559573149893253,6.896512355666676,0.0020220608918199226,0.9999306201934814,7.071716481732437e-05,1.0,"IDS P(attack)=0.00 (benign), attribution=1.00",0.9999306201934814,-7.071716481732437e-05,46,47000,6.937980651855469e-05,2.1161471522646025e-05,benign,7,6,0,0,0,0,0,0,,,,
D2,46,47000,0.9561775386558626,0.9559088859958973,6.896723705099639,0.002609290688003258,0.999411940574646,0.0015052786882733928,1.0,"IDS P(attack)=0.00 (benign), attribution=1.00",0.999411940574646,-0.0015052786882733928,46,47000,0.0005880594253540039,0.0004972174647264183,benign,5,4,0,0,0,0,0,0,,,,
D3,46,47000,0.7554303445204542,0.7794954074986308,6.820560158540613,2.560932990037842,0.9998173117637634,0.0007287052758329082,2.8,"IDS P(attack)=0.00 (benign), attribution=1.00; repeat-offender x2.80",0.9998173117637634,-0.0007287052758329082,46,47000,0.00018268823623657227,8.500630792696029e-05,benign,6,5,0,0,0,0,0,0,,,,
D4,46,47000,0.956153653327043,0.9560086793131394,6.897100665833351,0.001436713202325143,0.9999165534973145,9.565781510900706e-05,1.0,"IDS P(attack)=0.00 (benign), attribution=1.00",0.9999165534973145,-9.565781510900706e-05,46,47000,8.344650268554688e-05,2.9172224458307028e-05,benign,6,5,0,0,0,0,0,0,,,,
D5,46,47000,0.9162709841940927,0.9215799476667172,7.108732930547205,0.4452760121089529,0.999461829662323,0.0013170206715585665,1.0,"IDS P(attack)=0.00 (benign), attribution=1.00",0.999461829662323,-0.0013170206715585665,46,47000,0.000538170337677002,0.00043378776172176003,benign,5,4,0,0,0,0,0,0,,,,
D6,46,47000,0.9358374755324672,0.9386191485024108,6.88989188277969,0.21214276583660055,0.9998588562011719,0.00020314014691393825,1.0,"IDS P(attack)=0.00 (benign), attribution=1.00",0.9998588562011719,-0.00020314014691393825,46,47000,0.000141143798828125,6.384862354025245e-05,benign,6,5,0,0,0,0,0,0,,,,
D7,46,47000,0.9530151245141227,0.953332929874273,6.886582086127189,0.0329144454391009,0.9999353885650635,7.077901382217532e-05,1.0,"IDS P(attack)=0.00 (benign), attribution=1.00",0.9999353885650635,-7.077901382217532e-05,46,47000,6.461143493652344e-05,2.1434139853226952e-05,benign,7,6,0,0,0,0,0,0,,,,
D8,46,47000,0.9550107629661645,0.9550372582560219,6.896573844365068,0.013005991570470178,0.9999474287033081,5.4770863607700454e-05,1.0,"IDS P(attack)=0.00 (benign), attribution=1.00",0.9999474287033081,-5.4770863607700454e-05,46,47000,5.257129669189453e-05,1.645093652768992e-05,benign,6,5,0,0,0,0,0,0,,,,
D9,46,47000,0.9561958102025616,0.9560410229363907,6.8973486326214175,0.001062493243484033,0.9998865127563477,0.00013739402475039243,1.0,"IDS P(attack)=0.00 (benign), attribution=1.00",0.9998865127563477,-0.00013739402475039243,46,47000,0.00011348724365234375,4.223541691317223e-05,benign,7,6,0,0,0,0,0,0,,,,
D1,47,48000,0.950325162837556,0.9509480785393789,6.680274761465697,0.05091125435779933,0.9995163679122925,0.0012472002519643864,1.0,"IDS P(attack)=0.00 (benign), attribution=1.00",0.9995163679122925,-0.0012472002519643864,47,48000,0.00048363208770751953,0.00041215980309061706,benign,2,1,0,0,0,0,0,0,,,,
D10,47,48000,0.9559573149893253,0.9558386888009494,6.861929167630395,0.0018388979373712994,0.9998936653137207,0.00012014617932436521,1.0,"IDS P(attack)=0.00 (benign), attribution=1.00",0.9998936653137207,-0.00012014617932436521,47,48000,0.00010633468627929688,3.655999171314761e-05,benign,7,6,0,0,0,0,0,0,,,,
D2,47,48000,0.9559088859958973,0.955783150472415,6.862000632218146,0.0025025261074471364,0.9997854828834534,0.00028462902264436707,1.0,"IDS P(attack)=0.00 (benign), attribution=1.00",0.9997854828834534,-0.00028462902264436707,47,48000,0.00021451711654663086,8.857945795170963e-05,benign,7,6,0,0,0,0,0,0,,,,
D3,47,48000,0.7794954074986308,0.8013292355835064,6.797416053277587,2.176965728656525,0.9999399185180664,0.00017268712435907218,2.65,"IDS P(attack)=0.00 (benign), attribution=1.00; repeat-offender x2.65",0.9999399185180664,-0.00017268712435907218,47,48000,6.008148193359375e-05,2.0983961803722195e-05,benign,6,5,0,0,0,0,0,0,,,,
D4,47,48000,0.9560086793131394,0.9558797038757064,6.862408488855687,0.0013734230449476122,0.9998729228973389,0.00015221682297124063,1.0,"IDS P(attack)=0.00 (benign), attribution=1.00",0.9998729228973389,-0.00015221682297124063,47,48000,0.0001270771026611328,4.6721143007744104e-05,benign,6,5,0,0,0,0,0,0,,,,
D5,47,48000,0.9215799476667172,0.9263031839428453,7.042373519109961,0.3785328434350436,0.9999505281448364,4.823314243367349e-05,1.0,"IDS P(attack)=0.00 (benign), attribution=1.00",0.9999505281448364,-4.823314243367349e-05,47,48000,4.947185516357422e-05,1.4320127775135916e-05,benign,6,5,0,0,0,0,0,0,,,,
D6,47,48000,0.9386191485024108,0.9249753144317805,6.8562826921901285,0.3805523593044363,0.9998745918273926,0.20023100834332583,1.0,"IDS P(attack)=0.00 (benign), attribution=1.00; transmission-rate anomaly",0.9998745918273926,-0.00023100834332581146,47,48000,0.00012540817260742188,7.44551289244555e-05,benign,18,17,0,0,0,0,0,0,,-0.2,,
D7,47,48000,0.953332929874273,0.9535959316623605,6.8534630469431566,0.028153302890474737,0.9998682737350464,0.00017602426723897226,1.0,"IDS P(attack)=0.00 (benign), attribution=1.00",0.9998682737350464,-0.00017602426723897226,47,48000,0.00013172626495361328,5.482993947225623e-05,benign,7,6,0,0,0,0,0,0,,,,
D8,47,48000,0.9550372582560219,0.9550517422535663,6.861969273676494,0.011204338934581127,0.9998815059661865,0.00014924609968147706,1.0,"IDS P(attack)=0.00 (benign), attribution=1.00",0.9998815059661865,-0.00014924609968147706,47,48000,0.00011849403381347656,4.613052442437038e-05,benign,6,5,0,0,0,0,0,0,,,,
D9,47,48000,0.9560410229363907,0.9559104361437006,6.862643936948481,0.0010189400571994258,0.9998975992202759,0.00011582080023799791,1.0,"IDS P(attack)=0.00 (benign), attribution=1.00",0.9998975992202759,-0.00011582080023799791,47,48000,0.0001024007797241211,3.524936255416833e-05,benign,6,5,0,0,0,0,0,0,,,,
D1,48,49000,0.9509480785393789,0.951127040811756,6.676285905873162,0.04859305116006238,0.9980523586273193,0.005318484955932946,1.0,"IDS P(attack)=0.00 (benign), attribution=1.00",0.9980523586273193,-0.005318484955932946,48,49000,0.001947641372680664,0.0017636276315897703,benign,3,2,0,0,0,0,0,0,,,,
D10,48,49000,0.9558386888009494,0.9557351067362497,6.8325036554771685,0.0017076538355177847,0.999863862991333,0.00014459058875218036,1.0,"IDS P(attack)=0.00 (benign), attribution=1.00",0.999863862991333,-0.00014459058875218036,48,49000,0.0001361370086669922,4.3568434193730354e-05,benign,7,6,0,0,0,0,0,0,,,,
D2,48,49000,0.955783150472415,0.9556848366785359,6.83258478516527,0.0023076076173842624,0.9998842477798462,0.00018046042605419644,1.0,"IDS P(attack)=0.00 (benign), attribution=1.00",0.9998842477798462,-0.00018046042605419644,48,49000,0.0001157522201538086,5.722722562495619e-05,benign,6,5,0,0,0,0,0,0,,,,
D3,48,49000,0.8013292355835064,0.8209395152901046,6.777676568183288,1.8507894971572991,0.9998729228973389,0.000368627799252863,2.5,"IDS P(attack)=0.00 (benign), attribution=1.00; repeat-offender x2.50",0.9998729228973389,-0.000368627799252863,48,49000,0.0001270771026611328,4.7560031816828996e-05,benign,6,5,0,0,0,0,0,0,,,,
D4,48,49000,0.9558797038757064,0.9557543064724121,6.832779054230489,0.0014927150625309027,0.9997318387031555,0.00032530547432543246,1.0,"IDS P(attack)=0.00 (benign), attribution=1.00",0.9997318387031555,-0.00032530547432543246,48,49000,0.0002681612968444824,0.00010002851922763512,benign,7,6,0,0,0,0,0,0,,,,
D5,48,49000,0.9263031839428453,0.9241530287710346,6.984530772588834,0.40152102902283215,0.9985132813453674,0.0797681121030451,1.0,"IDS P(attack)=0.00 (benign), attribution=1.00; transmission-rate anomaly",0.9985132813453674,-0.0038042342523112896,48,49000,0.0014867186546325684,0.0012565706856548786,benign,12,11,0,0,0,0,0,0,,-0.07596387785073382,,
D6,48,49000,0.9249753144317805,0.9136347901082156,6.827807148179114,0.5235444700058863,0.9999668598175049,0.2000749645971155,1.0,"IDS P(attack)=0.00 (benign), attribution=1.00; transmission-rate anomaly",0.9999668598175049,-7.496459711546776e-05,48,49000,3.314018249511719e-05,2.4559147277614102e-05,benign,25,24,0,0,0,0,0,0,,-0.2,,
D7,48,49000,0.9535959316623605,0.9538298826934741,6.825379216885326,0.024002274828963117,0.9999356269836426,7.196737205958926e-05,1.0,"IDS P(attack)=0.00 (benign), attribution=1.00",0.9999356269836426,-7.196737205958926e-05,48,49000,6.437301635742188e-05,2.1863656002096832e-05,benign,6,5,0,0,0,0,0,0,,,,
D8,48,49000,0.9550517422535663,0.9550722480220156,6.832616662166036,0.009579370229128484,0.9999427795410156,5.5682134734524874e-05,1.0,"IDS P(attack)=0.00 (benign), attribution=1.00",0.9999427795410156,-5.5682134734524874e-05,48,49000,5.7220458984375e-05,1.652598803048022e-05,benign,6,5,0,0,0,0,0,0,,,,
D9,48,49000,0.9559104361437006,0.9557830314020891,6.833018762593495,0.0011631664390396369,0.9997714161872864,0.00029706739042012487,1.0,"IDS P(attack)=0.00 (benign), attribution=1.00",0.9997714161872864,-0.00029706739042012487,48,49000,0.00022858381271362305,9.220344509230927e-05,benign,7,6,0,0,0,0,0,0,,,,
D1,49,50000,0.951127040811756,0.9516298007461104,6.6743499703706055,0.04256438225007717,0.999506950378418,0.0012602887640241534,1.0,"IDS P(attack)=0.00 (benign), attribution=1.00",0.999506950378418,-0.0012602887640241534,49,50000,0.0004930496215820312,0.0004162566037848592,benign,2,1,0,0,0,0,0,0,,,,
D10,49,50000,0.9557351067362497,0.9556460532553566,6.807512950981887,0.0016039696255692212,0.999884843826294,0.0001524638653791044,1.0,"IDS P(attack)=0.00 (benign), attribution=1.00",0.999884843826294,-0.0001524638653791044,49,50000,0.00011515617370605469,4.7435241867788136e-05,benign,6,5,0,0,0,0,0,0,,,,
D2,49,50000,0.9556848366785359,0.955601417283399,6.807560691963234,0.0021344345751546797,0.9998636245727539,0.000172968100378057,1.0,"IDS P(attack)=0.00 (benign), attribution=1.00",0.9998636245727539,-0.000172968100378057,49,50000,0.00013637542724609375,5.3512907470576465e-05,benign,6,5,0,0,0,0,0,0,,,,
D3,49,50000,0.8209395152901046,0.8384412475635046,6.760877978692489,1.573507268888556,0.9998528957366943,0.0003361963048519101,2.3499999999999996,"IDS P(attack)=0.00 (benign), attribution=1.00; repeat-offender x2.35",0.9998528957366943,-0.0003361963048519101,49,50000,0.00014710426330566406,4.55261833849363e-05,benign,8,6,0,0,0,0,0,0,,,,
D4,49,50000,0.9557543064724121,0.9556705988198738,6.8078080750784595,0.0013271943592169377,0.999945878982544,5.838655606567045e-05,1.0,"IDS P(attack)=0.00 (benign), attribution=1.00",0.999945878982544,-5.838655606567045e-05,49,50000,5.412101745605469e-05,1.7638036297284998e-05,benign,6,5,0,0,0,0,0,0,,,,
D5,49,50000,0.9241530287710346,0.9130295689883483,6.936642719257729,0.5417674995654219,0.9997915625572205,0.20047462489601459,1.0,"IDS P(attack)=0.00 (benign), attribution=1.00; transmission-rate anomaly",0.9997915625572205,-0.0004746248960145749,49,50000,0.00020843744277954102,0.00015556465950794518,benign,39,38,0,0,0,0,0,0,,-0.2,,
D6,49,50000,0.9136347901082156,0.9040243974247747,6.8029049057747875,0.6468886358024074,0.9992688298225403,0.20187583629740402,1.0,"IDS P(attack)=0.00 (benign), attribution=1.00; transmission-rate anomaly",0.9992688298225403,-0.0018758362974040212,49,50000,0.0007311701774597168,0.0006197055336087942,benign,33,32,0,0,0,0,0,0,,-0.2,,
D7,49,50000,0.9538298826934741,0.9540306660090363,6.801513206544909,0.020463739678954998,0.9999408721923828,6.180607433634578e-05,1.0,"IDS P(attack)=0.00 (benign), attribution=1.00",0.9999408721923828,-6.180607433634578e-05,49,50000,5.91278076171875e-05,1.857435199781321e-05,benign,7,6,0,0,0,0,0,0,,,,
D8,49,50000,0.9550722480220156,0.9550820806707883,6.807617351317693,0.008286873088985259,0.9998931884765625,0.0001444083942260477,1.0,"IDS P(attack)=0.00 (benign), attribution=1.00",0.9998931884765625,-0.0001444083942260477,49,50000,0.0001068115234375,4.504795288085006e-05,benign,7,6,0,0,0,0,0,0,,,,
D9,49,50000,0.9557830314020891,0.9556767940952574,6.807847735599948,0.001255721109781418,0.9997817873954773,0.00026702963659772647,1.0,"IDS P(attack)=0.00 (benign), attribution=1.00",0.9997817873954773,-0.00026702963659772647,49,50000,0.00021821260452270508,8.220973541028798e-05,benign,6,5,0,0,0,0,0,0,,,,
D1,50,51000,0.9516298007461104,0.9521464094655349,6.673111524917249,0.03641614731159543,0.9999140501022339,0.00023642239902983418,1.0,"IDS P(attack)=0.00 (benign), attribution=1.00",0.9999140501022339,-0.00023642239902983418,50,51000,8.594989776611328e-05,7.843154889997095e-05,benign,9,4,0,0,0,0,0,0,,,,
D10,50,51000,0.9556460532553566,0.9574109303969823,7.28566389806315,0.002026778691129897,1.4992778897285461,0.0006634045093960594,1.0,"IDS P(attack)=0.00 (benign), attribution=1.00; 1 successful MAKA",0.9992778897285461,-0.0006634045093960594,50,51000,0.0007221102714538574,0.00019476770830806345,benign,8,7,0,1,0,0,0,0,0.5,,,
D2,50,51000,0.955601417283399,0.9574117681879767,7.286151870360979,0.0020381700867740096,1.4997252821922302,0.00022390069789253174,1.0,"IDS P(attack)=0.00 (benign), attribution=1.00; 1 successful MAKA",0.9997252821922302,-0.00022390069789253174,50,51000,0.0002747178077697754,6.410281639546156e-05,benign,7,6,0,1,0,0,0,0,0.5,,,
D3,50,51000,0.8384412475635046,0.853961429165533,6.74659905841602,1.3378089621163516,0.9998527765274048,0.00032778356107883156,2.2,"IDS P(attack)=0.00 (benign), attribution=1.00; repeat-offender x2.20",0.9998527765274048,-0.00032778356107883156,50,51000,0.00014722347259521484,4.739535506814718e-05,benign,6,5,0,0,0,0,0,0,,,,
D4,50,51000,0.9556705988198738,0.955597525350283,6.786554967034769,0.0012044514305089974,0.9999181032180786,7.633622517460025e-05,1.0,"IDS P(attack)=0.00 (benign), attribution=1.00",0.9999181032180786,-7.633622517460025e-05,50,51000,8.189678192138672e-05,2.247428346890956e-05,benign,7,6,0,0,0,0,0,0,,,,
D5,50,51000,0.9130295689883483,0.8730695537523268,6.761138691511281,1.0644986477607872,0.8649923801422119,0.6039962731301785,1.0,"IDS P(attack)=0.14 (benign), attribution=1.00; transmission-rate anomaly",0.8649923801422119,-0.4039962731301785,50,51000,0.13500761985778809,0.1346474140882492,benign,34,33,0,0,0,0,0,0,,-0.2,,
D6,50,51000,0.9040243974247747,0.900233273977833,7.282071189695404,0.7503151548391233,1.4996020197868347,0.20045981440707694,1.0,"IDS P(attack)=0.00 (benign), attribution=1.00; 1 successful MAKA; transmission-rate anomaly",0.9996020197868347,-0.0004598144070769195,50,51000,0.0003979802131652832,0.0001403920614393428,benign,13,12,0,1,0,0,0,0,0.5,-0.2,,
D7,50,51000,0.9540306660090363,0.9541975886631698,6.7811800100861825,0.017507115282272306,0.9998937845230103,0.00011293655516055879,1.0,"IDS P(attack)=0.00 (benign), attribution=1.00",0.9998937845230103,-0.00011293655516055879,50,51000,0.0001062154769897461,3.403657319722697e-05,benign,7,6,0,0,0,0,0,0,,,,
D8,50,51000,0.9550820806707883,0.9550905208803536,6.786366387375837,0.007187628251410219,0.9998916387557983,0.00014378612577274906,1.0,"IDS P(attack)=0.00 (benign), attribution=1.00",0.9998916387557983,-0.00014378612577274906,50,51000,0.00010836124420166016,4.474804882192984e-05,benign,6,5,0,0,0,0,0,0,,,,
D9,50,51000,0.9556767940952574,0.9555946972949699,6.786562452434333,0.0012382050705411385,0.9998918771743774,0.00017084212722693335,1.0,"IDS P(attack)=0.00 (benign), attribution=1.00",0.9998918771743774,-0.00017084212722693335,50,51000,0.0001081228256225586,5.425393101177178e-05,benign,6,5,0,0,0,0,0,0,,,,
D1,51,52000,0.9521464094655349,0.9524711525673498,6.671590413378605,0.032518377332523836,0.9994456171989441,0.00156465211766772,1.0,"IDS P(attack)=0.00 (benign), attribution=1.00",0.9994456171989441,-0.00156465211766772,51,52000,0.0005543828010559082,0.0005198227008804679,benign,8,4,0,0,0,0,0,0,,,,
D10,51,52000,0.9574109303969823,0.9570674003291164,7.192563437403817,0.0020815098119347135,0.9997491240501404,0.0003587479244743008,1.0,"IDS P(attack)=0.00 (benign), attribution=1.00",0.9997491240501404,-0.0003587479244743008,51,52000,0.00025087594985961914,0.00011267246736679226,benign,7,6,0,0,0,0,0,0,,,,
D2,51,52000,0.9574117681879767,0.9570783583079677,7.193036030362404,0.0019688072255341976,0.9998069405555725,0.00023636265177628957,1.0,"IDS P(attack)=0.00 (benign), attribution=1.00",0.9998069405555725,-0.00023636265177628957,51,52000,0.00019305944442749023,7.27732403902337e-05,benign,7,6,0,0,0,0,0,0,,,,
D3,51,52000,0.853961429165533,0.8676596686931021,6.7345339785919105,1.1372914800704985,0.9999247789382935,0.00015386227159979173,2.2,"IDS P(attack)=0.00 (benign), attribution=1.00; repeat-offender x2.20",0.9999247789382935,-0.00015386227159979173,51,52000,7.522106170654297e-05,2.210528873547446e-05,benign,6,5,0,0,0,0,0,0,,,,
D4,51,52000,0.955597525350283,0.957412609055271,7.268412696787293,0.0012387473339874008,1.4998409748077393,0.0002149636180547532,1.0,"IDS P(attack)=0.00 (benign), attribution=1.00; 1 successful MAKA",0.9998409748077393,-0.0002149636180547532,51,52000,0.0001590251922607422,6.705608393531293e-05,benign,7,6,0,1,0,0,0,0,0.5,,,
D5,51,52000,0.8730695537523268,0.8693213151422244,6.743414795304883,1.1149785952301425,0.9964469075202942,0.21015474463347347,1.0,"IDS P(attack)=0.00 (benign), attribution=1.00; transmission-rate anomaly",0.9964469075202942,-0.010154744633473455,51,52000,0.0035530924797058105,0.0033760634250938892,benign,30,29,0,0,0,0,0,0,,-0.2,,
D6,51,52000,0.900233273977833,0.9076321393460097,7.189186399302616,0.6387005432696614,0.9994258880615234,0.0009326616564067081,1.0,"IDS P(attack)=0.00 (benign), attribution=1.00",0.9994258880615234,-0.0009326616564067081,51,52000,0.0005741119384765625,0.0002970332861877978,benign,4,3,0,0,0,0,0,0,,,,
D7,51,52000,0.9541975886631698,0.9543405480549197,6.763735920160016,0.014979986963519251,0.9997329115867615,9.893897358779213e-05,1.0,"IDS P(attack)=0.00 (benign), attribution=1.00",0.9997329115867615,-9.893897358779213e-05,51,52000,0.0002670884132385254,2.065814442175906e-05,benign,1,0,0,0,0,0,0,0,,,,
D8,51,52000,0.9550905208803536,0.957005701899582,7.2682524040772005,0.006235858333978551,1.4998409748077393,0.00012637432027986508,1.0,"IDS P(attack)=0.00 (benign), attribution=1.00; 1 successful MAKA",0.9998409748077393,-0.00012637432027986508,51,52000,0.0001590251922607422,3.597211980377324e-05,benign,7,6,0,1,0,0,0,0,0.5,,,
D9,51,52000,0.9555946972949699,0.9573693345178013,7.26780131683847,0.0017435292096129218,1.499223232269287,0.0006910548996529541,1.0,"IDS P(attack)=0.00 (benign), attribution=1.00; 1 successful MAKA",0.9992232322692871,-0.0006910548996529541,51,52000,0.0007767677307128906,0.00020159289124421775,benign,8,7,0,1,0,0,0,0,0.5,,,
D1,52,53000,0.9524711525673498,0.9528757846893403,6.670736099151661,0.027718380023261345,0.9998842477798462,7.775929061608621e-05,1.0,"IDS P(attack)=0.00 (benign), attribution=1.00",0.9998842477798462,-7.775929061608621e-05,52,53000,0.0001157522201538086,2.1191739506321028e-05,benign,3,1,0,0,0,0,0,0,,,,
D10,52,53000,0.9570674003291164,0.9567545204521103,7.113291551206849,0.002322813442623778,0.9996126294136047,0.0005535301024792716,1.0,"IDS P(attack)=0.00 (benign), attribution=1.00",0.9996126294136047,-0.0005535301024792716,52,53000,0.00038737058639526367,0.00017383316298946738,benign,7,6,0,0,0,0,0,0,,,,
D2,52,53000,0.9570783583079677,0.9568008650591329,7.113986688887877,0.0017915725594553965,0.999906063079834,0.00011808641775132855,1.0,"IDS P(attack)=0.00 (benign), attribution=1.00",0.999906063079834,-0.00011808641775132855,52,53000,9.393692016601562e-05,3.648978236014955e-05,benign,6,5,0,0,0,0,0,0,,,,
D3,52,53000,0.8676596686931021,0.8844053760065028,7.224151643243401,0.9670326798614738,1.499797761440277,0.00033492180155008104,2.2,"IDS P(attack)=0.00 (benign), attribution=1.00; 1 successful MAKA; repeat-offender x2.20",0.9997977614402771,-0.00033492180155008104,52,53000,0.0002022385597229004,4.7222638386301696e-05,benign,7,6,0,1,0,0,0,0,0.5,,,
D4,52,53000,0.957412609055271,0.9570863667189493,7.17803635135123,0.0011983969937830962,0.9998855590820312,0.0001454617598938057,1.0,"IDS P(attack)=0.00 (benign), attribution=1.00",0.9998855590820312,-0.0001454617598938057,52,53000,0.00011444091796875,4.501600778894499e-05,benign,6,5,0,0,0,0,0,0,,,,
D5,52,53000,0.8693213151422244,0.8668836267957108,6.731767631093379,1.147942054694029,0.9998650550842285,0.20021024874840807,1.0,"IDS P(attack)=0.00 (benign), attribution=1.00; transmission-rate anomaly",0.9998650550842285,-0.00021024874840804844,52,53000,0.00013494491577148438,6.666912668151781e-05,benign,26,25,0,0,0,0,0,0,,-0.2,,
D6,52,53000,0.9076321393460097,0.9141800221558948,7.110701389465207,0.5430332363068963,0.9998929500579834,0.00013777452768408692,1.0,"IDS P(attack)=0.00 (benign), attribution=1.00",0.9998929500579834,-0.00013777452768408692,52,53000,0.00010704994201660156,4.270773206371814e-05,benign,5,4,0,0,0,0,0,0,,,,
D7,52,53000,0.9543405480549197,0.9544625640411093,6.748914523396542,0.012831016299218357,0.9997389912605286,9.802738022699486e-05,1.0,"IDS P(attack)=0.00 (benign), attribution=1.00",0.9997389912605286,-9.802738022699486e-05,52,53000,0.00026100873947143555,2.0658269932027906e-05,benign,1,0,0,0,0,0,0,0,,,,
D8,52,53000,0.957005701899582,0.9567438653702277,7.177943852356917,0.005375222839272553,0.9999293088912964,7.474325539078564e-05,1.0,"IDS P(attack)=0.00 (benign), attribution=1.00",0.9999293088912964,-7.474325539078564e-05,52,53000,7.069110870361328e-05,2.250511897727847e-05,benign,7,6,0,0,0,0,0,0,,,,
D9,52,53000,0.9573693345178013,0.9570513268552859,7.177536705555375,0.0016035786788379759,0.9999055862426758,0.00012157885066699237,1.0,"IDS P(attack)=0.00 (benign), attribution=1.00",0.9999055862426758,-0.00012157885066699237,52,53000,9.441375732421875e-05,3.7690100725740194e-05,benign,6,5,0,0,0,0,0,0,,,,
D1,53,54000,0.9528757846893403,0.9532136904513346,6.66992833330006,0.02370898033103582,0.9998026490211487,0.00014835731126368047,1.0,"IDS P(attack)=0.00 (benign), attribution=1.00",0.9998026490211487,-0.00014835731126368047,53,54000,0.00019735097885131836,4.1668303310871124e-05,benign,2,0,0,0,0,0,0,0,,,,
D10,53,54000,0.9567545204521103,0.956516954918042,7.046158224447757,0.002155862043511077,0.999860405921936,0.00018147061728086556,1.0,"IDS P(attack)=0.00 (benign), attribution=1.00",0.999860405921936,-0.00018147061728086556,53,54000,0.00013959407806396484,5.632684406009503e-05,benign,6,5,0,0,0,0,0,0,,,,
D2,53,54000,0.9568008650591329,0.9565425816952199,7.046647823185158,0.00186871395413325,0.9997591376304626,0.0003458772785961628,1.0,"IDS P(attack)=0.00 (benign), attribution=1.00",0.9997591376304626,-0.0003458772785961628,53,54000,0.00024086236953735352,0.00010868348181247711,benign,7,6,0,0,0,0,0,0,,,,
D3,53,54000,0.8844053760065028,0.8938967040901656,7.140397885747674,0.8223372767974206,0.9998689889907837,0.00035949891516793284,2.2,"IDS P(attack)=0.00 (benign), attribution=1.00; repeat-offender x2.20",0.9998689889907837,-0.00035949891516793284,53,54000,0.0001310110092163086,5.268949826131575e-05,benign,6,5,0,0,0,0,0,0,,,,
D4,53,54000,0.9570863667189493,0.9567858873627703,7.101058445817277,0.0013894920547980923,0.9997275471687317,0.00037085461008246057,1.0,"IDS P(attack)=0.00 (benign), attribution=1.00",0.9997275471687317,-0.00037085461008246057,53,54000,0.00027245283126831055,0.00011578480189200491,benign,7,6,0,0,0,0,0,0,,,,
D5,53,54000,0.8668836267957108,0.8648139622337554,6.721894721231618,1.1760257442725417,0.9998922348022461,0.200274997782617,1.0,"IDS P(attack)=0.00 (benign), attribution=1.00; transmission-rate anomaly",0.9998922348022461,-0.0002749977826169925,53,54000,0.00010776519775390625,9.08185975276865e-05,benign,29,28,0,0,0,0,0,0,,-0.2,,
D6,53,54000,0.9141800221558948,0.9198917901718836,7.0439652892455,0.4617569133430379,0.9998691082000732,0.00017866248217615068,1.0,"IDS P(attack)=0.00 (benign), attribution=1.00",0.9998691082000732,-0.00017866248217615068,53,54000,0.0001308917999267578,5.579954813583754e-05,benign,5,4,0,0,0,0,0,0,,,,
D7,53,54000,0.9544625640411093,0.9545665671300279,6.736316336147589,0.011004391234562597,0.9997389912605286,9.802738022699486e-05,1.0,"IDS P(attack)=0.00 (benign), attribution=1.00",0.9997389912605286,-9.802738022699486e-05,53,54000,0.00026100873947143555,2.0658269932027906e-05,benign,1,0,0,0,0,0,0,0,,,,
D8,53,54000,0.9567438653702277,0.956512514765812,7.101139979352622,0.0047091945816802785,0.9998877048492432,0.0001402551682986086,1.0,"IDS P(attack)=0.00 (benign), attribution=1.00",0.9998877048492432,-0.0001402551682986086,53,54000,0.00011229515075683594,4.330206866143271e-05,benign,6,5,0,0,0,0,0,0,,,,
D9,53,54000,0.9570513268552859,0.9567772135813637,7.1007997458264995,0.0014829885986915776,0.9998935461044312,0.0001199467216792982,1.0,"IDS P(attack)=0.00 (benign), attribution=1.00",0.9998935461044312,-0.0001199467216792982,53,54000,0.00010645389556884766,3.6483732401393354e-05,benign,7,6,0,0,0,0,0,0,,,,
D1,54,55000,0.9532136904513346,0.9534276961149274,6.669081336227109,0.021155091455860572,0.9996422529220581,0.0010024581744801251,1.0,"IDS P(attack)=0.00 (benign), attribution=1.00",0.9996422529220581,-0.0010024581744801251,54,55000,0.00035774707794189453,0.00033291091676801443,benign,8,5,0,0,0,0,0,0,,,,
D10,54,55000,0.956516954918042,0.9562975514068086,6.988976939110519,0.002192229883633585,0.9997424483299255,0.0003597471466491697,1.0,"IDS P(attack)=0.00 (benign), attribution=1.00",0.9997424483299255,-0.0003597471466491697,54,55000,0.0002575516700744629,0.000112671717943158,benign,7,6,0,0,0,0,0,0,,,,
D2,54,55000,0.9565425816952199,0.956338356620709,6.989531440417833,0.0017272384143536864,0.9998807907104492,0.00013883155334042384,1.0,"IDS P(attack)=0.00 (benign), attribution=1.00",0.9998807907104492,-0.00013883155334042384,54,55000,0.00011920928955078125,4.243865259923041e-05,benign,7,6,0,0,0,0,0,0,,,,
D3,54,55000,0.8938967040901656,0.9022630194821979,7.069299340657129,0.6990737408526482,0.9999611377716064,8.70555748406332e-05,2.05,"IDS P(attack)=0.00 (benign), attribution=1.00; repeat-offender x2.05",0.9999611377716064,-8.70555748406332e-05,54,55000,3.886222839355469e-05,1.35377067636e-05,benign,6,5,0,0,0,0,0,0,,,,
D4,54,55000,0.9567858873627703,0.9565532145470752,7.035835425137618,0.001249242298317712,0.9999357461929321,6.817405173933366e-05,1.0,"IDS P(attack)=0.00 (benign), attribution=1.00",0.9999357461929321,-6.817405173933366e-05,54,55000,6.42538070678711e-05,2.053894058917649e-05,benign,6,5,0,0,0,0,0,0,,,,
D5,54,55000,0.8648139622337554,0.8682998467940171,7.2129788826261905,1.2007385665100143,1.4993683695793152,0.2011166838783538,1.0,"IDS P(attack)=0.00 (benign), attribution=1.00; 1 successful MAKA; transmission-rate anomaly",0.9993683695793152,-0.001116683878353797,54,55000,0.0006316304206848145,0.00035857519833371043,benign,35,34,0,1,0,0,0,0,0.5,-0.2,,
D6,54,55000,0.9198917901718836,0.9248635635258933,6.987261776986604,0.39261133110670127,0.9998912811279297,0.00011795476511906601,1.0,"IDS P(attack)=0.00 (benign), attribution=1.00",0.9998912811279297,-0.00011795476511906601,54,55000,0.0001087188720703125,3.5665590985445306e-05,benign,5,4,0,0,0,0,0,0,,,,
D7,54,55000,0.9545665671300279,0.9565364684760602,7.225089853018236,0.01005064915402562,1.4992209672927856,0.000696916604647413,1.0,"IDS P(attack)=0.00 (benign), attribution=1.00; 1 successful MAKA",0.9992209672927856,-0.000696916604647413,54,55000,0.0007790327072143555,0.00020353042054921389,benign,8,7,0,1,0,0,0,0,0.5,,,
D8,54,55000,0.956512514765812,0.956136189088377,7.034971260300833,0.006241577613049796,0.9990022778511047,0.0022387622186215593,1.0,"IDS P(attack)=0.00 (benign), attribution=1.00",0.9990022778511047,-0.0022387622186215593,54,55000,0.0009977221488952637,0.0007330189109779894,benign,14,13,0,0,0,0,0,0,,,,
D9,54,55000,0.9567772135813637,0.9565387062994987,7.03556415094166,0.0014119047730696654,0.9998843669891357,0.00015136446418182457,1.0,"IDS P(attack)=0.00 (benign), attribution=1.00",0.9998843669891357,-0.00015136446418182457,54,55000,0.00011563301086425781,4.702439036918804e-05,benign,6,5,0,0,0,0,0,0,,,,
D1,55,56000,0.9534276961149274,0.9536911459978124,6.668618999989819,0.01804142436342399,0.9998998641967773,5.959662594250403e-05,1.0,"IDS P(attack)=0.00 (benign), attribution=1.00",0.9998998641967773,-5.959662594250403e-05,55,56000,0.00010013580322265625,1.5640791389159858e-05,benign,1,0,0,0,0,0,0,0,,,,
D10,55,56000,0.9562975514068086,0.9561338335887146,6.9405624489488975,0.0019386577058332305,0.999932050704956,7.52623047446832e-05,1.0,"IDS P(attack)=0.00 (benign), attribution=1.00",0.999932050704956,-7.52623047446832e-05,55,56000,6.794929504394531e-05,2.2831547539681196e-05,benign,7,6,0,0,0,0,0,0,,,,
D2,55,56000,0.956338356620709,0.956164827125565,6.941005284039911,0.0015880572471767393,0.9999035596847534,0.00011990459497610572,1.0,"IDS P(attack)=0.00 (benign), attribution=1.00",0.9999035596847534,-0.00011990459497610572,55,56000,9.644031524658203e-05,3.699598164530471e-05,benign,6,5,0,0,0,0,0,0,,,,
D3,55,56000,0.9022630194821979,0.9094862546043765,7.008198124517971,0.5955561310166557,0.9992936849594116,0.0013434512919047847,1.9,"IDS P(attack)=0.00 (benign), attribution=1.00; repeat-offender x1.90",0.9992936849594116,-0.0013434512919047847,55,56000,0.0007063150405883789,0.00022297370014712214,benign,6,6,0,0,0,0,0,0,,,,
D4,55,56000,0.9565532145470752,0.9563479193664558,6.980357352959382,0.0011935874488457994,0.9998972415924072,0.00013173149527574425,1.0,"IDS P(attack)=0.00 (benign), attribution=1.00",0.9998972415924072,-0.00013173149527574425,55,56000,0.00010275840759277344,4.08132400480099e-05,benign,7,6,0,0,0,0,0,0,,,,
D5,55,56000,0.8682998467940171,0.864122955184476,7.1216053968471,1.2487914953090873,0.9905733466148376,0.22816371377557518,1.0,"IDS P(attack)=0.01 (benign), attribution=1.00; transmission-rate anomaly",0.9905733466148376,-0.028163713775575163,55,56000,0.009426653385162354,0.009385865181684494,benign,28,27,0,0,0,0,0,0,,-0.2,,
D6,55,56000,0.9248635635258933,0.929138562425158,6.938952152066879,0.33426725184523687,0.9997796416282654,0.0005476204045407941,1.0,"IDS P(attack)=0.00 (benign), attribution=1.00",0.9997796416282654,-0.0005476204045407941,55,56000,0.00022035837173461914,0.0001805497013265267,benign,5,4,0,0,0,0,0,0,,,,
D7,55,56000,0.9565364684760602,0.9563269561831799,7.141150600968058,0.00878829172380934,0.9998242259025574,0.0002452399428875651,1.0,"IDS P(attack)=0.00 (benign), attribution=1.00",0.9998242259025574,-0.0002452399428875651,55,56000,0.00017577409744262695,7.679783448111266e-05,benign,7,6,0,0,0,0,0,0,,,,
D8,55,56000,0.956136189088377,0.9559071276032993,6.979205639939332,0.006434881924935715,0.9994800686836243,0.0011295409538433889,1.0,"IDS P(attack)=0.00 (benign), attribution=1.00",0.9994800686836243,-0.0011295409538433889,55,56000,0.0005199313163757324,0.00036896535311825573,benign,16,15,0,0,0,0,0,0,,,,
D9,55,56000,0.9565387062994987,0.9563338436635889,6.980104120127804,0.0013510148954148024,0.9998745918273926,0.00015089583830558696,1.0,"IDS P(attack)=0.00 (benign), attribution=1.00",0.9998745918273926,-0.00015089583830558696,55,56000,0.00012540817260742188,4.63454780401662e-05,benign,6,5,0,0,0,0,0,0,,,,
D1,56,57000,0.9536911459978124,0.9539152108641799,6.668226014188123,0.015394807334852895,0.9998998641967773,5.959662594250403e-05,1.0,"IDS P(attack)=0.00 (benign), attribution=1.00",0.9998998641967773,-5.959662594250403e-05,56,57000,0.00010013580322265625,1.5640791389159858e-05,benign,1,0,0,0,0,0,0,0,,,,
D10,56,57000,0.9561338335887146,0.9559947482603538,6.899423841379817,0.001709753981199359,0.9999457597732544,6.189493124111322e-05,1.0,"IDS P(attack)=0.00 (benign), attribution=1.00",0.9999457597732544,-6.189493124111322e-05,56,57000,5.424022674560547e-05,1.886277095763944e-05,benign,7,6,0,0,0,0,0,0,,,,
D2,56,57000,0.956164827125565,0.9559995197925943,6.899621616086787,0.0016619519755459392,0.9997671246528625,0.0003121033154457109,1.0,"IDS P(attack)=0.00 (benign), attribution=1.00",0.9997671246528625,-0.0003121033154457109,56,57000,0.00023287534713745117,9.72533380263485e-05,benign,7,6,0,0,0,0,0,0,,,,
D3,56,57000,0.9094862546043765,0.915882946770551,6.956923225519535,0.5063121029186594,0.9999548196792603,8.939155450207181e-05,1.75,"IDS P(attack)=0.00 (benign), attribution=1.00; repeat-offender x1.75",0.9999548196792603,-8.939155450207181e-05,56,57000,4.5180320739746094e-05,1.6198922821786255e-05,benign,6,5,0,0,0,0,0,0,,,,
D4,56,57000,0.9563479193664558,0.956171942895784,6.933198726631381,0.0011450729994589262,0.9998949766159058,0.00013052366793999683,1.0,"IDS P(attack)=0.00 (benign), attribution=1.00",0.9998949766159058,-0.00013052366793999683,56,57000,0.00010502338409423828,4.0270231693284586e-05,benign,6,5,0,0,0,0,0,0,,,,
D5,56,57000,0.864122955184476,0.8761470786117721,7.052791309846585,1.0624322977689205,0.9994267225265503,0.0009595267561962827,1.0,"IDS P(attack)=0.00 (benign), attribution=1.00",0.9994267225265503,-0.0009595267561962827,56,57000,0.000573277473449707,0.0003065035562030971,benign,7,6,0,0,0,0,0,0,,,,
D6,56,57000,0.929138562425158,0.9328619320201159,6.897973549876048,0.2843270948468503,0.9998642206192017,0.00019993077839899345,1.0,"IDS P(attack)=0.00 (benign), attribution=1.00",0.9998642206192017,-0.00019993077839899345,56,57000,0.00013577938079833984,6.300486711552367e-05,benign,6,5,0,0,0,0,0,0,,,,
D7,56,57000,0.9563269561831799,0.9561621777169577,7.069922697712498,0.007530328242067811,0.9999446868896484,6.0280276829871586e-05,1.0,"IDS P(attack)=0.00 (benign), attribution=1.00",0.9999446868896484,-6.0280276829871586e-05,56,57000,5.53131103515625e-05,1.8239757991977967e-05,benign,6,5,0,0,0,0,0,0,,,,
D8,56,57000,0.9559071276032993,0.9558008205356912,6.932259944094916,0.00554143587019786,0.9999351501464844,7.178623400250217e-05,1.0,"IDS P(attack)=0.00 (benign), attribution=1.00",0.9999351501464844,-7.178623400250217e-05,56,57000,6.4849853515625e-05,2.1775002096546814e-05,benign,6,5,0,0,0,0,0,0,,,,
D9,56,57000,0.9563338436635889,0.9561599542683387,6.932971796214162,0.001278035530946071,0.9998832941055298,0.00012967286984348901,1.0,"IDS P(attack)=0.00 (benign), attribution=1.00",0.9998832941055298,-0.00012967286984348901,56,57000,0.00011670589447021484,3.9356837078230456e-05,benign,7,6,0,0,0,0,0,0,,,,
D1,57,58000,0.9539152108641799,0.954000342697667,6.66749429406674,0.014361536196189,0.9995021820068359,0.0012759499615640378,1.0,"IDS P(attack)=0.00 (benign), attribution=1.00",0.9995021820068359,-0.0012759499615640378,57,58000,0.0004978179931640625,0.00042150079389102757,benign,2,1,0,0,0,0,0,0,,,,
D10,57,58000,0.9559947482603538,0.9558504739574109,6.864260223688012,0.0018064569171840532,0.9997499585151672,0.00035316603316459805,1.0,"IDS P(attack)=0.00 (benign), attribution=1.00",0.9997499585151672,-0.00035316603316459805,57,58000,0.00025004148483276367,0.00011075782822445035,benign,7,6,0,0,0,0,0,0,,,,
D2,57,58000,0.9559995197925943,0.955875221068369,6.864579310754152,0.0015269249645192269,0.9999009370803833,0.00011426578530517873,1.0,"IDS P(attack)=0.00 (benign), attribution=1.00",0.9999009370803833,-0.00011426578530517873,57,58000,9.906291961669922e-05,3.487942012725398e-05,benign,6,5,0,0,0,0,0,0,,,,
D3,57,58000,0.915882946770551,0.9213870516197733,6.912917322067276,0.43109253555191307,0.9995325803756714,0.0007272480710525998,1.6,"IDS P(attack)=0.00 (benign), attribution=1.00; repeat-offender x1.60",0.9995325803756714,-0.0007272480710525998,57,58000,0.0004674196243286133,0.00014131938223727047,benign,7,5,0,0,0,0,0,0,,,,
D4,57,58000,0.956171942895784,0.9560225464771598,6.893116159229081,0.0010880876990302713,0.9998972415924072,0.00011477564949018414,1.0,"IDS P(attack)=0.00 (benign), attribution=1.00",0.9998972415924072,-0.00011477564949018414,57,58000,0.00010275840759277344,3.486382047412917e-05,benign,7,6,0,0,0,0,0,0,,,,
D5,57,58000,0.8761470786117721,0.8868270613422023,6.994830413281096,0.9031115221403947,0.999957799911499,4.406903681228869e-05,1.0,"IDS P(attack)=0.00 (benign), attribution=1.00",0.999957799911499,-4.406903681228869e-05,57,58000,4.220008850097656e-05,1.3241762644611299e-05,benign,6,5,0,0,0,0,0,0,,,,
D6,57,58000,0.9328619320201159,0.9360821439148239,6.8632059918209105,0.24176485655943844,0.9999284744262695,8.682593961566453e-05,1.0,"IDS P(attack)=0.00 (benign), attribution=1.00",0.9999284744262695,-8.682593961566453e-05,57,58000,7.152557373046875e-05,2.6700738089857623e-05,benign,5,4,0,0,0,0,0,0,,,,
D7,57,58000,0.9561621777169577,0.9560162316395967,7.009334634089559,0.006510254033541996,0.9999003410339355,0.00010947502778435592,1.0,"IDS P(attack)=0.00 (benign), attribution=1.00",0.9999003410339355,-0.00010947502778435592,57,58000,9.965896606445312e-05,3.3167081710416824e-05,benign,7,6,0,0,0,0,0,0,,,,
D8,57,58000,0.9558008205356912,0.9556853983470859,6.89222825066412,0.005066580357542015,0.9998072981834412,0.0003563598678738344,1.0,"IDS P(attack)=0.00 (benign), attribution=1.00",0.9998072981834412,-0.0003563598678738344,57,58000,0.0001927018165588379,0.0001148963492596522,benign,6,5,0,0,0,0,0,0,,,,
D9,57,58000,0.9561599542683387,0.9560101498565297,6.8929127779569646,0.0012264784010205104,0.9998867511749268,0.00014014819971635005,1.0,"IDS P(attack)=0.00 (benign), attribution=1.00",0.9998867511749268,-0.00014014819971635005,57,58000,0.00011324882507324219,4.3214342440478504e-05,benign,6,5,0,0,0,0,0,0,,,,
D1,58,59000,0.954000342697667,0.9539279432478218,6.666273305283572,0.015151225554991791,0.9989031553268433,0.0029439197882311415,1.0,"IDS P(attack)=0.00 (benign), attribution=1.00",0.9989031553268433,-0.0029439197882311415,58,59000,0.0010968446731567383,0.0009752256446518004,benign,3,2,0,0,0,0,0,0,,,,
D10,58,59000,0.9558504739574109,0.9557286669193464,6.834372459952163,0.0018705920378963266,0.9997512698173523,0.0003351036582898814,1.0,"IDS P(attack)=0.00 (benign), attribution=1.00",0.9997512698173523,-0.0003351036582898814,58,59000,0.0002487301826477051,0.0001044891687342897,benign,7,6,0,0,0,0,0,0,,,,
D2,58,59000,0.955875221068369,0.9557682073581715,6.834791086244911,0.0014209815254123844,0.9998986721038818,0.00012309530557104155,1.0,"IDS P(attack)=0.00 (benign), attribution=1.00",0.9998986721038818,-0.00012309530557104155,58,59000,0.00010132789611816406,3.785828812397085e-05,benign,7,6,0,0,0,0,0,0,,,,
D3,58,59000,0.9213870516197733,0.9261946414626187,6.875855746096052,0.3666606313699522,0.9998760223388672,0.00023197615082608538,1.45,"IDS P(attack)=0.00 (benign), attribution=1.00; repeat-offender x1.45",0.9998760223388672,-0.00023197615082608538,58,59000,0.0001239776611328125,5.0804643251467496e-05,benign,6,5,0,0,0,0,0,0,,,,
D4,58,59000,0.9560225464771598,0.9559002302052056,6.859098309815239,0.000976692451563616,0.99994957447052,5.1817907387885494e-05,1.0,"IDS P(attack)=0.00 (benign), attribution=1.00",0.99994957447052,-5.1817907387885494e-05,58,59000,5.042552947998047e-05,1.5527746654697694e-05,benign,6,5,0,0,0,0,0,0,,,,
D5,58,59000,0.8868270613422023,0.881730799275124,6.945349134083884,0.9681325579270101,0.9997432827949524,0.2004877641076746,1.0,"IDS P(attack)=0.00 (benign), attribution=1.00; transmission-rate anomaly",0.9997432827949524,-0.0004877641076745931,58,59000,0.0002567172050476074,0.0001576338690938428,benign,27,26,0,0,0,0,0,0,,-0.2,,
D6,58,59000,0.9360821439148239,0.9388419221234874,6.833545385043776,0.20571924487421203,0.9998202919960022,0.00021911679868935607,1.0,"IDS P(attack)=0.00 (benign), attribution=1.00",0.9998202919960022,-0.00021911679868935607,58,59000,0.00017970800399780273,6.742477125953883e-05,benign,5,4,0,0,0,0,0,0,,,,
D7,58,59000,0.9560162316395967,0.9496564104049635,6.951577842029408,0.0805697031646571,0.9936434030532837,0.0750359872361464,1.0,"IDS P(attack)=0.01 (benign), attribution=1.00; transmission-rate anomaly",0.9936434030532837,-0.018287612171843645,58,59000,0.006356596946716309,0.006082148291170597,benign,29,28,0,0,0,0,0,0,,-0.05674837506430276,,
D8,58,59000,0.9556853983470859,0.9556120623509347,6.858337865489124,0.004367036724172148,0.9999438524246216,6.044342026143568e-05,1.0,"IDS P(attack)=0.00 (benign), attribution=1.00",0.9999438524246216,-6.044342026143568e-05,58,59000,5.614757537841797e-05,1.825308208935894e-05,benign,7,6,0,0,0,0,0,0,,,,
D9,58,59000,0.9560101498565297,0.9558808643568864,6.858857605648185,0.0011957342144045852,0.9998817443847656,0.00015322757353715134,1.0,"IDS P(attack)=0.00 (benign), attribution=1.00",0.9998817443847656,-0.00015322757353715134,58,59000,0.000118255615234375,4.7540081141050905e-05,benign,6,5,0,0,0,0,0,0,,,,
