config,level,mode,protocol,initiator,responder,success,failure_reason,failure_stage,session_id,message_bytes,rl_broadcasts,rl_broadcast_bytes,compute_ms_initiator,compute_ms_responder,network_ms,t_start_ms,t_end_ms,messages,total_bytes,total_bits,latency_ms,ops_initiator_point_mul,ops_initiator_point_add,ops_initiator_hash,ops_initiator_sym_enc,ops_initiator_sym_dec,ops_initiator_puf,ops_initiator_ss_gen,ops_initiator_ss_rec,ops_initiator_rand,ops_initiator_mod_inv,ops_responder_point_mul,ops_responder_point_add,ops_responder_hash,ops_responder_sym_enc,ops_responder_sym_dec,ops_responder_puf,ops_responder_ss_gen,ops_responder_ss_rec,ops_responder_rand,ops_responder_mod_inv
D2DAP-128-hint,128,hint,D2DAP,D3,D5,True,,,301580c826d39111,152|152,1,32,19.3505,19.163,0.0,110000,110040,2,304,2432,38.5135,5,1,9,1,1,1,0,1,1,2,5,1,9,1,1,1,0,1,1,2
D2DAP-128-hint,128,hint,D2DAP,D9,D5,True,,,c2d86b6adda2eaba,152|152,1,32,15.3575,16.8743,0.0,120000,120034,2,304,2432,32.2318,5,1,9,1,1,1,0,1,1,2,5,1,9,1,1,1,0,1,1,2
D2DAP-128-hint,128,hint,D2DAP,D9,D8,True,,,5ce83efe10ed04e9,152|152,1,32,17.5474,18.0262,0.0,130000,130038,2,304,2432,35.5736,5,1,9,1,1,1,0,1,1,2,5,1,9,1,1,1,0,1,1,2
D2DAP-128-hint,128,hint,D2DAP,D6,D2,True,,,afba2cf935453e88,152|152,1,32,19.441499999999998,18.9676,0.0,140000,140040,2,304,2432,38.409099999999995,5,1,9,1,1,1,0,1,1,2,5,1,9,1,1,1,0,1,1,2
D2DAP-128-hint,128,hint,D2DAP,D4,D7,True,,,16a5821116719a26,152|152,1,32,18.0683,17.7013,0.0,150000,150037,2,304,2432,35.7696,5,1,9,1,1,1,0,1,1,2,5,1,9,1,1,1,0,1,1,2
D2DAP-128-hint,128,hint,D2DAP,D9,D5,True,,,8fb5872792bf8d76,152|152,1,32,18.8197,14.7405,0.0,160000,160035,2,304,2432,33.5602,5,1,9,1,1,1,0,1,1,2,5,1,9,1,1,1,0,1,1,2
D2DAP-128-hint,128,hint,D2DAP,D7,D8,True,,,b062048e5f1f8b44,152|152,1,32,17.5609,17.5822,0.0,170000,170037,2,304,2432,35.143100000000004,5,1,9,1,1,1,0,1,1,2,5,1,9,1,1,1,0,1,1,2
D2DAP-128-hint,128,hint,D2DAP,D4,D2,True,,,8ebd18ac30c19b87,152|152,1,32,17.8548,22.4132,0.0,180000,180042,2,304,2432,40.268,5,1,9,1,1,1,0,1,1,2,5,1,9,1,1,1,0,1,1,2
D2DAP-128-hint,128,hint,D2DAP,D5,D1,True,,,270a3ee687bbf88f,152|152,1,32,17.4621,17.05,0.0,190000,190037,2,304,2432,34.512100000000004,5,1,9,1,1,1,0,1,1,2,5,1,9,1,1,1,0,1,1,2
D2DAP-128-hint,128,hint,D2DAP,D2,D8,True,,,e70d0a64074dbbaa,152|152,1,32,19.6821,21.0179,0.0,200000,200042,2,304,2432,40.7,5,1,9,1,1,1,0,1,1,2,5,1,9,1,1,1,0,1,1,2
D2DAP-128-hint,128,hint,D2DAP,D8,D9,True,,,ba4a8b2b06488894,152|152,1,32,15.0891,18.6844,0.0,210000,210035,2,304,2432,33.7735,5,1,9,1,1,1,0,1,1,2,5,1,9,1,1,1,0,1,1,2
D2DAP-128-hint,128,hint,D2DAP,D5,D9,True,,,33279c10d894e205,152|152,1,32,15.0015,16.7625,0.0,220000,220033,2,304,2432,31.764,5,1,9,1,1,1,0,1,1,2,5,1,9,1,1,1,0,1,1,2
D2DAP-128-hint,128,hint,D2DAP,D4,D9,True,,,a24aa8c03a42936f,152|152,1,32,14.743500000000001,16.4874,0.0,230000,230033,2,304,2432,31.230900000000002,5,1,9,1,1,1,0,1,1,2,5,1,9,1,1,1,0,1,1,2
D2DAP-128-hint,128,hint,D2DAP,D8,D5,True,,,b7a8ac01f80f2469,152|152,1,32,15.4696,15.7733,0.0,240000,240033,2,304,2432,31.2429,5,1,9,1,1,1,0,1,1,2,5,1,9,1,1,1,0,1,1,2
D2DAP-128-hint,128,hint,D2DAP,D5,D2,True,,,e8ff4843a81fa173,152|152,1,32,15.5946,17.188,0.0,250000,250035,2,304,2432,32.7826,5,1,9,1,1,1,0,1,1,2,5,1,9,1,1,1,0,1,1,2
D2DAP-128-hint,128,hint,D2DAP,D4,D5,True,,,7ca5a9ee3662d241,152|152,1,32,17.1981,17.4562,0.0,260000,260036,2,304,2432,34.6543,5,1,9,1,1,1,0,1,1,2,5,1,9,1,1,1,0,1,1,2
D2DAP-128-hint,128,hint,D2DAP,D6,D7,True,,,555c7cb4bd017d0e,152|152,1,32,26.818800000000003,46.8783,0.0,270000,270075,2,304,2432,73.6971,5,1,9,1,1,1,0,1,1,2,5,1,9,1,1,1,0,1,1,2
D2DAP-128-hint,128,hint,D2DAP,D4,D2,True,,,ceddb7b831e11714,152|152,1,32,12.4418,13.9279,0.0,280000,280028,2,304,2432,26.3697,5,1,9,1,1,1,0,1,1,2,5,1,9,1,1,1,0,1,1,2
D2DAP-128-hint,128,hint,D2DAP,D8,D6,True,,,1c0a2f9dab147aae,152|152,1,32,11.832,14.134,0.0,290000,290028,2,304,2432,25.966,5,1,9,1,1,1,0,1,1,2,5,1,9,1,1,1,0,1,1,2
D2DAP-128-hint,128,hint,D2DAP,D3,D8,True,,,70a95cd14f0702d5,152|152,1,32,14.2179,13.8093,0.0,300000,300029,2,304,2432,28.0272,5,1,9,1,1,1,0,1,1,2,5,1,9,1,1,1,0,1,1,2
D2DAP-128-hint,128,hint,D2DAP,D4,D9,True,,,3ad87db4a0a725cf,152|152,1,32,15.767600000000002,14.6305,0.0,310000,310032,2,304,2432,30.3981,5,1,9,1,1,1,0,1,1,2,5,1,9,1,1,1,0,1,1,2
D2DAP-128-hint,128,hint,D2DAP,D9,D4,True,,,48cbaee37d935a7c,152|152,1,32,11.6541,12.1872,0.0,320000,320026,2,304,2432,23.8413,5,1,9,1,1,1,0,1,1,2,5,1,9,1,1,1,0,1,1,2
D2DAP-128-hint,128,hint,D2DAP,D3,D7,True,,,e1f9273f9270fa6a,152|152,1,32,13.796700000000001,13.1347,0.0,330000,330028,2,304,2432,26.931400000000004,5,1,9,1,1,1,0,1,1,2,5,1,9,1,1,1,0,1,1,2
D2DAP-128-hint,128,hint,D2DAP,D9,D2,True,,,82c8aba63df88b38,152|152,1,32,12.991,14.0341,0.0,340000,340029,2,304,2432,27.025100000000002,5,1,9,1,1,1,0,1,1,2,5,1,9,1,1,1,0,1,1,2
D2DAP-128-hint,128,hint,D2DAP,D8,D1,True,,,dfc2b7c22ff966d2,152|152,1,32,12.7817,12.9297,0.0,350000,350026,2,304,2432,25.7114,5,1,9,1,1,1,0,1,1,2,5,1,9,1,1,1,0,1,1,2
D2DAP-128-hint,128,hint,D2DAP,D8,D10,True,,,d196911c4fb656d4,152|152,1,32,14.504,13.0305,0.0,360000,360029,2,304,2432,27.5345,5,1,9,1,1,1,0,1,1,2,5,1,9,1,1,1,0,1,1,2
D2DAP-128-hint,128,hint,D2DAP,D8,D5,True,,,299bf5bed08dba56,152|152,1,32,14.2884,13.3794,0.0,370000,370030,2,304,2432,27.6678,5,1,9,1,1,1,0,1,1,2,5,1,9,1,1,1,0,1,1,2
D2DAP-128-hint,128,hint,D2DAP,D6,D8,True,,,9e255556f6951a39,152|152,1,32,13.5369,15.6642,0.0,380000,380031,2,304,2432,29.201099999999997,5,1,9,1,1,1,0,1,1,2,5,1,9,1,1,1,0,1,1,2
D2DAP-128-hint,128,hint,D2DAP,D6,D5,True,,,a60fdc42f2a1dae1,152|152,1,32,14.7649,17.2675,0.0,390000,390034,2,304,2432,32.032399999999996,5,1,9,1,1,1,0,1,1,2,5,1,9,1,1,1,0,1,1,2
D2DAP-128-hint,128,hint,D2DAP,D3,D2,True,,,0f53b2c789204cf5,152|152,1,32,13.276900000000001,15.8979,0.0,400000,400030,2,304,2432,29.1748,5,1,9,1,1,1,0,1,1,2,5,1,9,1,1,1,0,1,1,2
D2DAP-128-hint,128,hint,D2DAP,D4,D7,True,,,f8f6a59974589c89,152|152,1,32,16.8525,15.3162,0.0,410000,410034,2,304,2432,32.1687,5,1,9,1,1,1,0,1,1,2,5,1,9,1,1,1,0,1,1,2
D2DAP-128-hint,128,hint,D2DAP,D5,D9,True,,,4312eac371dee157,152|152,1,32,13.618500000000001,18.2471,0.0,420000,420034,2,304,2432,31.8656,5,1,9,1,1,1,0,1,1,2,5,1,9,1,1,1,0,1,1,2
D2DAP-128-hint,128,hint,D2DAP,D1,D8,True,,,af87c24bcacb1be0,152|152,1,32,18.0228,19.2671,0.0,430000,430039,2,304,2432,37.2899,5,1,9,1,1,1,0,1,1,2,5,1,9,1,1,1,0,1,1,2
D2DAP-128-hint,128,hint,D2DAP,D6,D10,True,,,970a910546e2808a,152|152,1,32,16.4493,19.4466,0.0,440000,440037,2,304,2432,35.8959,5,1,9,1,1,1,0,1,1,2,5,1,9,1,1,1,0,1,1,2
D2DAP-128-hint,128,hint,D2DAP,D1,D6,True,,,8578f364b3b90407,152|152,1,32,13.841899999999999,16.8328,0.0,450000,450032,2,304,2432,30.674699999999998,5,1,9,1,1,1,0,1,1,2,5,1,9,1,1,1,0,1,1,2
D2DAP-128-hint,128,hint,D2DAP,D7,D3,True,,,b9ff545ee1ca26ed,152|152,1,32,16.1494,16.105,0.0,460000,460034,2,304,2432,32.254400000000004,5,1,9,1,1,1,0,1,1,2,5,1,9,1,1,1,0,1,1,2
D2DAP-128-hint,128,hint,D2DAP,D4,D5,True,,,5186e7cc2d881202,152|152,1,32,16.8621,16.8728,0.0,470000,470035,2,304,2432,33.7349,5,1,9,1,1,1,0,1,1,2,5,1,9,1,1,1,0,1,1,2
D2DAP-128-hint,128,hint,D2DAP,D3,D2,True,,,0d3f5a1f61fee64c,152|152,1,32,14.9416,18.604,0.0,480000,480035,2,304,2432,33.5456,5,1,9,1,1,1,0,1,1,2,5,1,9,1,1,1,0,1,1,2
D2DAP-128-hint,128,hint,D2DAP,D10,D9,True,,,2f3510110ea13b8e,152|152,1,32,21.071800000000003,21.6278,0.0,490000,490044,2,304,2432,42.699600000000004,5,1,9,1,1,1,0,1,1,2,5,1,9,1,1,1,0,1,1,2
D2DAP-128-hint,128,hint,D2DAP,D9,D3,True,,,64da61cef93a0943,152|152,1,32,21.2804,23.0187,0.0,500000,500046,2,304,2432,44.299099999999996,5,1,9,1,1,1,0,1,1,2,5,1,9,1,1,1,0,1,1,2
D2DAP-128-hint,128,hint,D2DAP,D8,D3,True,,,2ba5caccc303200f,152|152,1,32,18.755,18.7506,0.0,510000,510038,2,304,2432,37.5056,5,1,9,1,1,1,0,1,1,2,5,1,9,1,1,1,0,1,1,2
D2DAP-128-hint,128,hint,D2DAP,D3,D5,True,,,faca32d36a178d3e,152|152,1,32,14.4361,15.8064,0.0,520000,520032,2,304,2432,30.2425,5,1,9,1,1,1,0,1,1,2,5,1,9,1,1,1,0,1,1,2
D2DAP-128-hint,128,hint,D2DAP,D2,D6,True,,,d368c9b200962afd,152|152,1,32,16.6428,15.5775,0.0,530000,530034,2,304,2432,32.2203,5,1,9,1,1,1,0,1,1,2,5,1,9,1,1,1,0,1,1,2
D2DAP-128-hint,128,hint,D2DAP,D8,D10,True,,,fd7b21255aafcb7a,152|152,1,32,16.7342,14.3546,0.0,540000,540032,2,304,2432,31.0888,5,1,9,1,1,1,0,1,1,2,5,1,9,1,1,1,0,1,1,2
D2DAP-128-hint,128,hint,D2DAP,D5,D4,True,,,4106dea09409324c,152|152,1,32,15.591899999999999,14.6246,0.0,550000,550032,2,304,2432,30.216499999999996,5,1,9,1,1,1,0,1,1,2,5,1,9,1,1,1,0,1,1,2
D2DAP-128-hint,128,hint,D2DAP,D4,D8,True,,,88082ec36c7a28ca,152|152,1,32,16.987000000000002,15.5901,0.0,560000,560034,2,304,2432,32.5771,5,1,9,1,1,1,0,1,1,2,5,1,9,1,1,1,0,1,1,2
D2DAP-128-hint,128,hint,D2DAP,D1,D4,True,,,4d43006fb2d86df2,152|152,1,32,14.591999999999999,13.9495,0.0,570000,570030,2,304,2432,28.5415,5,1,9,1,1,1,0,1,1,2,5,1,9,1,1,1,0,1,1,2
D2DAP-128-hint,128,hint,D2DAP,D1,D8,True,,,2e56602f23730283,152|152,1,32,17.7372,13.1345,0.0,580000,580032,2,304,2432,30.8717,5,1,9,1,1,1,0,1,1,2,5,1,9,1,1,1,0,1,1,2
D2DAP-128-hint,128,hint,D2DAP,D7,D5,True,,,9238898e1121b33a,152|152,1,32,25.1092,21.9253,0.0,590000,590048,2,304,2432,47.0345,5,1,9,1,1,1,0,1,1,2,5,1,9,1,1,1,0,1,1,2
D2DAP-128-hint,128,hint,D2DAP,D2,D10,True,,,bb2c789a2b9340c7,152|152,1,32,16.0718,15.4373,0.0,600000,600033,2,304,2432,31.5091,5,1,9,1,1,1,0,1,1,2,5,1,9,1,1,1,0,1,1,2
D2DAP-128-hint,128,hint,D2DAP,D2,D9,True,,,f507baec2b735373,152|152,1,32,16.3873,17.5691,0.0,610000,610035,2,304,2432,33.9564,5,1,9,1,1,1,0,1,1,2,5,1,9,1,1,1,0,1,1,2
D2DAP-128-hint,128,hint,D2DAP,D5,D7,True,,,5ab5276513ab162d,152|152,1,32,16.5501,15.8928,0.0,620000,620034,2,304,2432,32.4429,5,1,9,1,1,1,0,1,1,2,5,1,9,1,1,1,0,1,1,2
D2DAP-128-hint,128,hint,D2DAP,D4,D2,True,,,671b77fedb9f5ce5,152|152,1,32,17.0405,16.9861,0.0,630000,630035,2,304,2432,34.0266,5,1,9,1,1,1,0,1,1,2,5,1,9,1,1,1,0,1,1,2
D2DAP-128-hint,128,hint,D2DAP,D3,D7,True,,,235f8cff2387250f,152|152,1,32,16.4712,16.3005,0.0,640000,640034,2,304,2432,32.771699999999996,5,1,9,1,1,1,0,1,1,2,5,1,9,1,1,1,0,1,1,2
D2DAP-128-hint,128,hint,D2DAP,D6,D4,True,,,5ff74fe115de1b26,152|152,1,32,14.2897,13.9924,0.0,650000,650029,2,304,2432,28.2821,5,1,9,1,1,1,0,1,1,2,5,1,9,1,1,1,0,1,1,2
D2DAP-128-hint,128,hint,D2DAP,D4,D1,True,,,aace30e809d24c22,152|152,1,32,13.7242,17.9077,0.0,660000,660032,2,304,2432,31.631899999999998,5,1,9,1,1,1,0,1,1,2,5,1,9,1,1,1,0,1,1,2
D2DAP-128-hint,128,hint,D2DAP,D10,D4,True,,,fece0cc5ff6acf80,152|152,1,32,14.6853,14.0425,0.0,670000,670031,2,304,2432,28.727800000000002,5,1,9,1,1,1,0,1,1,2,5,1,9,1,1,1,0,1,1,2
D2DAP-128-hint,128,hint,D2DAP,D9,D5,True,,,b2681c6cd3d3b378,152|152,1,32,15.0687,14.7929,0.0,680000,680031,2,304,2432,29.8616,5,1,9,1,1,1,0,1,1,2,5,1,9,1,1,1,0,1,1,2
D2DAP-128-hint,128,hint,D2DAP,D5,D3,True,,,2e8721b00da2ec3e,152|152,1,32,15.724799999999998,16.3325,0.0,690000,690034,2,304,2432,32.0573,5,1,9,1,1,1,0,1,1,2,5,1,9,1,1,1,0,1,1,2
D2DAP-128-hint,128,hint,D2DAP,D9,D3,True,,,6ed576036b09192d,152|152,1,32,16.4253,14.8309,0.0,700000,700032,2,304,2432,31.2562,5,1,9,1,1,1,0,1,1,2,5,1,9,1,1,1,0,1,1,2
D2DAP-128-hint,128,hint,D2DAP,D3,D8,True,,,fa38f2bf419afd43,152|152,1,32,16.3097,15.2787,0.0,710000,710033,2,304,2432,31.5884,5,1,9,1,1,1,0,1,1,2,5,1,9,1,1,1,0,1,1,2
D2DAP-128-hint,128,hint,D2DAP,D8,D5,True,,,fa2a01b3b2d9b20b,152|152,1,32,15.8335,15.7896,0.0,720000,720033,2,304,2432,31.6231,5,1,9,1,1,1,0,1,1,2,5,1,9,1,1,1,0,1,1,2
D2DAP-128-hint,128,hint,D2DAP,D10,D1,True,,,a50a48d74759c8a8,152|152,1,32,15.600200000000001,16.4673,0.0,730000,730033,2,304,2432,32.0675,5,1,9,1,1,1,0,1,1,2,5,1,9,1,1,1,0,1,1,2
D2DAP-128-hint,128,hint,D2DAP,D2,D9,True,,,dbde847c41f176a0,152|152,1,32,15.9811,17.9789,0.0,740000,740035,2,304,2432,33.96,5,1,9,1,1,1,0,1,1,2,5,1,9,1,1,1,0,1,1,2
D2DAP-128-hint,128,hint,D2DAP,D7,D3,True,,,a1c7b802537751dc,152|152,1,32,16.0605,17.4994,0.0,750000,750035,2,304,2432,33.5599,5,1,9,1,1,1,0,1,1,2,5,1,9,1,1,1,0,1,1,2
D2DAP-128-hint,128,hint,D2DAP,D3,D9,True,,,929d17b251aef0ce,152|152,1,32,15.3387,16.3796,0.0,760000,760034,2,304,2432,31.7183,5,1,9,1,1,1,0,1,1,2,5,1,9,1,1,1,0,1,1,2
D2DAP-128-hint,128,hint,D2DAP,D2,D5,True,,,8824fe2df656cb65,152|152,1,32,15.255099999999999,16.7783,0.0,770000,770034,2,304,2432,32.0334,5,1,9,1,1,1,0,1,1,2,5,1,9,1,1,1,0,1,1,2
D2DAP-128-hint,128,hint,D2DAP,D8,D1,True,,,52480ecf6fee875c,152|152,1,32,15.8209,17.2625,0.0,780000,780035,2,304,2432,33.0834,5,1,9,1,1,1,0,1,1,2,5,1,9,1,1,1,0,1,1,2
D2DAP-128-hint,128,hint,D2DAP,D5,D8,True,,,2b9cb9c30c8417b0,152|152,1,32,17.1543,21.4106,0.0,790000,790040,2,304,2432,38.564899999999994,5,1,9,1,1,1,0,1,1,2,5,1,9,1,1,1,0,1,1,2
D2DAP-128-hint,128,hint,D2DAP,D4,D10,True,,,da8728df7e91c220,152|152,1,32,17.3326,19.8275,0.0,800000,800038,2,304,2432,37.1601,5,1,9,1,1,1,0,1,1,2,5,1,9,1,1,1,0,1,1,2
D2DAP-128-hint,128,hint,D2DAP,D6,D2,True,,,1917a066e33561a9,152|152,1,32,14.8719,15.3714,0.0,810000,810032,2,304,2432,30.243299999999998,5,1,9,1,1,1,0,1,1,2,5,1,9,1,1,1,0,1,1,2
D2DAP-128-hint,128,hint,D2DAP,D7,D6,True,,,19d84ae616c86a9a,152|152,1,32,17.4434,17.0095,0.0,820000,820036,2,304,2432,34.4529,5,1,9,1,1,1,0,1,1,2,5,1,9,1,1,1,0,1,1,2
D2DAP-128-hint,128,hint,D2DAP,D7,D5,True,,,84cb4cea01cf0e31,152|152,1,32,17.3654,17.1296,0.0,830000,830037,2,304,2432,34.495000000000005,5,1,9,1,1,1,0,1,1,2,5,1,9,1,1,1,0,1,1,2
D2DAP-128-hint,128,hint,D2DAP,D2,D1,True,,,039f32554934e59c,152|152,1,32,15.3783,14.033,0.0,840000,840031,2,304,2432,29.411299999999997,5,1,9,1,1,1,0,1,1,2,5,1,9,1,1,1,0,1,1,2
D2DAP-128-hint,128,hint,D2DAP,D2,D4,True,,,cac69747932981f5,152|152,1,32,14.0944,16.9352,0.0,850000,850032,2,304,2432,31.0296,5,1,9,1,1,1,0,1,1,2,5,1,9,1,1,1,0,1,1,2
D2DAP-128-hint,128,hint,D2DAP,D7,D2,True,,,34748498e5e70de7,152|152,1,32,14.9226,15.0923,0.0,860000,860032,2,304,2432,30.014899999999997,5,1,9,1,1,1,0,1,1,2,5,1,9,1,1,1,0,1,1,2
D2DAP-128-hint,128,hint,D2DAP,D2,D6,True,,,07cf892b31d60cb4,152|152,1,32,15.009699999999999,16.3818,0.0,870000,870034,2,304,2432,31.391499999999997,5,1,9,1,1,1,0,1,1,2,5,1,9,1,1,1,0,1,1,2
D2DAP-128-hint,128,hint,D2DAP,D2,D3,True,,,66d6aa8bc3f8700a,152|152,1,32,15.5952,17.105,0.0,880000,880034,2,304,2432,32.7002,5,1,9,1,1,1,0,1,1,2,5,1,9,1,1,1,0,1,1,2
D2DAP-128-hint,128,hint,D2DAP,D6,D9,True,,,5b7893553ee9df5a,152|152,1,32,15.5272,16.4931,0.0,890000,890034,2,304,2432,32.0203,5,1,9,1,1,1,0,1,1,2,5,1,9,1,1,1,0,1,1,2
D2DAP-128-hint,128,hint,D2DAP,D4,D7,True,,,5d70c921cf43aa57,152|152,1,32,16.3725,16.1248,0.0,900000,900035,2,304,2432,32.497299999999996,5,1,9,1,1,1,0,1,1,2,5,1,9,1,1,1,0,1,1,2
D2DAP-128-hint,128,hint,D2DAP,D1,D3,True,,,eda3c82e5decffbc,152|152,1,32,16.833399999999997,16.1946,0.0,910000,910035,2,304,2432,33.028,5,1,9,1,1,1,0,1,1,2,5,1,9,1,1,1,0,1,1,2
D2DAP-128-hint,128,hint,D2DAP,D5,D9,True,,,615cf1d10a578d4c,152|152,1,32,15.7609,15.5671,0.0,920000,920033,2,304,2432,31.328,5,1,9,1,1,1,0,1,1,2,5,1,9,1,1,1,0,1,1,2
D2DAP-128-hint,128,hint,D2DAP,D8,D5,True,,,4570d59389002d34,152|152,1,32,14.3128,13.6201,0.0,930000,930029,2,304,2432,27.9329,5,1,9,1,1,1,0,1,1,2,5,1,9,1,1,1,0,1,1,2
D2DAP-128-hint,128,hint,D2DAP,D3,D1,True,,,a2a77cd30da59d54,152|152,1,32,18.0123,14.978,0.0,940000,940034,2,304,2432,32.9903,5,1,9,1,1,1,0,1,1,2,5,1,9,1,1,1,0,1,1,2
D2DAP-128-hint,128,hint,D2DAP,D5,D7,True,,,d23168fc9ddbad6d,152|152,1,32,16.5045,14.5035,0.0,950000,950032,2,304,2432,31.008000000000003,5,1,9,1,1,1,0,1,1,2,5,1,9,1,1,1,0,1,1,2
D2DAP-128-hint,128,hint,D2DAP,D9,D2,True,,,ba23bc4b78930329,152|152,1,32,14.329600000000001,15.6999,0.0,960000,960031,2,304,2432,30.0295,5,1,9,1,1,1,0,1,1,2,5,1,9,1,1,1,0,1,1,2
D2DAP-128-hint,128,hint,D2DAP,D5,D10,True,,,6f72d69771dae965,152|152,1,32,19.1172,21.1978,0.0,970000,970042,2,304,2432,40.315,5,1,9,1,1,1,0,1,1,2,5,1,9,1,1,1,0,1,1,2
D2DAP-128-hint,128,hint,D2DAP,D10,D3,True,,,d35c21ecc8b77f8c,152|152,1,32,15.5236,15.5751,0.0,980000,980032,2,304,2432,31.0987,5,1,9,1,1,1,0,1,1,2,5,1,9,1,1,1,0,1,1,2
D2DAP-128-hint,128,hint,D2DAP,D5,D6,True,,,a4d9fb32ae992c62,152|152,1,32,16.694499999999998,18.7576,0.0,990000,990037,2,304,2432,35.4521,5,1,9,1,1,1,0,1,1,2,5,1,9,1,1,1,0,1,1,2
D2DAP-128-hint,128,hint,D2DAP,D3,D4,True,,,ffe6cdbfe79e9ae2,152|152,1,32,17.759,17.1092,0.0,1000000,1000036,2,304,2432,34.8682,5,1,9,1,1,1,0,1,1,2,5,1,9,1,1,1,0,1,1,2
D2DAP-128-hint,128,hint,D2DAP,D9,D4,True,,,1efd85cba1ab7cf8,152|152,1,32,16.1374,15.6468,0.0,1010000,1010033,2,304,2432,31.7842,5,1,9,1,1,1,0,1,1,2,5,1,9,1,1,1,0,1,1,2
D2DAP-128-hint,128,hint,D2DAP,D6,D9,True,,,1bc6521dedb481d2,152|152,1,32,14.4777,15.7132,0.0,1020000,1020032,2,304,2432,30.1909,5,1,9,1,1,1,0,1,1,2,5,1,9,1,1,1,0,1,1,2
D2DAP-128-hint,128,hint,D2DAP,D6,D3,True,,,45eb0e94ffbb4ba9,152|152,1,32,11.5645,11.6017,0.0,1030000,1030024,2,304,2432,23.1662,5,1,9,1,1,1,0,1,1,2,5,1,9,1,1,1,0,1,1,2
D2DAP-128-hint,128,hint,D2DAP,D1,D7,True,,,2f6a91af22431425,152|152,1,32,14.4366,15.1328,0.0,1040000,1040031,2,304,2432,29.5694,5,1,9,1,1,1,0,1,1,2,5,1,9,1,1,1,0,1,1,2
D2DAP-128-hint,128,hint,D2DAP,D3,D2,True,,,80e7fa3a1b6ea961,152|152,1,32,15.6632,16.9107,0.0,1050000,1050034,2,304,2432,32.573899999999995,5,1,9,1,1,1,0,1,1,2,5,1,9,1,1,1,0,1,1,2
D2DAP-128-hint,128,hint,D2DAP,D6,D8,True,,,7a8b79aa18e0b444,152|152,1,32,17.087600000000002,17.7849,0.0,1060000,1060036,2,304,2432,34.8725,5,1,9,1,1,1,0,1,1,2,5,1,9,1,1,1,0,1,1,2
D2DAP-128-hint,128,hint,D2DAP,D8,D9,True,,,a096eaa2b62d9c63,152|152,1,32,16.1719,15.9768,0.0,1070000,1070033,2,304,2432,32.148700000000005,5,1,9,1,1,1,0,1,1,2,5,1,9,1,1,1,0,1,1,2
D2DAP-128-hint,128,hint,D2DAP,D1,D7,True,,,2f8ad62aa933f3f4,152|152,1,32,15.5028,16.0793,0.0,1080000,1080034,2,304,2432,31.5821,5,1,9,1,1,1,0,1,1,2,5,1,9,1,1,1,0,1,1,2
D2DAP-128-hint,128,hint,D2DAP,D3,D9,True,,,6da0e9fc2c523fc7,152|152,1,32,14.4405,15.9278,0.0,1090000,1090032,2,304,2432,30.368299999999998,5,1,9,1,1,1,0,1,1,2,5,1,9,1,1,1,0,1,1,2
D2DAP-128-hint,128,hint,D2DAP,D1,D2,True,,,fe13dc8d9ad992e2,152|152,1,32,13.9081,14.6987,0.0,1100000,1100030,2,304,2432,28.6068,5,1,9,1,1,1,0,1,1,2,5,1,9,1,1,1,0,1,1,2
D2DAP-128-hint,128,hint,D2DAP,D4,D5,True,,,db8e8417306a89d4,152|152,1,32,16.3855,16.2345,0.0,1110000,1110034,2,304,2432,32.620000000000005,5,1,9,1,1,1,0,1,1,2,5,1,9,1,1,1,0,1,1,2
D2DAP-128-hint,128,hint,D2DAP,D8,D5,True,,,096f2676945a583d,152|152,1,32,16.2513,15.2403,0.0,1120000,1120033,2,304,2432,31.4916,5,1,9,1,1,1,0,1,1,2,5,1,9,1,1,1,0,1,1,2
D2DAP-128-hint,128,hint,D2DAP,D4,D9,True,,,1566d3148e90f0d7,152|152,1,32,16.5489,17.215,0.0,1130000,1130036,2,304,2432,33.7639,5,1,9,1,1,1,0,1,1,2,5,1,9,1,1,1,0,1,1,2
D2DAP-128-hint,128,hint,D2DAP,D7,D9,True,,,3f118f8fd18913b9,152|152,1,32,14.0168,17.3743,0.0,1140000,1140033,2,304,2432,31.3911,5,1,9,1,1,1,0,1,1,2,5,1,9,1,1,1,0,1,1,2
D2DAP-128-hint,128,hint,D2DAP,D6,D10,True,,,bb7c5d8ff37d90f1,152|152,1,32,16.6643,15.9402,0.0,1150000,1150034,2,304,2432,32.6045,5,1,9,1,1,1,0,1,1,2,5,1,9,1,1,1,0,1,1,2
D2DAP-128-hint,128,hint,D2DAP,D3,D10,True,,,17b6c2bd8ecd1074,152|152,1,32,15.4838,15.671,0.0,1160000,1160032,2,304,2432,31.1548,5,1,9,1,1,1,0,1,1,2,5,1,9,1,1,1,0,1,1,2
D2DAP-128-hint,128,hint,D2DAP,D2,D10,True,,,f98669972fe12af2,152|152,1,32,16.299100000000003,14.96,0.0,1170000,1170032,2,304,2432,31.259100000000004,5,1,9,1,1,1,0,1,1,2,5,1,9,1,1,1,0,1,1,2
D2DAP-128-hint,128,hint,D2DAP,D3,D1,True,,,bc5e7ecbe6fa8c8c,152|152,1,32,17.5512,16.0972,0.0,1180000,1180036,2,304,2432,33.6484,5,1,9,1,1,1,0,1,1,2,5,1,9,1,1,1,0,1,1,2
D2DAP-128-hint,128,hint,D2DAP,D10,D9,True,,,3855a60d1886e021,152|152,1,32,14.4968,17.7367,0.0,1190000,1190033,2,304,2432,32.2335,5,1,9,1,1,1,0,1,1,2,5,1,9,1,1,1,0,1,1,2
D2DAP-128-hint,128,hint,D2DAP,D9,D1,True,,,8db2290d51281818,152|152,1,32,15.9953,13.9663,0.0,1200000,1200031,2,304,2432,29.9616,5,1,9,1,1,1,0,1,1,2,5,1,9,1,1,1,0,1,1,2
D2DAP-128-hint,128,hint,D2DAP,D9,D8,True,,,f4a59ddcf5fc58ab,152|152,1,32,18.3826,16.5596,0.0,1210000,1210036,2,304,2432,34.9422,5,1,9,1,1,1,0,1,1,2,5,1,9,1,1,1,0,1,1,2
D2DAP-128-hint,128,hint,D2DAP,D9,D2,True,,,f3d02245c7dff9a2,152|152,1,32,18.434,18.0659,0.0,1220000,1220038,2,304,2432,36.4999,5,1,9,1,1,1,0,1,1,2,5,1,9,1,1,1,0,1,1,2
D2DAP-128-hint,128,hint,D2DAP,D4,D5,True,,,ce512138c9bdc95f,152|152,1,32,17.499,15.7419,0.0,1230000,1230035,2,304,2432,33.240899999999996,5,1,9,1,1,1,0,1,1,2,5,1,9,1,1,1,0,1,1,2
D2DAP-128-hint,128,hint,D2DAP,D7,D4,True,,,904d2da0b829c678,152|152,1,32,19.7096,27.2519,0.0,1240000,1240049,2,304,2432,46.9615,5,1,9,1,1,1,0,1,1,2,5,1,9,1,1,1,0,1,1,2
D2DAP-128-hint,128,hint,D2DAP,D4,D10,True,,,3af2cd003b7d0924,152|152,1,32,22.5565,22.1263,0.0,1250000,1250046,2,304,2432,44.6828,5,1,9,1,1,1,0,1,1,2,5,1,9,1,1,1,0,1,1,2
D2DAP-128-hint,128,hint,D2DAP,D1,D8,True,,,98b6c56e502ef763,152|152,1,32,14.715,15.7662,0.0,1260000,1260032,2,304,2432,30.4812,5,1,9,1,1,1,0,1,1,2,5,1,9,1,1,1,0,1,1,2
D2DAP-128-hint,128,hint,D2DAP,D3,D4,True,,,305c35b771496b3c,152|152,1,32,15.3282,17.8031,0.0,1270000,1270034,2,304,2432,33.1313,5,1,9,1,1,1,0,1,1,2,5,1,9,1,1,1,0,1,1,2
D2DAP-128-hint,128,hint,D2DAP,D10,D9,True,,,a47c39aaec4b5653,152|152,1,32,19.4387,18.4131,0.0,1280000,1280039,2,304,2432,37.8518,5,1,9,1,1,1,0,1,1,2,5,1,9,1,1,1,0,1,1,2
D2DAP-128-hint,128,hint,D2DAP,D2,D1,True,,,b30fa3d6dca5c5c2,152|152,1,32,19.0922,17.0818,0.0,1290000,1290038,2,304,2432,36.174,5,1,9,1,1,1,0,1,1,2,5,1,9,1,1,1,0,1,1,2
D2DAP-128-hint,128,hint,D2DAP,D9,D8,True,,,7216cc40e4291ccb,152|152,1,32,21.893300000000004,16.4637,0.0,1300000,1300040,2,304,2432,38.357,5,1,9,1,1,1,0,1,1,2,5,1,9,1,1,1,0,1,1,2
D2DAP-128-hint,128,hint,D2DAP,D2,D7,True,,,e922252405987fcf,152|152,1,32,20.0831,20.6127,0.0,1310000,1310042,2,304,2432,40.695800000000006,5,1,9,1,1,1,0,1,1,2,5,1,9,1,1,1,0,1,1,2
D2DAP-128-hint,128,hint,D2DAP,D6,D8,True,,,10a159674b30de32,152|152,1,32,19.674799999999998,20.4413,0.0,1320000,1320042,2,304,2432,40.116099999999996,5,1,9,1,1,1,0,1,1,2,5,1,9,1,1,1,0,1,1,2
D2DAP-128-hint,128,hint,D2DAP,D2,D1,True,,,3d04793537c9c9e0,152|152,1,32,16.6316,16.1086,0.0,1330000,1330034,2,304,2432,32.7402,5,1,9,1,1,1,0,1,1,2,5,1,9,1,1,1,0,1,1,2
D2DAP-128-hint,128,hint,D2DAP,D3,D10,True,,,c80b1bbcf5833417,152|152,1,32,17.4819,18.4671,0.0,1340000,1340038,2,304,2432,35.949,5,1,9,1,1,1,0,1,1,2,5,1,9,1,1,1,0,1,1,2
D2DAP-128-hint,128,hint,D2DAP,D10,D3,True,,,caa0ed68db211e30,152|152,1,32,17.3397,18.0828,0.0,1350000,1350038,2,304,2432,35.4225,5,1,9,1,1,1,0,1,1,2,5,1,9,1,1,1,0,1,1,2
D2DAP-128-hint,128,hint,D2DAP,D10,D5,True,,,34972c576cac8525,152|152,1,32,17.1327,16.4443,0.0,1360000,1360035,2,304,2432,33.577,5,1,9,1,1,1,0,1,1,2,5,1,9,1,1,1,0,1,1,2
D2DAP-128-hint,128,hint,D2DAP,D1,D9,True,,,413900b37b952f6f,152|152,1,32,17.148899999999998,18.2457,0.0,1370000,1370037,2,304,2432,35.3946,5,1,9,1,1,1,0,1,1,2,5,1,9,1,1,1,0,1,1,2
D2DAP-128-hint,128,hint,D2DAP,D10,D3,True,,,82086ac9d5642ed3,152|152,1,32,16.372,13.3831,0.0,1380000,1380031,2,304,2432,29.7551,5,1,9,1,1,1,0,1,1,2,5,1,9,1,1,1,0,1,1,2
D2DAP-128-hint,128,hint,D2DAP,D1,D7,True,,,e412bc76ae58f511,152|152,1,32,15.7375,15.9102,0.0,1390000,1390032,2,304,2432,31.6477,5,1,9,1,1,1,0,1,1,2,5,1,9,1,1,1,0,1,1,2
D2DAP-128-hint,128,hint,D2DAP,D2,D3,True,,,52cd2cda76eb61c2,152|152,1,32,14.1005,13.3309,0.0,1400000,1400029,2,304,2432,27.4314,5,1,9,1,1,1,0,1,1,2,5,1,9,1,1,1,0,1,1,2
D2DAP-128-hint,128,hint,D2DAP,D9,D7,True,,,7cae5f525d98f367,152|152,1,32,15.0791,15.8313,0.0,1410000,1410032,2,304,2432,30.910400000000003,5,1,9,1,1,1,0,1,1,2,5,1,9,1,1,1,0,1,1,2
D2DAP-128-hint,128,hint,D2DAP,D5,D6,True,,,00bf3c35bee12cef,152|152,1,32,15.7296,15.8667,0.0,1420000,1420032,2,304,2432,31.5963,5,1,9,1,1,1,0,1,1,2,5,1,9,1,1,1,0,1,1,2
D2DAP-128-hint,128,hint,D2DAP,D9,D8,True,,,127bf8dee649f04f,152|152,1,32,17.924599999999998,17.7171,0.0,1430000,1430037,2,304,2432,35.6417,5,1,9,1,1,1,0,1,1,2,5,1,9,1,1,1,0,1,1,2
D2DAP-128-hint,128,hint,D2DAP,D7,D1,True,,,fc447932bab17be5,152|152,1,32,15.6466,16.7653,0.0,1440000,1440034,2,304,2432,32.4119,5,1,9,1,1,1,0,1,1,2,5,1,9,1,1,1,0,1,1,2
D2DAP-128-hint,128,hint,D2DAP,D2,D8,True,,,e7e71000908ad755,152|152,1,32,15.4621,14.7495,0.0,1450000,1450032,2,304,2432,30.211599999999997,5,1,9,1,1,1,0,1,1,2,5,1,9,1,1,1,0,1,1,2
D2DAP-128-hint,128,hint,D2DAP,D2,D6,True,,,e7fe85bfdad71fc9,152|152,1,32,15.6399,15.6718,0.0,1460000,1460032,2,304,2432,31.311700000000002,5,1,9,1,1,1,0,1,1,2,5,1,9,1,1,1,0,1,1,2
D2DAP-128-hint,128,hint,D2DAP,D1,D4,True,,,9f3eea854439febb,152|152,1,32,17.1029,13.5169,0.0,1470000,1470032,2,304,2432,30.6198,5,1,9,1,1,1,0,1,1,2,5,1,9,1,1,1,0,1,1,2
D2DAP-128-hint,128,hint,D2DAP,D2,D3,True,,,f009c9f40706df86,152|152,1,32,15.606200000000001,16.2754,0.0,1480000,1480034,2,304,2432,31.881600000000002,5,1,9,1,1,1,0,1,1,2,5,1,9,1,1,1,0,1,1,2
D2DAP-128-hint,128,hint,D2DAP,D7,D5,True,,,3594076994772d23,152|152,1,32,15.0294,15.4703,0.0,1490000,1490032,2,304,2432,30.4997,5,1,9,1,1,1,0,1,1,2,5,1,9,1,1,1,0,1,1,2
D2DAP-128-hint,128,hint,D2DAP,D6,D9,True,,,5827fbf267652c1a,152|152,1,32,18.366300000000003,16.8182,0.0,1500000,1500037,2,304,2432,35.1845,5,1,9,1,1,1,0,1,1,2,5,1,9,1,1,1,0,1,1,2
D2DAP-128-hint,128,hint,D2DAP,D10,D9,True,,,e258ba400f73f9dc,152|152,1,32,16.1483,14.792,0.0,1510000,1510032,2,304,2432,30.9403,5,1,9,1,1,1,0,1,1,2,5,1,9,1,1,1,0,1,1,2
D2DAP-128-hint,128,hint,D2DAP,D1,D6,True,,,9aeea761ee7938fc,152|152,1,32,15.1266,16.7432,0.0,1520000,1520033,2,304,2432,31.8698,5,1,9,1,1,1,0,1,1,2,5,1,9,1,1,1,0,1,1,2
D2DAP-128-hint,128,hint,D2DAP,D2,D7,True,,,9ac7fe87bf481375,152|152,1,32,16.8295,19.4867,0.0,1530000,1530038,2,304,2432,36.316199999999995,5,1,9,1,1,1,0,1,1,2,5,1,9,1,1,1,0,1,1,2
D2DAP-128-hint,128,hint,D2DAP,D8,D1,True,,,f5a7a427718230db,152|152,1,32,17.680500000000002,15.9584,0.0,1540000,1540035,2,304,2432,33.6389,5,1,9,1,1,1,0,1,1,2,5,1,9,1,1,1,0,1,1,2
D2DAP-128-hint,128,hint,D2DAP,D5,D7,True,,,fc0c760c66fa88b5,152|152,1,32,16.5766,15.6276,0.0,1550000,1550034,2,304,2432,32.2042,5,1,9,1,1,1,0,1,1,2,5,1,9,1,1,1,0,1,1,2
D2DAP-128-hint,128,hint,D2DAP,D9,D2,True,,,54565bc0d64b64cc,152|152,1,32,14.4835,14.7034,0.0,1560000,1560031,2,304,2432,29.1869,5,1,9,1,1,1,0,1,1,2,5,1,9,1,1,1,0,1,1,2
D2DAP-128-hint,128,hint,D2DAP,D2,D10,True,,,cd7c748733b10041,152|152,1,32,16.1007,15.2065,0.0,1570000,1570033,2,304,2432,31.3072,5,1,9,1,1,1,0,1,1,2,5,1,9,1,1,1,0,1,1,2
D2DAP-128-hint,128,hint,D2DAP,D5,D8,True,,,208e2b6de09eae0e,152|152,1,32,16.6099,15.386,0.0,1580000,1580034,2,304,2432,31.9959,5,1,9,1,1,1,0,1,1,2,5,1,9,1,1,1,0,1,1,2
D2DAP-128-hint,128,hint,D2DAP,D6,D8,True,,,ebc2d8142ea1c0e8,152|152,1,32,16.3594,15.0776,0.0,1590000,1590033,2,304,2432,31.437,5,1,9,1,1,1,0,1,1,2,5,1,9,1,1,1,0,1,1,2
D2DAP-128-hint,128,hint,D2DAP,D7,D1,True,,,32263fa019793484,152|152,1,32,14.6775,15.2717,0.0,1600000,1600032,2,304,2432,29.949199999999998,5,1,9,1,1,1,0,1,1,2,5,1,9,1,1,1,0,1,1,2
D2DAP-128-hint,128,hint,D2DAP,D9,D3,True,,,ce5b139c251ba778,152|152,1,32,15.434099999999999,15.0117,0.0,1610000,1610033,2,304,2432,30.4458,5,1,9,1,1,1,0,1,1,2,5,1,9,1,1,1,0,1,1,2
D2DAP-128-hint,128,hint,D2DAP,D5,D8,True,,,653529ca93d812c6,152|152,1,32,13.698599999999999,16.1244,0.0,1620000,1620032,2,304,2432,29.823,5,1,9,1,1,1,0,1,1,2,5,1,9,1,1,1,0,1,1,2
D2DAP-128-hint,128,hint,D2DAP,D4,D6,True,,,78c72b5905a312ee,152|152,1,32,14.3939,14.4082,0.0,1630000,1630031,2,304,2432,28.802100000000003,5,1,9,1,1,1,0,1,1,2,5,1,9,1,1,1,0,1,1,2
D2DAP-128-hint,128,hint,D2DAP,D6,D10,True,,,9d1bf36e512d4dea,152|152,1,32,16.0006,15.2751,0.0,1640000,1640033,2,304,2432,31.2757,5,1,9,1,1,1,0,1,1,2,5,1,9,1,1,1,0,1,1,2
D2DAP-128-hint,128,hint,D2DAP,D10,D7,True,,,cb6a08234ab0075b,152|152,1,32,15.4413,15.7947,0.0,1650000,1650032,2,304,2432,31.236,5,1,9,1,1,1,0,1,1,2,5,1,9,1,1,1,0,1,1,2
D2DAP-128-hint,128,hint,D2DAP,D2,D4,True,,,3a220cf9ac8a3168,152|152,1,32,15.2854,14.8659,0.0,1660000,1660031,2,304,2432,30.1513,5,1,9,1,1,1,0,1,1,2,5,1,9,1,1,1,0,1,1,2
D2DAP-128-hint,128,hint,D2DAP,D5,D9,True,,,c22799738f587946,152|152,1,32,15.1749,14.108,0.0,1670000,1670031,2,304,2432,29.282899999999998,5,1,9,1,1,1,0,1,1,2,5,1,9,1,1,1,0,1,1,2
D2DAP-128-hint,128,hint,D2DAP,D6,D10,True,,,8c73d8e14c4c50f9,152|152,1,32,15.7874,14.8565,0.0,1680000,1680032,2,304,2432,30.643900000000002,5,1,9,1,1,1,0,1,1,2,5,1,9,1,1,1,0,1,1,2
D2DAP-128-hint,128,hint,D2DAP,D3,D5,True,,,a4ad5d1bd173f057,152|152,1,32,16.9481,16.3279,0.0,1690000,1690035,2,304,2432,33.275999999999996,5,1,9,1,1,1,0,1,1,2,5,1,9,1,1,1,0,1,1,2
D2DAP-128-hint,128,hint,D2DAP,D10,D3,True,,,4c4213e8797569cb,152|152,1,32,16.7637,14.7899,0.0,1700000,1700033,2,304,2432,31.5536,5,1,9,1,1,1,0,1,1,2,5,1,9,1,1,1,0,1,1,2
D2DAP-128-hint,128,hint,D2DAP,D9,D8,True,,,9c51018dee7f4002,152|152,1,32,16.246299999999998,14.3567,0.0,1710000,1710032,2,304,2432,30.602999999999998,5,1,9,1,1,1,0,1,1,2,5,1,9,1,1,1,0,1,1,2
D2DAP-128-hint,128,hint,D2DAP,D10,D8,True,,,e8d1333af4d2e749,152|152,1,32,18.790399999999998,17.534,0.0,1720000,1720038,2,304,2432,36.3244,5,1,9,1,1,1,0,1,1,2,5,1,9,1,1,1,0,1,1,2
D2DAP-128-hint,128,hint,D2DAP,D1,D8,True,,,b723268850c80bc0,152|152,1,32,15.5724,15.0921,0.0,1730000,1730033,2,304,2432,30.6645,5,1,9,1,1,1,0,1,1,2,5,1,9,1,1,1,0,1,1,2
D2DAP-128-hint,128,hint,D2DAP,D4,D6,True,,,5ce129b1a8d531fb,152|152,1,32,16.5854,19.1098,0.0,1740000,1740038,2,304,2432,35.6952,5,1,9,1,1,1,0,1,1,2,5,1,9,1,1,1,0,1,1,2
D2DAP-128-hint,128,hint,D2DAP,D9,D2,True,,,5c091d47415e8801,152|152,1,32,17.1409,16.4959,0.0,1750000,1750035,2,304,2432,33.636799999999994,5,1,9,1,1,1,0,1,1,2,5,1,9,1,1,1,0,1,1,2
D2DAP-128-hint,128,hint,D2DAP,D10,D3,True,,,84fc90bfa114bcfb,152|152,1,32,15.8149,13.8178,0.0,1760000,1760031,2,304,2432,29.6327,5,1,9,1,1,1,0,1,1,2,5,1,9,1,1,1,0,1,1,2
D2DAP-128-hint,128,hint,D2DAP,D9,D10,True,,,2bd92c657a0582e0,152|152,1,32,14.8912,14.6777,0.0,1770000,1770031,2,304,2432,29.5689,5,1,9,1,1,1,0,1,1,2,5,1,9,1,1,1,0,1,1,2
D2DAP-128-hint,128,hint,D2DAP,D10,D2,True,,,a23442592c19eec9,152|152,1,32,15.9322,16.0282,0.0,1780000,1780034,2,304,2432,31.9604,5,1,9,1,1,1,0,1,1,2,5,1,9,1,1,1,0,1,1,2
D2DAP-128-hint,128,hint,D2DAP,D2,D6,True,,,6855f55f9431c9c9,152|152,1,32,16.6888,17.8495,0.0,1790000,1790036,2,304,2432,34.5383,5,1,9,1,1,1,0,1,1,2,5,1,9,1,1,1,0,1,1,2
D2DAP-128-hint,128,hint,D2DAP,D6,D2,True,,,69cecbb5de47cebe,152|152,1,32,19.2439,18.6678,0.0,1800000,1800039,2,304,2432,37.911699999999996,5,1,9,1,1,1,0,1,1,2,5,1,9,1,1,1,0,1,1,2
D2DAP-128-hint,128,hint,D2DAP,D1,D7,True,,,9e69f40bf435a0d4,152|152,1,32,16.8922,16.8927,0.0,1810000,1810035,2,304,2432,33.7849,5,1,9,1,1,1,0,1,1,2,5,1,9,1,1,1,0,1,1,2
D2DAP-128-hint,128,hint,D2DAP,D9,D2,True,,,1db262c184cc4d3e,152|152,1,32,17.0414,15.4804,0.0,1820000,1820034,2,304,2432,32.5218,5,1,9,1,1,1,0,1,1,2,5,1,9,1,1,1,0,1,1,2
D2DAP-128-hint,128,hint,D2DAP,D4,D6,True,,,c15d099e8e9f0b3c,152|152,1,32,14.248199999999999,15.6554,0.0,1830000,1830031,2,304,2432,29.903599999999997,5,1,9,1,1,1,0,1,1,2,5,1,9,1,1,1,0,1,1,2
D2DAP-128-hint,128,hint,D2DAP,D9,D7,True,,,e4bdda2ae4404ea6,152|152,1,32,16.1219,16.412,0.0,1840000,1840034,2,304,2432,32.5339,5,1,9,1,1,1,0,1,1,2,5,1,9,1,1,1,0,1,1,2
D2DAP-128-hint,128,hint,D2DAP,D8,D4,True,,,257b4a1e907105f0,152|152,1,32,17.142,18.4078,0.0,1850000,1850037,2,304,2432,35.549800000000005,5,1,9,1,1,1,0,1,1,2,5,1,9,1,1,1,0,1,1,2
D2DAP-128-hint,128,hint,D2DAP,D5,D8,True,,,2dcec95b3389f750,152|152,1,32,16.462899999999998,16.4489,0.0,1860000,1860034,2,304,2432,32.9118,5,1,9,1,1,1,0,1,1,2,5,1,9,1,1,1,0,1,1,2
D2DAP-128-hint,128,hint,D2DAP,D8,D9,True,,,a83093d1d719b42b,152|152,1,32,15.2606,15.8204,0.0,1870000,1870032,2,304,2432,31.081,5,1,9,1,1,1,0,1,1,2,5,1,9,1,1,1,0,1,1,2
D2DAP-128-hint,128,hint,D2DAP,D5,D1,True,,,2faf882cd445330c,152|152,1,32,15.3539,15.5655,0.0,1880000,1880032,2,304,2432,30.9194,5,1,9,1,1,1,0,1,1,2,5,1,9,1,1,1,0,1,1,2
D2DAP-128-hint,128,hint,D2DAP,D3,D9,True,,,8c47905b7b38f8fc,152|152,1,32,15.0627,14.7777,0.0,1890000,1890032,2,304,2432,29.8404,5,1,9,1,1,1,0,1,1,2,5,1,9,1,1,1,0,1,1,2
D2DAP-128-hint,128,hint,D2DAP,D3,D7,True,,,c30258c28a33fdf1,152|152,1,32,15.093499999999999,15.2273,0.0,1900000,1900032,2,304,2432,30.3208,5,1,9,1,1,1,0,1,1,2,5,1,9,1,1,1,0,1,1,2
D2DAP-128-hint,128,hint,D2DAP,D5,D9,True,,,b85ca79375e0c4e6,152|152,1,32,14.3602,16.0075,0.0,1910000,1910032,2,304,2432,30.3677,5,1,9,1,1,1,0,1,1,2,5,1,9,1,1,1,0,1,1,2
D2DAP-128-hint,128,hint,D2DAP,D10,D1,True,,,d8db33ec53c15fd0,152|152,1,32,14.0598,15.823,0.0,1920000,1920031,2,304,2432,29.8828,5,1,9,1,1,1,0,1,1,2,5,1,9,1,1,1,0,1,1,2
D2DAP-128-hint,128,hint,D2DAP,D9,D6,True,,,26734c9d818e3e26,152|152,1,32,15.2149,15.7129,0.0,1930000,1930033,2,304,2432,30.927799999999998,5,1,9,1,1,1,0,1,1,2,5,1,9,1,1,1,0,1,1,2
D2DAP-128-hint,128,hint,D2DAP,D1,D10,True,,,6ae8b74294b0f534,152|152,1,32,18.2664,17.7083,0.0,1940000,1940038,2,304,2432,35.9747,5,1,9,1,1,1,0,1,1,2,5,1,9,1,1,1,0,1,1,2
D2DAP-128-hint,128,hint,D2DAP,D10,D1,True,,,214aa903c2135aca,152|152,1,32,16.2268,15.2856,0.0,1950000,1950034,2,304,2432,31.5124,5,1,9,1,1,1,0,1,1,2,5,1,9,1,1,1,0,1,1,2
D2DAP-128-hint,128,hint,D2DAP,D7,D9,True,,,0474e75a97799a9c,152|152,1,32,15.4162,16.3259,0.0,1960000,1960033,2,304,2432,31.7421,5,1,9,1,1,1,0,1,1,2,5,1,9,1,1,1,0,1,1,2
D2DAP-128-hint,128,hint,D2DAP,D8,D9,True,,,9f5e532a03ad3f50,152|152,1,32,16.423099999999998,15.8006,0.0,1970000,1970033,2,304,2432,32.223699999999994,5,1,9,1,1,1,0,1,1,2,5,1,9,1,1,1,0,1,1,2
D2DAP-128-hint,128,hint,D2DAP,D9,D3,True,,,5370170de20eb604,152|152,1,32,16.0459,14.1672,0.0,1980000,1980032,2,304,2432,30.213099999999997,5,1,9,1,1,1,0,1,1,2,5,1,9,1,1,1,0,1,1,2
D2DAP-128-hint,128,hint,D2DAP,D3,D9,True,,,8c519245798d240e,152|152,1,32,17.2845,15.4117,0.0,1990000,1990034,2,304,2432,32.696200000000005,5,1,9,1,1,1,0,1,1,2,5,1,9,1,1,1,0,1,1,2
D2DAP-128-hint,128,hint,D2DAP,D8,D7,True,,,25d22376603c2556,152|152,1,32,16.9327,15.2443,0.0,2000000,2000033,2,304,2432,32.177,5,1,9,1,1,1,0,1,1,2,5,1,9,1,1,1,0,1,1,2
D2DAP-128-hint,128,hint,D2DAP,D6,D8,True,,,44d3070945b322ca,152|152,1,32,16.1993,15.1943,0.0,2010000,2010033,2,304,2432,31.3936,5,1,9,1,1,1,0,1,1,2,5,1,9,1,1,1,0,1,1,2
D2DAP-128-hint,128,hint,D2DAP,D2,D9,True,,,739bc2e953eaaa3c,152|152,1,32,16.523600000000002,14.9081,0.0,2020000,2020033,2,304,2432,31.4317,5,1,9,1,1,1,0,1,1,2,5,1,9,1,1,1,0,1,1,2
D2DAP-128-hint,128,hint,D2DAP,D3,D6,True,,,2068e056e2456f4c,152|152,1,32,18.2297,15.184,0.0,2030000,2030035,2,304,2432,33.4137,5,1,9,1,1,1,0,1,1,2,5,1,9,1,1,1,0,1,1,2
D2DAP-128-hint,128,hint,D2DAP,D9,D8,True,,,1ce3b0db3c773472,152|152,1,32,15.9189,15.0017,0.0,2040000,2040033,2,304,2432,30.9206,5,1,9,1,1,1,0,1,1,2,5,1,9,1,1,1,0,1,1,2
D2DAP-128-hint,128,hint,D2DAP,D8,D4,True,,,7e7bc8df175f3ae1,152|152,1,32,16.7014,19.2133,0.0,2050000,2050038,2,304,2432,35.914699999999996,5,1,9,1,1,1,0,1,1,2,5,1,9,1,1,1,0,1,1,2
D2DAP-128-hint,128,hint,D2DAP,D3,D6,True,,,f43355c32ec60100,152|152,1,32,15.2482,14.869,0.0,2060000,2060031,2,304,2432,30.1172,5,1,9,1,1,1,0,1,1,2,5,1,9,1,1,1,0,1,1,2
D2DAP-128-hint,128,hint,D2DAP,D2,D1,True,,,1ecb146239eb0787,152|152,1,32,17.3471,16.8105,0.0,2070000,2070036,2,304,2432,34.1576,5,1,9,1,1,1,0,1,1,2,5,1,9,1,1,1,0,1,1,2
D2DAP-128-hint,128,hint,D2DAP,D2,D5,True,,,5d26f16e9c6fc6ca,152|152,1,32,16.545099999999998,16.3213,0.0,2080000,2080034,2,304,2432,32.8664,5,1,9,1,1,1,0,1,1,2,5,1,9,1,1,1,0,1,1,2
D2DAP-128-hint,128,hint,D2DAP,D3,D6,True,,,8def9c4b7a978c03,152|152,1,32,15.193000000000001,15.2192,0.0,2090000,2090033,2,304,2432,30.412200000000002,5,1,9,1,1,1,0,1,1,2,5,1,9,1,1,1,0,1,1,2
D2DAP-128-hint,128,hint,D2DAP,D6,D4,True,,,cdb1d29a7bc24ed9,152|152,1,32,15.3519,17.2879,0.0,2100000,2100035,2,304,2432,32.6398,5,1,9,1,1,1,0,1,1,2,5,1,9,1,1,1,0,1,1,2
D2DAP-192-hint,192,hint,D2DAP,D3,D5,True,,,02a572d6cd8610db,216|216,1,48,38.948,37.48,0.0,110000,110078,2,432,3456,76.428,5,1,9,1,1,1,0,1,1,2,5,1,9,1,1,1,0,1,1,2
D2DAP-192-hint,192,hint,D2DAP,D9,D5,True,,,b36e092cd7c2d6ad,216|216,1,48,37.2589,42.494,0.0,120000,120081,2,432,3456,79.7529,5,1,9,1,1,1,0,1,1,2,5,1,9,1,1,1,0,1,1,2
D2DAP-192-hint,192,hint,D2DAP,D9,D8,True,,,edfd4c33ad29a774,216|216,1,48,35.484300000000005,35.6317,0.0,130000,130073,2,432,3456,71.11600000000001,5,1,9,1,1,1,0,1,1,2,5,1,9,1,1,1,0,1,1,2
D2DAP-192-hint,192,hint,D2DAP,D6,D2,True,,,d36165cedfcb0ba2,216|216,1,48,35.8506,35.846,0.0,140000,140073,2,432,3456,71.69659999999999,5,1,9,1,1,1,0,1,1,2,5,1,9,1,1,1,0,1,1,2
D2DAP-192-hint,192,hint,D2DAP,D4,D7,True,,,e2f329e68c44e0d3,216|216,1,48,33.2817,34.3711,0.0,150000,150069,2,432,3456,67.6528,5,1,9,1,1,1,0,1,1,2,5,1,9,1,1,1,0,1,1,2
D2DAP-192-hint,192,hint,D2DAP,D9,D5,True,,,242667c112cef121,216|216,1,48,33.379599999999996,33.3327,0.0,160000,160069,2,432,3456,66.7123,5,1,9,1,1,1,0,1,1,2,5,1,9,1,1,1,0,1,1,2
D2DAP-192-hint,192,hint,D2DAP,D7,D8,True,,,470061f323718d5c,216|216,1,48,31.6024,33.8456,0.0,170000,170067,2,432,3456,65.448,5,1,9,1,1,1,0,1,1,2,5,1,9,1,1,1,0,1,1,2
D2DAP-192-hint,192,hint,D2DAP,D4,D2,True,,,c73969c5c74a7f67,216|216,1,48,33.6665,36.2054,0.0,180000,180072,2,432,3456,69.8719,5,1,9,1,1,1,0,1,1,2,5,1,9,1,1,1,0,1,1,2
D2DAP-192-hint,192,hint,D2DAP,D5,D1,True,,,7859d90f7edc9494,216|216,1,48,30.511499999999998,28.9019,0.0,190000,190060,2,432,3456,59.413399999999996,5,1,9,1,1,1,0,1,1,2,5,1,9,1,1,1,0,1,1,2
D2DAP-192-hint,192,hint,D2DAP,D2,D8,True,,,ed6466ed84d75996,216|216,1,48,31.467799999999997,32.142,0.0,200000,200065,2,432,3456,63.6098,5,1,9,1,1,1,0,1,1,2,5,1,9,1,1,1,0,1,1,2
D2DAP-192-hint,192,hint,D2DAP,D8,D9,True,,,4d6936e59116e399,216|216,1,48,32.3621,33.2232,0.0,210000,210067,2,432,3456,65.58529999999999,5,1,9,1,1,1,0,1,1,2,5,1,9,1,1,1,0,1,1,2
D2DAP-192-hint,192,hint,D2DAP,D5,D9,True,,,270f4dea8adbe5fc,216|216,1,48,30.855999999999998,30.3661,0.0,220000,220063,2,432,3456,61.2221,5,1,9,1,1,1,0,1,1,2,5,1,9,1,1,1,0,1,1,2
D2DAP-192-hint,192,hint,D2DAP,D4,D9,True,,,b8e5ffac373ed97d,216|216,1,48,33.5941,33.6048,0.0,230000,230069,2,432,3456,67.1989,5,1,9,1,1,1,0,1,1,2,5,1,9,1,1,1,0,1,1,2
D2DAP-192-hint,192,hint,D2DAP,D8,D5,True,,,89ef3f3c05db030d,216|216,1,48,31.0317,35.3368,0.0,240000,240068,2,432,3456,66.3685,5,1,9,1,1,1,0,1,1,2,5,1,9,1,1,1,0,1,1,2
D2DAP-192-hint,192,hint,D2DAP,D5,D2,True,,,819bc1c6326df23c,216|216,1,48,33.5077,35.1223,0.0,250000,250070,2,432,3456,68.63,5,1,9,1,1,1,0,1,1,2,5,1,9,1,1,1,0,1,1,2
D2DAP-192-hint,192,hint,D2DAP,D4,D5,True,,,559d06f8ee8829d3,216|216,1,48,32.9623,32.0931,0.0,260000,260067,2,432,3456,65.05539999999999,5,1,9,1,1,1,0,1,1,2,5,1,9,1,1,1,0,1,1,2
D2DAP-192-hint,192,hint,D2DAP,D6,D7,True,,,a9e0c723b744e0b5,216|216,1,48,31.8139,33.3764,0.0,270000,270067,2,432,3456,65.1903,5,1,9,1,1,1,0,1,1,2,5,1,9,1,1,1,0,1,1,2
D2DAP-192-hint,192,hint,D2DAP,D4,D2,True,,,6bcf82b9fb2674b0,216|216,1,48,33.4778,32.0462,0.0,280000,280067,2,432,3456,65.524,5,1,9,1,1,1,0,1,1,2,5,1,9,1,1,1,0,1,1,2
D2DAP-192-hint,192,hint,D2DAP,D8,D6,True,,,34cd5513d20c1419,216|216,1,48,34.1682,36.9298,0.0,290000,290073,2,432,3456,71.098,5,1,9,1,1,1,0,1,1,2,5,1,9,1,1,1,0,1,1,2
D2DAP-192-hint,192,hint,D2DAP,D3,D8,True,,,e6c140c3e9972171,216|216,1,48,44.972899999999996,36.3661,0.0,300000,300083,2,432,3456,81.339,5,1,9,1,1,1,0,1,1,2,5,1,9,1,1,1,0,1,1,2
D2DAP-192-hint,192,hint,D2DAP,D4,D9,True,,,3be692c5c10fbf81,216|216,1,48,38.851299999999995,38.0761,0.0,310000,310079,2,432,3456,76.92739999999999,5,1,9,1,1,1,0,1,1,2,5,1,9,1,1,1,0,1,1,2
D2DAP-192-hint,192,hint,D2DAP,D9,D4,True,,,167bc3fc019da7b1,216|216,1,48,37.5851,37.6014,0.0,320000,320076,2,432,3456,75.1865,5,1,9,1,1,1,0,1,1,2,5,1,9,1,1,1,0,1,1,2
D2DAP-192-hint,192,hint,D2DAP,D3,D7,True,,,1b7ec2f17e067399,216|216,1,48,32.562200000000004,34.4909,0.0,330000,330068,2,432,3456,67.0531,5,1,9,1,1,1,0,1,1,2,5,1,9,1,1,1,0,1,1,2
D2DAP-192-hint,192,hint,D2DAP,D9,D2,True,,,fd003296aabdeb74,216|216,1,48,38.208999999999996,37.2706,0.0,340000,340077,2,432,3456,75.4796,5,1,9,1,1,1,0,1,1,2,5,1,9,1,1,1,0,1,1,2
D2DAP-192-hint,192,hint,D2DAP,D8,D1,True,,,bbe2885c7f9f195e,216|216,1,48,37.5166,37.233,0.0,350000,350076,2,432,3456,74.74959999999999,5,1,9,1,1,1,0,1,1,2,5,1,9,1,1,1,0,1,1,2
D2DAP-192-hint,192,hint,D2DAP,D8,D10,True,,,05a6a8ce821983be,216|216,1,48,33.5215,48.9188,0.0,360000,360083,2,432,3456,82.44030000000001,5,1,9,1,1,1,0,1,1,2,5,1,9,1,1,1,0,1,1,2
D2DAP-192-hint,192,hint,D2DAP,D8,D5,True,,,60dff130c79cda8d,216|216,1,48,33.3269,32.0017,0.0,370000,370067,2,432,3456,65.3286,5,1,9,1,1,1,0,1,1,2,5,1,9,1,1,1,0,1,1,2
D2DAP-192-hint,192,hint,D2DAP,D6,D8,True,,,b30d06e035ffae01,216|216,1,48,38.480000000000004,39.7266,0.0,380000,380080,2,432,3456,78.20660000000001,5,1,9,1,1,1,0,1,1,2,5,1,9,1,1,1,0,1,1,2
D2DAP-192-hint,192,hint,D2DAP,D6,D5,True,,,e62bbd8c20b9c754,216|216,1,48,32.5581,33.8605,0.0,390000,390068,2,432,3456,66.4186,5,1,9,1,1,1,0,1,1,2,5,1,9,1,1,1,0,1,1,2
D2DAP-192-hint,192,hint,D2DAP,D3,D2,True,,,d9ee5353ecbfe381,216|216,1,48,38.589200000000005,36.9317,0.0,400000,400076,2,432,3456,75.52090000000001,5,1,9,1,1,1,0,1,1,2,5,1,9,1,1,1,0,1,1,2
D2DAP-192-hint,192,hint,D2DAP,D4,D7,True,,,b7496b3d402d5017,216|216,1,48,32.3403,34.4985,0.0,410000,410068,2,432,3456,66.83879999999999,5,1,9,1,1,1,0,1,1,2,5,1,9,1,1,1,0,1,1,2
D2DAP-192-hint,192,hint,D2DAP,D5,D9,True,,,329cefc9ddb0b1d3,216|216,1,48,36.1128,31.179,0.0,420000,420069,2,432,3456,67.2918,5,1,9,1,1,1,0,1,1,2,5,1,9,1,1,1,0,1,1,2
D2DAP-192-hint,192,hint,D2DAP,D1,D8,True,,,c6ea7ab61d2eda89,216|216,1,48,35.9851,36.461,0.0,430000,430074,2,432,3456,72.4461,5,1,9,1,1,1,0,1,1,2,5,1,9,1,1,1,0,1,1,2
D2DAP-192-hint,192,hint,D2DAP,D6,D10,True,,,a791c4613240966d,216|216,1,48,33.0082,41.3537,0.0,440000,440076,2,432,3456,74.3619,5,1,9,1,1,1,0,1,1,2,5,1,9,1,1,1,0,1,1,2
D2DAP-192-hint,192,hint,D2DAP,D1,D6,True,,,613389f3ec0be864,216|216,1,48,32.5985,32.3577,0.0,450000,450067,2,432,3456,64.9562,5,1,9,1,1,1,0,1,1,2,5,1,9,1,1,1,0,1,1,2
D2DAP-192-hint,192,hint,D2DAP,D7,D3,True,,,27e5de5117c26d9a,216|216,1,48,31.3776,33.0766,0.0,460000,460066,2,432,3456,64.4542,5,1,9,1,1,1,0,1,1,2,5,1,9,1,1,1,0,1,1,2
D2DAP-192-hint,192,hint,D2DAP,D4,D5,True,,,a6f1fbfa43e2a196,216|216,1,48,32.0255,31.3094,0.0,470000,470065,2,432,3456,63.334900000000005,5,1,9,1,1,1,0,1,1,2,5,1,9,1,1,1,0,1,1,2
D2DAP-192-hint,192,hint,D2DAP,D3,D2,True,,,0ba51ed93d815342,216|216,1,48,36.163199999999996,32.7084,0.0,480000,480070,2,432,3456,68.8716,5,1,9,1,1,1,0,1,1,2,5,1,9,1,1,1,0,1,1,2
D2DAP-192-hint,192,hint,D2DAP,D10,D9,True,,,63a88b7b1293add3,216|216,1,48,34.9641,34.1412,0.0,490000,490071,2,432,3456,69.1053,5,1,9,1,1,1,0,1,1,2,5,1,9,1,1,1,0,1,1,2
D2DAP-192-hint,192,hint,D2DAP,D9,D3,True,,,3d7cc6725af2d054,216|216,1,48,32.893299999999996,33.172,0.0,500000,500068,2,432,3456,66.0653,5,1,9,1,1,1,0,1,1,2,5,1,9,1,1,1,0,1,1,2
D2DAP-192-hint,192,hint,D2DAP,D8,D3,True,,,8716e3a6218c569e,216|216,1,48,32.925799999999995,31.2247,0.0,510000,510066,2,432,3456,64.1505,5,1,9,1,1,1,0,1,1,2,5,1,9,1,1,1,0,1,1,2
D2DAP-192-hint,192,hint,D2DAP,D3,D5,True,,,e75d4a2cd5a868df,216|216,1,48,34.885999999999996,35.3212,0.0,520000,520072,2,432,3456,70.2072,5,1,9,1,1,1,0,1,1,2,5,1,9,1,1,1,0,1,1,2
D2DAP-192-hint,192,hint,D2DAP,D2,D6,True,,,a1d2d7eb5f4bea41,216|216,1,48,32.7081,34.5104,0.0,530000,530069,2,432,3456,67.2185,5,1,9,1,1,1,0,1,1,2,5,1,9,1,1,1,0,1,1,2
D2DAP-192-hint,192,hint,D2DAP,D8,D10,True,,,eb100ab415934895,216|216,1,48,38.411,32.6412,0.0,540000,540072,2,432,3456,71.0522,5,1,9,1,1,1,0,1,1,2,5,1,9,1,1,1,0,1,1,2
D2DAP-192-hint,192,hint,D2DAP,D5,D4,True,,,78786ee321e6d7e1,216|216,1,48,36.9244,33.4404,0.0,550000,550072,2,432,3456,70.3648,5,1,9,1,1,1,0,1,1,2,5,1,9,1,1,1,0,1,1,2
D2DAP-192-hint,192,hint,D2DAP,D4,D8,True,,,c3aec23009b82ff7,216|216,1,48,32.6007,33.2287,0.0,560000,560067,2,432,3456,65.8294,5,1,9,1,1,1,0,1,1,2,5,1,9,1,1,1,0,1,1,2
D2DAP-192-hint,192,hint,D2DAP,D1,D4,True,,,aa0a8220e72859ea,216|216,1,48,34.9323,35.0708,0.0,570000,570072,2,432,3456,70.00309999999999,5,1,9,1,1,1,0,1,1,2,5,1,9,1,1,1,0,1,1,2
D2DAP-192-hint,192,hint,D2DAP,D1,D8,True,,,1650850671751d95,216|216,1,48,35.6548,33.8866,0.0,580000,580071,2,432,3456,69.54140000000001,5,1,9,1,1,1,0,1,1,2,5,1,9,1,1,1,0,1,1,2
D2DAP-192-hint,192,hint,D2DAP,D7,D5,True,,,4f18f3e5089f1c69,216|216,1,48,32.6109,34.9228,0.0,590000,590069,2,432,3456,67.53370000000001,5,1,9,1,1,1,0,1,1,2,5,1,9,1,1,1,0,1,1,2
D2DAP-192-hint,192,hint,D2DAP,D2,D10,True,,,ffc104edea00d0c7,216|216,1,48,31.843600000000002,33.0817,0.0,600000,600067,2,432,3456,64.9253,5,1,9,1,1,1,0,1,1,2,5,1,9,1,1,1,0,1,1,2
D2DAP-192-hint,192,hint,D2DAP,D2,D9,True,,,54bb78076b6d01d8,216|216,1,48,32.9054,30.0398,0.0,610000,610065,2,432,3456,62.9452,5,1,9,1,1,1,0,1,1,2,5,1,9,1,1,1,0,1,1,2
D2DAP-192-hint,192,hint,D2DAP,D5,D7,True,,,7f2cac9637536e5c,216|216,1,48,35.0434,33.1785,0.0,620000,620070,2,432,3456,68.2219,5,1,9,1,1,1,0,1,1,2,5,1,9,1,1,1,0,1,1,2
D2DAP-192-hint,192,hint,D2DAP,D4,D2,True,,,c34f4fb3f53e99e1,216|216,1,48,34.6934,32.9901,0.0,630000,630068,2,432,3456,67.6835,5,1,9,1,1,1,0,1,1,2,5,1,9,1,1,1,0,1,1,2
D2DAP-192-hint,192,hint,D2DAP,D3,D7,True,,,05dbd9fefe09632d,216|216,1,48,30.946,31.6667,0.0,640000,640064,2,432,3456,62.612700000000004,5,1,9,1,1,1,0,1,1,2,5,1,9,1,1,1,0,1,1,2
D2DAP-192-hint,192,hint,D2DAP,D6,D4,True,,,307844b9c728311d,216|216,1,48,32.4908,32.4939,0.0,650000,650066,2,432,3456,64.9847,5,1,9,1,1,1,0,1,1,2,5,1,9,1,1,1,0,1,1,2
D2DAP-192-hint,192,hint,D2DAP,D4,D1,True,,,afa211907dcb6e5c,216|216,1,48,36.957499999999996,34.5605,0.0,660000,660073,2,432,3456,71.518,5,1,9,1,1,1,0,1,1,2,5,1,9,1,1,1,0,1,1,2
D2DAP-192-hint,192,hint,D2DAP,D10,D4,True,,,895a923e593331c3,216|216,1,48,34.27,29.6679,0.0,670000,670065,2,432,3456,63.9379,5,1,9,1,1,1,0,1,1,2,5,1,9,1,1,1,0,1,1,2
D2DAP-192-hint,192,hint,D2DAP,D9,D5,True,,,0f570e9ded51e6f8,216|216,1,48,36.806,34.7549,0.0,680000,680073,2,432,3456,71.5609,5,1,9,1,1,1,0,1,1,2,5,1,9,1,1,1,0,1,1,2
D2DAP-192-hint,192,hint,D2DAP,D5,D3,True,,,ee5846a6a10f45b3,216|216,1,48,35.1073,34.4566,0.0,690000,690071,2,432,3456,69.5639,5,1,9,1,1,1,0,1,1,2,5,1,9,1,1,1,0,1,1,2
D2DAP-192-hint,192,hint,D2DAP,D9,D3,True,,,a8617edcf01dbfc5,216|216,1,48,34.2585,35.4262,0.0,700000,700072,2,432,3456,69.68469999999999,5,1,9,1,1,1,0,1,1,2,5,1,9,1,1,1,0,1,1,2
D2DAP-192-hint,192,hint,D2DAP,D3,D8,True,,,94ce233dd1ac4c91,216|216,1,48,34.2431,34.8431,0.0,710000,710070,2,432,3456,69.08619999999999,5,1,9,1,1,1,0,1,1,2,5,1,9,1,1,1,0,1,1,2
D2DAP-192-hint,192,hint,D2DAP,D8,D5,True,,,54456e1bae32ef6b,216|216,1,48,33.7188,33.2814,0.0,720000,720069,2,432,3456,67.0002,5,1,9,1,1,1,0,1,1,2,5,1,9,1,1,1,0,1,1,2
D2DAP-192-hint,192,hint,D2DAP,D10,D1,True,,,eb9620a92b18f67d,216|216,1,48,33.5569,35.5055,0.0,730000,730071,2,432,3456,69.0624,5,1,9,1,1,1,0,1,1,2,5,1,9,1,1,1,0,1,1,2
D2DAP-192-hint,192,hint,D2DAP,D2,D9,True,,,ef45dc40d897ca43,216|216,1,48,31.2146,31.8624,0.0,740000,740064,2,432,3456,63.077,5,1,9,1,1,1,0,1,1,2,5,1,9,1,1,1,0,1,1,2
D2DAP-192-hint,192,hint,D2DAP,D7,D3,True,,,b2dbe63405c9460b,216|216,1,48,31.5017,30.8011,0.0,750000,750063,2,432,3456,62.302800000000005,5,1,9,1,1,1,0,1,1,2,5,1,9,1,1,1,0,1,1,2
D2DAP-192-hint,192,hint,D2DAP,D3,D9,True,,,13470e808cf3389d,216|216,1,48,33.457899999999995,33.9742,0.0,760000,760068,2,432,3456,67.43209999999999,5,1,9,1,1,1,0,1,1,2,5,1,9,1,1,1,0,1,1,2
D2DAP-192-hint,192,hint,D2DAP,D2,D5,True,,,ced0b6b84bb3bacb,216|216,1,48,32.963300000000004,31.3215,0.0,770000,770066,2,432,3456,64.2848,5,1,9,1,1,1,0,1,1,2,5,1,9,1,1,1,0,1,1,2
D2DAP-192-hint,192,hint,D2DAP,D8,D1,True,,,80d511aa13fa19e6,216|216,1,48,35.281400000000005,35.037,0.0,780000,780072,2,432,3456,70.3184,5,1,9,1,1,1,0,1,1,2,5,1,9,1,1,1,0,1,1,2
D2DAP-192-hint,192,hint,D2DAP,D5,D8,True,,,dd7cb84802a74aa5,216|216,1,48,33.542500000000004,32.9166,0.0,790000,790067,2,432,3456,66.4591,5,1,9,1,1,1,0,1,1,2,5,1,9,1,1,1,0,1,1,2
D2DAP-192-hint,192,hint,D2DAP,D4,D10,True,,,0a5cea3a922325b4,216|216,1,48,31.1766,30.1816,0.0,800000,800064,2,432,3456,61.3582,5,1,9,1,1,1,0,1,1,2,5,1,9,1,1,1,0,1,1,2
D2DAP-192-hint,192,hint,D2DAP,D6,D2,True,,,3d86ba7ff357ebcc,216|216,1,48,33.3465,33.7083,0.0,810000,810069,2,432,3456,67.0548,5,1,9,1,1,1,0,1,1,2,5,1,9,1,1,1,0,1,1,2
D2DAP-192-hint,192,hint,D2DAP,D7,D6,True,,,e063967c886299e0,216|216,1,48,34.0168,36.1064,0.0,820000,820072,2,432,3456,70.1232,5,1,9,1,1,1,0,1,1,2,5,1,9,1,1,1,0,1,1,2
D2DAP-192-hint,192,hint,D2DAP,D7,D5,True,,,fbfcb7a5fac9e555,216|216,1,48,35.3161,32.3496,0.0,830000,830069,2,432,3456,67.6657,5,1,9,1,1,1,0,1,1,2,5,1,9,1,1,1,0,1,1,2
D2DAP-192-hint,192,hint,D2DAP,D2,D1,True,,,83d27e65052114bb,216|216,1,48,36.54,33.2049,0.0,840000,840072,2,432,3456,69.7449,5,1,9,1,1,1,0,1,1,2,5,1,9,1,1,1,0,1,1,2
D2DAP-192-hint,192,hint,D2DAP,D2,D4,True,,,e0709719d6ef7afe,216|216,1,48,33.8893,30.6988,0.0,850000,850066,2,432,3456,64.5881,5,1,9,1,1,1,0,1,1,2,5,1,9,1,1,1,0,1,1,2
D2DAP-192-hint,192,hint,D2DAP,D7,D2,True,,,9dd1acfec6969bd6,216|216,1,48,32.952600000000004,33.0533,0.0,860000,860068,2,432,3456,66.0059,5,1,9,1,1,1,0,1,1,2,5,1,9,1,1,1,0,1,1,2
D2DAP-192-hint,192,hint,D2DAP,D2,D6,True,,,ce62f5d84ce80018,216|216,1,48,32.86,32.1473,0.0,870000,870067,2,432,3456,65.0073,5,1,9,1,1,1,0,1,1,2,5,1,9,1,1,1,0,1,1,2
D2DAP-192-hint,192,hint,D2DAP,D2,D3,True,,,7dd4177e70e48cca,216|216,1,48,35.369699999999995,33.9894,0.0,880000,880070,2,432,3456,69.3591,5,1,9,1,1,1,0,1,1,2,5,1,9,1,1,1,0,1,1,2
D2DAP-192-hint,192,hint,D2DAP,D6,D9,True,,,c9ccb3c394ad00a8,216|216,1,48,41.078900000000004,39.3024,0.0,890000,890082,2,432,3456,80.38130000000001,5,1,9,1,1,1,0,1,1,2,5,1,9,1,1,1,0,1,1,2
D2DAP-192-hint,192,hint,D2DAP,D4,D7,True,,,f73e63f703339cef,216|216,1,48,39.256699999999995,42.3591,0.0,900000,900083,2,432,3456,81.6158,5,1,9,1,1,1,0,1,1,2,5,1,9,1,1,1,0,1,1,2
D2DAP-192-hint,192,hint,D2DAP,D1,D3,True,,,6b49877e3e1f26bb,216|216,1,48,37.559200000000004,33.6112,0.0,910000,910073,2,432,3456,71.1704,5,1,9,1,1,1,0,1,1,2,5,1,9,1,1,1,0,1,1,2
D2DAP-192-hint,192,hint,D2DAP,D5,D9,True,,,2cb73d80de49b0a7,216|216,1,48,37.7727,40.1097,0.0,920000,920079,2,432,3456,77.88239999999999,5,1,9,1,1,1,0,1,1,2,5,1,9,1,1,1,0,1,1,2
D2DAP-192-hint,192,hint,D2DAP,D8,D5,True,,,6bd41ce9c51c046b,216|216,1,48,39.4461,38.5414,0.0,930000,930079,2,432,3456,77.98750000000001,5,1,9,1,1,1,0,1,1,2,5,1,9,1,1,1,0,1,1,2
D2DAP-192-hint,192,hint,D2DAP,D3,D1,True,,,49d9f8f68b5544d1,216|216,1,48,32.2493,37.2504,0.0,940000,940071,2,432,3456,69.49969999999999,5,1,9,1,1,1,0,1,1,2,5,1,9,1,1,1,0,1,1,2
D2DAP-192-hint,192,hint,D2DAP,D5,D7,True,,,58ca0e4fac30e04e,216|216,1,48,33.5929,37.6669,0.0,950000,950073,2,432,3456,71.2598,5,1,9,1,1,1,0,1,1,2,5,1,9,1,1,1,0,1,1,2
D2DAP-192-hint,192,hint,D2DAP,D9,D2,True,,,aa298a60d902bd47,216|216,1,48,35.3253,36.0555,0.0,960000,960074,2,432,3456,71.3808,5,1,9,1,1,1,0,1,1,2,5,1,9,1,1,1,0,1,1,2
D2DAP-192-hint,192,hint,D2DAP,D5,D10,True,,,f15b48ec86a36e2b,216|216,1,48,35.6434,33.1529,0.0,970000,970071,2,432,3456,68.7963,5,1,9,1,1,1,0,1,1,2,5,1,9,1,1,1,0,1,1,2
D2DAP-192-hint,192,hint,D2DAP,D10,D3,True,,,a2df6460e658f83b,216|216,1,48,34.935,34.8086,0.0,980000,980071,2,432,3456,69.7436,5,1,9,1,1,1,0,1,1,2,5,1,9,1,1,1,0,1,1,2
D2DAP-192-hint,192,hint,D2DAP,D5,D6,True,,,4e81e990e582e563,216|216,1,48,33.6751,36.2143,0.0,990000,990071,2,432,3456,69.8894,5,1,9,1,1,1,0,1,1,2,5,1,9,1,1,1,0,1,1,2
D2DAP-192-hint,192,hint,D2DAP,D3,D4,True,,,6ed5c78d7aee7b8a,216|216,1,48,36.3709,35.8919,0.0,1000000,1000073,2,432,3456,72.2628,5,1,9,1,1,1,0,1,1,2,5,1,9,1,1,1,0,1,1,2
D2DAP-192-hint,192,hint,D2DAP,D9,D4,True,,,0ef686004339b450,216|216,1,48,36.3678,34.4647,0.0,1010000,1010072,2,432,3456,70.83250000000001,5,1,9,1,1,1,0,1,1,2,5,1,9,1,1,1,0,1,1,2
D2DAP-192-hint,192,hint,D2DAP,D6,D9,True,,,644d69972b8f73bb,216|216,1,48,38.1252,42.9311,0.0,1020000,1020083,2,432,3456,81.0563,5,1,9,1,1,1,0,1,1,2,5,1,9,1,1,1,0,1,1,2
D2DAP-192-hint,192,hint,D2DAP,D6,D3,True,,,d3065c5d835657b9,216|216,1,48,34.598,34.9022,0.0,1030000,1030070,2,432,3456,69.5002,5,1,9,1,1,1,0,1,1,2,5,1,9,1,1,1,0,1,1,2
D2DAP-192-hint,192,hint,D2DAP,D1,D7,True,,,569687889a9b3243,216|216,1,48,31.0473,33.5011,0.0,1040000,1040066,2,432,3456,64.5484,5,1,9,1,1,1,0,1,1,2,5,1,9,1,1,1,0,1,1,2
D2DAP-192-hint,192,hint,D2DAP,D3,D2,True,,,51115be269a26529,216|216,1,48,32.1323,32.9677,0.0,1050000,1050066,2,432,3456,65.1,5,1,9,1,1,1,0,1,1,2,5,1,9,1,1,1,0,1,1,2
D2DAP-192-hint,192,hint,D2DAP,D6,D8,True,,,894e68714a4525a5,216|216,1,48,37.6358,34.4683,0.0,1060000,1060073,2,432,3456,72.1041,5,1,9,1,1,1,0,1,1,2,5,1,9,1,1,1,0,1,1,2
D2DAP-192-hint,192,hint,D2DAP,D8,D9,True,,,5e6ec869b3ed494c,216|216,1,48,40.8745,36.8338,0.0,1070000,1070079,2,432,3456,77.7083,5,1,9,1,1,1,0,1,1,2,5,1,9,1,1,1,0,1,1,2
D2DAP-192-hint,192,hint,D2DAP,D1,D7,True,,,8ce4cf974d47aaf5,216|216,1,48,34.4263,33.8893,0.0,1080000,1080069,2,432,3456,68.31559999999999,5,1,9,1,1,1,0,1,1,2,5,1,9,1,1,1,0,1,1,2
D2DAP-192-hint,192,hint,D2DAP,D3,D9,True,,,88bfd9a677567d6b,216|216,1,48,33.802,33.5727,0.0,1090000,1090069,2,432,3456,67.37469999999999,5,1,9,1,1,1,0,1,1,2,5,1,9,1,1,1,0,1,1,2
D2DAP-192-hint,192,hint,D2DAP,D1,D2,True,,,67e97de484df4e53,216|216,1,48,35.2689,34.5015,0.0,1100000,1100072,2,432,3456,69.7704,5,1,9,1,1,1,0,1,1,2,5,1,9,1,1,1,0,1,1,2
D2DAP-192-hint,192,hint,D2DAP,D4,D5,True,,,bc4ee490ad3efb56,216|216,1,48,32.376000000000005,32.4493,0.0,1110000,1110066,2,432,3456,64.8253,5,1,9,1,1,1,0,1,1,2,5,1,9,1,1,1,0,1,1,2
D2DAP-192-hint,192,hint,D2DAP,D8,D5,True,,,9e963a7cfaad648a,216|216,1,48,31.7798,30.4254,0.0,1120000,1120064,2,432,3456,62.205200000000005,5,1,9,1,1,1,0,1,1,2,5,1,9,1,1,1,0,1,1,2
D2DAP-192-hint,192,hint,D2DAP,D4,D9,True,,,380f077f9784a880,216|216,1,48,37.6871,34.915,0.0,1130000,1130073,2,432,3456,72.60210000000001,5,1,9,1,1,1,0,1,1,2,5,1,9,1,1,1,0,1,1,2
D2DAP-192-hint,192,hint,D2DAP,D7,D9,True,,,4c4c627538806a25,216|216,1,48,37.4112,33.181,0.0,1140000,1140073,2,432,3456,70.59219999999999,5,1,9,1,1,1,0,1,1,2,5,1,9,1,1,1,0,1,1,2
D2DAP-192-hint,192,hint,D2DAP,D6,D10,True,,,c71176967d39fd67,216|216,1,48,34.8088,34.3979,0.0,1150000,1150071,2,432,3456,69.2067,5,1,9,1,1,1,0,1,1,2,5,1,9,1,1,1,0,1,1,2
D2DAP-192-hint,192,hint,D2DAP,D3,D10,True,,,d8a9a0700f4a608d,216|216,1,48,30.487299999999998,34.2249,0.0,1160000,1160066,2,432,3456,64.7122,5,1,9,1,1,1,0,1,1,2,5,1,9,1,1,1,0,1,1,2
D2DAP-192-hint,192,hint,D2DAP,D2,D10,True,,,3c376418b51838e1,216|216,1,48,32.9157,33.1389,0.0,1170000,1170068,2,432,3456,66.0546,5,1,9,1,1,1,0,1,1,2,5,1,9,1,1,1,0,1,1,2
D2DAP-192-hint,192,hint,D2DAP,D3,D1,True,,,86b7500cada01ac6,216|216,1,48,33.0186,33.1231,0.0,1180000,1180068,2,432,3456,66.1417,5,1,9,1,1,1,0,1,1,2,5,1,9,1,1,1,0,1,1,2
D2DAP-192-hint,192,hint,D2DAP,D10,D9,True,,,13eb64eb8c634a5c,216|216,1,48,31.764200000000002,33.3101,0.0,1190000,1190067,2,432,3456,65.0743,5,1,9,1,1,1,0,1,1,2,5,1,9,1,1,1,0,1,1,2
D2DAP-192-hint,192,hint,D2DAP,D9,D1,True,,,fe3ab307264b3636,216|216,1,48,30.2785,28.8566,0.0,1200000,1200060,2,432,3456,59.1351,5,1,9,1,1,1,0,1,1,2,5,1,9,1,1,1,0,1,1,2
D2DAP-192-hint,192,hint,D2DAP,D9,D8,True,,,fe70d34f053ffdcc,216|216,1,48,33.4929,32.0877,0.0,1210000,1210067,2,432,3456,65.5806,5,1,9,1,1,1,0,1,1,2,5,1,9,1,1,1,0,1,1,2
D2DAP-192-hint,192,hint,D2DAP,D9,D2,True,,,89622cb3048850a6,216|216,1,48,35.0936,34.7058,0.0,1220000,1220072,2,432,3456,69.7994,5,1,9,1,1,1,0,1,1,2,5,1,9,1,1,1,0,1,1,2
D2DAP-192-hint,192,hint,D2DAP,D4,D5,True,,,52547b44f68a73aa,216|216,1,48,30.5901,33.6109,0.0,1230000,1230065,2,432,3456,64.201,5,1,9,1,1,1,0,1,1,2,5,1,9,1,1,1,0,1,1,2
D2DAP-192-hint,192,hint,D2DAP,D7,D4,True,,,e6e7d2eaf8357445,216|216,1,48,31.3714,29.1709,0.0,1240000,1240062,2,432,3456,60.5423,5,1,9,1,1,1,0,1,1,2,5,1,9,1,1,1,0,1,1,2
D2DAP-192-hint,192,hint,D2DAP,D4,D10,True,,,966f73d51763ee49,216|216,1,48,33.942,34.2101,0.0,1250000,1250070,2,432,3456,68.15209999999999,5,1,9,1,1,1,0,1,1,2,5,1,9,1,1,1,0,1,1,2
D2DAP-192-hint,192,hint,D2DAP,D1,D8,True,,,a702749c9a3540e7,216|216,1,48,34.635999999999996,34.4384,0.0,1260000,1260071,2,432,3456,69.0744,5,1,9,1,1,1,0,1,1,2,5,1,9,1,1,1,0,1,1,2
D2DAP-192-hint,192,hint,D2DAP,D3,D4,True,,,fa8a6ea9dc321d10,216|216,1,48,35.1722,34.4113,0.0,1270000,1270071,2,432,3456,69.58349999999999,5,1,9,1,1,1,0,1,1,2,5,1,9,1,1,1,0,1,1,2
D2DAP-192-hint,192,hint,D2DAP,D10,D9,True,,,ba994d34d7dfbc12,216|216,1,48,33.8782,36.556,0.0,1280000,1280072,2,432,3456,70.4342,5,1,9,1,1,1,0,1,1,2,5,1,9,1,1,1,0,1,1,2
D2DAP-192-hint,192,hint,D2DAP,D2,D1,True,,,cf4eec89544206be,216|216,1,48,33.0225,35.3939,0.0,1290000,1290070,2,432,3456,68.41640000000001,5,1,9,1,1,1,0,1,1,2,5,1,9,1,1,1,0,1,1,2
D2DAP-192-hint,192,hint,D2DAP,D9,D8,True,,,7d1fdef0c6d26b4b,216|216,1,48,31.536699999999996,35.1574,0.0,1300000,1300068,2,432,3456,66.69409999999999,5,1,9,1,1,1,0,1,1,2,5,1,9,1,1,1,0,1,1,2
D2DAP-192-hint,192,hint,D2DAP,D2,D7,True,,,33eba698fb09bb58,216|216,1,48,34.9628,36.7329,0.0,1310000,1310073,2,432,3456,71.6957,5,1,9,1,1,1,0,1,1,2,5,1,9,1,1,1,0,1,1,2
D2DAP-192-hint,192,hint,D2DAP,D6,D8,True,,,dd39de7f5e33a0d9,216|216,1,48,33.9123,35.9811,0.0,1320000,1320071,2,432,3456,69.8934,5,1,9,1,1,1,0,1,1,2,5,1,9,1,1,1,0,1,1,2
D2DAP-192-hint,192,hint,D2DAP,D2,D1,True,,,90d365d2a2123fb6,216|216,1,48,33.4777,31.4936,0.0,1330000,1330066,2,432,3456,64.9713,5,1,9,1,1,1,0,1,1,2,5,1,9,1,1,1,0,1,1,2
D2DAP-192-hint,192,hint,D2DAP,D3,D10,True,,,3161d0ebbd6852bd,216|216,1,48,29.981499999999997,32.6646,0.0,1340000,1340064,2,432,3456,62.6461,5,1,9,1,1,1,0,1,1,2,5,1,9,1,1,1,0,1,1,2
D2DAP-192-hint,192,hint,D2DAP,D10,D3,True,,,016d5ffdfcf8ac54,216|216,1,48,33.7855,34.4947,0.0,1350000,1350070,2,432,3456,68.28020000000001,5,1,9,1,1,1,0,1,1,2,5,1,9,1,1,1,0,1,1,2
D2DAP-192-hint,192,hint,D2DAP,D10,D5,True,,,c2e069d2e6ccc40f,216|216,1,48,31.6569,32.8556,0.0,1360000,1360065,2,432,3456,64.5125,5,1,9,1,1,1,0,1,1,2,5,1,9,1,1,1,0,1,1,2
D2DAP-192-hint,192,hint,D2DAP,D1,D9,True,,,03408722b5b89a5f,216|216,1,48,34.5146,33.5304,0.0,1370000,1370069,2,432,3456,68.045,5,1,9,1,1,1,0,1,1,2,5,1,9,1,1,1,0,1,1,2
D2DAP-192-hint,192,hint,D2DAP,D10,D3,True,,,be94a0c7dd891a7d,216|216,1,48,30.4616,31.8338,0.0,1380000,1380064,2,432,3456,62.2954,5,1,9,1,1,1,0,1,1,2,5,1,9,1,1,1,0,1,1,2
D2DAP-192-hint,192,hint,D2DAP,D1,D7,True,,,d67618d5e1eedcfb,216|216,1,48,30.8149,31.6229,0.0,1390000,1390064,2,432,3456,62.4378,5,1,9,1,1,1,0,1,1,2,5,1,9,1,1,1,0,1,1,2
D2DAP-192-hint,192,hint,D2DAP,D2,D3,True,,,13e5178530ae4fe8,216|216,1,48,35.3015,33.3807,0.0,1400000,1400070,2,432,3456,68.6822,5,1,9,1,1,1,0,1,1,2,5,1,9,1,1,1,0,1,1,2
D2DAP-192-hint,192,hint,D2DAP,D9,D7,True,,,aac94dabd1f0300e,216|216,1,48,36.5715,32.8034,0.0,1410000,1410071,2,432,3456,69.3749,5,1,9,1,1,1,0,1,1,2,5,1,9,1,1,1,0,1,1,2
D2DAP-192-hint,192,hint,D2DAP,D5,D6,True,,,a20594fbbb514d88,216|216,1,48,33.0372,32.9021,0.0,1420000,1420067,2,432,3456,65.9393,5,1,9,1,1,1,0,1,1,2,5,1,9,1,1,1,0,1,1,2
D2DAP-192-hint,192,hint,D2DAP,D9,D8,True,,,59743b9a9063494c,216|216,1,48,37.2385,34.3232,0.0,1430000,1430073,2,432,3456,71.5617,5,1,9,1,1,1,0,1,1,2,5,1,9,1,1,1,0,1,1,2
D2DAP-192-hint,192,hint,D2DAP,D7,D1,True,,,0e2cf0c9ec94c8f1,216|216,1,48,33.333,33.5176,0.0,1440000,1440068,2,432,3456,66.8506,5,1,9,1,1,1,0,1,1,2,5,1,9,1,1,1,0,1,1,2
D2DAP-192-hint,192,hint,D2DAP,D2,D8,True,,,ed37405e148b31ef,216|216,1,48,31.1588,36.0846,0.0,1450000,1450069,2,432,3456,67.24340000000001,5,1,9,1,1,1,0,1,1,2,5,1,9,1,1,1,0,1,1,2
D2DAP-192-hint,192,hint,D2DAP,D2,D6,True,,,8e91be8afe2db18d,216|216,1,48,36.5512,32.7528,0.0,1460000,1460070,2,432,3456,69.304,5,1,9,1,1,1,0,1,1,2,5,1,9,1,1,1,0,1,1,2
D2DAP-192-hint,192,hint,D2DAP,D1,D4,True,,,b2ade99e688d05d5,216|216,1,48,35.4037,35.1353,0.0,1470000,1470072,2,432,3456,70.539,5,1,9,1,1,1,0,1,1,2,5,1,9,1,1,1,0,1,1,2
D2DAP-192-hint,192,hint,D2DAP,D2,D3,True,,,8f50a103dc8bd58c,216|216,1,48,32.782700000000006,31.8835,0.0,1480000,1480066,2,432,3456,64.6662,5,1,9,1,1,1,0,1,1,2,5,1,9,1,1,1,0,1,1,2
D2DAP-192-hint,192,hint,D2DAP,D7,D5,True,,,ecdc9074a4208779,216|216,1,48,40.977599999999995,39.0459,0.0,1490000,1490082,2,432,3456,80.0235,5,1,9,1,1,1,0,1,1,2,5,1,9,1,1,1,0,1,1,2
D2DAP-192-hint,192,hint,D2DAP,D6,D9,True,,,78d3d1300e86985c,216|216,1,48,42.012100000000004,40.5264,0.0,1500000,1500084,2,432,3456,82.5385,5,1,9,1,1,1,0,1,1,2,5,1,9,1,1,1,0,1,1,2
D2DAP-192-hint,192,hint,D2DAP,D10,D9,True,,,b9a24edb415a3350,216|216,1,48,33.5366,40.1003,0.0,1510000,1510075,2,432,3456,73.6369,5,1,9,1,1,1,0,1,1,2,5,1,9,1,1,1,0,1,1,2
D2DAP-192-hint,192,hint,D2DAP,D1,D6,True,,,bcfdfae3318d7db0,216|216,1,48,31.3015,32.2208,0.0,1520000,1520066,2,432,3456,63.5223,5,1,9,1,1,1,0,1,1,2,5,1,9,1,1,1,0,1,1,2
D2DAP-192-hint,192,hint,D2DAP,D2,D7,True,,,2b80942f4284c22e,216|216,1,48,35.3527,29.8671,0.0,1530000,1530067,2,432,3456,65.21979999999999,5,1,9,1,1,1,0,1,1,2,5,1,9,1,1,1,0,1,1,2
D2DAP-192-hint,192,hint,D2DAP,D8,D1,True,,,38196b9aeb924d92,216|216,1,48,38.0777,39.2701,0.0,1540000,1540079,2,432,3456,77.3478,5,1,9,1,1,1,0,1,1,2,5,1,9,1,1,1,0,1,1,2
D2DAP-192-hint,192,hint,D2DAP,D5,D7,True,,,497a95474204bf20,216|216,1,48,37.3979,35.4873,0.0,1550000,1550074,2,432,3456,72.8852,5,1,9,1,1,1,0,1,1,2,5,1,9,1,1,1,0,1,1,2
D2DAP-192-hint,192,hint,D2DAP,D9,D2,True,,,a72158cd093e0ba9,216|216,1,48,36.1331,36.2938,0.0,1560000,1560075,2,432,3456,72.42689999999999,5,1,9,1,1,1,0,1,1,2,5,1,9,1,1,1,0,1,1,2
D2DAP-192-hint,192,hint,D2DAP,D2,D10,True,,,42ba14d12b74375b,216|216,1,48,34.0127,35.6062,0.0,1570000,1570071,2,432,3456,69.6189,5,1,9,1,1,1,0,1,1,2,5,1,9,1,1,1,0,1,1,2
D2DAP-192-hint,192,hint,D2DAP,D5,D8,True,,,95e56f319888dceb,216|216,1,48,35.5873,34.1901,0.0,1580000,1580072,2,432,3456,69.7774,5,1,9,1,1,1,0,1,1,2,5,1,9,1,1,1,0,1,1,2
D2DAP-192-hint,192,hint,D2DAP,D6,D8,True,,,fd80febc00e4d9e5,216|216,1,48,35.701,32.9767,0.0,1590000,1590070,2,432,3456,68.6777,5,1,9,1,1,1,0,1,1,2,5,1,9,1,1,1,0,1,1,2
D2DAP-192-hint,192,hint,D2DAP,D7,D1,True,,,b2f1691aef2526fc,216|216,1,48,37.6926,34.8241,0.0,1600000,1600074,2,432,3456,72.5167,5,1,9,1,1,1,0,1,1,2,5,1,9,1,1,1,0,1,1,2
D2DAP-192-hint,192,hint,D2DAP,D9,D3,True,,,5e106543405eeebb,216|216,1,48,28.701800000000002,29.6149,0.0,1610000,1610060,2,432,3456,58.3167,5,1,9,1,1,1,0,1,1,2,5,1,9,1,1,1,0,1,1,2
D2DAP-192-hint,192,hint,D2DAP,D5,D8,True,,,32641da64b2f8d5c,216|216,1,48,32.4818,32.6172,0.0,1620000,1620066,2,432,3456,65.09899999999999,5,1,9,1,1,1,0,1,1,2,5,1,9,1,1,1,0,1,1,2
D2DAP-192-hint,192,hint,D2DAP,D4,D6,True,,,d8e4b05b6a2ec04d,216|216,1,48,32.4979,37.7043,0.0,1630000,1630072,2,432,3456,70.2022,5,1,9,1,1,1,0,1,1,2,5,1,9,1,1,1,0,1,1,2
D2DAP-192-hint,192,hint,D2DAP,D6,D10,True,,,808af1744d411afa,216|216,1,48,31.9592,34.8354,0.0,1640000,1640068,2,432,3456,66.7946,5,1,9,1,1,1,0,1,1,2,5,1,9,1,1,1,0,1,1,2
D2DAP-192-hint,192,hint,D2DAP,D10,D7,True,,,0e7de52ac86a0815,216|216,1,48,31.0499,30.356,0.0,1650000,1650063,2,432,3456,61.4059,5,1,9,1,1,1,0,1,1,2,5,1,9,1,1,1,0,1,1,2
D2DAP-192-hint,192,hint,D2DAP,D2,D4,True,,,5ca9ab81e07079aa,216|216,1,48,35.7001,31.061,0.0,1660000,1660069,2,432,3456,66.7611,5,1,9,1,1,1,0,1,1,2,5,1,9,1,1,1,0,1,1,2
D2DAP-192-hint,192,hint,D2DAP,D5,D9,True,,,7875cfae44a35764,216|216,1,48,34.2139,33.0482,0.0,1670000,1670070,2,432,3456,67.2621,5,1,9,1,1,1,0,1,1,2,5,1,9,1,1,1,0,1,1,2
D2DAP-192-hint,192,hint,D2DAP,D6,D10,True,,,7cfaa02cca366da9,216|216,1,48,33.8953,33.5592,0.0,1680000,1680069,2,432,3456,67.4545,5,1,9,1,1,1,0,1,1,2,5,1,9,1,1,1,0,1,1,2
D2DAP-192-hint,192,hint,D2DAP,D3,D5,True,,,c194b1ba78e4354d,216|216,1,48,31.0329,31.6226,0.0,1690000,1690064,2,432,3456,62.6555,5,1,9,1,1,1,0,1,1,2,5,1,9,1,1,1,0,1,1,2
D2DAP-192-hint,192,hint,D2DAP,D10,D3,True,,,bea2d9f954dceaa1,216|216,1,48,33.6405,28.8687,0.0,1700000,1700063,2,432,3456,62.50920000000001,5,1,9,1,1,1,0,1,1,2,5,1,9,1,1,1,0,1,1,2
D2DAP-192-hint,192,hint,D2DAP,D9,D8,True,,,b05de62b7f7ef163,216|216,1,48,33.0295,34.5766,0.0,1710000,1710069,2,432,3456,67.6061,5,1,9,1,1,1,0,1,1,2,5,1,9,1,1,1,0,1,1,2
D2DAP-192-hint,192,hint,D2DAP,D10,D8,True,,,bb6a30cfd9271eee,216|216,1,48,32.1862,31.7573,0.0,1720000,1720065,2,432,3456,63.9435,5,1,9,1,1,1,0,1,1,2,5,1,9,1,1,1,0,1,1,2
D2DAP-192-hint,192,hint,D2DAP,D1,D8,True,,,706b9e8ef72ce05e,216|216,1,48,33.9009,33.8769,0.0,1730000,1730069,2,432,3456,67.7778,5,1,9,1,1,1,0,1,1,2,5,1,9,1,1,1,0,1,1,2
D2DAP-192-hint,192,hint,D2DAP,D4,D6,True,,,24c4c8e45186ec18,216|216,1,48,33.8831,35.0273,0.0,1740000,1740071,2,432,3456,68.9104,5,1,9,1,1,1,0,1,1,2,5,1,9,1,1,1,0,1,1,2
D2DAP-192-hint,192,hint,D2DAP,D9,D2,True,,,7349f26b8fb09759,216|216,1,48,34.1779,34.0049,0.0,1750000,1750070,2,432,3456,68.1828,5,1,9,1,1,1,0,1,1,2,5,1,9,1,1,1,0,1,1,2
D2DAP-192-hint,192,hint,D2DAP,D10,D3,True,,,1b01742b8c50bf29,216|216,1,48,35.3878,36.5891,0.0,1760000,1760073,2,432,3456,71.9769,5,1,9,1,1,1,0,1,1,2,5,1,9,1,1,1,0,1,1,2
D2DAP-192-hint,192,hint,D2DAP,D9,D10,True,,,6ae13ac79b74f235,216|216,1,48,33.6395,31.433,0.0,1770000,1770066,2,432,3456,65.07249999999999,5,1,9,1,1,1,0,1,1,2,5,1,9,1,1,1,0,1,1,2
D2DAP-192-hint,192,hint,D2DAP,D10,D2,True,,,cdf171885b789177,216|216,1,48,32.9336,34.7302,0.0,1780000,1780069,2,432,3456,67.66380000000001,5,1,9,1,1,1,0,1,1,2,5,1,9,1,1,1,0,1,1,2
D2DAP-192-hint,192,hint,D2DAP,D2,D6,True,,,cd529d2d025d02fe,216|216,1,48,33.5681,34.9649,0.0,1790000,1790069,2,432,3456,68.533,5,1,9,1,1,1,0,1,1,2,5,1,9,1,1,1,0,1,1,2
D2DAP-192-hint,192,hint,D2DAP,D6,D2,True,,,c19711ca72d04713,216|216,1,48,32.8482,35.4611,0.0,1800000,1800070,2,432,3456,68.30930000000001,5,1,9,1,1,1,0,1,1,2,5,1,9,1,1,1,0,1,1,2
D2DAP-192-hint,192,hint,D2DAP,D1,D7,True,,,a847353c29892d08,216|216,1,48,36.0198,34.2177,0.0,1810000,1810072,2,432,3456,70.2375,5,1,9,1,1,1,0,1,1,2,5,1,9,1,1,1,0,1,1,2
D2DAP-192-hint,192,hint,D2DAP,D9,D2,True,,,4330f0544a86c091,216|216,1,48,35.4276,32.7072,0.0,1820000,1820069,2,432,3456,68.1348,5,1,9,1,1,1,0,1,1,2,5,1,9,1,1,1,0,1,1,2
D2DAP-192-hint,192,hint,D2DAP,D4,D6,True,,,e022d36deac98bbf,216|216,1,48,31.8797,33.1818,0.0,1830000,1830067,2,432,3456,65.0615,5,1,9,1,1,1,0,1,1,2,5,1,9,1,1,1,0,1,1,2
D2DAP-192-hint,192,hint,D2DAP,D9,D7,True,,,af146ef58fd0857b,216|216,1,48,32.9777,33.1923,0.0,1840000,1840068,2,432,3456,66.17,5,1,9,1,1,1,0,1,1,2,5,1,9,1,1,1,0,1,1,2
D2DAP-192-hint,192,hint,D2DAP,D8,D4,True,,,ec6b638159bbe63e,216|216,1,48,33.4373,32.9469,0.0,1850000,1850068,2,432,3456,66.38419999999999,5,1,9,1,1,1,0,1,1,2,5,1,9,1,1,1,0,1,1,2
D2DAP-192-hint,192,hint,D2DAP,D5,D8,True,,,7654937032fd5c4c,216|216,1,48,32.6258,32.4758,0.0,1860000,1860067,2,432,3456,65.10159999999999,5,1,9,1,1,1,0,1,1,2,5,1,9,1,1,1,0,1,1,2
D2DAP-192-hint,192,hint,D2DAP,D8,D9,True,,,4997beba03dcf55d,216|216,1,48,36.644800000000004,35.172,0.0,1870000,1870074,2,432,3456,71.8168,5,1,9,1,1,1,0,1,1,2,5,1,9,1,1,1,0,1,1,2
D2DAP-192-hint,192,hint,D2DAP,D5,D1,True,,,8aeeef7c0293c0b1,216|216,1,48,35.8286,30.5184,0.0,1880000,1880067,2,432,3456,66.34700000000001,5,1,9,1,1,1,0,1,1,2,5,1,9,1,1,1,0,1,1,2
D2DAP-192-hint,192,hint,D2DAP,D3,D9,True,,,3fe314d754f9db28,216|216,1,48,33.9644,34.6934,0.0,1890000,1890070,2,432,3456,68.6578,5,1,9,1,1,1,0,1,1,2,5,1,9,1,1,1,0,1,1,2
D2DAP-192-hint,192,hint,D2DAP,D3,D7,True,,,0aacdb1d2bce827c,216|216,1,48,35.2594,41.5491,0.0,1900000,1900078,2,432,3456,76.80850000000001,5,1,9,1,1,1,0,1,1,2,5,1,9,1,1,1,0,1,1,2
D2DAP-192-hint,192,hint,D2DAP,D5,D9,True,,,730c2e1d7c61c9bc,216|216,1,48,35.699799999999996,34.5558,0.0,1910000,1910072,2,432,3456,70.25559999999999,5,1,9,1,1,1,0,1,1,2,5,1,9,1,1,1,0,1,1,2
D2DAP-192-hint,192,hint,D2DAP,D10,D1,True,,,b0591166b524a11b,216|216,1,48,30.5423,30.5433,0.0,1920000,1920062,2,432,3456,61.0856,5,1,9,1,1,1,0,1,1,2,5,1,9,1,1,1,0,1,1,2
D2DAP-192-hint,192,hint,D2DAP,D9,D6,True,,,7d5a585026bc0e82,216|216,1,48,30.7883,30.991,0.0,1930000,1930063,2,432,3456,61.7793,5,1,9,1,1,1,0,1,1,2,5,1,9,1,1,1,0,1,1,2
D2DAP-192-hint,192,hint,D2DAP,D1,D10,True,,,8d626aa89f4927ce,216|216,1,48,33.1258,32.1247,0.0,1940000,1940067,2,432,3456,65.25049999999999,5,1,9,1,1,1,0,1,1,2,5,1,9,1,1,1,0,1,1,2
D2DAP-192-hint,192,hint,D2DAP,D10,D1,True,,,e463fbfe9ecfb7e2,216|216,1,48,35.409800000000004,33.788,0.0,1950000,1950070,2,432,3456,69.1978,5,1,9,1,1,1,0,1,1,2,5,1,9,1,1,1,0,1,1,2
D2DAP-192-hint,192,hint,D2DAP,D7,D9,True,,,e1c3a29017b90f14,216|216,1,48,36.4512,36.0026,0.0,1960000,1960075,2,432,3456,72.4538,5,1,9,1,1,1,0,1,1,2,5,1,9,1,1,1,0,1,1,2
D2DAP-192-hint,192,hint,D2DAP,D8,D9,True,,,4f681d291c432d5e,216|216,1,48,30.5571,33.7312,0.0,1970000,1970065,2,432,3456,64.28829999999999,5,1,9,1,1,1,0,1,1,2,5,1,9,1,1,1,0,1,1,2
D2DAP-192-hint,192,hint,D2DAP,D9,D3,True,,,f5f45e6117042198,216|216,1,48,33.416,31.2987,0.0,1980000,1980067,2,432,3456,64.7147,5,1,9,1,1,1,0,1,1,2,5,1,9,1,1,1,0,1,1,2
D2DAP-192-hint,192,hint,D2DAP,D3,D9,True,,,b9051ea1c342d230,216|216,1,48,31.663800000000002,35.0195,0.0,1990000,1990069,2,432,3456,66.6833,5,1,9,1,1,1,0,1,1,2,5,1,9,1,1,1,0,1,1,2
D2DAP-192-hint,192,hint,D2DAP,D8,D7,True,,,00720a6bdb572736,216|216,1,48,34.340199999999996,35.5647,0.0,2000000,2000071,2,432,3456,69.9049,5,1,9,1,1,1,0,1,1,2,5,1,9,1,1,1,0,1,1,2
D2DAP-192-hint,192,hint,D2DAP,D6,D8,True,,,aebdcafc6c6a8598,216|216,1,48,32.2607,30.9874,0.0,2010000,2010065,2,432,3456,63.2481,5,1,9,1,1,1,0,1,1,2,5,1,9,1,1,1,0,1,1,2
D2DAP-192-hint,192,hint,D2DAP,D2,D9,True,,,8790114101987c18,216|216,1,48,34.498000000000005,37.4225,0.0,2020000,2020074,2,432,3456,71.9205,5,1,9,1,1,1,0,1,1,2,5,1,9,1,1,1,0,1,1,2
D2DAP-192-hint,192,hint,D2DAP,D3,D6,True,,,0909f594fca9760c,216|216,1,48,36.3133,34.33,0.0,2030000,2030073,2,432,3456,70.6433,5,1,9,1,1,1,0,1,1,2,5,1,9,1,1,1,0,1,1,2
D2DAP-192-hint,192,hint,D2DAP,D9,D8,True,,,e7cd359a3980596c,216|216,1,48,35.1623,35.4368,0.0,2040000,2040072,2,432,3456,70.59909999999999,5,1,9,1,1,1,0,1,1,2,5,1,9,1,1,1,0,1,1,2
D2DAP-192-hint,192,hint,D2DAP,D8,D4,True,,,04916c55f072a031,216|216,1,48,42.0019,44.0678,0.0,2050000,2050088,2,432,3456,86.0697,5,1,9,1,1,1,0,1,1,2,5,1,9,1,1,1,0,1,1,2
D2DAP-192-hint,192,hint,D2DAP,D3,D6,True,,,8c0b19076fe20c5b,216|216,1,48,39.1415,39.5537,0.0,2060000,2060080,2,432,3456,78.6952,5,1,9,1,1,1,0,1,1,2,5,1,9,1,1,1,0,1,1,2
D2DAP-192-hint,192,hint,D2DAP,D2,D1,True,,,397e37d1c4c70eed,216|216,1,48,34.853,37.9692,0.0,2070000,2070073,2,432,3456,72.82220000000001,5,1,9,1,1,1,0,1,1,2,5,1,9,1,1,1,0,1,1,2
D2DAP-192-hint,192,hint,D2DAP,D2,D5,True,,,4fc8bbea4ce1d9b2,216|216,1,48,38.8937,39.6937,0.0,2080000,2080080,2,432,3456,78.5874,5,1,9,1,1,1,0,1,1,2,5,1,9,1,1,1,0,1,1,2
D2DAP-192-hint,192,hint,D2DAP,D3,D6,True,,,0e0d18c91590f739,216|216,1,48,36.8433,38.5436,0.0,2090000,2090076,2,432,3456,75.3869,5,1,9,1,1,1,0,1,1,2,5,1,9,1,1,1,0,1,1,2
D2DAP-192-hint,192,hint,D2DAP,D6,D4,True,,,61cb3d195ece7186,216|216,1,48,36.9557,36.1035,0.0,2100000,2100075,2,432,3456,73.0592,5,1,9,1,1,1,0,1,1,2,5,1,9,1,1,1,0,1,1,2
D2DAP-256-hint,256,hint,D2DAP,D3,D5,True,,,4682795ed67318bc,286|286,1,64,68.4514,62.6996,0.0,110000,110133,2,572,4576,131.151,5,1,9,1,1,1,0,1,1,2,5,1,9,1,1,1,0,1,1,2
D2DAP-256-hint,256,hint,D2DAP,D9,D5,True,,,640127888379d401,286|286,1,64,69.3794,63.4466,0.0,120000,120134,2,572,4576,132.826,5,1,9,1,1,1,0,1,1,2,5,1,9,1,1,1,0,1,1,2
D2DAP-256-hint,256,hint,D2DAP,D9,D8,True,,,3cda3fdc89eda64f,286|286,1,64,67.775,64.4734,0.0,130000,130133,2,572,4576,132.2484,5,1,9,1,1,1,0,1,1,2,5,1,9,1,1,1,0,1,1,2
D2DAP-256-hint,256,hint,D2DAP,D6,D2,True,,,96bbb2c5a960671f,286|286,1,64,66.9673,66.2204,0.0,140000,140135,2,572,4576,133.1877,5,1,9,1,1,1,0,1,1,2,5,1,9,1,1,1,0,1,1,2
D2DAP-256-hint,256,hint,D2DAP,D4,D7,True,,,3e7e61181eb9d45e,286|286,1,64,59.710800000000006,66.4454,0.0,150000,150127,2,572,4576,126.15620000000001,5,1,9,1,1,1,0,1,1,2,5,1,9,1,1,1,0,1,1,2
D2DAP-256-hint,256,hint,D2DAP,D9,D5,True,,,4c77cde9ec283a10,286|286,1,64,57.1837,57.3218,0.0,160000,160116,2,572,4576,114.50550000000001,5,1,9,1,1,1,0,1,1,2,5,1,9,1,1,1,0,1,1,2
D2DAP-256-hint,256,hint,D2DAP,D7,D8,True,,,97e3b822d236f256,286|286,1,64,62.1405,61.2398,0.0,170000,170125,2,572,4576,123.3803,5,1,9,1,1,1,0,1,1,2,5,1,9,1,1,1,0,1,1,2
D2DAP-256-hint,256,hint,D2DAP,D4,D2,True,,,981e237e0e948f2b,286|286,1,64,67.0449,58.9676,0.0,180000,180127,2,572,4576,126.01249999999999,5,1,9,1,1,1,0,1,1,2,5,1,9,1,1,1,0,1,1,2
D2DAP-256-hint,256,hint,D2DAP,D5,D1,True,,,da79a4d1aed30092,286|286,1,64,67.8467,65.0887,0.0,190000,190135,2,572,4576,132.93540000000002,5,1,9,1,1,1,0,1,1,2,5,1,9,1,1,1,0,1,1,2
D2DAP-256-hint,256,hint,D2DAP,D2,D8,True,,,5d0aae42f3d228f3,286|286,1,64,69.72550000000001,63.8734,0.0,200000,200134,2,572,4576,133.59890000000001,5,1,9,1,1,1,0,1,1,2,5,1,9,1,1,1,0,1,1,2
D2DAP-256-hint,256,hint,D2DAP,D8,D9,True,,,d1862bb3cd3fb0b2,286|286,1,64,58.077200000000005,63.7376,0.0,210000,210123,2,572,4576,121.8148,5,1,9,1,1,1,0,1,1,2,5,1,9,1,1,1,0,1,1,2
D2DAP-256-hint,256,hint,D2DAP,D5,D9,True,,,ebfbb9940d27c430,286|286,1,64,68.6408,74.4802,0.0,220000,220144,2,572,4576,143.12099999999998,5,1,9,1,1,1,0,1,1,2,5,1,9,1,1,1,0,1,1,2
D2DAP-256-hint,256,hint,D2DAP,D4,D9,True,,,d4da99885024d754,286|286,1,64,61.8832,65.2186,0.0,230000,230128,2,572,4576,127.1018,5,1,9,1,1,1,0,1,1,2,5,1,9,1,1,1,0,1,1,2
D2DAP-256-hint,256,hint,D2DAP,D8,D5,True,,,f244664d4051c78a,286|286,1,64,67.1927,71.1663,0.0,240000,240140,2,572,4576,138.359,5,1,9,1,1,1,0,1,1,2,5,1,9,1,1,1,0,1,1,2
D2DAP-256-hint,256,hint,D2DAP,D5,D2,True,,,0eb087f0bf0ff269,286|286,1,64,71.0101,82.5286,0.0,250000,250155,2,572,4576,153.5387,5,1,9,1,1,1,0,1,1,2,5,1,9,1,1,1,0,1,1,2
D2DAP-256-hint,256,hint,D2DAP,D4,D5,True,,,2800f624f933a16c,286|286,1,64,65.85419999999999,68.4833,0.0,260000,260135,2,572,4576,134.33749999999998,5,1,9,1,1,1,0,1,1,2,5,1,9,1,1,1,0,1,1,2
D2DAP-256-hint,256,hint,D2DAP,D6,D7,True,,,aea2c038f011736a,286|286,1,64,62.729299999999995,67.0748,0.0,270000,270132,2,572,4576,129.8041,5,1,9,1,1,1,0,1,1,2,5,1,9,1,1,1,0,1,1,2
D2DAP-256-hint,256,hint,D2DAP,D4,D2,True,,,0d8a309c1004513e,286|286,1,64,63.3895,62.2516,0.0,280000,280128,2,572,4576,125.6411,5,1,9,1,1,1,0,1,1,2,5,1,9,1,1,1,0,1,1,2
D2DAP-256-hint,256,hint,D2DAP,D8,D6,True,,,3c0b578b64a5b878,286|286,1,64,71.3692,66.0761,0.0,290000,290139,2,572,4576,137.4453,5,1,9,1,1,1,0,1,1,2,5,1,9,1,1,1,0,1,1,2
D2DAP-256-hint,256,hint,D2DAP,D3,D8,True,,,789d914cc98b6eb8,286|286,1,64,64.10839999999999,66.1467,0.0,300000,300132,2,572,4576,130.25509999999997,5,1,9,1,1,1,0,1,1,2,5,1,9,1,1,1,0,1,1,2
D2DAP-256-hint,256,hint,D2DAP,D4,D9,True,,,0cfbbc861e669a98,286|286,1,64,66.6166,65.6622,0.0,310000,310133,2,572,4576,132.2788,5,1,9,1,1,1,0,1,1,2,5,1,9,1,1,1,0,1,1,2
D2DAP-256-hint,256,hint,D2DAP,D9,D4,True,,,a9c4c644d1c868eb,286|286,1,64,63.9356,73.9791,0.0,320000,320139,2,572,4576,137.9147,5,1,9,1,1,1,0,1,1,2,5,1,9,1,1,1,0,1,1,2
D2DAP-256-hint,256,hint,D2DAP,D3,D7,True,,,79cfccd82e6d1abc,286|286,1,64,66.7306,65.4036,0.0,330000,330134,2,572,4576,132.1342,5,1,9,1,1,1,0,1,1,2,5,1,9,1,1,1,0,1,1,2
D2DAP-256-hint,256,hint,D2DAP,D9,D2,True,,,a019915e6d6cd216,286|286,1,64,63.861900000000006,61.6076,0.0,340000,340127,2,572,4576,125.46950000000001,5,1,9,1,1,1,0,1,1,2,5,1,9,1,1,1,0,1,1,2
D2DAP-256-hint,256,hint,D2DAP,D8,D1,True,,,d01a28c467d4257e,286|286,1,64,63.7187,61.4518,0.0,350000,350127,2,572,4576,125.1705,5,1,9,1,1,1,0,1,1,2,5,1,9,1,1,1,0,1,1,2
D2DAP-256-hint,256,hint,D2DAP,D8,D10,True,,,6034a6f5d19d2952,286|286,1,64,62.3866,60.8098,0.0,360000,360124,2,572,4576,123.19640000000001,5,1,9,1,1,1,0,1,1,2,5,1,9,1,1,1,0,1,1,2
D2DAP-256-hint,256,hint,D2DAP,D8,D5,True,,,e2c7dad0e077deae,286|286,1,64,65.5446,66.4373,0.0,370000,370134,2,572,4576,131.9819,5,1,9,1,1,1,0,1,1,2,5,1,9,1,1,1,0,1,1,2
D2DAP-256-hint,256,hint,D2DAP,D6,D8,True,,,56ece51a33df0c76,286|286,1,64,58.696799999999996,66.2114,0.0,380000,380126,2,572,4576,124.9082,5,1,9,1,1,1,0,1,1,2,5,1,9,1,1,1,0,1,1,2
D2DAP-256-hint,256,hint,D2DAP,D6,D5,True,,,de8dcc0130b6a520,286|286,1,64,59.620099999999994,62.7131,0.0,390000,390123,2,572,4576,122.33319999999999,5,1,9,1,1,1,0,1,1,2,5,1,9,1,1,1,0,1,1,2
D2DAP-256-hint,256,hint,D2DAP,D3,D2,True,,,7243076a7d90e6f7,286|286,1,64,61.58,71.1515,0.0,400000,400135,2,572,4576,132.73149999999998,5,1,9,1,1,1,0,1,1,2,5,1,9,1,1,1,0,1,1,2
D2DAP-256-hint,256,hint,D2DAP,D4,D7,True,,,012d26f798629c99,286|286,1,64,63.5478,63.3481,0.0,410000,410129,2,572,4576,126.89590000000001,5,1,9,1,1,1,0,1,1,2,5,1,9,1,1,1,0,1,1,2
D2DAP-256-hint,256,hint,D2DAP,D5,D9,True,,,9be83da6bd10709c,286|286,1,64,64.1498,62.3525,0.0,420000,420128,2,572,4576,126.50229999999999,5,1,9,1,1,1,0,1,1,2,5,1,9,1,1,1,0,1,1,2
D2DAP-256-hint,256,hint,D2DAP,D1,D8,True,,,9ba72e6ae38b77a8,286|286,1,64,64.1975,61.8709,0.0,430000,430128,2,572,4576,126.0684,5,1,9,1,1,1,0,1,1,2,5,1,9,1,1,1,0,1,1,2
D2DAP-256-hint,256,hint,D2DAP,D6,D10,True,,,2866b5eac826410e,286|286,1,64,60.427400000000006,67.0632,0.0,440000,440129,2,572,4576,127.4906,5,1,9,1,1,1,0,1,1,2,5,1,9,1,1,1,0,1,1,2
D2DAP-256-hint,256,hint,D2DAP,D1,D6,True,,,3632961e81ab96d6,286|286,1,64,69.4027,68.5835,0.0,450000,450139,2,572,4576,137.9862,5,1,9,1,1,1,0,1,1,2,5,1,9,1,1,1,0,1,1,2
D2DAP-256-hint,256,hint,D2DAP,D7,D3,True,,,54af868deb3f43ac,286|286,1,64,61.6879,65.6501,0.0,460000,460129,2,572,4576,127.338,5,1,9,1,1,1,0,1,1,2,5,1,9,1,1,1,0,1,1,2
D2DAP-256-hint,256,hint,D2DAP,D4,D5,True,,,794bec3692c1eb2a,286|286,1,64,59.6212,59.967,0.0,470000,470121,2,572,4576,119.5882,5,1,9,1,1,1,0,1,1,2,5,1,9,1,1,1,0,1,1,2
D2DAP-256-hint,256,hint,D2DAP,D3,D2,True,,,0500eaae3adea251,286|286,1,64,64.4505,65.7539,0.0,480000,480132,2,572,4576,130.20440000000002,5,1,9,1,1,1,0,1,1,2,5,1,9,1,1,1,0,1,1,2
D2DAP-256-hint,256,hint,D2DAP,D10,D9,True,,,3fd46af124f5040c,286|286,1,64,67.69409999999999,59.4796,0.0,490000,490129,2,572,4576,127.1737,5,1,9,1,1,1,0,1,1,2,5,1,9,1,1,1,0,1,1,2
D2DAP-256-hint,256,hint,D2DAP,D9,D3,True,,,dd42e7cac4e20413,286|286,1,64,59.821299999999994,58.8617,0.0,500000,500120,2,572,4576,118.68299999999999,5,1,9,1,1,1,0,1,1,2,5,1,9,1,1,1,0,1,1,2
D2DAP-256-hint,256,hint,D2DAP,D8,D3,True,,,89fafc4ebaf62ae5,286|286,1,64,58.6708,64.3752,0.0,510000,510125,2,572,4576,123.046,5,1,9,1,1,1,0,1,1,2,5,1,9,1,1,1,0,1,1,2
D2DAP-256-hint,256,hint,D2DAP,D3,D5,True,,,a0d629675f8c4e2d,286|286,1,64,63.1918,65.0,0.0,520000,520129,2,572,4576,128.1918,5,1,9,1,1,1,0,1,1,2,5,1,9,1,1,1,0,1,1,2
D2DAP-256-hint,256,hint,D2DAP,D2,D6,True,,,048dc9dd8fa88e52,286|286,1,64,79.8531,76.5769,0.0,530000,530158,2,572,4576,156.43,5,1,9,1,1,1,0,1,1,2,5,1,9,1,1,1,0,1,1,2
D2DAP-256-hint,256,hint,D2DAP,D8,D10,True,,,b4f892d57742fa35,286|286,1,64,61.7251,68.8687,0.0,540000,540131,2,572,4576,130.5938,5,1,9,1,1,1,0,1,1,2,5,1,9,1,1,1,0,1,1,2
D2DAP-256-hint,256,hint,D2DAP,D5,D4,True,,,541140fb521ba743,286|286,1,64,68.3429,65.6699,0.0,550000,550135,2,572,4576,134.0128,5,1,9,1,1,1,0,1,1,2,5,1,9,1,1,1,0,1,1,2
D2DAP-256-hint,256,hint,D2DAP,D4,D8,True,,,59db7f12e8853f44,286|286,1,64,72.35300000000001,63.1573,0.0,560000,560137,2,572,4576,135.5103,5,1,9,1,1,1,0,1,1,2,5,1,9,1,1,1,0,1,1,2
D2DAP-256-hint,256,hint,D2DAP,D1,D4,True,,,4b7ad98265645d42,286|286,1,64,71.6635,72.1048,0.0,570000,570146,2,572,4576,143.7683,5,1,9,1,1,1,0,1,1,2,5,1,9,1,1,1,0,1,1,2
D2DAP-256-hint,256,hint,D2DAP,D1,D8,True,,,820649db40aa31f5,286|286,1,64,67.1644,65.2353,0.0,580000,580135,2,572,4576,132.3997,5,1,9,1,1,1,0,1,1,2,5,1,9,1,1,1,0,1,1,2
D2DAP-256-hint,256,hint,D2DAP,D7,D5,True,,,85c11b7f3f99bd4d,286|286,1,64,62.1079,66.1696,0.0,590000,590130,2,572,4576,128.2775,5,1,9,1,1,1,0,1,1,2,5,1,9,1,1,1,0,1,1,2
D2DAP-256-hint,256,hint,D2DAP,D2,D10,True,,,6f51fe7e8016f4a2,286|286,1,64,66.3105,78.2173,0.0,600000,600146,2,572,4576,144.5278,5,1,9,1,1,1,0,1,1,2,5,1,9,1,1,1,0,1,1,2
D2DAP-256-hint,256,hint,D2DAP,D2,D9,True,,,1202e5224e023b1c,286|286,1,64,63.8536,59.5591,0.0,610000,610125,2,572,4576,123.4127,5,1,9,1,1,1,0,1,1,2,5,1,9,1,1,1,0,1,1,2
D2DAP-256-hint,256,hint,D2DAP,D5,D7,True,,,e52562000412687c,286|286,1,64,61.9614,63.587,0.0,620000,620127,2,572,4576,125.5484,5,1,9,1,1,1,0,1,1,2,5,1,9,1,1,1,0,1,1,2
D2DAP-256-hint,256,hint,D2DAP,D4,D2,True,,,91c89b3bd064d4e0,286|286,1,64,65.6637,69.6459,0.0,630000,630136,2,572,4576,135.3096,5,1,9,1,1,1,0,1,1,2,5,1,9,1,1,1,0,1,1,2
D2DAP-256-hint,256,hint,D2DAP,D3,D7,True,,,fc1c949b6947a9a4,286|286,1,64,66.0476,63.8035,0.0,640000,640131,2,572,4576,129.8511,5,1,9,1,1,1,0,1,1,2,5,1,9,1,1,1,0,1,1,2
D2DAP-256-hint,256,hint,D2DAP,D6,D4,True,,,26c5a762781c9f24,286|286,1,64,64.8228,70.5354,0.0,650000,650137,2,572,4576,135.3582,5,1,9,1,1,1,0,1,1,2,5,1,9,1,1,1,0,1,1,2
D2DAP-256-hint,256,hint,D2DAP,D4,D1,True,,,2e56dc71025d6007,286|286,1,64,65.0233,64.383,0.0,660000,660131,2,572,4576,129.4063,5,1,9,1,1,1,0,1,1,2,5,1,9,1,1,1,0,1,1,2
D2DAP-256-hint,256,hint,D2DAP,D10,D4,True,,,e21bf297897ccfb3,286|286,1,64,69.3331,70.029,0.0,670000,670141,2,572,4576,139.3621,5,1,9,1,1,1,0,1,1,2,5,1,9,1,1,1,0,1,1,2
D2DAP-256-hint,256,hint,D2DAP,D9,D5,True,,,e8a54a6c69d45770,286|286,1,64,63.2538,63.7243,0.0,680000,680128,2,572,4576,126.9781,5,1,9,1,1,1,0,1,1,2,5,1,9,1,1,1,0,1,1,2
D2DAP-256-hint,256,hint,D2DAP,D5,D3,True,,,e52f56adbda2ff09,286|286,1,64,62.8206,62.4685,0.0,690000,690126,2,572,4576,125.28909999999999,5,1,9,1,1,1,0,1,1,2,5,1,9,1,1,1,0,1,1,2
D2DAP-256-hint,256,hint,D2DAP,D9,D3,True,,,06999718cfa4abb1,286|286,1,64,67.3114,63.6728,0.0,700000,700133,2,572,4576,130.98420000000002,5,1,9,1,1,1,0,1,1,2,5,1,9,1,1,1,0,1,1,2
D2DAP-256-hint,256,hint,D2DAP,D3,D8,True,,,fd784e7cdfbaa53f,286|286,1,64,64.5061,60.3815,0.0,710000,710127,2,572,4576,124.8876,5,1,9,1,1,1,0,1,1,2,5,1,9,1,1,1,0,1,1,2
D2DAP-256-hint,256,hint,D2DAP,D8,D5,True,,,9ba5e41fa22e72cd,286|286,1,64,64.8043,67.0264,0.0,720000,720134,2,572,4576,131.83069999999998,5,1,9,1,1,1,0,1,1,2,5,1,9,1,1,1,0,1,1,2
D2DAP-256-hint,256,hint,D2DAP,D10,D1,True,,,a033fce2b445a8c6,286|286,1,64,64.36149999999999,62.5834,0.0,730000,730128,2,572,4576,126.94489999999999,5,1,9,1,1,1,0,1,1,2,5,1,9,1,1,1,0,1,1,2
D2DAP-256-hint,256,hint,D2DAP,D2,D9,True,,,455d2095ebe7a2e7,286|286,1,64,62.104699999999994,63.6617,0.0,740000,740127,2,572,4576,125.7664,5,1,9,1,1,1,0,1,1,2,5,1,9,1,1,1,0,1,1,2
D2DAP-256-hint,256,hint,D2DAP,D7,D3,True,,,3922e0cff778ad0e,286|286,1,64,61.781600000000005,81.4181,0.0,750000,750145,2,572,4576,143.1997,5,1,9,1,1,1,0,1,1,2,5,1,9,1,1,1,0,1,1,2
D2DAP-256-hint,256,hint,D2DAP,D3,D9,True,,,b8f982d4d418d904,286|286,1,64,59.006699999999995,57.7269,0.0,760000,760118,2,572,4576,116.7336,5,1,9,1,1,1,0,1,1,2,5,1,9,1,1,1,0,1,1,2
D2DAP-256-hint,256,hint,D2DAP,D2,D5,True,,,deacb0610d96a496,286|286,1,64,63.440000000000005,68.3701,0.0,770000,770133,2,572,4576,131.8101,5,1,9,1,1,1,0,1,1,2,5,1,9,1,1,1,0,1,1,2
D2DAP-256-hint,256,hint,D2DAP,D8,D1,True,,,83241d1bbd01c4fa,286|286,1,64,56.889,58.386,0.0,780000,780117,2,572,4576,115.275,5,1,9,1,1,1,0,1,1,2,5,1,9,1,1,1,0,1,1,2
D2DAP-256-hint,256,hint,D2DAP,D5,D8,True,,,ec29826b5cf52aaa,286|286,1,64,60.438599999999994,62.5419,0.0,790000,790124,2,572,4576,122.98049999999999,5,1,9,1,1,1,0,1,1,2,5,1,9,1,1,1,0,1,1,2
D2DAP-256-hint,256,hint,D2DAP,D4,D10,True,,,16617177615d20f3,286|286,1,64,63.938700000000004,66.195,0.0,800000,800132,2,572,4576,130.1337,5,1,9,1,1,1,0,1,1,2,5,1,9,1,1,1,0,1,1,2
D2DAP-256-hint,256,hint,D2DAP,D6,D2,True,,,066e7243473a13ba,286|286,1,64,62.029300000000006,68.803,0.0,810000,810132,2,572,4576,130.8323,5,1,9,1,1,1,0,1,1,2,5,1,9,1,1,1,0,1,1,2
D2DAP-256-hint,256,hint,D2DAP,D7,D6,True,,,696a0e6780a3d44f,286|286,1,64,65.4136,69.8074,0.0,820000,820137,2,572,4576,135.221,5,1,9,1,1,1,0,1,1,2,5,1,9,1,1,1,0,1,1,2
D2DAP-256-hint,256,hint,D2DAP,D7,D5,True,,,9e36ca9e64bc11cb,286|286,1,64,72.9593,78.2832,0.0,830000,830153,2,572,4576,151.2425,5,1,9,1,1,1,0,1,1,2,5,1,9,1,1,1,0,1,1,2
D2DAP-256-hint,256,hint,D2DAP,D2,D1,True,,,abadee05ad7478e3,286|286,1,64,72.51689999999999,68.9808,0.0,840000,840143,2,572,4576,141.4977,5,1,9,1,1,1,0,1,1,2,5,1,9,1,1,1,0,1,1,2
D2DAP-256-hint,256,hint,D2DAP,D2,D4,True,,,ca389e350fbf1c10,286|286,1,64,71.0442,74.618,0.0,850000,850147,2,572,4576,145.66219999999998,5,1,9,1,1,1,0,1,1,2,5,1,9,1,1,1,0,1,1,2
D2DAP-256-hint,256,hint,D2DAP,D7,D2,True,,,e40d015e5c98ba47,286|286,1,64,71.9878,79.3185,0.0,860000,860153,2,572,4576,151.3063,5,1,9,1,1,1,0,1,1,2,5,1,9,1,1,1,0,1,1,2
D2DAP-256-hint,256,hint,D2DAP,D2,D6,True,,,ff594c2b3938bf8a,286|286,1,64,70.3469,67.2607,0.0,870000,870139,2,572,4576,137.6076,5,1,9,1,1,1,0,1,1,2,5,1,9,1,1,1,0,1,1,2
D2DAP-256-hint,256,hint,D2DAP,D2,D3,True,,,38ebb8ad03c5bf68,286|286,1,64,61.3314,64.4148,0.0,880000,880128,2,572,4576,125.7462,5,1,9,1,1,1,0,1,1,2,5,1,9,1,1,1,0,1,1,2
D2DAP-256-hint,256,hint,D2DAP,D6,D9,True,,,1c2dbb0fa91bfd79,286|286,1,64,63.3982,57.2353,0.0,890000,890122,2,572,4576,120.6335,5,1,9,1,1,1,0,1,1,2,5,1,9,1,1,1,0,1,1,2
D2DAP-256-hint,256,hint,D2DAP,D4,D7,True,,,01c7e71ff2f5bb2f,286|286,1,64,73.1613,68.043,0.0,900000,900143,2,572,4576,141.2043,5,1,9,1,1,1,0,1,1,2,5,1,9,1,1,1,0,1,1,2
D2DAP-256-hint,256,hint,D2DAP,D1,D3,True,,,5344cb076ed210dc,286|286,1,64,64.17840000000001,63.4733,0.0,910000,910129,2,572,4576,127.6517,5,1,9,1,1,1,0,1,1,2,5,1,9,1,1,1,0,1,1,2
D2DAP-256-hint,256,hint,D2DAP,D5,D9,True,,,553879d0ad7318fd,286|286,1,64,59.91760000000001,61.994,0.0,920000,920122,2,572,4576,121.9116,5,1,9,1,1,1,0,1,1,2,5,1,9,1,1,1,0,1,1,2
D2DAP-256-hint,256,hint,D2DAP,D8,D5,True,,,42f94fb2319de785,286|286,1,64,60.269000000000005,62.1402,0.0,930000,930124,2,572,4576,122.4092,5,1,9,1,1,1,0,1,1,2,5,1,9,1,1,1,0,1,1,2
D2DAP-256-hint,256,hint,D2DAP,D3,D1,True,,,3bb73fb0d3b9a8ef,286|286,1,64,59.8638,60.9455,0.0,940000,940122,2,572,4576,120.80930000000001,5,1,9,1,1,1,0,1,1,2,5,1,9,1,1,1,0,1,1,2
D2DAP-256-hint,256,hint,D2DAP,D5,D7,True,,,21848f3d1dc20b49,286|286,1,64,63.878099999999996,65.0625,0.0,950000,950131,2,572,4576,128.9406,5,1,9,1,1,1,0,1,1,2,5,1,9,1,1,1,0,1,1,2
D2DAP-256-hint,256,hint,D2DAP,D9,D2,True,,,c285dccfcce349f5,286|286,1,64,64.4948,60.5914,0.0,960000,960126,2,572,4576,125.08619999999999,5,1,9,1,1,1,0,1,1,2,5,1,9,1,1,1,0,1,1,2
D2DAP-256-hint,256,hint,D2DAP,D5,D10,True,,,37ea84fb7c040940,286|286,1,64,66.3058,75.4771,0.0,970000,970143,2,572,4576,141.78289999999998,5,1,9,1,1,1,0,1,1,2,5,1,9,1,1,1,0,1,1,2
D2DAP-256-hint,256,hint,D2DAP,D10,D3,True,,,57da05f0321ace58,286|286,1,64,71.6917,68.9904,0.0,980000,980142,2,572,4576,140.6821,5,1,9,1,1,1,0,1,1,2,5,1,9,1,1,1,0,1,1,2
D2DAP-256-hint,256,hint,D2DAP,D5,D6,True,,,4e8d4079fde01d27,286|286,1,64,59.35080000000001,57.6439,0.0,990000,990119,2,572,4576,116.99470000000001,5,1,9,1,1,1,0,1,1,2,5,1,9,1,1,1,0,1,1,2
D2DAP-256-hint,256,hint,D2DAP,D3,D4,True,,,0c2165a0283a0b96,286|286,1,64,61.7637,64.4679,0.0,1000000,1000127,2,572,4576,126.2316,5,1,9,1,1,1,0,1,1,2,5,1,9,1,1,1,0,1,1,2
D2DAP-256-hint,256,hint,D2DAP,D9,D4,True,,,1761ba03a4a2177f,286|286,1,64,64.07509999999999,66.1342,0.0,1010000,1010132,2,572,4576,130.20929999999998,5,1,9,1,1,1,0,1,1,2,5,1,9,1,1,1,0,1,1,2
D2DAP-256-hint,256,hint,D2DAP,D6,D9,True,,,8a17b4ed3e919554,286|286,1,64,61.6596,58.4858,0.0,1020000,1020121,2,572,4576,120.1454,5,1,9,1,1,1,0,1,1,2,5,1,9,1,1,1,0,1,1,2
D2DAP-256-hint,256,hint,D2DAP,D6,D3,True,,,9d81cde8d4eac5fa,286|286,1,64,65.15899999999999,69.0167,0.0,1030000,1030136,2,572,4576,134.1757,5,1,9,1,1,1,0,1,1,2,5,1,9,1,1,1,0,1,1,2
D2DAP-256-hint,256,hint,D2DAP,D1,D7,True,,,963689716cbb37a2,286|286,1,64,62.8878,64.3117,0.0,1040000,1040129,2,572,4576,127.1995,5,1,9,1,1,1,0,1,1,2,5,1,9,1,1,1,0,1,1,2
D2DAP-256-hint,256,hint,D2DAP,D3,D2,True,,,cc9184a31d399975,286|286,1,64,57.6314,59.5122,0.0,1050000,1050119,2,572,4576,117.14359999999999,5,1,9,1,1,1,0,1,1,2,5,1,9,1,1,1,0,1,1,2
D2DAP-256-hint,256,hint,D2DAP,D6,D8,True,,,454bcf6cb68463b4,286|286,1,64,62.845299999999995,58.3263,0.0,1060000,1060122,2,572,4576,121.1716,5,1,9,1,1,1,0,1,1,2,5,1,9,1,1,1,0,1,1,2
D2DAP-256-hint,256,hint,D2DAP,D8,D9,True,,,c236dff1a5aecc68,286|286,1,64,62.6649,57.5193,0.0,1070000,1070122,2,572,4576,120.1842,5,1,9,1,1,1,0,1,1,2,5,1,9,1,1,1,0,1,1,2
D2DAP-256-hint,256,hint,D2DAP,D1,D7,True,,,0f5195538c2453ca,286|286,1,64,57.4306,55.175,0.0,1080000,1080114,2,572,4576,112.6056,5,1,9,1,1,1,0,1,1,2,5,1,9,1,1,1,0,1,1,2
D2DAP-256-hint,256,hint,D2DAP,D3,D9,True,,,ee9905fe85c38216,286|286,1,64,58.4385,59.8789,0.0,1090000,1090120,2,572,4576,118.31739999999999,5,1,9,1,1,1,0,1,1,2,5,1,9,1,1,1,0,1,1,2
D2DAP-256-hint,256,hint,D2DAP,D1,D2,True,,,a1dba893047b44f9,286|286,1,64,55.0517,58.7402,0.0,1100000,1100115,2,572,4576,113.7919,5,1,9,1,1,1,0,1,1,2,5,1,9,1,1,1,0,1,1,2
D2DAP-256-hint,256,hint,D2DAP,D4,D5,True,,,6c315e2337c8bc98,286|286,1,64,56.1655,58.9642,0.0,1110000,1110116,2,572,4576,115.1297,5,1,9,1,1,1,0,1,1,2,5,1,9,1,1,1,0,1,1,2
D2DAP-256-hint,256,hint,D2DAP,D8,D5,True,,,31e03e356a0dde81,286|286,1,64,57.8524,56.6364,0.0,1120000,1120116,2,572,4576,114.4888,5,1,9,1,1,1,0,1,1,2,5,1,9,1,1,1,0,1,1,2
D2DAP-256-hint,256,hint,D2DAP,D4,D9,True,,,b10659109e2176c6,286|286,1,64,59.718999999999994,62.8373,0.0,1130000,1130124,2,572,4576,122.5563,5,1,9,1,1,1,0,1,1,2,5,1,9,1,1,1,0,1,1,2
D2DAP-256-hint,256,hint,D2DAP,D7,D9,True,,,2b8d1f82dd21d917,286|286,1,64,61.3458,58.7701,0.0,1140000,1140122,2,572,4576,120.1159,5,1,9,1,1,1,0,1,1,2,5,1,9,1,1,1,0,1,1,2
D2DAP-256-hint,256,hint,D2DAP,D6,D10,True,,,d8c2721cd45d7e0e,286|286,1,64,54.3588,57.4567,0.0,1150000,1150113,2,572,4576,111.8155,5,1,9,1,1,1,0,1,1,2,5,1,9,1,1,1,0,1,1,2
D2DAP-256-hint,256,hint,D2DAP,D3,D10,True,,,92d5aa4e21c67b6e,286|286,1,64,57.3148,53.662,0.0,1160000,1160112,2,572,4576,110.9768,5,1,9,1,1,1,0,1,1,2,5,1,9,1,1,1,0,1,1,2
D2DAP-256-hint,256,hint,D2DAP,D2,D10,True,,,1e9e773bfd66d3aa,286|286,1,64,66.4594,67.8033,0.0,1170000,1170136,2,572,4576,134.2627,5,1,9,1,1,1,0,1,1,2,5,1,9,1,1,1,0,1,1,2
D2DAP-256-hint,256,hint,D2DAP,D3,D1,True,,,01dbed12c84ec00e,286|286,1,64,64.3888,58.6,0.0,1180000,1180124,2,572,4576,122.9888,5,1,9,1,1,1,0,1,1,2,5,1,9,1,1,1,0,1,1,2
D2DAP-256-hint,256,hint,D2DAP,D10,D9,True,,,22210b1ee2fdef73,286|286,1,64,72.8714,61.7414,0.0,1190000,1190136,2,572,4576,134.6128,5,1,9,1,1,1,0,1,1,2,5,1,9,1,1,1,0,1,1,2
D2DAP-256-hint,256,hint,D2DAP,D9,D1,True,,,b5444b50bcf45384,286|286,1,64,63.338800000000006,69.3332,0.0,1200000,1200134,2,572,4576,132.67200000000003,5,1,9,1,1,1,0,1,1,2,5,1,9,1,1,1,0,1,1,2
D2DAP-256-hint,256,hint,D2DAP,D9,D8,True,,,129e0791346f14ac,286|286,1,64,69.4827,72.9992,0.0,1210000,1210143,2,572,4576,142.4819,5,1,9,1,1,1,0,1,1,2,5,1,9,1,1,1,0,1,1,2
D2DAP-256-hint,256,hint,D2DAP,D9,D2,True,,,60cffd9b4e2403b5,286|286,1,64,69.9298,62.1693,0.0,1220000,1220134,2,572,4576,132.0991,5,1,9,1,1,1,0,1,1,2,5,1,9,1,1,1,0,1,1,2
D2DAP-256-hint,256,hint,D2DAP,D4,D5,True,,,cc48f6766e410757,286|286,1,64,65.9596,67.663,0.0,1230000,1230135,2,572,4576,133.62259999999998,5,1,9,1,1,1,0,1,1,2,5,1,9,1,1,1,0,1,1,2
D2DAP-256-hint,256,hint,D2DAP,D7,D4,True,,,d1e9208f1485af02,286|286,1,64,64.3181,62.3697,0.0,1240000,1240128,2,572,4576,126.68780000000001,5,1,9,1,1,1,0,1,1,2,5,1,9,1,1,1,0,1,1,2
D2DAP-256-hint,256,hint,D2DAP,D4,D10,True,,,80d88de82d4826ac,286|286,1,64,66.8106,61.3343,0.0,1250000,1250130,2,572,4576,128.1449,5,1,9,1,1,1,0,1,1,2,5,1,9,1,1,1,0,1,1,2
D2DAP-256-hint,256,hint,D2DAP,D1,D8,True,,,5b9e7cd05d2a5dd7,286|286,1,64,64.09360000000001,61.7697,0.0,1260000,1260127,2,572,4576,125.86330000000001,5,1,9,1,1,1,0,1,1,2,5,1,9,1,1,1,0,1,1,2
D2DAP-256-hint,256,hint,D2DAP,D3,D4,True,,,1c9ad90c0c69e0ef,286|286,1,64,63.261300000000006,62.9101,0.0,1270000,1270127,2,572,4576,126.1714,5,1,9,1,1,1,0,1,1,2,5,1,9,1,1,1,0,1,1,2
D2DAP-256-hint,256,hint,D2DAP,D10,D9,True,,,cae6f65c9ed5b6bf,286|286,1,64,58.773700000000005,56.6582,0.0,1280000,1280117,2,572,4576,115.43190000000001,5,1,9,1,1,1,0,1,1,2,5,1,9,1,1,1,0,1,1,2
D2DAP-256-hint,256,hint,D2DAP,D2,D1,True,,,c289001e70cf87c2,286|286,1,64,59.6184,60.8326,0.0,1290000,1290122,2,572,4576,120.451,5,1,9,1,1,1,0,1,1,2,5,1,9,1,1,1,0,1,1,2
D2DAP-256-hint,256,hint,D2DAP,D9,D8,True,,,d61fe713f8b826e1,286|286,1,64,60.6653,59.8971,0.0,1300000,1300121,2,572,4576,120.5624,5,1,9,1,1,1,0,1,1,2,5,1,9,1,1,1,0,1,1,2
D2DAP-256-hint,256,hint,D2DAP,D2,D7,True,,,2a2005b7afe2cdf2,286|286,1,64,61.727000000000004,64.9312,0.0,1310000,1310128,2,572,4576,126.65820000000001,5,1,9,1,1,1,0,1,1,2,5,1,9,1,1,1,0,1,1,2
D2DAP-256-hint,256,hint,D2DAP,D6,D8,True,,,e91c81283f8545c4,286|286,1,64,62.6798,60.1363,0.0,1320000,1320125,2,572,4576,122.8161,5,1,9,1,1,1,0,1,1,2,5,1,9,1,1,1,0,1,1,2
D2DAP-256-hint,256,hint,D2DAP,D2,D1,True,,,c4e4eac261a1bb61,286|286,1,64,61.7874,60.5849,0.0,1330000,1330123,2,572,4576,122.3723,5,1,9,1,1,1,0,1,1,2,5,1,9,1,1,1,0,1,1,2
D2DAP-256-hint,256,hint,D2DAP,D3,D10,True,,,38968fc72e04408e,286|286,1,64,62.1685,63.964,0.0,1340000,1340127,2,572,4576,126.1325,5,1,9,1,1,1,0,1,1,2,5,1,9,1,1,1,0,1,1,2
D2DAP-256-hint,256,hint,D2DAP,D10,D3,True,,,5e7c3ff1d97bc539,286|286,1,64,62.178399999999996,57.9036,0.0,1350000,1350121,2,572,4576,120.082,5,1,9,1,1,1,0,1,1,2,5,1,9,1,1,1,0,1,1,2
D2DAP-256-hint,256,hint,D2DAP,D10,D5,True,,,315558decafc8c17,286|286,1,64,65.5339,60.7786,0.0,1360000,1360128,2,572,4576,126.3125,5,1,9,1,1,1,0,1,1,2,5,1,9,1,1,1,0,1,1,2
D2DAP-256-hint,256,hint,D2DAP,D1,D9,True,,,0b97a2d7478e051f,286|286,1,64,59.9089,61.6077,0.0,1370000,1370123,2,572,4576,121.51660000000001,5,1,9,1,1,1,0,1,1,2,5,1,9,1,1,1,0,1,1,2
D2DAP-256-hint,256,hint,D2DAP,D10,D3,True,,,f21a942deefc6ab7,286|286,1,64,62.9666,60.3182,0.0,1380000,1380125,2,572,4576,123.28479999999999,5,1,9,1,1,1,0,1,1,2,5,1,9,1,1,1,0,1,1,2
D2DAP-256-hint,256,hint,D2DAP,D1,D7,True,,,b6bfe00d624fad8b,286|286,1,64,63.4216,66.8099,0.0,1390000,1390131,2,572,4576,130.23149999999998,5,1,9,1,1,1,0,1,1,2,5,1,9,1,1,1,0,1,1,2
D2DAP-256-hint,256,hint,D2DAP,D2,D3,True,,,af1b9c783bf809c5,286|286,1,64,62.3369,57.9902,0.0,1400000,1400121,2,572,4576,120.3271,5,1,9,1,1,1,0,1,1,2,5,1,9,1,1,1,0,1,1,2
D2DAP-256-hint,256,hint,D2DAP,D9,D7,True,,,5913c58058a99804,286|286,1,64,65.4787,66.1688,0.0,1410000,1410134,2,572,4576,131.6475,5,1,9,1,1,1,0,1,1,2,5,1,9,1,1,1,0,1,1,2
D2DAP-256-hint,256,hint,D2DAP,D5,D6,True,,,51d2557dba07d768,286|286,1,64,60.0442,53.6726,0.0,1420000,1420115,2,572,4576,113.7168,5,1,9,1,1,1,0,1,1,2,5,1,9,1,1,1,0,1,1,2
D2DAP-256-hint,256,hint,D2DAP,D9,D8,True,,,694dd67bd9a46aa1,286|286,1,64,74.6943,74.5391,0.0,1430000,1430151,2,572,4576,149.23340000000002,5,1,9,1,1,1,0,1,1,2,5,1,9,1,1,1,0,1,1,2
D2DAP-256-hint,256,hint,D2DAP,D7,D1,True,,,2fd5000e459160e9,286|286,1,64,67.03320000000001,66.2502,0.0,1440000,1440135,2,572,4576,133.28340000000003,5,1,9,1,1,1,0,1,1,2,5,1,9,1,1,1,0,1,1,2
D2DAP-256-hint,256,hint,D2DAP,D2,D8,True,,,3f65e299374c3abc,286|286,1,64,64.0993,61.2203,0.0,1450000,1450128,2,572,4576,125.31960000000001,5,1,9,1,1,1,0,1,1,2,5,1,9,1,1,1,0,1,1,2
D2DAP-256-hint,256,hint,D2DAP,D2,D6,True,,,21793914ea48631f,286|286,1,64,65.6106,71.272,0.0,1460000,1460139,2,572,4576,136.88260000000002,5,1,9,1,1,1,0,1,1,2,5,1,9,1,1,1,0,1,1,2
D2DAP-256-hint,256,hint,D2DAP,D1,D4,True,,,125cd2f2040f6479,286|286,1,64,67.6336,74.3158,0.0,1470000,1470144,2,572,4576,141.9494,5,1,9,1,1,1,0,1,1,2,5,1,9,1,1,1,0,1,1,2
D2DAP-256-hint,256,hint,D2DAP,D2,D3,True,,,dd97c583448934e8,286|286,1,64,64.7704,65.3603,0.0,1480000,1480132,2,572,4576,130.1307,5,1,9,1,1,1,0,1,1,2,5,1,9,1,1,1,0,1,1,2
D2DAP-256-hint,256,hint,D2DAP,D7,D5,True,,,f0f983f097d97b23,286|286,1,64,63.593999999999994,69.6711,0.0,1490000,1490135,2,572,4576,133.2651,5,1,9,1,1,1,0,1,1,2,5,1,9,1,1,1,0,1,1,2
D2DAP-256-hint,256,hint,D2DAP,D6,D9,True,,,5ff4fb54dd6c5e95,286|286,1,64,71.7156,76.0687,0.0,1500000,1500150,2,572,4576,147.7843,5,1,9,1,1,1,0,1,1,2,5,1,9,1,1,1,0,1,1,2
D2DAP-256-hint,256,hint,D2DAP,D10,D9,True,,,8ba087f608b5a0f3,286|286,1,64,63.3343,64.3764,0.0,1510000,1510130,2,572,4576,127.7107,5,1,9,1,1,1,0,1,1,2,5,1,9,1,1,1,0,1,1,2
D2DAP-256-hint,256,hint,D2DAP,D1,D6,True,,,cc1522f2af624161,286|286,1,64,65.054,64.7295,0.0,1520000,1520131,2,572,4576,129.7835,5,1,9,1,1,1,0,1,1,2,5,1,9,1,1,1,0,1,1,2
D2DAP-256-hint,256,hint,D2DAP,D2,D7,True,,,d27ca802f1eaf721,286|286,1,64,77.0915,68.8113,0.0,1530000,1530147,2,572,4576,145.9028,5,1,9,1,1,1,0,1,1,2,5,1,9,1,1,1,0,1,1,2
D2DAP-256-hint,256,hint,D2DAP,D8,D1,True,,,b61adf76ce33caa1,286|286,1,64,65.38149999999999,61.6151,0.0,1540000,1540128,2,572,4576,126.99659999999999,5,1,9,1,1,1,0,1,1,2,5,1,9,1,1,1,0,1,1,2
D2DAP-256-hint,256,hint,D2DAP,D5,D7,True,,,7f161853502c3572,286|286,1,64,70.9623,67.1129,0.0,1550000,1550140,2,572,4576,138.0752,5,1,9,1,1,1,0,1,1,2,5,1,9,1,1,1,0,1,1,2
D2DAP-256-hint,256,hint,D2DAP,D9,D2,True,,,9b783a8f0bca2f64,286|286,1,64,58.807,59.482,0.0,1560000,1560120,2,572,4576,118.289,5,1,9,1,1,1,0,1,1,2,5,1,9,1,1,1,0,1,1,2
D2DAP-256-hint,256,hint,D2DAP,D2,D10,True,,,479073742a3e61db,286|286,1,64,61.1065,69.3679,0.0,1570000,1570132,2,572,4576,130.4744,5,1,9,1,1,1,0,1,1,2,5,1,9,1,1,1,0,1,1,2
D2DAP-256-hint,256,hint,D2DAP,D5,D8,True,,,733e254a78dfa017,286|286,1,64,67.503,62.8352,0.0,1580000,1580131,2,572,4576,130.3382,5,1,9,1,1,1,0,1,1,2,5,1,9,1,1,1,0,1,1,2
D2DAP-256-hint,256,hint,D2DAP,D6,D8,True,,,82a6358e1224380f,286|286,1,64,62.8386,58.2882,0.0,1590000,1590122,2,572,4576,121.1268,5,1,9,1,1,1,0,1,1,2,5,1,9,1,1,1,0,1,1,2
D2DAP-256-hint,256,hint,D2DAP,D7,D1,True,,,12b80495bdadd3f2,286|286,1,64,61.5647,56.6147,0.0,1600000,1600119,2,572,4576,118.1794,5,1,9,1,1,1,0,1,1,2,5,1,9,1,1,1,0,1,1,2
D2DAP-256-hint,256,hint,D2DAP,D9,D3,True,,,27efdf77508435d5,286|286,1,64,70.4803,63.2002,0.0,1610000,1610135,2,572,4576,133.6805,5,1,9,1,1,1,0,1,1,2,5,1,9,1,1,1,0,1,1,2
D2DAP-256-hint,256,hint,D2DAP,D5,D8,True,,,6871e3e735ef8d8a,286|286,1,64,65.7663,63.7918,0.0,1620000,1620131,2,572,4576,129.5581,5,1,9,1,1,1,0,1,1,2,5,1,9,1,1,1,0,1,1,2
D2DAP-256-hint,256,hint,D2DAP,D4,D6,True,,,18a35421b5649c72,286|286,1,64,59.962599999999995,60.2634,0.0,1630000,1630122,2,572,4576,120.226,5,1,9,1,1,1,0,1,1,2,5,1,9,1,1,1,0,1,1,2
D2DAP-256-hint,256,hint,D2DAP,D6,D10,True,,,8dfb215186b0d6a6,286|286,1,64,55.5214,61.4829,0.0,1640000,1640118,2,572,4576,117.0043,5,1,9,1,1,1,0,1,1,2,5,1,9,1,1,1,0,1,1,2
D2DAP-256-hint,256,hint,D2DAP,D10,D7,True,,,bc723b9cb061f7e6,286|286,1,64,57.531099999999995,59.9665,0.0,1650000,1650119,2,572,4576,117.4976,5,1,9,1,1,1,0,1,1,2,5,1,9,1,1,1,0,1,1,2
D2DAP-256-hint,256,hint,D2DAP,D2,D4,True,,,1aeb81cee2cbcfc7,286|286,1,64,69.2425,67.2279,0.0,1660000,1660138,2,572,4576,136.4704,5,1,9,1,1,1,0,1,1,2,5,1,9,1,1,1,0,1,1,2
D2DAP-256-hint,256,hint,D2DAP,D5,D9,True,,,f77e91785afe97c7,286|286,1,64,62.4952,61.2068,0.0,1670000,1670126,2,572,4576,123.702,5,1,9,1,1,1,0,1,1,2,5,1,9,1,1,1,0,1,1,2
D2DAP-256-hint,256,hint,D2DAP,D6,D10,True,,,1267f35aa0ba1851,286|286,1,64,65.2128,61.1102,0.0,1680000,1680128,2,572,4576,126.32300000000001,5,1,9,1,1,1,0,1,1,2,5,1,9,1,1,1,0,1,1,2
D2DAP-256-hint,256,hint,D2DAP,D3,D5,True,,,d1a72d130fe0bade,286|286,1,64,59.597300000000004,58.5382,0.0,1690000,1690120,2,572,4576,118.13550000000001,5,1,9,1,1,1,0,1,1,2,5,1,9,1,1,1,0,1,1,2
D2DAP-256-hint,256,hint,D2DAP,D10,D3,True,,,02834526bf17a917,286|286,1,64,61.812599999999996,65.5461,0.0,1700000,1700129,2,572,4576,127.3587,5,1,9,1,1,1,0,1,1,2,5,1,9,1,1,1,0,1,1,2
D2DAP-256-hint,256,hint,D2DAP,D9,D8,True,,,8511f9539482a3bd,286|286,1,64,58.3424,60.6434,0.0,1710000,1710120,2,572,4576,118.9858,5,1,9,1,1,1,0,1,1,2,5,1,9,1,1,1,0,1,1,2
D2DAP-256-hint,256,hint,D2DAP,D10,D8,True,,,f2a5cd5083d77196,286|286,1,64,63.0013,64.3209,0.0,1720000,1720129,2,572,4576,127.3222,5,1,9,1,1,1,0,1,1,2,5,1,9,1,1,1,0,1,1,2
D2DAP-256-hint,256,hint,D2DAP,D1,D8,True,,,2ad6c9f76ff8d76b,286|286,1,64,61.061,63.7829,0.0,1730000,1730127,2,572,4576,124.84389999999999,5,1,9,1,1,1,0,1,1,2,5,1,9,1,1,1,0,1,1,2
D2DAP-256-hint,256,hint,D2DAP,D4,D6,True,,,d35bbd2c4a35678b,286|286,1,64,58.1507,65.9076,0.0,1740000,1740125,2,572,4576,124.0583,5,1,9,1,1,1,0,1,1,2,5,1,9,1,1,1,0,1,1,2
D2DAP-256-hint,256,hint,D2DAP,D9,D2,True,,,837952f2839a70e4,286|286,1,64,62.9212,64.1011,0.0,1750000,1750129,2,572,4576,127.0223,5,1,9,1,1,1,0,1,1,2,5,1,9,1,1,1,0,1,1,2
D2DAP-256-hint,256,hint,D2DAP,D10,D3,True,,,e58db9c972bc0909,286|286,1,64,62.892,60.1466,0.0,1760000,1760125,2,572,4576,123.0386,5,1,9,1,1,1,0,1,1,2,5,1,9,1,1,1,0,1,1,2
D2DAP-256-hint,256,hint,D2DAP,D9,D10,True,,,36c69d308f93a54f,286|286,1,64,82.8874,69.9741,0.0,1770000,1770154,2,572,4576,152.8615,5,1,9,1,1,1,0,1,1,2,5,1,9,1,1,1,0,1,1,2
D2DAP-256-hint,256,hint,D2DAP,D10,D2,True,,,1e2b7066fb1b7c9e,286|286,1,64,73.4159,78.6012,0.0,1780000,1780153,2,572,4576,152.0171,5,1,9,1,1,1,0,1,1,2,5,1,9,1,1,1,0,1,1,2
D2DAP-256-hint,256,hint,D2DAP,D2,D6,True,,,5f337150162e20c3,286|286,1,64,64.24600000000001,67.498,0.0,1790000,1790133,2,572,4576,131.74400000000003,5,1,9,1,1,1,0,1,1,2,5,1,9,1,1,1,0,1,1,2
D2DAP-256-hint,256,hint,D2DAP,D6,D2,True,,,c8da8447883a21ea,286|286,1,64,66.2368,78.5539,0.0,1800000,1800146,2,572,4576,144.79070000000002,5,1,9,1,1,1,0,1,1,2,5,1,9,1,1,1,0,1,1,2
D2DAP-256-hint,256,hint,D2DAP,D1,D7,True,,,9c43574d4529ce82,286|286,1,64,72.94290000000001,71.3225,0.0,1810000,1810146,2,572,4576,144.2654,5,1,9,1,1,1,0,1,1,2,5,1,9,1,1,1,0,1,1,2
D2DAP-256-hint,256,hint,D2DAP,D9,D2,True,,,a3c9c1dcc778d0ab,286|286,1,64,69.0762,65.5757,0.0,1820000,1820136,2,572,4576,134.6519,5,1,9,1,1,1,0,1,1,2,5,1,9,1,1,1,0,1,1,2
D2DAP-256-hint,256,hint,D2DAP,D4,D6,True,,,80128185cb12eb49,286|286,1,64,65.331,67.7754,0.0,1830000,1830134,2,572,4576,133.1064,5,1,9,1,1,1,0,1,1,2,5,1,9,1,1,1,0,1,1,2
D2DAP-256-hint,256,hint,D2DAP,D9,D7,True,,,9568386f8869b077,286|286,1,64,70.40979999999999,68.2886,0.0,1840000,1840140,2,572,4576,138.6984,5,1,9,1,1,1,0,1,1,2,5,1,9,1,1,1,0,1,1,2
D2DAP-256-hint,256,hint,D2DAP,D8,D4,True,,,23e811588e0238e7,286|286,1,64,67.4123,70.2571,0.0,1850000,1850140,2,572,4576,137.6694,5,1,9,1,1,1,0,1,1,2,5,1,9,1,1,1,0,1,1,2
D2DAP-256-hint,256,hint,D2DAP,D5,D8,True,,,9357a3cab846e23a,286|286,1,64,64.1721,63.7877,0.0,1860000,1860129,2,572,4576,127.9598,5,1,9,1,1,1,0,1,1,2,5,1,9,1,1,1,0,1,1,2
D2DAP-256-hint,256,hint,D2DAP,D8,D9,True,,,6e378d9163ebbba0,286|286,1,64,66.1408,62.6197,0.0,1870000,1870130,2,572,4576,128.7605,5,1,9,1,1,1,0,1,1,2,5,1,9,1,1,1,0,1,1,2
D2DAP-256-hint,256,hint,D2DAP,D5,D1,True,,,bf137bf586a4f3e4,286|286,1,64,68.2804,65.6225,0.0,1880000,1880135,2,572,4576,133.9029,5,1,9,1,1,1,0,1,1,2,5,1,9,1,1,1,0,1,1,2
D2DAP-256-hint,256,hint,D2DAP,D3,D9,True,,,93dc15656576caf1,286|286,1,64,67.66159999999999,68.3789,0.0,1890000,1890137,2,572,4576,136.0405,5,1,9,1,1,1,0,1,1,2,5,1,9,1,1,1,0,1,1,2
D2DAP-256-hint,256,hint,D2DAP,D3,D7,True,,,779b78f8a600ebff,286|286,1,64,64.4119,66.0187,0.0,1900000,1900133,2,572,4576,130.4306,5,1,9,1,1,1,0,1,1,2,5,1,9,1,1,1,0,1,1,2
D2DAP-256-hint,256,hint,D2DAP,D5,D9,True,,,173d44ce1f90679f,286|286,1,64,61.3013,62.3603,0.0,1910000,1910125,2,572,4576,123.66159999999999,5,1,9,1,1,1,0,1,1,2,5,1,9,1,1,1,0,1,1,2
D2DAP-256-hint,256,hint,D2DAP,D10,D1,True,,,11aa0c04a4bec4bf,286|286,1,64,66.1062,66.3874,0.0,1920000,1920134,2,572,4576,132.49360000000001,5,1,9,1,1,1,0,1,1,2,5,1,9,1,1,1,0,1,1,2
D2DAP-256-hint,256,hint,D2DAP,D9,D6,True,,,1b1de9830ef7b939,286|286,1,64,65.69539999999999,67.919,0.0,1930000,1930135,2,572,4576,133.6144,5,1,9,1,1,1,0,1,1,2,5,1,9,1,1,1,0,1,1,2
D2DAP-256-hint,256,hint,D2DAP,D1,D10,True,,,052004b48c096beb,286|286,1,64,68.5041,64.0071,0.0,1940000,1940134,2,572,4576,132.51119999999997,5,1,9,1,1,1,0,1,1,2,5,1,9,1,1,1,0,1,1,2
D2DAP-256-hint,256,hint,D2DAP,D10,D1,True,,,407d355de0addf3d,286|286,1,64,64.8537,65.6878,0.0,1950000,1950132,2,572,4576,130.54149999999998,5,1,9,1,1,1,0,1,1,2,5,1,9,1,1,1,0,1,1,2
D2DAP-256-hint,256,hint,D2DAP,D7,D9,True,,,d53f261a40a4b681,286|286,1,64,63.8841,66.3029,0.0,1960000,1960132,2,572,4576,130.18699999999998,5,1,9,1,1,1,0,1,1,2,5,1,9,1,1,1,0,1,1,2
D2DAP-256-hint,256,hint,D2DAP,D8,D9,True,,,bc74d94015e9c124,286|286,1,64,62.8402,72.3803,0.0,1970000,1970137,2,572,4576,135.22050000000002,5,1,9,1,1,1,0,1,1,2,5,1,9,1,1,1,0,1,1,2
D2DAP-256-hint,256,hint,D2DAP,D9,D3,True,,,7eaffb73e9eaedb4,286|286,1,64,60.59949999999999,64.4882,0.0,1980000,1980127,2,572,4576,125.0877,5,1,9,1,1,1,0,1,1,2,5,1,9,1,1,1,0,1,1,2
D2DAP-256-hint,256,hint,D2DAP,D3,D9,True,,,d75c0b902d6d5692,286|286,1,64,63.753,65.2527,0.0,1990000,1990130,2,572,4576,129.0057,5,1,9,1,1,1,0,1,1,2,5,1,9,1,1,1,0,1,1,2
D2DAP-256-hint,256,hint,D2DAP,D8,D7,True,,,43406339ced4b1d5,286|286,1,64,62.0274,57.7526,0.0,2000000,2000121,2,572,4576,119.78,5,1,9,1,1,1,0,1,1,2,5,1,9,1,1,1,0,1,1,2
D2DAP-256-hint,256,hint,D2DAP,D6,D8,True,,,7ec2e65a46186fc7,286|286,1,64,60.6331,60.0145,0.0,2010000,2010122,2,572,4576,120.6476,5,1,9,1,1,1,0,1,1,2,5,1,9,1,1,1,0,1,1,2
D2DAP-256-hint,256,hint,D2DAP,D2,D9,True,,,e2861ff2e66501e6,286|286,1,64,59.7559,63.856,0.0,2020000,2020125,2,572,4576,123.61189999999999,5,1,9,1,1,1,0,1,1,2,5,1,9,1,1,1,0,1,1,2
D2DAP-256-hint,256,hint,D2DAP,D3,D6,True,,,6b89d18dccebf43c,286|286,1,64,63.3155,62.0521,0.0,2030000,2030127,2,572,4576,125.36760000000001,5,1,9,1,1,1,0,1,1,2,5,1,9,1,1,1,0,1,1,2
D2DAP-256-hint,256,hint,D2DAP,D9,D8,True,,,fbb420b45df4e502,286|286,1,64,64.5418,67.6554,0.0,2040000,2040134,2,572,4576,132.1972,5,1,9,1,1,1,0,1,1,2,5,1,9,1,1,1,0,1,1,2
D2DAP-256-hint,256,hint,D2DAP,D8,D4,True,,,e4906bbb9c736ca8,286|286,1,64,64.0824,60.6754,0.0,2050000,2050127,2,572,4576,124.7578,5,1,9,1,1,1,0,1,1,2,5,1,9,1,1,1,0,1,1,2
D2DAP-256-hint,256,hint,D2DAP,D3,D6,True,,,15c474bea5d4ef98,286|286,1,64,64.5755,64.1276,0.0,2060000,2060131,2,572,4576,128.7031,5,1,9,1,1,1,0,1,1,2,5,1,9,1,1,1,0,1,1,2
D2DAP-256-hint,256,hint,D2DAP,D2,D1,True,,,0cfead06b9bc1e0e,286|286,1,64,57.0835,58.1032,0.0,2070000,2070117,2,572,4576,115.1867,5,1,9,1,1,1,0,1,1,2,5,1,9,1,1,1,0,1,1,2
D2DAP-256-hint,256,hint,D2DAP,D2,D5,True,,,5c334f20dc2cdbd5,286|286,1,64,67.0438,64.8278,0.0,2080000,2080133,2,572,4576,131.8716,5,1,9,1,1,1,0,1,1,2,5,1,9,1,1,1,0,1,1,2
D2DAP-256-hint,256,hint,D2DAP,D3,D6,True,,,5e1a5a4a1dc40279,286|286,1,64,75.87209999999999,62.9518,0.0,2090000,2090139,2,572,4576,138.82389999999998,5,1,9,1,1,1,0,1,1,2,5,1,9,1,1,1,0,1,1,2
D2DAP-256-hint,256,hint,D2DAP,D6,D4,True,,,111aaeca7eb01ce8,286|286,1,64,73.0128,76.8324,0.0,2100000,2100151,2,572,4576,149.8452,5,1,9,1,1,1,0,1,1,2,5,1,9,1,1,1,0,1,1,2
D2DAP-128-trial,128,trial,D2DAP,D3,D5,True,,,4181380a63ec55dd,152|152,1,32,14.3095,50.6739,0.0,110000,110066,2,304,2432,64.9834,5,1,9,1,1,1,0,1,1,2,13,1,17,1,9,1,0,1,1,2
D2DAP-128-trial,128,trial,D2DAP,D9,D5,True,,,03467b564e0eb303,152|152,1,32,16.424999999999997,29.2543,0.0,120000,120047,2,304,2432,45.6793,5,1,9,1,1,1,0,1,1,2,8,1,12,1,4,1,0,1,1,2
D2DAP-128-trial,128,trial,D2DAP,D9,D8,True,,,9da3ca680589c4f3,152|152,1,32,15.108899999999998,26.4248,0.0,130000,130043,2,304,2432,41.533699999999996,5,1,9,1,1,1,0,1,1,2,8,1,12,1,4,1,0,1,1,2
D2DAP-128-trial,128,trial,D2DAP,D6,D2,True,,,bc9d5032c4eb35bc,152|152,1,32,14.9254,45.275,0.0,140000,140062,2,304,2432,60.2004,5,1,9,1,1,1,0,1,1,2,12,1,16,1,8,1,0,1,1,2
D2DAP-128-trial,128,trial,D2DAP,D4,D7,True,,,a3f83d3f33680f1a,152|152,1,32,16.3071,36.2441,0.0,150000,150054,2,304,2432,52.5512,5,1,9,1,1,1,0,1,1,2,10,1,14,1,6,1,0,1,1,2
D2DAP-128-trial,128,trial,D2DAP,D9,D5,True,,,c8118a911db0e10a,152|152,1,32,15.023,41.1888,0.0,160000,160058,2,304,2432,56.2118,5,1,9,1,1,1,0,1,1,2,11,1,15,1,7,1,0,1,1,2
D2DAP-128-trial,128,trial,D2DAP,D7,D8,True,,,766af4df27ffd87f,152|152,1,32,15.3352,16.1849,0.0,170000,170034,2,304,2432,31.5201,5,1,9,1,1,1,0,1,1,2,5,1,9,1,1,1,0,1,1,2
D2DAP-128-trial,128,trial,D2DAP,D4,D2,True,,,9f13ba65066d254a,152|152,1,32,13.483799999999999,38.3672,0.0,180000,180053,2,304,2432,51.851,5,1,9,1,1,1,0,1,1,2,10,1,14,1,6,1,0,1,1,2
D2DAP-128-trial,128,trial,D2DAP,D5,D1,True,,,a4b5247f95902b38,152|152,1,32,14.394400000000001,42.8763,0.0,190000,190058,2,304,2432,57.270700000000005,5,1,9,1,1,1,0,1,1,2,12,1,16,1,8,1,0,1,1,2
D2DAP-128-trial,128,trial,D2DAP,D2,D8,True,,,98ad25f17d7e1e11,152|152,1,32,17.3447,42.5686,0.0,200000,200062,2,304,2432,59.91330000000001,5,1,9,1,1,1,0,1,1,2,9,1,13,1,5,1,0,1,1,2
D2DAP-128-trial,128,trial,D2DAP,D8,D9,True,,,7a3984f8edb47716,152|152,1,32,17.426000000000002,21.7241,0.0,210000,210040,2,304,2432,39.1501,5,1,9,1,1,1,0,1,1,2,6,1,10,1,2,1,0,1,1,2
D2DAP-128-trial,128,trial,D2DAP,D5,D9,True,,,99c2f5c3d448295f,152|152,1,32,16.7186,15.771,0.0,220000,220034,2,304,2432,32.489599999999996,5,1,9,1,1,1,0,1,1,2,5,1,9,1,1,1,0,1,1,2
D2DAP-128-trial,128,trial,D2DAP,D4,D9,True,,,942f43a259f0cb35,152|152,1,32,15.59,23.1905,0.0,230000,230040,2,304,2432,38.7805,5,1,9,1,1,1,0,1,1,2,7,1,11,1,3,1,0,1,1,2
D2DAP-128-trial,128,trial,D2DAP,D8,D5,True,,,58589520ee5f6a5d,152|152,1,32,15.5918,43.7193,0.0,240000,240060,2,304,2432,59.311099999999996,5,1,9,1,1,1,0,1,1,2,12,1,16,1,8,1,0,1,1,2
D2DAP-128-trial,128,trial,D2DAP,D5,D2,True,,,11ca5043a08d0aa3,152|152,1,32,15.7538,45.7048,0.0,250000,250063,2,304,2432,61.4586,5,1,9,1,1,1,0,1,1,2,12,1,16,1,8,1,0,1,1,2
D2DAP-128-trial,128,trial,D2DAP,D4,D5,True,,,67428c84fe4e33c0,152|152,1,32,16.3594,41.7018,0.0,260000,260059,2,304,2432,58.0612,5,1,9,1,1,1,0,1,1,2,11,1,15,1,7,1,0,1,1,2
D2DAP-128-trial,128,trial,D2DAP,D6,D7,True,,,680952f81ed58f11,152|152,1,32,16.5553,29.2112,0.0,270000,270047,2,304,2432,45.7665,5,1,9,1,1,1,0,1,1,2,8,1,12,1,4,1,0,1,1,2
D2DAP-128-trial,128,trial,D2DAP,D4,D2,True,,,2b459a076bde35ea,152|152,1,32,16.1805,42.7453,0.0,280000,280060,2,304,2432,58.925799999999995,5,1,9,1,1,1,0,1,1,2,11,1,15,1,7,1,0,1,1,2
D2DAP-128-trial,128,trial,D2DAP,D8,D6,True,,,5eb80d56973625ca,152|152,1,32,17.807499999999997,25.5114,0.0,290000,290045,2,304,2432,43.3189,5,1,9,1,1,1,0,1,1,2,7,1,11,1,3,1,0,1,1,2
D2DAP-128-trial,128,trial,D2DAP,D3,D8,True,,,765044d3c55d7b13,152|152,1,32,17.2351,36.0272,0.0,300000,300055,2,304,2432,53.262299999999996,5,1,9,1,1,1,0,1,1,2,9,1,13,1,5,1,0,1,1,2
D2DAP-128-trial,128,trial,D2DAP,D4,D9,True,,,e643f3e922ad5b33,152|152,1,32,16.8561,32.003,0.0,310000,310050,2,304,2432,48.8591,5,1,9,1,1,1,0,1,1,2,9,1,13,1,5,1,0,1,1,2
D2DAP-128-trial,128,trial,D2DAP,D9,D4,True,,,e17ad9cfb64d6555,152|152,1,32,15.611999999999998,48.041,0.0,320000,320065,2,304,2432,63.65299999999999,5,1,9,1,1,1,0,1,1,2,13,1,17,1,9,1,0,1,1,2
D2DAP-128-trial,128,trial,D2DAP,D3,D7,True,,,2e85c15d113d3deb,152|152,1,32,15.5536,42.8511,0.0,330000,330059,2,304,2432,58.404700000000005,5,1,9,1,1,1,0,1,1,2,11,1,15,1,7,1,0,1,1,2
D2DAP-128-trial,128,trial,D2DAP,D9,D2,True,,,b3bc85d2254e3607,152|152,1,32,15.2149,32.9829,0.0,340000,340049,2,304,2432,48.1978,5,1,9,1,1,1,0,1,1,2,9,1,13,1,5,1,0,1,1,2
D2DAP-128-trial,128,trial,D2DAP,D8,D1,True,,,81a5f6cd2bce09f4,152|152,1,32,15.1675,30.9041,0.0,350000,350047,2,304,2432,46.071600000000004,5,1,9,1,1,1,0,1,1,2,9,1,13,1,5,1,0,1,1,2
D2DAP-128-trial,128,trial,D2DAP,D8,D10,True,,,63cd1247fd3fe9d1,152|152,1,32,15.3886,48.5866,0.0,360000,360065,2,304,2432,63.9752,5,1,9,1,1,1,0,1,1,2,13,1,17,1,9,1,0,1,1,2
D2DAP-128-trial,128,trial,D2DAP,D8,D5,True,,,7fbb0273d511f711,152|152,1,32,15.019099999999998,28.4368,0.0,370000,370045,2,304,2432,43.4559,5,1,9,1,1,1,0,1,1,2,8,1,12,1,4,1,0,1,1,2
D2DAP-128-trial,128,trial,D2DAP,D6,D8,True,,,a1ff8cb58b9b6da9,152|152,1,32,15.587900000000001,33.5881,0.0,380000,380051,2,304,2432,49.176,5,1,9,1,1,1,0,1,1,2,9,1,13,1,5,1,0,1,1,2
D2DAP-128-trial,128,trial,D2DAP,D6,D5,True,,,5ae62197acc0fed9,152|152,1,32,15.734,14.6716,0.0,390000,390032,2,304,2432,30.4056,5,1,9,1,1,1,0,1,1,2,5,1,9,1,1,1,0,1,1,2
D2DAP-128-trial,128,trial,D2DAP,D3,D2,True,,,b073482bcec39a7f,152|152,1,32,15.3049,47.0944,0.0,400000,400065,2,304,2432,62.3993,5,1,9,1,1,1,0,1,1,2,13,1,17,1,9,1,0,1,1,2
D2DAP-128-trial,128,trial,D2DAP,D4,D7,True,,,8a3757164a08b741,152|152,1,32,16.1344,46.4085,0.0,410000,410064,2,304,2432,62.542899999999996,5,1,9,1,1,1,0,1,1,2,12,1,16,1,8,1,0,1,1,2
D2DAP-128-trial,128,trial,D2DAP,D5,D9,True,,,2fa236505c33c7da,152|152,1,32,14.4302,31.5956,0.0,420000,420047,2,304,2432,46.025800000000004,5,1,9,1,1,1,0,1,1,2,9,1,13,1,5,1,0,1,1,2
D2DAP-128-trial,128,trial,D2DAP,D1,D8,True,,,f271c4ee01f6eb85,152|152,1,32,15.1327,15.0066,0.0,430000,430032,2,304,2432,30.1393,5,1,9,1,1,1,0,1,1,2,5,1,9,1,1,1,0,1,1,2
D2DAP-128-trial,128,trial,D2DAP,D6,D10,True,,,488e9fe24a3dcbc7,152|152,1,32,13.7457,27.0086,0.0,440000,440042,2,304,2432,40.7543,5,1,9,1,1,1,0,1,1,2,8,1,12,1,4,1,0,1,1,2
D2DAP-128-trial,128,trial,D2DAP,D1,D6,True,,,ecd98bd2776a0153,152|152,1,32,15.675,38.2312,0.0,450000,450055,2,304,2432,53.9062,5,1,9,1,1,1,0,1,1,2,11,1,15,1,7,1,0,1,1,2
D2DAP-128-trial,128,trial,D2DAP,D7,D3,True,,,dd0c172e47648641,152|152,1,32,18.1268,46.6728,0.0,460000,460066,2,304,2432,64.7996,5,1,9,1,1,1,0,1,1,2,13,1,17,1,9,1,0,1,1,2
D2DAP-128-trial,128,trial,D2DAP,D4,D5,True,,,5d1e777f1a08f402,152|152,1,32,16.4601,15.2153,0.0,470000,470034,2,304,2432,31.6754,5,1,9,1,1,1,0,1,1,2,5,1,9,1,1,1,0,1,1,2
D2DAP-128-trial,128,trial,D2DAP,D3,D2,True,,,38c5003ed7c334ce,152|152,1,32,16.0977,15.9878,0.0,480000,480033,2,304,2432,32.085499999999996,5,1,9,1,1,1,0,1,1,2,5,1,9,1,1,1,0,1,1,2
D2DAP-128-trial,128,trial,D2DAP,D10,D9,True,,,2e6611637c773ce9,152|152,1,32,16.594,28.293,0.0,490000,490047,2,304,2432,44.887,5,1,9,1,1,1,0,1,1,2,8,1,12,1,4,1,0,1,1,2
D2DAP-128-trial,128,trial,D2DAP,D9,D3,True,,,d8b7245484abd476,152|152,1,32,13.8796,14.153,0.0,500000,500029,2,304,2432,28.032600000000002,5,1,9,1,1,1,0,1,1,2,5,1,9,1,1,1,0,1,1,2
D2DAP-128-trial,128,trial,D2DAP,D8,D3,True,,,c515f1da00d2e00c,152|152,1,32,15.047999999999998,31.8887,0.0,510000,510048,2,304,2432,46.9367,5,1,9,1,1,1,0,1,1,2,9,1,13,1,5,1,0,1,1,2
D2DAP-128-trial,128,trial,D2DAP,D3,D5,True,,,8edefc620023b1e9,152|152,1,32,14.4103,29.8079,0.0,520000,520045,2,304,2432,44.218199999999996,5,1,9,1,1,1,0,1,1,2,8,1,12,1,4,1,0,1,1,2
D2DAP-128-trial,128,trial,D2DAP,D2,D6,True,,,2bd5f42c35bf9379,152|152,1,32,15.1378,15.5857,0.0,530000,530033,2,304,2432,30.7235,5,1,9,1,1,1,0,1,1,2,5,1,9,1,1,1,0,1,1,2
D2DAP-128-trial,128,trial,D2DAP,D8,D10,True,,,807cf7f1f071f408,152|152,1,32,16.2365,19.8035,0.0,540000,540038,2,304,2432,36.04,5,1,9,1,1,1,0,1,1,2,6,1,10,1,2,1,0,1,1,2
D2DAP-128-trial,128,trial,D2DAP,D5,D4,True,,,30a2069b1e88acc2,152|152,1,32,16.173,42.9,0.0,550000,550060,2,304,2432,59.07299999999999,5,1,9,1,1,1,0,1,1,2,12,1,16,1,8,1,0,1,1,2
D2DAP-128-trial,128,trial,D2DAP,D4,D8,True,,,3010c87a5c1d4fdf,152|152,1,32,14.691600000000001,19.6393,0.0,560000,560036,2,304,2432,34.3309,5,1,9,1,1,1,0,1,1,2,6,1,10,1,2,1,0,1,1,2
D2DAP-128-trial,128,trial,D2DAP,D1,D4,True,,,b7f3c0c5f5b9dfe4,152|152,1,32,14.7962,20.0025,0.0,570000,570037,2,304,2432,34.798700000000004,5,1,9,1,1,1,0,1,1,2,6,1,10,1,2,1,0,1,1,2
D2DAP-128-trial,128,trial,D2DAP,D1,D8,True,,,2bf00ec061870d8a,152|152,1,32,15.1604,16.1909,0.0,580000,580034,2,304,2432,31.3513,5,1,9,1,1,1,0,1,1,2,5,1,9,1,1,1,0,1,1,2
D2DAP-128-trial,128,trial,D2DAP,D7,D5,True,,,8e8b04c74395b6e8,152|152,1,32,16.4738,34.578,0.0,590000,590053,2,304,2432,51.0518,5,1,9,1,1,1,0,1,1,2,10,1,14,1,6,1,0,1,1,2
D2DAP-128-trial,128,trial,D2DAP,D2,D10,True,,,5e697d95e9994d81,152|152,1,32,15.9223,31.3523,0.0,600000,600049,2,304,2432,47.2746,5,1,9,1,1,1,0,1,1,2,9,1,13,1,5,1,0,1,1,2
D2DAP-128-trial,128,trial,D2DAP,D2,D9,True,,,96f874230efa7127,152|152,1,32,15.9646,46.4923,0.0,610000,610064,2,304,2432,62.456900000000005,5,1,9,1,1,1,0,1,1,2,12,1,16,1,8,1,0,1,1,2
D2DAP-128-trial,128,trial,D2DAP,D5,D7,True,,,81f22c743a436fcb,152|152,1,32,14.9189,22.9013,0.0,620000,620039,2,304,2432,37.8202,5,1,9,1,1,1,0,1,1,2,7,1,11,1,3,1,0,1,1,2
D2DAP-128-trial,128,trial,D2DAP,D4,D2,True,,,91679d1412374a70,152|152,1,32,15.3445,28.9772,0.0,630000,630045,2,304,2432,44.3217,5,1,9,1,1,1,0,1,1,2,8,1,12,1,4,1,0,1,1,2
D2DAP-128-trial,128,trial,D2DAP,D3,D7,True,,,b60e7b6de32baa1b,152|152,1,32,16.651400000000002,38.539,0.0,640000,640057,2,304,2432,55.190400000000004,5,1,9,1,1,1,0,1,1,2,11,1,15,1,7,1,0,1,1,2
D2DAP-128-trial,128,trial,D2DAP,D6,D4,True,,,4626eebc655016ae,152|152,1,32,15.510100000000001,21.6118,0.0,650000,650039,2,304,2432,37.1219,5,1,9,1,1,1,0,1,1,2,6,1,10,1,2,1,0,1,1,2
D2DAP-128-trial,128,trial,D2DAP,D4,D1,True,,,db73f9f0e53f27ef,152|152,1,32,15.1247,19.4647,0.0,660000,660036,2,304,2432,34.5894,5,1,9,1,1,1,0,1,1,2,6,1,10,1,2,1,0,1,1,2
D2DAP-128-trial,128,trial,D2DAP,D10,D4,True,,,077178f1740471c3,152|152,1,32,16.3213,36.0191,0.0,670000,670055,2,304,2432,52.3404,5,1,9,1,1,1,0,1,1,2,11,1,15,1,7,1,0,1,1,2
D2DAP-128-trial,128,trial,D2DAP,D9,D5,True,,,9ae24cf4e0bb7cb5,152|152,1,32,14.738,44.933,0.0,680000,680061,2,304,2432,59.671,5,1,9,1,1,1,0,1,1,2,13,1,17,1,9,1,0,1,1,2
D2DAP-128-trial,128,trial,D2DAP,D5,D3,True,,,71326d4ebc69c3aa,152|152,1,32,15.4678,47.4112,0.0,690000,690064,2,304,2432,62.879000000000005,5,1,9,1,1,1,0,1,1,2,13,1,17,1,9,1,0,1,1,2
D2DAP-128-trial,128,trial,D2DAP,D9,D3,True,,,08fe34c5a894420d,152|152,1,32,15.527000000000001,47.4096,0.0,700000,700065,2,304,2432,62.9366,5,1,9,1,1,1,0,1,1,2,13,1,17,1,9,1,0,1,1,2
D2DAP-128-trial,128,trial,D2DAP,D3,D8,True,,,3418e4e138943f32,152|152,1,32,14.3767,28.856,0.0,710000,710044,2,304,2432,43.2327,5,1,9,1,1,1,0,1,1,2,9,1,13,1,5,1,0,1,1,2
D2DAP-128-trial,128,trial,D2DAP,D8,D5,True,,,ae1939d0cc0a2d34,152|152,1,32,13.4651,19.349,0.0,720000,720035,2,304,2432,32.814099999999996,5,1,9,1,1,1,0,1,1,2,6,1,10,1,2,1,0,1,1,2
D2DAP-128-trial,128,trial,D2DAP,D10,D1,True,,,71762a4c7c072a25,152|152,1,32,15.849900000000002,36.6427,0.0,730000,730054,2,304,2432,52.492599999999996,5,1,9,1,1,1,0,1,1,2,11,1,15,1,7,1,0,1,1,2
D2DAP-128-trial,128,trial,D2DAP,D2,D9,True,,,755d9a5a87f0f90c,152|152,1,32,17.2802,15.9192,0.0,740000,740034,2,304,2432,33.1994,5,1,9,1,1,1,0,1,1,2,5,1,9,1,1,1,0,1,1,2
D2DAP-128-trial,128,trial,D2DAP,D7,D3,True,,,f9bd7618445a986f,152|152,1,32,14.314899999999998,17.7835,0.0,750000,750033,2,304,2432,32.0984,5,1,9,1,1,1,0,1,1,2,5,1,9,1,1,1,0,1,1,2
D2DAP-128-trial,128,trial,D2DAP,D3,D9,True,,,b31346c42167543e,152|152,1,32,15.9368,41.7723,0.0,760000,760059,2,304,2432,57.7091,5,1,9,1,1,1,0,1,1,2,11,1,15,1,7,1,0,1,1,2
D2DAP-128-trial,128,trial,D2DAP,D2,D5,True,,,3912e2ca4155d5c4,152|152,1,32,15.401200000000001,32.6009,0.0,770000,770049,2,304,2432,48.002100000000006,5,1,9,1,1,1,0,1,1,2,9,1,13,1,5,1,0,1,1,2
D2DAP-128-trial,128,trial,D2DAP,D8,D1,True,,,8220424f25bd8b22,152|152,1,32,15.1156,29.2765,0.0,780000,780046,2,304,2432,44.3921,5,1,9,1,1,1,0,1,1,2,9,1,13,1,5,1,0,1,1,2
D2DAP-128-trial,128,trial,D2DAP,D5,D8,True,,,03fda9c1ab221bb6,152|152,1,32,15.3996,28.4809,0.0,790000,790046,2,304,2432,43.8805,5,1,9,1,1,1,0,1,1,2,8,1,12,1,4,1,0,1,1,2
D2DAP-128-trial,128,trial,D2DAP,D4,D10,True,,,cad93fc67c2012e6,152|152,1,32,15.592,48.869,0.0,800000,800065,2,304,2432,64.461,5,1,9,1,1,1,0,1,1,2,13,1,17,1,9,1,0,1,1,2
D2DAP-128-trial,128,trial,D2DAP,D6,D2,True,,,0ab58733267d6723,152|152,1,32,15.3558,35.4927,0.0,810000,810052,2,304,2432,50.8485,5,1,9,1,1,1,0,1,1,2,10,1,14,1,6,1,0,1,1,2
D2DAP-128-trial,128,trial,D2DAP,D7,D6,True,,,96034b7979cc4cec,152|152,1,32,15.450800000000001,41.674,0.0,820000,820059,2,304,2432,57.1248,5,1,9,1,1,1,0,1,1,2,11,1,15,1,7,1,0,1,1,2
D2DAP-128-trial,128,trial,D2DAP,D7,D5,True,,,6c897e16bd66e681,152|152,1,32,17.884900000000002,45.2932,0.0,830000,830065,2,304,2432,63.1781,5,1,9,1,1,1,0,1,1,2,12,1,16,1,8,1,0,1,1,2
D2DAP-128-trial,128,trial,D2DAP,D2,D1,True,,,58ab1c341e5d63dc,152|152,1,32,18.2538,43.2752,0.0,840000,840063,2,304,2432,61.528999999999996,5,1,9,1,1,1,0,1,1,2,10,1,14,1,6,1,0,1,1,2
D2DAP-128-trial,128,trial,D2DAP,D2,D4,True,,,aa4cf460537aebfc,152|152,1,32,17.8709,25.6342,0.0,850000,850045,2,304,2432,43.5051,5,1,9,1,1,1,0,1,1,2,7,1,11,1,3,1,0,1,1,2
D2DAP-128-trial,128,trial,D2DAP,D7,D2,True,,,cbe84c3dd2112907,152|152,1,32,17.2703,17.2192,0.0,860000,860037,2,304,2432,34.4895,5,1,9,1,1,1,0,1,1,2,5,1,9,1,1,1,0,1,1,2
D2DAP-128-trial,128,trial,D2DAP,D2,D6,True,,,bb2f5d1661744f42,152|152,1,32,19.7519,25.4081,0.0,870000,870047,2,304,2432,45.16,5,1,9,1,1,1,0,1,1,2,7,1,11,1,3,1,0,1,1,2
D2DAP-128-trial,128,trial,D2DAP,D2,D3,True,,,dd1b59f565adf04f,152|152,1,32,17.8669,30.6254,0.0,880000,880049,2,304,2432,48.4923,5,1,9,1,1,1,0,1,1,2,8,1,12,1,4,1,0,1,1,2
D2DAP-128-trial,128,trial,D2DAP,D6,D9,True,,,0624c165173fce17,152|152,1,32,18.573999999999998,45.6152,0.0,890000,890065,2,304,2432,64.1892,5,1,9,1,1,1,0,1,1,2,10,1,14,1,6,1,0,1,1,2
D2DAP-128-trial,128,trial,D2DAP,D4,D7,True,,,0410f283a530ba01,152|152,1,32,16.7239,51.7349,0.0,900000,900070,2,304,2432,68.4588,5,1,9,1,1,1,0,1,1,2,11,1,15,1,7,1,0,1,1,2
D2DAP-128-trial,128,trial,D2DAP,D1,D3,True,,,f55bc5733aea5786,152|152,1,32,16.3031,53.5918,0.0,910000,910071,2,304,2432,69.8949,5,1,9,1,1,1,0,1,1,2,13,1,17,1,9,1,0,1,1,2
D2DAP-128-trial,128,trial,D2DAP,D5,D9,True,,,387eec843e4f5e9d,152|152,1,32,16.7344,29.4926,0.0,920000,920048,2,304,2432,46.227000000000004,5,1,9,1,1,1,0,1,1,2,8,1,12,1,4,1,0,1,1,2
D2DAP-128-trial,128,trial,D2DAP,D8,D5,True,,,f29538d91992ee19,152|152,1,32,18.1304,37.4667,0.0,930000,930057,2,304,2432,55.597100000000005,5,1,9,1,1,1,0,1,1,2,8,1,12,1,4,1,0,1,1,2
D2DAP-128-trial,128,trial,D2DAP,D3,D1,True,,,c36d35a3849633d6,152|152,1,32,18.3016,28.4455,0.0,940000,940048,2,304,2432,46.7471,5,1,9,1,1,1,0,1,1,2,8,1,12,1,4,1,0,1,1,2
D2DAP-128-trial,128,trial,D2DAP,D5,D7,True,,,69d5de313dc9c8d2,152|152,1,32,17.4868,46.2297,0.0,950000,950066,2,304,2432,63.716499999999996,5,1,9,1,1,1,0,1,1,2,12,1,16,1,8,1,0,1,1,2
D2DAP-128-trial,128,trial,D2DAP,D9,D2,True,,,5646afbd73a4959b,152|152,1,32,15.605,39.4295,0.0,960000,960056,2,304,2432,55.034499999999994,5,1,9,1,1,1,0,1,1,2,11,1,15,1,7,1,0,1,1,2
D2DAP-128-trial,128,trial,D2DAP,D5,D10,True,,,f0a1a5af79c9fc70,152|152,1,32,14.4055,19.9695,0.0,970000,970035,2,304,2432,34.375,5,1,9,1,1,1,0,1,1,2,6,1,10,1,2,1,0,1,1,2
D2DAP-128-trial,128,trial,D2DAP,D10,D3,True,,,e783cd342236660d,152|152,1,32,14.6973,25.3361,0.0,980000,980042,2,304,2432,40.0334,5,1,9,1,1,1,0,1,1,2,8,1,12,1,4,1,0,1,1,2
D2DAP-128-trial,128,trial,D2DAP,D5,D6,True,,,f58ca0d5ca7b46ec,152|152,1,32,15.7557,41.8065,0.0,990000,990059,2,304,2432,57.5622,5,1,9,1,1,1,0,1,1,2,11,1,15,1,7,1,0,1,1,2
D2DAP-128-trial,128,trial,D2DAP,D3,D4,True,,,5081d582c395a8d1,152|152,1,32,15.3772,23.8431,0.0,1000000,1000041,2,304,2432,39.2203,5,1,9,1,1,1,0,1,1,2,7,1,11,1,3,1,0,1,1,2
D2DAP-128-trial,128,trial,D2DAP,D9,D4,True,,,b40750a92966e218,152|152,1,32,16.1133,19.2088,0.0,1010000,1010037,2,304,2432,35.3221,5,1,9,1,1,1,0,1,1,2,6,1,10,1,2,1,0,1,1,2
D2DAP-128-trial,128,trial,D2DAP,D6,D9,True,,,1c5cebc1271badcd,152|152,1,32,17.2104,70.2687,0.0,1020000,1020090,2,304,2432,87.47909999999999,5,1,9,1,1,1,0,1,1,2,13,1,17,1,9,1,0,1,1,2
D2DAP-128-trial,128,trial,D2DAP,D6,D3,True,,,dafffebad676eafb,152|152,1,32,15.5849,21.3209,0.0,1030000,1030038,2,304,2432,36.9058,5,1,9,1,1,1,0,1,1,2,7,1,11,1,3,1,0,1,1,2
D2DAP-128-trial,128,trial,D2DAP,D1,D7,True,,,8cb5fefa4be19a82,152|152,1,32,13.6864,45.3051,0.0,1040000,1040061,2,304,2432,58.9915,5,1,9,1,1,1,0,1,1,2,12,1,16,1,8,1,0,1,1,2
D2DAP-128-trial,128,trial,D2DAP,D3,D2,True,,,b2ab0d938d5688bc,152|152,1,32,15.3767,15.2069,0.0,1050000,1050033,2,304,2432,30.583599999999997,5,1,9,1,1,1,0,1,1,2,5,1,9,1,1,1,0,1,1,2
D2DAP-128-trial,128,trial,D2DAP,D6,D8,True,,,0e5d9f9a970e88a0,152|152,1,32,16.5292,16.8307,0.0,1060000,1060034,2,304,2432,33.359899999999996,5,1,9,1,1,1,0,1,1,2,5,1,9,1,1,1,0,1,1,2
D2DAP-128-trial,128,trial,D2DAP,D8,D9,True,,,a1b57841d71b18c5,152|152,1,32,15.6934,45.6537,0.0,1070000,1070063,2,304,2432,61.3471,5,1,9,1,1,1,0,1,1,2,12,1,16,1,8,1,0,1,1,2
D2DAP-128-trial,128,trial,D2DAP,D1,D7,True,,,3d564799457826b0,152|152,1,32,15.145199999999999,27.9239,0.0,1080000,1080044,2,304,2432,43.0691,5,1,9,1,1,1,0,1,1,2,8,1,12,1,4,1,0,1,1,2
D2DAP-128-trial,128,trial,D2DAP,D3,D9,True,,,7d3b3a582d4bb355,152|152,1,32,15.921,40.8205,0.0,1090000,1090058,2,304,2432,56.7415,5,1,9,1,1,1,0,1,1,2,11,1,15,1,7,1,0,1,1,2
D2DAP-128-trial,128,trial,D2DAP,D1,D2,True,,,d247a83e052fce30,152|152,1,32,16.151600000000002,34.7879,0.0,1100000,1100053,2,304,2432,50.9395,5,1,9,1,1,1,0,1,1,2,8,1,12,1,4,1,0,1,1,2
D2DAP-128-trial,128,trial,D2DAP,D4,D5,True,,,7ab856fb7114e885,152|152,1,32,16.3034,27.5107,0.0,1110000,1110045,2,304,2432,43.814099999999996,5,1,9,1,1,1,0,1,1,2,8,1,12,1,4,1,0,1,1,2
D2DAP-128-trial,128,trial,D2DAP,D8,D5,True,,,6fedb11c2718b3a7,152|152,1,32,12.5498,26.0275,0.0,1120000,1120041,2,304,2432,38.5773,5,1,9,1,1,1,0,1,1,2,9,1,13,1,5,1,0,1,1,2
D2DAP-128-trial,128,trial,D2DAP,D4,D9,True,,,1bdb4e3264776331,152|152,1,32,15.3336,18.364,0.0,1130000,1130035,2,304,2432,33.6976,5,1,9,1,1,1,0,1,1,2,6,1,10,1,2,1,0,1,1,2
D2DAP-128-trial,128,trial,D2DAP,D7,D9,True,,,dffa36cd83ef2b76,152|152,1,32,12.9576,27.0806,0.0,1140000,1140042,2,304,2432,40.0382,5,1,9,1,1,1,0,1,1,2,9,1,13,1,5,1,0,1,1,2
D2DAP-128-trial,128,trial,D2DAP,D6,D10,True,,,5fbb878dfeda3160,152|152,1,32,13.4522,33.2153,0.0,1150000,1150049,2,304,2432,46.6675,5,1,9,1,1,1,0,1,1,2,10,1,14,1,6,1,0,1,1,2
D2DAP-128-trial,128,trial,D2DAP,D3,D10,True,,,2b8f8abf0945b30e,152|152,1,32,12.680499999999999,41.9798,0.0,1160000,1160056,2,304,2432,54.66029999999999,5,1,9,1,1,1,0,1,1,2,13,1,17,1,9,1,0,1,1,2
D2DAP-128-trial,128,trial,D2DAP,D2,D10,True,,,00637d722ab8bcf1,152|152,1,32,15.003400000000001,34.0638,0.0,1170000,1170051,2,304,2432,49.0672,5,1,9,1,1,1,0,1,1,2,11,1,15,1,7,1,0,1,1,2
D2DAP-128-trial,128,trial,D2DAP,D3,D1,True,,,9c6de0f82c1d8440,152|152,1,32,19.3396,37.0335,0.0,1180000,1180058,2,304,2432,56.373099999999994,5,1,9,1,1,1,0,1,1,2,10,1,14,1,6,1,0,1,1,2
D2DAP-128-trial,128,trial,D2DAP,D10,D9,True,,,b8fcd56fcbd05e24,152|152,1,32,17.4744,34.8268,0.0,1190000,1190054,2,304,2432,52.301199999999994,5,1,9,1,1,1,0,1,1,2,9,1,13,1,5,1,0,1,1,2
D2DAP-128-trial,128,trial,D2DAP,D9,D1,True,,,0a1f3f756088d64b,152|152,1,32,16.342,19.4617,0.0,1200000,1200037,2,304,2432,35.8037,5,1,9,1,1,1,0,1,1,2,6,1,10,1,2,1,0,1,1,2
D2DAP-128-trial,128,trial,D2DAP,D9,D8,True,,,e058defb5bea6f08,152|152,1,32,16.9887,39.549,0.0,1210000,1210058,2,304,2432,56.5377,5,1,9,1,1,1,0,1,1,2,10,1,14,1,6,1,0,1,1,2
D2DAP-128-trial,128,trial,D2DAP,D9,D2,True,,,25f4a45864fa1422,152|152,1,32,14.5417,44.4063,0.0,1220000,1220061,2,304,2432,58.948,5,1,9,1,1,1,0,1,1,2,12,1,16,1,8,1,0,1,1,2
D2DAP-128-trial,128,trial,D2DAP,D4,D5,True,,,178ab110ae54c3c4,152|152,1,32,16.8704,28.6166,0.0,1230000,1230047,2,304,2432,45.486999999999995,5,1,9,1,1,1,0,1,1,2,8,1,12,1,4,1,0,1,1,2
D2DAP-128-trial,128,trial,D2DAP,D7,D4,True,,,0d0bd54f6619ac0c,152|152,1,32,17.0922,37.1192,0.0,1240000,1240056,2,304,2432,54.2114,5,1,9,1,1,1,0,1,1,2,10,1,14,1,6,1,0,1,1,2
D2DAP-128-trial,128,trial,D2DAP,D4,D10,True,,,a487c750ac921d60,152|152,1,32,17.0532,21.1219,0.0,1250000,1250040,2,304,2432,38.1751,5,1,9,1,1,1,0,1,1,2,6,1,10,1,2,1,0,1,1,2
D2DAP-128-trial,128,trial,D2DAP,D1,D8,True,,,e09ef1f5bf569eec,152|152,1,32,20.164,59.7646,0.0,1260000,1260081,2,304,2432,79.9286,5,1,9,1,1,1,0,1,1,2,13,1,17,1,9,1,0,1,1,2
D2DAP-128-trial,128,trial,D2DAP,D3,D4,True,,,280adf863bc0b261,152|152,1,32,14.0449,40.9493,0.0,1270000,1270056,2,304,2432,54.9942,5,1,9,1,1,1,0,1,1,2,12,1,16,1,8,1,0,1,1,2
D2DAP-128-trial,128,trial,D2DAP,D10,D9,True,,,6c800a38cc490da8,152|152,1,32,13.917300000000001,28.4265,0.0,1280000,1280044,2,304,2432,42.3438,5,1,9,1,1,1,0,1,1,2,9,1,13,1,5,1,0,1,1,2
D2DAP-128-trial,128,trial,D2DAP,D2,D1,True,,,8870e7d89777ed6c,152|152,1,32,15.1446,16.341,0.0,1290000,1290033,2,304,2432,31.4856,5,1,9,1,1,1,0,1,1,2,6,1,10,1,2,1,0,1,1,2
D2DAP-128-trial,128,trial,D2DAP,D9,D8,True,,,c8e13b63d79ecb13,152|152,1,32,14.979500000000002,27.119,0.0,1300000,1300044,2,304,2432,42.0985,5,1,9,1,1,1,0,1,1,2,8,1,12,1,4,1,0,1,1,2
D2DAP-128-trial,128,trial,D2DAP,D2,D7,True,,,578168b078d72b31,152|152,1,32,18.761499999999998,46.5465,0.0,1310000,1310067,2,304,2432,65.30799999999999,5,1,9,1,1,1,0,1,1,2,11,1,15,1,7,1,0,1,1,2
D2DAP-128-trial,128,trial,D2DAP,D6,D8,True,,,d89673f24bd80ca9,152|152,1,32,18.2196,46.9256,0.0,1320000,1320066,2,304,2432,65.1452,5,1,9,1,1,1,0,1,1,2,13,1,17,1,9,1,0,1,1,2
D2DAP-128-trial,128,trial,D2DAP,D2,D1,True,,,7fab21d05dd7ab74,152|152,1,32,18.4157,45.1115,0.0,1330000,1330065,2,304,2432,63.5272,5,1,9,1,1,1,0,1,1,2,12,1,16,1,8,1,0,1,1,2
D2DAP-128-trial,128,trial,D2DAP,D3,D10,True,,,6137ac104e516dec,152|152,1,32,15.5257,23.3116,0.0,1340000,1340041,2,304,2432,38.8373,5,1,9,1,1,1,0,1,1,2,7,1,11,1,3,1,0,1,1,2
D2DAP-128-trial,128,trial,D2DAP,D10,D3,True,,,df4f2d06ac4ba439,152|152,1,32,14.4301,39.9705,0.0,1350000,1350056,2,304,2432,54.4006,5,1,9,1,1,1,0,1,1,2,12,1,16,1,8,1,0,1,1,2
D2DAP-128-trial,128,trial,D2DAP,D10,D5,True,,,93ace5154bf44ace,152|152,1,32,12.4198,30.8625,0.0,1360000,1360044,2,304,2432,43.2823,5,1,9,1,1,1,0,1,1,2,10,1,14,1,6,1,0,1,1,2
D2DAP-128-trial,128,trial,D2DAP,D1,D9,True,,,f0e7186db81d3f55,152|152,1,32,13.775,30.3296,0.0,1370000,1370046,2,304,2432,44.1046,5,1,9,1,1,1,0,1,1,2,9,1,13,1,5,1,0,1,1,2
D2DAP-128-trial,128,trial,D2DAP,D10,D3,True,,,31389af2ef850d39,152|152,1,32,15.1249,21.7554,0.0,1380000,1380038,2,304,2432,36.880300000000005,5,1,9,1,1,1,0,1,1,2,7,1,11,1,3,1,0,1,1,2
D2DAP-128-trial,128,trial,D2DAP,D1,D7,True,,,fd9a8357a5e517fb,152|152,1,32,15.7182,23.7214,0.0,1390000,1390040,2,304,2432,39.4396,5,1,9,1,1,1,0,1,1,2,8,1,12,1,4,1,0,1,1,2
D2DAP-128-trial,128,trial,D2DAP,D2,D3,True,,,6b6b9f2f21731762,152|152,1,32,15.477,14.0007,0.0,1400000,1400032,2,304,2432,29.4777,5,1,9,1,1,1,0,1,1,2,5,1,9,1,1,1,0,1,1,2
D2DAP-128-trial,128,trial,D2DAP,D9,D7,True,,,47b1af3f66c9dcdb,152|152,1,32,16.5582,30.2379,0.0,1410000,1410049,2,304,2432,46.796099999999996,5,1,9,1,1,1,0,1,1,2,8,1,12,1,4,1,0,1,1,2
D2DAP-128-trial,128,trial,D2DAP,D5,D6,True,,,489e3ae7095cab67,152|152,1,32,15.190999999999999,21.9184,0.0,1420000,1420039,2,304,2432,37.109399999999994,5,1,9,1,1,1,0,1,1,2,7,1,11,1,3,1,0,1,1,2
D2DAP-128-trial,128,trial,D2DAP,D9,D8,True,,,ace2677bf2301924,152|152,1,32,15.3349,29.6046,0.0,1430000,1430047,2,304,2432,44.9395,5,1,9,1,1,1,0,1,1,2,8,1,12,1,4,1,0,1,1,2
D2DAP-128-trial,128,trial,D2DAP,D7,D1,True,,,f00cd98803f5e673,152|152,1,32,18.7051,35.8767,0.0,1440000,1440056,2,304,2432,54.5818,5,1,9,1,1,1,0,1,1,2,9,1,13,1,5,1,0,1,1,2
D2DAP-128-trial,128,trial,D2DAP,D2,D8,True,,,5ccf43f42be752ef,152|152,1,32,16.4622,45.2655,0.0,1450000,1450064,2,304,2432,61.7277,5,1,9,1,1,1,0,1,1,2,12,1,16,1,8,1,0,1,1,2
D2DAP-128-trial,128,trial,D2DAP,D2,D6,True,,,ad0900606b4bf290,152|152,1,32,16.1299,19.0967,0.0,1460000,1460037,2,304,2432,35.2266,5,1,9,1,1,1,0,1,1,2,6,1,10,1,2,1,0,1,1,2
D2DAP-128-trial,128,trial,D2DAP,D1,D4,True,,,e927557bd1ce321d,152|152,1,32,14.5459,22.3394,0.0,1470000,1470038,2,304,2432,36.8853,5,1,9,1,1,1,0,1,1,2,7,1,11,1,3,1,0,1,1,2
D2DAP-128-trial,128,trial,D2DAP,D2,D3,True,,,584ac289058c8083,152|152,1,32,16.1694,36.7113,0.0,1480000,1480054,2,304,2432,52.880700000000004,5,1,9,1,1,1,0,1,1,2,11,1,15,1,7,1,0,1,1,2
D2DAP-128-trial,128,trial,D2DAP,D7,D5,True,,,9f4d9dd385f823b0,152|152,1,32,15.680700000000002,14.998,0.0,1490000,1490032,2,304,2432,30.6787,5,1,9,1,1,1,0,1,1,2,5,1,9,1,1,1,0,1,1,2
D2DAP-128-trial,128,trial,D2DAP,D6,D9,True,,,4079b202db03a8bf,152|152,1,32,14.344999999999999,49.9025,0.0,1500000,1500066,2,304,2432,64.2475,5,1,9,1,1,1,0,1,1,2,13,1,17,1,9,1,0,1,1,2
D2DAP-128-trial,128,trial,D2DAP,D10,D9,True,,,19dfb420a97c7d46,152|152,1,32,14.796499999999998,17.6495,0.0,1510000,1510034,2,304,2432,32.446,5,1,9,1,1,1,0,1,1,2,6,1,10,1,2,1,0,1,1,2
D2DAP-128-trial,128,trial,D2DAP,D1,D6,True,,,ce253589091919cb,152|152,1,32,15.1606,22.2067,0.0,1520000,1520039,2,304,2432,37.3673,5,1,9,1,1,1,0,1,1,2,7,1,11,1,3,1,0,1,1,2
D2DAP-128-trial,128,trial,D2DAP,D2,D7,True,,,8021c99e6517438e,152|152,1,32,13.867799999999999,38.7075,0.0,1530000,1530054,2,304,2432,52.5753,5,1,9,1,1,1,0,1,1,2,12,1,16,1,8,1,0,1,1,2
D2DAP-128-trial,128,trial,D2DAP,D8,D1,True,,,8a6b16b3ca3a2f26,152|152,1,32,14.0355,36.9794,0.0,1540000,1540052,2,304,2432,51.0149,5,1,9,1,1,1,0,1,1,2,12,1,16,1,8,1,0,1,1,2
D2DAP-128-trial,128,trial,D2DAP,D5,D7,True,,,03816bbe1e0db137,152|152,1,32,13.6632,34.4013,0.0,1550000,1550050,2,304,2432,48.064499999999995,5,1,9,1,1,1,0,1,1,2,11,1,15,1,7,1,0,1,1,2
D2DAP-128-trial,128,trial,D2DAP,D9,D2,True,,,d0b51f8ff4f5c116,152|152,1,32,14.651299999999999,46.1987,0.0,1560000,1560063,2,304,2432,60.85,5,1,9,1,1,1,0,1,1,2,11,1,15,1,7,1,0,1,1,2
D2DAP-128-trial,128,trial,D2DAP,D2,D10,True,,,ec7eb7e9cf15c4c9,152|152,1,32,13.4702,20.8835,0.0,1570000,1570036,2,304,2432,34.3537,5,1,9,1,1,1,0,1,1,2,7,1,11,1,3,1,0,1,1,2
D2DAP-128-trial,128,trial,D2DAP,D5,D8,True,,,74b3f400cf665e5e,152|152,1,32,14.4863,24.3438,0.0,1580000,1580041,2,304,2432,38.8301,5,1,9,1,1,1,0,1,1,2,7,1,11,1,3,1,0,1,1,2
D2DAP-128-trial,128,trial,D2DAP,D6,D8,True,,,6b3418e8180b79e7,152|152,1,32,15.5365,37.2432,0.0,1590000,1590055,2,304,2432,52.779700000000005,5,1,9,1,1,1,0,1,1,2,10,1,14,1,6,1,0,1,1,2
D2DAP-128-trial,128,trial,D2DAP,D7,D1,True,,,6aa2335cfd2129e1,152|152,1,32,16.8121,17.9437,0.0,1600000,1600036,2,304,2432,34.7558,5,1,9,1,1,1,0,1,1,2,5,1,9,1,1,1,0,1,1,2
D2DAP-128-trial,128,trial,D2DAP,D9,D3,True,,,b82f277967c2c3dd,152|152,1,32,14.543500000000002,32.8838,0.0,1610000,1610048,2,304,2432,47.4273,5,1,9,1,1,1,0,1,1,2,9,1,13,1,5,1,0,1,1,2
D2DAP-128-trial,128,trial,D2DAP,D5,D8,True,,,954d0a7744df18b9,152|152,1,32,15.741599999999998,32.4153,0.0,1620000,1620050,2,304,2432,48.1569,5,1,9,1,1,1,0,1,1,2,9,1,13,1,5,1,0,1,1,2
D2DAP-128-trial,128,trial,D2DAP,D4,D6,True,,,092767f4769f2a87,152|152,1,32,15.3967,32.2118,0.0,1630000,1630049,2,304,2432,47.60849999999999,5,1,9,1,1,1,0,1,1,2,9,1,13,1,5,1,0,1,1,2
D2DAP-128-trial,128,trial,D2DAP,D6,D10,True,,,2e8535cfd418da77,152|152,1,32,14.033100000000001,32.5309,0.0,1640000,1640048,2,304,2432,46.56400000000001,5,1,9,1,1,1,0,1,1,2,9,1,13,1,5,1,0,1,1,2
D2DAP-128-trial,128,trial,D2DAP,D10,D7,True,,,6f7ec3328705f2ec,152|152,1,32,14.761,20.423,0.0,1650000,1650036,2,304,2432,35.184,5,1,9,1,1,1,0,1,1,2,6,1,10,1,2,1,0,1,1,2
D2DAP-128-trial,128,trial,D2DAP,D2,D4,True,,,bc1f8768be383b7d,152|152,1,32,19.3756,34.2884,0.0,1660000,1660055,2,304,2432,53.664,5,1,9,1,1,1,0,1,1,2,7,1,11,1,3,1,0,1,1,2
D2DAP-128-trial,128,trial,D2DAP,D5,D9,True,,,7ad1b18c64de9ddd,152|152,1,32,14.7903,40.5606,0.0,1670000,1670057,2,304,2432,55.3509,5,1,9,1,1,1,0,1,1,2,9,1,13,1,5,1,0,1,1,2
D2DAP-128-trial,128,trial,D2DAP,D6,D10,True,,,2168fca60949f64a,152|152,1,32,15.320599999999999,21.3069,0.0,1680000,1680038,2,304,2432,36.6275,5,1,9,1,1,1,0,1,1,2,6,1,10,1,2,1,0,1,1,2
D2DAP-128-trial,128,trial,D2DAP,D3,D5,True,,,a5e40a62a808aae4,152|152,1,32,18.9606,56.617,0.0,1690000,1690077,2,304,2432,75.57759999999999,5,1,9,1,1,1,0,1,1,2,13,1,17,1,9,1,0,1,1,2
D2DAP-128-trial,128,trial,D2DAP,D10,D3,True,,,521db29ca2a4fec8,152|152,1,32,17.31,36.9677,0.0,1700000,1700055,2,304,2432,54.277699999999996,5,1,9,1,1,1,0,1,1,2,9,1,13,1,5,1,0,1,1,2
D2DAP-128-trial,128,trial,D2DAP,D9,D8,True,,,0723d961734caeb4,152|152,1,32,17.0355,21.5142,0.0,1710000,1710040,2,304,2432,38.5497,5,1,9,1,1,1,0,1,1,2,6,1,10,1,2,1,0,1,1,2
D2DAP-128-trial,128,trial,D2DAP,D10,D8,True,,,2438514705beff15,152|152,1,32,16.9281,57.8886,0.0,1720000,1720076,2,304,2432,74.8167,5,1,9,1,1,1,0,1,1,2,13,1,17,1,9,1,0,1,1,2
D2DAP-128-trial,128,trial,D2DAP,D1,D8,True,,,23a42ce06ee6d6ae,152|152,1,32,16.1402,47.62,0.0,1730000,1730065,2,304,2432,63.7602,5,1,9,1,1,1,0,1,1,2,13,1,17,1,9,1,0,1,1,2
D2DAP-128-trial,128,trial,D2DAP,D4,D6,True,,,905b065f99c722c4,152|152,1,32,16.9296,16.8372,0.0,1740000,1740035,2,304,2432,33.7668,5,1,9,1,1,1,0,1,1,2,5,1,9,1,1,1,0,1,1,2
D2DAP-128-trial,128,trial,D2DAP,D9,D2,True,,,be61b560c917a053,152|152,1,32,15.029800000000002,22.4682,0.0,1750000,1750039,2,304,2432,37.498000000000005,5,1,9,1,1,1,0,1,1,2,6,1,10,1,2,1,0,1,1,2
D2DAP-128-trial,128,trial,D2DAP,D10,D3,True,,,1c5d2b5a697c1ca5,152|152,1,32,17.1557,28.5085,0.0,1760000,1760047,2,304,2432,45.6642,5,1,9,1,1,1,0,1,1,2,7,1,11,1,3,1,0,1,1,2
D2DAP-128-trial,128,trial,D2DAP,D9,D10,True,,,d884e2a500952aaa,152|152,1,32,20.5223,23.102,0.0,1770000,1770045,2,304,2432,43.624300000000005,5,1,9,1,1,1,0,1,1,2,6,1,10,1,2,1,0,1,1,2
D2DAP-128-trial,128,trial,D2DAP,D10,D2,True,,,a371be1af042ad25,152|152,1,32,16.6557,37.1627,0.0,1780000,1780055,2,304,2432,53.8184,5,1,9,1,1,1,0,1,1,2,10,1,14,1,6,1,0,1,1,2
D2DAP-128-trial,128,trial,D2DAP,D2,D6,True,,,a6e87b3be681d82d,152|152,1,32,18.6324,21.2438,0.0,1790000,1790042,2,304,2432,39.8762,5,1,9,1,1,1,0,1,1,2,6,1,10,1,2,1,0,1,1,2
D2DAP-128-trial,128,trial,D2DAP,D6,D2,True,,,ce3dc6c36e497d84,152|152,1,32,15.7342,42.794,0.0,1800000,1800060,2,304,2432,58.5282,5,1,9,1,1,1,0,1,1,2,12,1,16,1,8,1,0,1,1,2
D2DAP-128-trial,128,trial,D2DAP,D1,D7,True,,,837c5c1362032f11,152|152,1,32,15.3371,46.0036,0.0,1810000,1810063,2,304,2432,61.3407,5,1,9,1,1,1,0,1,1,2,12,1,16,1,8,1,0,1,1,2
D2DAP-128-trial,128,trial,D2DAP,D9,D2,True,,,33676d27bafec8a1,152|152,1,32,15.669799999999999,19.9221,0.0,1820000,1820036,2,304,2432,35.591899999999995,5,1,9,1,1,1,0,1,1,2,6,1,10,1,2,1,0,1,1,2
D2DAP-128-trial,128,trial,D2DAP,D4,D6,True,,,85a41b6dd5d1dac6,152|152,1,32,15.2057,49.8864,0.0,1830000,1830066,2,304,2432,65.0921,5,1,9,1,1,1,0,1,1,2,13,1,17,1,9,1,0,1,1,2
D2DAP-128-trial,128,trial,D2DAP,D9,D7,True,,,7e0e10eabbf64dfc,152|152,1,32,14.613499999999998,45.5589,0.0,1840000,1840062,2,304,2432,60.172399999999996,5,1,9,1,1,1,0,1,1,2,12,1,16,1,8,1,0,1,1,2
D2DAP-128-trial,128,trial,D2DAP,D8,D4,True,,,c009362e8520c076,152|152,1,32,16.572899999999997,48.8005,0.0,1850000,1850066,2,304,2432,65.3734,5,1,9,1,1,1,0,1,1,2,11,1,15,1,7,1,0,1,1,2
D2DAP-128-trial,128,trial,D2DAP,D5,D8,True,,,f712d3100a2a7ce1,152|152,1,32,18.6244,49.7872,0.0,1860000,1860070,2,304,2432,68.41159999999999,5,1,9,1,1,1,0,1,1,2,12,1,16,1,8,1,0,1,1,2
D2DAP-128-trial,128,trial,D2DAP,D8,D9,True,,,267dd52409277f44,152|152,1,32,16.9497,38.6143,0.0,1870000,1870057,2,304,2432,55.564,5,1,9,1,1,1,0,1,1,2,10,1,14,1,6,1,0,1,1,2
D2DAP-128-trial,128,trial,D2DAP,D5,D1,True,,,fc11cd130e14496d,152|152,1,32,14.5642,28.7581,0.0,1880000,1880045,2,304,2432,43.3223,5,1,9,1,1,1,0,1,1,2,8,1,12,1,4,1,0,1,1,2
D2DAP-128-trial,128,trial,D2DAP,D3,D9,True,,,f7fea921d96b727d,152|152,1,32,16.035600000000002,38.775,0.0,1890000,1890056,2,304,2432,54.8106,5,1,9,1,1,1,0,1,1,2,11,1,15,1,7,1,0,1,1,2
D2DAP-128-trial,128,trial,D2DAP,D3,D7,True,,,70c4d6e5adb4a578,152|152,1,32,15.8068,43.4913,0.0,1900000,1900060,2,304,2432,59.298100000000005,5,1,9,1,1,1,0,1,1,2,11,1,15,1,7,1,0,1,1,2
D2DAP-128-trial,128,trial,D2DAP,D5,D9,True,,,dc65ace586aa9330,152|152,1,32,14.7019,43.8801,0.0,1910000,1910059,2,304,2432,58.582,5,1,9,1,1,1,0,1,1,2,12,1,16,1,8,1,0,1,1,2
D2DAP-128-trial,128,trial,D2DAP,D10,D1,True,,,809205f675b8c659,152|152,1,32,15.5794,48.183,0.0,1920000,1920065,2,304,2432,63.7624,5,1,9,1,1,1,0,1,1,2,13,1,17,1,9,1,0,1,1,2
D2DAP-128-trial,128,trial,D2DAP,D9,D6,True,,,4bcff4939b59a44d,152|152,1,32,15.4518,27.7636,0.0,1930000,1930044,2,304,2432,43.2154,5,1,9,1,1,1,0,1,1,2,8,1,12,1,4,1,0,1,1,2
D2DAP-128-trial,128,trial,D2DAP,D1,D10,True,,,8fbcc5abab5570f6,152|152,1,32,17.0166,51.8327,0.0,1940000,1940070,2,304,2432,68.8493,5,1,9,1,1,1,0,1,1,2,13,1,17,1,9,1,0,1,1,2
D2DAP-128-trial,128,trial,D2DAP,D10,D1,True,,,7a9676eb5ac56342,152|152,1,32,19.816000000000003,47.3408,0.0,1950000,1950069,2,304,2432,67.1568,5,1,9,1,1,1,0,1,1,2,11,1,15,1,7,1,0,1,1,2
D2DAP-128-trial,128,trial,D2DAP,D7,D9,True,,,bf4cdb80635a0384,152|152,1,32,16.8716,30.6794,0.0,1960000,1960049,2,304,2432,47.551,5,1,9,1,1,1,0,1,1,2,8,1,12,1,4,1,0,1,1,2
D2DAP-128-trial,128,trial,D2DAP,D8,D9,True,,,3af36de8f7eab2ba,152|152,1,32,17.4161,37.5266,0.0,1970000,1970056,2,304,2432,54.9427,5,1,9,1,1,1,0,1,1,2,10,1,14,1,6,1,0,1,1,2
D2DAP-128-trial,128,trial,D2DAP,D9,D3,True,,,f5125026d2ba4983,152|152,1,32,14.7351,37.1741,0.0,1980000,1980054,2,304,2432,51.9092,5,1,9,1,1,1,0,1,1,2,10,1,14,1,6,1,0,1,1,2
D2DAP-128-trial,128,trial,D2DAP,D3,D9,True,,,157f594fad913036,152|152,1,32,15.522000000000002,46.3487,0.0,1990000,1990064,2,304,2432,61.8707,5,1,9,1,1,1,0,1,1,2,12,1,16,1,8,1,0,1,1,2
D2DAP-128-trial,128,trial,D2DAP,D8,D7,True,,,2cce1e4758a1ee25,152|152,1,32,15.8385,45.3901,0.0,2000000,2000062,2,304,2432,61.2286,5,1,9,1,1,1,0,1,1,2,12,1,16,1,8,1,0,1,1,2
D2DAP-128-trial,128,trial,D2DAP,D6,D8,True,,,9dd7404a69c0d0c9,152|152,1,32,15.2082,28.1144,0.0,2010000,2010045,2,304,2432,43.3226,5,1,9,1,1,1,0,1,1,2,8,1,12,1,4,1,0,1,1,2
D2DAP-128-trial,128,trial,D2DAP,D2,D9,True,,,ac64c9f4a9d81b0a,152|152,1,32,16.3417,28.8497,0.0,2020000,2020046,2,304,2432,45.1914,5,1,9,1,1,1,0,1,1,2,8,1,12,1,4,1,0,1,1,2
D2DAP-128-trial,128,trial,D2DAP,D3,D6,True,,,148831f83bdffcc4,152|152,1,32,14.8283,36.4401,0.0,2030000,2030053,2,304,2432,51.2684,5,1,9,1,1,1,0,1,1,2,10,1,14,1,6,1,0,1,1,2
D2DAP-128-trial,128,trial,D2DAP,D9,D8,True,,,cedd2117de3f30f0,152|152,1,32,18.5252,68.8029,0.0,2040000,2040088,2,304,2432,87.32809999999999,5,1,9,1,1,1,0,1,1,2,13,1,17,1,9,1,0,1,1,2
D2DAP-128-trial,128,trial,D2DAP,D8,D4,True,,,6a8d23de2ed6dce8,152|152,1,32,20.4688,21.22,0.0,2050000,2050043,2,304,2432,41.6888,5,1,9,1,1,1,0,1,1,2,6,1,10,1,2,1,0,1,1,2
D2DAP-128-trial,128,trial,D2DAP,D3,D6,True,,,fbe418f1e1a11ffa,152|152,1,32,14.683399999999999,49.5073,0.0,2060000,2060066,2,304,2432,64.19069999999999,5,1,9,1,1,1,0,1,1,2,13,1,17,1,9,1,0,1,1,2
D2DAP-128-trial,128,trial,D2DAP,D2,D1,True,,,f82e9c04af76f819,152|152,1,32,11.432500000000001,12.9854,0.0,2070000,2070026,2,304,2432,24.417900000000003,5,1,9,1,1,1,0,1,1,2,5,1,9,1,1,1,0,1,1,2
D2DAP-128-trial,128,trial,D2DAP,D2,D5,True,,,86130024937de79e,152|152,1,32,10.1077,28.2098,0.0,2080000,2080040,2,304,2432,38.3175,5,1,9,1,1,1,0,1,1,2,13,1,17,1,9,1,0,1,1,2
D2DAP-128-trial,128,trial,D2DAP,D3,D6,True,,,9a80009c3b16ddda,152|152,1,32,10.5951,8.8616,0.0,2090000,2090021,2,304,2432,19.456699999999998,5,1,9,1,1,1,0,1,1,2,5,1,9,1,1,1,0,1,1,2
D2DAP-128-trial,128,trial,D2DAP,D6,D4,True,,,b204e2d07f2cd294,152|152,1,32,19.8233,20.6234,0.0,2100000,2100042,2,304,2432,40.4467,5,1,9,1,1,1,0,1,1,2,5,1,9,1,1,1,0,1,1,2
