level,op,rep,time_us
128,point_mul,0,1228.7
128,point_mul,1,1207.6
128,point_mul,2,1206.8
128,point_mul,3,1199.3
128,point_mul,4,1267.1
128,point_mul,5,1264.6
128,point_mul,6,1223.5
128,point_mul,7,1180.2
128,point_mul,8,1403.5
128,point_mul,9,1257.7
128,point_mul,10,1342.4
128,point_mul,11,1220.6
128,point_mul,12,1200.6
128,point_mul,13,1212.4
128,point_mul,14,1188.6
128,point_mul,15,1202.7
128,point_mul,16,1184.2
128,point_mul,17,1234.8
128,point_mul,18,1203.7
128,point_mul,19,1211.0
128,point_mul,20,1194.3
128,point_mul,21,1231.2
128,point_mul,22,1197.3
128,point_mul,23,1207.7
128,point_mul,24,1187.3
128,point_mul,25,1225.4
128,point_mul,26,1193.5
128,point_mul,27,1217.3
128,point_mul,28,1182.2
128,point_mul,29,1189.2
128,point_mul,30,1331.9
128,point_mul,31,1256.0
128,point_mul,32,1890.2
128,point_mul,33,1286.4
128,point_mul,34,1283.2
128,point_mul,35,1276.6
128,point_mul,36,1277.2
128,point_mul,37,1273.9
128,point_mul,38,1268.3
128,point_mul,39,1286.0
128,point_mul,40,1281.6
128,point_mul,41,1284.0
128,point_mul,42,1276.2
128,point_mul,43,1288.0
128,point_mul,44,1277.2
128,point_mul,45,1271.2
128,point_mul,46,1278.6
128,point_mul,47,1285.8
128,point_mul,48,1287.8
128,point_mul,49,1282.6
128,point_mul,50,1270.1
128,point_mul,51,1279.5
128,point_mul,52,1274.4
128,point_mul,53,1267.3
128,point_mul,54,1618.4
128,point_mul,55,1283.3
128,point_mul,56,1291.3
128,point_mul,57,1271.5
128,point_mul,58,1270.5
128,point_mul,59,1260.5
128,point_mul,60,1268.7
128,point_mul,61,1266.1
128,point_mul,62,1275.3
128,point_mul,63,1273.5
128,point_mul,64,1280.6
128,point_mul,65,1267.2
128,point_mul,66,1270.1
128,point_mul,67,1274.5
128,point_mul,68,1282.4
128,point_mul,69,1269.5
128,point_mul,70,1264.2
128,point_mul,71,1269.3
128,point_mul,72,1256.9
128,point_mul,73,1219.2
128,point_mul,74,1184.3
128,point_mul,75,1212.6
128,point_mul,76,1201.2
128,point_mul,77,1179.3
128,point_mul,78,1178.3
128,point_mul,79,1181.3
128,point_mul,80,1316.8
128,point_mul,81,1861.5
128,point_mul,82,1299.9
128,point_mul,83,1309.0
128,point_mul,84,1516.9
128,point_mul,85,1387.8
128,point_mul,86,1500.1
128,point_mul,87,1262.6
128,point_mul,88,1381.5
128,point_mul,89,1246.2
128,point_mul,90,1219.6
128,point_mul,91,1336.7
128,point_mul,92,1252.5
128,point_mul,93,1264.5
128,point_mul,94,1221.0
128,point_mul,95,1202.2
128,point_mul,96,1308.3
128,point_mul,97,1222.3
128,point_mul,98,1199.8
128,point_mul,99,1208.0
128,point_mul,100,1180.4
128,point_mul,101,1185.7
128,point_mul,102,1243.6
128,point_mul,103,1251.9
128,point_mul,104,1221.9
128,point_mul,105,1207.1
128,point_mul,106,1183.8
128,point_mul,107,1189.1
128,point_mul,108,1598.8
128,point_mul,109,1214.3
128,point_mul,110,1191.2
128,point_mul,111,1215.1
128,point_mul,112,1172.5
128,point_mul,113,1266.6
128,point_mul,114,1204.0
128,point_mul,115,1192.0
128,point_mul,116,1269.3
128,point_mul,117,1202.0
128,point_mul,118,1187.7
128,point_mul,119,1282.5
128,point_mul,120,1217.2
128,point_mul,121,1230.2
128,point_mul,122,1352.2
128,point_mul,123,1437.0
128,point_mul,124,1319.3
128,point_mul,125,1187.5
128,point_mul,126,1193.1
128,point_mul,127,1241.1
128,point_mul,128,1213.9
128,point_mul,129,1207.7
128,point_mul,130,1258.3
128,point_mul,131,1218.8
128,point_mul,132,1206.9
128,point_mul,133,1200.7
128,point_mul,134,1188.4
128,point_mul,135,1351.6
128,point_mul,136,1594.4
128,point_mul,137,1211.1
128,point_mul,138,1192.1
128,point_mul,139,1195.0
128,point_mul,140,1390.1
128,point_mul,141,1547.8
128,point_mul,142,1207.7
128,point_mul,143,1199.9
128,point_mul,144,1238.7
128,point_mul,145,1273.7
128,point_mul,146,1700.3
128,point_mul,147,2533.7
128,point_mul,148,3063.8
128,point_mul,149,2704.5
128,point_mul,150,1334.3
128,point_mul,151,1291.3
128,point_mul,152,1283.6
128,point_mul,153,1452.9
128,point_mul,154,1312.7
128,point_mul,155,1276.8
128,point_mul,156,1278.5
128,point_mul,157,1262.8
128,point_mul,158,1269.1
128,point_mul,159,1269.6
128,point_mul,160,1268.2
128,point_mul,161,1276.3
128,point_mul,162,1278.3
128,point_mul,163,1262.1
128,point_mul,164,1265.4
128,point_mul,165,1201.8
128,point_mul,166,1178.2
128,point_mul,167,1187.2
128,point_mul,168,1182.7
128,point_mul,169,1194.9
128,point_mul,170,1254.8
128,point_mul,171,1185.0
128,point_mul,172,1210.5
128,point_mul,173,1214.1
128,point_mul,174,1187.9
128,point_mul,175,1192.7
128,point_mul,176,1186.1
128,point_mul,177,1193.7
128,point_mul,178,1195.1
128,point_mul,179,1182.8
128,point_mul,180,1189.7
128,point_mul,181,1196.3
128,point_mul,182,1186.1
128,point_mul,183,1188.6
128,point_mul,184,1202.9
128,point_mul,185,1203.2
128,point_mul,186,1201.1
128,point_mul,187,1202.1
128,point_mul,188,1255.5
128,point_mul,189,1261.2
128,point_mul,190,1250.7
128,point_mul,191,1253.8
128,point_mul,192,1271.3
128,point_mul,193,1257.5
128,point_mul,194,1230.0
128,point_mul,195,1201.0
128,point_mul,196,1197.4
128,point_mul,197,1199.4
128,point_mul,198,1215.0
128,point_mul,199,1337.8
128,point_mul,200,1360.3
128,point_mul,201,1287.0
128,point_mul,202,1232.5
128,point_mul,203,1202.1
128,point_mul,204,1225.4
128,point_mul,205,1190.2
128,point_mul,206,1184.5
128,point_mul,207,1182.9
128,point_mul,208,1186.3
128,point_mul,209,1200.1
128,point_mul,210,1203.0
128,point_mul,211,1296.0
128,point_mul,212,1208.1
128,point_mul,213,1205.4
128,point_mul,214,1196.6
128,point_mul,215,1218.6
128,point_mul,216,1191.0
128,point_mul,217,1194.2
128,point_mul,218,1190.2
128,point_mul,219,1196.2
128,point_mul,220,1235.6
128,point_mul,221,1329.1
128,point_mul,222,1452.3
128,point_mul,223,1563.6
128,point_mul,224,1660.9
128,point_mul,225,1196.3
128,point_mul,226,1235.3
128,point_mul,227,1204.7
128,point_mul,228,1193.4
128,point_mul,229,1191.4
128,point_mul,230,1179.3
128,point_mul,231,1184.6
128,point_mul,232,1312.9
128,point_mul,233,1207.7
128,point_mul,234,1199.7
128,point_mul,235,1186.9
128,point_mul,236,1199.1
128,point_mul,237,1431.9
128,point_mul,238,1408.2
128,point_mul,239,1231.2
128,point_mul,240,1357.8
128,point_mul,241,1506.2
128,point_mul,242,1605.2
128,point_mul,243,1379.2
128,point_mul,244,1295.0
128,point_mul,245,1204.1
128,point_mul,246,1178.7
128,point_mul,247,1225.9
128,point_mul,248,1438.5
128,point_mul,249,1236.0
128,point_mul,250,1193.1
128,point_mul,251,1195.2
128,point_mul,252,1186.3
128,point_mul,253,1302.9
128,point_mul,254,1184.1
128,point_mul,255,1186.0
128,point_mul,256,1280.3
128,point_mul,257,1301.1
128,point_mul,258,1182.1
128,point_mul,259,1256.7
128,point_mul,260,1208.4
128,point_mul,261,1195.9
128,point_mul,262,1204.2
128,point_mul,263,1232.0
128,point_mul,264,1317.8
128,point_mul,265,1294.8
128,point_mul,266,1208.5
128,point_mul,267,1194.4
128,point_mul,268,1279.0
128,point_mul,269,1225.0
128,point_mul,270,1273.9
128,point_mul,271,1204.7
128,point_mul,272,1243.1
128,point_mul,273,1208.6
128,point_mul,274,1192.1
128,point_mul,275,1403.7
128,point_mul,276,1231.3
128,point_mul,277,1212.4
128,point_mul,278,1190.5
128,point_mul,279,1187.6
128,point_mul,280,1182.9
128,point_mul,281,1341.0
128,point_mul,282,1266.1
128,point_mul,283,1327.9
128,point_mul,284,1225.5
128,point_mul,285,1192.4
128,point_mul,286,1187.8
128,point_mul,287,1621.4
128,point_mul,288,1224.9
128,point_mul,289,1217.3
128,point_mul,290,1188.3
128,point_mul,291,1258.2
128,point_mul,292,1360.8
128,point_mul,293,1413.6
128,point_mul,294,1216.4
128,point_mul,295,1197.7
128,point_mul,296,1187.8
128,point_mul,297,1343.1
128,point_mul,298,1265.5
128,point_mul,299,1224.6
128,point_mul_generator,0,369.7
128,point_mul_generator,1,351.1
128,point_mul_generator,2,347.1
128,point_mul_generator,3,342.9
128,point_mul_generator,4,342.3
128,point_mul_generator,5,345.6
128,point_mul_generator,6,343.3
128,point_mul_generator,7,345.4
128,point_mul_generator,8,347.0
128,point_mul_generator,9,340.6
128,point_mul_generator,10,408.6
128,point_mul_generator,11,391.3
128,point_mul_generator,12,350.9
128,point_mul_generator,13,342.7
128,point_mul_generator,14,343.5
128,point_mul_generator,15,345.9
128,point_mul_generator,16,337.3
128,point_mul_generator,17,347.4
128,point_mul_generator,18,335.4
128,point_mul_generator,19,337.0
128,point_mul_generator,20,335.8
128,point_mul_generator,21,341.1
128,point_mul_generator,22,336.6
128,point_mul_generator,23,336.5
128,point_mul_generator,24,336.5
128,point_mul_generator,25,337.8
128,point_mul_generator,26,337.2
128,point_mul_generator,27,341.3
128,point_mul_generator,28,337.3
128,point_mul_generator,29,340.6
128,point_mul_generator,30,421.3
128,point_mul_generator,31,365.7
128,point_mul_generator,32,346.2
128,point_mul_generator,33,339.6
128,point_mul_generator,34,340.6
128,point_mul_generator,35,336.9
128,point_mul_generator,36,338.0
128,point_mul_generator,37,343.5
128,point_mul_generator,38,337.0
128,point_mul_generator,39,337.7
128,point_mul_generator,40,343.4
128,point_mul_generator,41,336.9
128,point_mul_generator,42,336.5
128,point_mul_generator,43,350.3
128,point_mul_generator,44,336.9
128,point_mul_generator,45,335.9
128,point_mul_generator,46,335.8
128,point_mul_generator,47,336.8
128,point_mul_generator,48,338.7
128,point_mul_generator,49,338.7
128,point_mul_generator,50,338.8
128,point_mul_generator,51,417.9
128,point_mul_generator,52,452.3
128,point_mul_generator,53,346.0
128,point_mul_generator,54,345.1
128,point_mul_generator,55,338.7
128,point_mul_generator,56,336.1
128,point_mul_generator,57,340.3
128,point_mul_generator,58,336.7
128,point_mul_generator,59,336.8
128,point_mul_generator,60,340.1
128,point_mul_generator,61,336.3
128,point_mul_generator,62,335.6
128,point_mul_generator,63,342.0
128,point_mul_generator,64,340.2
128,point_mul_generator,65,341.4
128,point_mul_generator,66,397.4
128,point_mul_generator,67,356.9
128,point_mul_generator,68,561.1
128,point_mul_generator,69,409.0
128,point_mul_generator,70,395.3
128,point_mul_generator,71,355.4
128,point_mul_generator,72,346.9
128,point_mul_generator,73,344.2
128,point_mul_generator,74,419.7
128,point_mul_generator,75,392.8
128,point_mul_generator,76,352.1
128,point_mul_generator,77,343.9
128,point_mul_generator,78,337.9
128,point_mul_generator,79,337.3
128,point_mul_generator,80,345.8
128,point_mul_generator,81,337.1
128,point_mul_generator,82,337.4
128,point_mul_generator,83,350.2
128,point_mul_generator,84,349.7
128,point_mul_generator,85,343.7
128,point_mul_generator,86,352.1
128,point_mul_generator,87,341.5
128,point_mul_generator,88,342.3
128,point_mul_generator,89,410.9
128,point_mul_generator,90,347.0
128,point_mul_generator,91,338.7
128,point_mul_generator,92,338.1
128,point_mul_generator,93,338.8
128,point_mul_generator,94,343.3
128,point_mul_generator,95,339.3
128,point_mul_generator,96,348.2
128,point_mul_generator,97,342.6
128,point_mul_generator,98,337.3
128,point_mul_generator,99,337.3
128,point_mul_generator,100,337.6
128,point_mul_generator,101,339.2
128,point_mul_generator,102,342.5
128,point_mul_generator,103,336.9
128,point_mul_generator,104,336.7
128,point_mul_generator,105,335.5
128,point_mul_generator,106,335.3
128,point_mul_generator,107,340.6
128,point_mul_generator,108,339.2
128,point_mul_generator,109,418.2
128,point_mul_generator,110,342.6
128,point_mul_generator,111,342.3
128,point_mul_generator,112,345.2
128,point_mul_generator,113,338.8
128,point_mul_generator,114,338.3
128,point_mul_generator,115,338.9
128,point_mul_generator,116,337.3
128,point_mul_generator,117,339.0
128,point_mul_generator,118,340.6
128,point_mul_generator,119,359.6
128,point_mul_generator,120,335.1
128,point_mul_generator,121,336.2
128,point_mul_generator,122,334.5
128,point_mul_generator,123,335.8
128,point_mul_generator,124,339.1
128,point_mul_generator,125,333.9
128,point_mul_generator,126,333.3
128,point_mul_generator,127,333.6
128,point_mul_generator,128,333.7
128,point_mul_generator,129,375.3
128,point_mul_generator,130,358.8
128,point_mul_generator,131,340.4
128,point_mul_generator,132,386.7
128,point_mul_generator,133,341.3
128,point_mul_generator,134,392.9
128,point_mul_generator,135,341.3
128,point_mul_generator,136,335.6
128,point_mul_generator,137,335.4
128,point_mul_generator,138,335.1
128,point_mul_generator,139,335.4
128,point_mul_generator,140,338.8
128,point_mul_generator,141,338.7
128,point_mul_generator,142,353.7
128,point_mul_generator,143,355.1
128,point_mul_generator,144,348.0
128,point_mul_generator,145,342.5
128,point_mul_generator,146,337.0
128,point_mul_generator,147,336.2
128,point_mul_generator,148,339.0
128,point_mul_generator,149,510.6
128,point_mul_generator,150,373.8
128,point_mul_generator,151,413.4
128,point_mul_generator,152,484.4
128,point_mul_generator,153,349.6
128,point_mul_generator,154,344.8
128,point_mul_generator,155,341.0
128,point_mul_generator,156,338.0
128,point_mul_generator,157,348.4
128,point_mul_generator,158,340.3
128,point_mul_generator,159,339.4
128,point_mul_generator,160,340.6
128,point_mul_generator,161,339.8
128,point_mul_generator,162,339.2
128,point_mul_generator,163,346.3
128,point_mul_generator,164,340.2
128,point_mul_generator,165,335.6
128,point_mul_generator,166,335.3
128,point_mul_generator,167,335.1
128,point_mul_generator,168,403.2
128,point_mul_generator,169,399.3
128,point_mul_generator,170,346.7
128,point_mul_generator,171,340.8
128,point_mul_generator,172,336.7
128,point_mul_generator,173,348.9
128,point_mul_generator,174,336.4
128,point_mul_generator,175,336.0
128,point_mul_generator,176,448.7
128,point_mul_generator,177,656.1
128,point_mul_generator,178,359.2
128,point_mul_generator,179,341.6
128,point_mul_generator,180,339.3
128,point_mul_generator,181,349.6
128,point_mul_generator,182,343.3
128,point_mul_generator,183,340.8
128,point_mul_generator,184,344.1
128,point_mul_generator,185,342.6
128,point_mul_generator,186,341.8
128,point_mul_generator,187,530.0
128,point_mul_generator,188,359.1
128,point_mul_generator,189,344.7
128,point_mul_generator,190,347.3
128,point_mul_generator,191,354.2
128,point_mul_generator,192,340.2
128,point_mul_generator,193,339.9
128,point_mul_generator,194,410.6
128,point_mul_generator,195,410.2
128,point_mul_generator,196,345.9
128,point_mul_generator,197,348.4
128,point_mul_generator,198,343.3
128,point_mul_generator,199,341.6
128,point_mul_generator,200,342.3
128,point_mul_generator,201,342.2
128,point_mul_generator,202,345.7
128,point_mul_generator,203,339.0
128,point_mul_generator,204,339.1
128,point_mul_generator,205,340.9
128,point_mul_generator,206,529.5
128,point_mul_generator,207,357.5
128,point_mul_generator,208,348.6
128,point_mul_generator,209,344.8
128,point_mul_generator,210,338.0
128,point_mul_generator,211,343.1
128,point_mul_generator,212,337.0
128,point_mul_generator,213,337.5
128,point_mul_generator,214,335.8
128,point_mul_generator,215,335.6
128,point_mul_generator,216,347.8
128,point_mul_generator,217,341.2
128,point_mul_generator,218,338.5
128,point_mul_generator,219,416.5
128,point_mul_generator,220,340.2
128,point_mul_generator,221,338.9
128,point_mul_generator,222,342.5
128,point_mul_generator,223,342.0
128,point_mul_generator,224,339.6
128,point_mul_generator,225,372.9
128,point_mul_generator,226,383.8
128,point_mul_generator,227,344.3
128,point_mul_generator,228,489.6
128,point_mul_generator,229,348.0
128,point_mul_generator,230,346.1
128,point_mul_generator,231,425.3
128,point_mul_generator,232,349.0
128,point_mul_generator,233,338.2
128,point_mul_generator,234,337.7
128,point_mul_generator,235,339.7
128,point_mul_generator,236,356.0
128,point_mul_generator,237,522.7
128,point_mul_generator,238,340.9
128,point_mul_generator,239,335.0
128,point_mul_generator,240,334.9
128,point_mul_generator,241,335.8
128,point_mul_generator,242,336.8
128,point_mul_generator,243,340.2
128,point_mul_generator,244,436.0
128,point_mul_generator,245,458.0
128,point_mul_generator,246,397.2
128,point_mul_generator,247,392.6
128,point_mul_generator,248,353.0
128,point_mul_generator,249,352.0
128,point_mul_generator,250,337.5
128,point_mul_generator,251,334.9
128,point_mul_generator,252,344.2
128,point_mul_generator,253,339.6
128,point_mul_generator,254,339.7
128,point_mul_generator,255,343.5
128,point_mul_generator,256,341.7
128,point_mul_generator,257,362.2
128,point_mul_generator,258,352.9
128,point_mul_generator,259,338.1
128,point_mul_generator,260,341.3
128,point_mul_generator,261,339.9
128,point_mul_generator,262,338.9
128,point_mul_generator,263,655.5
128,point_mul_generator,264,360.9
128,point_mul_generator,265,356.3
128,point_mul_generator,266,347.5
128,point_mul_generator,267,346.8
128,point_mul_generator,268,349.5
128,point_mul_generator,269,342.3
128,point_mul_generator,270,341.8
128,point_mul_generator,271,342.6
128,point_mul_generator,272,341.9
128,point_mul_generator,273,341.1
128,point_mul_generator,274,341.1
128,point_mul_generator,275,337.6
128,point_mul_generator,276,341.5
128,point_mul_generator,277,335.9
128,point_mul_generator,278,350.9
128,point_mul_generator,279,339.7
128,point_mul_generator,280,337.9
128,point_mul_generator,281,336.7
128,point_mul_generator,282,338.4
128,point_mul_generator,283,406.8
128,point_mul_generator,284,352.0
128,point_mul_generator,285,338.0
128,point_mul_generator,286,338.0
128,point_mul_generator,287,337.7
128,point_mul_generator,288,337.1
128,point_mul_generator,289,343.9
128,point_mul_generator,290,336.5
128,point_mul_generator,291,336.4
128,point_mul_generator,292,336.8
128,point_mul_generator,293,336.4
128,point_mul_generator,294,336.5
128,point_mul_generator,295,342.7
128,point_mul_generator,296,343.3
128,point_mul_generator,297,342.5
128,point_mul_generator,298,343.0
128,point_mul_generator,299,341.9
128,point_add,0,7.5
128,point_add,1,5.0
128,point_add,2,5.6
128,point_add,3,3.9
128,point_add,4,3.9
128,point_add,5,4.1
128,point_add,6,7.3
128,point_add,7,4.6
128,point_add,8,3.8
128,point_add,9,3.8
128,point_add,10,3.7
128,point_add,11,3.4
128,point_add,12,3.6
128,point_add,13,3.5
128,point_add,14,3.4
128,point_add,15,3.5
128,point_add,16,3.5
128,point_add,17,3.6
128,point_add,18,3.4
128,point_add,19,3.6
128,point_add,20,3.6
128,point_add,21,3.5
128,point_add,22,3.4
128,point_add,23,3.5
128,point_add,24,3.5
128,point_add,25,3.5
128,point_add,26,3.5
128,point_add,27,3.4
128,point_add,28,3.5
128,point_add,29,3.5
128,point_add,30,3.4
128,point_add,31,3.4
128,point_add,32,3.4
128,point_add,33,3.5
128,point_add,34,3.5
128,point_add,35,3.5
128,point_add,36,3.5
128,point_add,37,3.6
128,point_add,38,3.5
128,point_add,39,3.4
128,point_add,40,3.4
128,point_add,41,3.4
128,point_add,42,3.5
128,point_add,43,3.5
128,point_add,44,3.5
128,point_add,45,3.4
128,point_add,46,3.4
128,point_add,47,3.4
128,point_add,48,3.5
128,point_add,49,3.4
128,point_add,50,3.4
128,point_add,51,3.6
128,point_add,52,3.4
128,point_add,53,3.5
128,point_add,54,3.5
128,point_add,55,3.4
128,point_add,56,3.5
128,point_add,57,3.4
128,point_add,58,3.4
128,point_add,59,3.4
128,point_add,60,3.5
128,point_add,61,3.4
128,point_add,62,3.4
128,point_add,63,3.6
128,point_add,64,3.4
128,point_add,65,3.4
128,point_add,66,3.5
128,point_add,67,3.4
128,point_add,68,3.4
128,point_add,69,3.4
128,point_add,70,3.5
128,point_add,71,3.4
128,point_add,72,3.4
128,point_add,73,3.4
128,point_add,74,3.4
128,point_add,75,3.4
128,point_add,76,3.3
128,point_add,77,3.3
128,point_add,78,3.4
128,point_add,79,3.4
128,point_add,80,3.4
128,point_add,81,3.5
128,point_add,82,3.4
128,point_add,83,3.3
128,point_add,84,3.5
128,point_add,85,3.5
128,point_add,86,3.4
128,point_add,87,3.4
128,point_add,88,3.4
128,point_add,89,3.4
128,point_add,90,3.3
128,point_add,91,3.4
128,point_add,92,3.4
128,point_add,93,3.5
128,point_add,94,3.5
128,point_add,95,3.4
128,point_add,96,3.4
128,point_add,97,3.5
128,point_add,98,3.4
128,point_add,99,3.4
128,point_add,100,3.4
128,point_add,101,3.4
128,point_add,102,3.4
128,point_add,103,3.5
128,point_add,104,3.4
128,point_add,105,3.4
128,point_add,106,3.3
128,point_add,107,3.6
128,point_add,108,3.3
128,point_add,109,3.4
128,point_add,110,3.4
128,point_add,111,3.7
128,point_add,112,3.7
128,point_add,113,3.6
128,point_add,114,3.6
128,point_add,115,3.7
128,point_add,116,3.6
128,point_add,117,3.6
128,point_add,118,3.7
128,point_add,119,3.6
128,point_add,120,3.5
128,point_add,121,3.7
128,point_add,122,3.7
128,point_add,123,3.6
128,point_add,124,3.6
128,point_add,125,3.7
128,point_add,126,3.7
128,point_add,127,3.6
128,point_add,128,3.8
128,point_add,129,3.6
128,point_add,130,3.7
128,point_add,131,3.7
128,point_add,132,15.9
128,point_add,133,4.5
128,point_add,134,3.8
128,point_add,135,3.7
128,point_add,136,3.7
128,point_add,137,3.7
128,point_add,138,3.6
128,point_add,139,3.7
128,point_add,140,3.6
128,point_add,141,3.7
128,point_add,142,3.6
128,point_add,143,3.7
128,point_add,144,3.7
128,point_add,145,3.6
128,point_add,146,3.7
128,point_add,147,3.6
128,point_add,148,3.7
128,point_add,149,3.6
128,point_add,150,3.5
128,point_add,151,15.1
128,point_add,152,13.0
128,point_add,153,5.5
128,point_add,154,4.2
128,point_add,155,3.8
128,point_add,156,3.8
128,point_add,157,3.7
128,point_add,158,3.8
128,point_add,159,3.7
128,point_add,160,3.7
128,point_add,161,3.8
128,point_add,162,3.8
128,point_add,163,3.7
128,point_add,164,3.7
128,point_add,165,14.7
128,point_add,166,22.4
128,point_add,167,9.6
128,point_add,168,8.8
128,point_add,169,7.9
128,point_add,170,8.0
128,point_add,171,7.6
128,point_add,172,8.3
128,point_add,173,7.7
128,point_add,174,7.6
128,point_add,175,7.7
128,point_add,176,7.6
128,point_add,177,7.6
128,point_add,178,7.6
128,point_add,179,7.4
128,point_add,180,7.4
128,point_add,181,7.5
128,point_add,182,7.5
128,point_add,183,7.5
128,point_add,184,7.5
128,point_add,185,7.7
128,point_add,186,7.5
128,point_add,187,7.9
128,point_add,188,7.5
128,point_add,189,7.6
128,point_add,190,7.6
128,point_add,191,7.5
128,point_add,192,7.7
128,point_add,193,7.5
128,point_add,194,7.5
128,point_add,195,7.6
128,point_add,196,7.8
128,point_add,197,7.5
128,point_add,198,7.5
128,point_add,199,7.7
128,point_add,200,7.6
128,point_add,201,7.7
128,point_add,202,7.4
128,point_add,203,7.6
128,point_add,204,7.9
128,point_add,205,7.6
128,point_add,206,7.5
128,point_add,207,7.5
128,point_add,208,7.3
128,point_add,209,7.3
128,point_add,210,7.3
128,point_add,211,7.6
128,point_add,212,7.7
128,point_add,213,7.4
128,point_add,214,7.3
128,point_add,215,7.3
128,point_add,216,7.6
128,point_add,217,7.6
128,point_add,218,7.5
128,point_add,219,7.6
128,point_add,220,7.5
128,point_add,221,7.4
128,point_add,222,7.5
128,point_add,223,7.5
128,point_add,224,7.4
128,point_add,225,7.4
128,point_add,226,7.4
128,point_add,227,7.4
128,point_add,228,7.4
128,point_add,229,7.3
128,point_add,230,7.3
128,point_add,231,7.4
128,point_add,232,7.4
128,point_add,233,7.5
128,point_add,234,5.1
128,point_add,235,3.4
128,point_add,236,3.4
128,point_add,237,3.4
128,point_add,238,3.3
128,point_add,239,3.5
128,point_add,240,3.3
128,point_add,241,3.5
128,point_add,242,3.4
128,point_add,243,3.3
128,point_add,244,3.4
128,point_add,245,3.5
128,point_add,246,3.4
128,point_add,247,3.3
128,point_add,248,3.4
128,point_add,249,3.4
128,point_add,250,3.4
128,point_add,251,3.3
128,point_add,252,3.4
128,point_add,253,3.9
128,point_add,254,3.4
128,point_add,255,3.6
128,point_add,256,3.6
128,point_add,257,3.4
128,point_add,258,3.4
128,point_add,259,3.4
128,point_add,260,3.3
128,point_add,261,3.5
128,point_add,262,3.5
128,point_add,263,3.4
128,point_add,264,3.4
128,point_add,265,3.3
128,point_add,266,3.5
128,point_add,267,3.5
128,point_add,268,3.5
128,point_add,269,3.6
128,point_add,270,3.6
128,point_add,271,3.4
128,point_add,272,3.5
128,point_add,273,3.4
128,point_add,274,3.5
128,point_add,275,3.3
128,point_add,276,3.4
128,point_add,277,3.5
128,point_add,278,3.5
128,point_add,279,3.3
128,point_add,280,3.4
128,point_add,281,3.4
128,point_add,282,3.3
128,point_add,283,3.5
128,point_add,284,3.4
128,point_add,285,3.3
128,point_add,286,3.4
128,point_add,287,3.4
128,point_add,288,3.4
128,point_add,289,3.4
128,point_add,290,3.4
128,point_add,291,3.4
128,point_add,292,3.4
128,point_add,293,3.5
128,point_add,294,3.3
128,point_add,295,3.4
128,point_add,296,3.5
128,point_add,297,3.4
128,point_add,298,3.6
128,point_add,299,3.4
128,hash,0,2.4
128,hash,1,1.8
128,hash,2,2.1
128,hash,3,2.8
128,hash,4,2.1
128,hash,5,1.3
128,hash,6,1.4
128,hash,7,1.4
128,hash,8,1.2
128,hash,9,1.3
128,hash,10,1.2
128,hash,11,1.3
128,hash,12,1.2
128,hash,13,1.2
128,hash,14,1.3
128,hash,15,1.2
128,hash,16,1.3
128,hash,17,1.2
128,hash,18,1.1
128,hash,19,1.1
128,hash,20,1.1
128,hash,21,1.2
128,hash,22,1.3
128,hash,23,1.4
128,hash,24,1.2
128,hash,25,1.1
128,hash,26,1.2
128,hash,27,1.2
128,hash,28,1.2
128,hash,29,1.3
128,hash,30,1.2
128,hash,31,1.2
128,hash,32,1.3
128,hash,33,1.3
128,hash,34,1.2
128,hash,35,1.2
128,hash,36,1.2
128,hash,37,1.2
128,hash,38,1.2
128,hash,39,1.3
128,hash,40,1.1
128,hash,41,1.2
128,hash,42,1.2
128,hash,43,1.2
128,hash,44,1.2
128,hash,45,1.2
128,hash,46,1.2
128,hash,47,1.2
128,hash,48,1.2
128,hash,49,1.2
128,hash,50,1.2
128,hash,51,1.2
128,hash,52,1.3
128,hash,53,1.3
128,hash,54,1.2
128,hash,55,1.2
128,hash,56,1.1
128,hash,57,1.3
128,hash,58,1.2
128,hash,59,1.2
128,hash,60,1.2
128,hash,61,1.2
128,hash,62,1.2
128,hash,63,1.3
128,hash,64,1.2
128,hash,65,1.3
128,hash,66,1.2
128,hash,67,1.2
128,hash,68,1.2
128,hash,69,1.2
128,hash,70,1.2
128,hash,71,1.2
128,hash,72,1.1
128,hash,73,1.2
128,hash,74,1.2
128,hash,75,1.2
128,hash,76,1.2
128,hash,77,1.2
128,hash,78,1.2
128,hash,79,1.2
128,hash,80,1.2
128,hash,81,1.2
128,hash,82,1.3
128,hash,83,1.2
128,hash,84,1.3
128,hash,85,1.2
128,hash,86,1.2
128,hash,87,1.2
128,hash,88,1.2
128,hash,89,1.2
128,hash,90,1.2
128,hash,91,1.1
128,hash,92,1.2
128,hash,93,1.2
128,hash,94,1.2
128,hash,95,1.1
128,hash,96,1.1
128,hash,97,1.2
128,hash,98,1.3
128,hash,99,1.2
128,hash,100,1.2
128,hash,101,1.2
128,hash,102,1.2
128,hash,103,1.2
128,hash,104,1.1
128,hash,105,1.2
128,hash,106,1.2
128,hash,107,1.2
128,hash,108,1.2
128,hash,109,1.2
128,hash,110,1.2
128,hash,111,1.2
128,hash,112,1.2
128,hash,113,1.2
128,hash,114,1.2
128,hash,115,1.1
128,hash,116,1.2
128,hash,117,1.2
128,hash,118,1.2
128,hash,119,1.2
128,hash,120,1.2
128,hash,121,1.1
128,hash,122,1.2
128,hash,123,1.2
128,hash,124,1.1
128,hash,125,1.2
128,hash,126,1.2
128,hash,127,1.2
128,hash,128,1.2
128,hash,129,1.2
128,hash,130,1.2
128,hash,131,1.2
128,hash,132,1.2
128,hash,133,1.2
128,hash,134,1.1
128,hash,135,1.2
128,hash,136,1.2
128,hash,137,1.2
128,hash,138,1.2
128,hash,139,1.3
128,hash,140,1.1
128,hash,141,1.1
128,hash,142,1.2
128,hash,143,1.2
128,hash,144,1.1
128,hash,145,1.2
128,hash,146,1.1
128,hash,147,1.1
128,hash,148,1.2
128,hash,149,1.3
128,hash,150,1.2
128,hash,151,1.2
128,hash,152,1.2
128,hash,153,1.2
128,hash,154,1.3
128,hash,155,1.2
128,hash,156,1.3
128,hash,157,1.2
128,hash,158,1.3
128,hash,159,1.1
128,hash,160,1.3
128,hash,161,1.1
128,hash,162,1.2
128,hash,163,1.3
128,hash,164,1.3
128,hash,165,1.2
128,hash,166,1.2
128,hash,167,1.2
128,hash,168,1.1
128,hash,169,1.2
128,hash,170,1.2
128,hash,171,1.2
128,hash,172,1.2
128,hash,173,1.2
128,hash,174,1.2
128,hash,175,1.3
128,hash,176,1.2
128,hash,177,1.3
128,hash,178,1.2
128,hash,179,1.2
128,hash,180,1.1
128,hash,181,1.3
128,hash,182,1.2
128,hash,183,1.3
128,hash,184,1.2
128,hash,185,1.1
128,hash,186,1.1
128,hash,187,1.1
128,hash,188,1.2
128,hash,189,1.2
128,hash,190,1.2
128,hash,191,1.2
128,hash,192,1.2
128,hash,193,1.2
128,hash,194,1.2
128,hash,195,1.2
128,hash,196,1.2
128,hash,197,1.2
128,hash,198,1.2
128,hash,199,1.2
128,hash,200,1.2
128,hash,201,1.2
128,hash,202,1.3
128,hash,203,1.2
128,hash,204,1.2
128,hash,205,1.3
128,hash,206,1.2
128,hash,207,1.2
128,hash,208,1.2
128,hash,209,1.2
128,hash,210,1.2
128,hash,211,1.2
128,hash,212,1.3
128,hash,213,1.2
128,hash,214,1.2
128,hash,215,1.1
128,hash,216,1.2
128,hash,217,1.2
128,hash,218,1.2
128,hash,219,1.2
128,hash,220,1.2
128,hash,221,1.2
128,hash,222,1.2
128,hash,223,1.2
128,hash,224,1.2
128,hash,225,1.2
128,hash,226,1.3
128,hash,227,1.2
128,hash,228,1.2
128,hash,229,1.2
128,hash,230,1.2
128,hash,231,1.2
128,hash,232,1.2
128,hash,233,1.3
128,hash,234,1.2
128,hash,235,1.2
128,hash,236,1.1
128,hash,237,1.2
128,hash,238,1.2
128,hash,239,1.2
128,hash,240,1.2
128,hash,241,1.3
128,hash,242,1.2
128,hash,243,1.2
128,hash,244,1.2
128,hash,245,1.3
128,hash,246,1.3
128,hash,247,1.2
128,hash,248,1.2
128,hash,249,1.1
128,hash,250,1.3
128,hash,251,1.2
128,hash,252,1.2
128,hash,253,1.3
128,hash,254,1.2
128,hash,255,1.4
128,hash,256,1.2
128,hash,257,1.2
128,hash,258,1.2
128,hash,259,1.2
128,hash,260,1.2
128,hash,261,1.2
128,hash,262,1.3
128,hash,263,1.2
128,hash,264,1.3
128,hash,265,1.2
128,hash,266,1.1
128,hash,267,1.2
128,hash,268,1.2
128,hash,269,1.2
128,hash,270,1.2
128,hash,271,1.2
128,hash,272,1.3
128,hash,273,1.3
128,hash,274,1.2
128,hash,275,1.4
128,hash,276,1.2
128,hash,277,1.2
128,hash,278,1.1
128,hash,279,1.3
128,hash,280,1.2
128,hash,281,1.2
128,hash,282,1.2
128,hash,283,1.2
128,hash,284,1.2
128,hash,285,1.3
128,hash,286,1.2
128,hash,287,1.2
128,hash,288,1.2
128,hash,289,1.1
128,hash,290,1.2
128,hash,291,1.2
128,hash,292,1.1
128,hash,293,1.2
128,hash,294,1.1
128,hash,295,1.2
128,hash,296,1.2
128,hash,297,1.2
128,hash,298,1.2
128,hash,299,1.2
128,sym_enc,0,10.1
128,sym_enc,1,8.7
128,sym_enc,2,7.0
128,sym_enc,3,6.5
128,sym_enc,4,6.2
128,sym_enc,5,12.2
128,sym_enc,6,7.8
128,sym_enc,7,6.6
128,sym_enc,8,6.4
128,sym_enc,9,5.8
128,sym_enc,10,6.0
128,sym_enc,11,5.7
128,sym_enc,12,5.9
128,sym_enc,13,5.8
128,sym_enc,14,5.6
128,sym_enc,15,5.5
128,sym_enc,16,5.8
128,sym_enc,17,5.3
128,sym_enc,18,5.4
128,sym_enc,19,5.6
128,sym_enc,20,15.6
128,sym_enc,21,6.6
128,sym_enc,22,5.6
128,sym_enc,23,5.5
128,sym_enc,24,5.5
128,sym_enc,25,5.9
128,sym_enc,26,5.4
128,sym_enc,27,5.3
128,sym_enc,28,5.2
128,sym_enc,29,5.2
128,sym_enc,30,5.4
128,sym_enc,31,5.7
128,sym_enc,32,5.6
128,sym_enc,33,5.4
128,sym_enc,34,5.4
128,sym_enc,35,5.3
128,sym_enc,36,5.5
128,sym_enc,37,5.4
128,sym_enc,38,5.5
128,sym_enc,39,5.4
128,sym_enc,40,5.5
128,sym_enc,41,5.6
128,sym_enc,42,5.4
128,sym_enc,43,5.5
128,sym_enc,44,5.4
128,sym_enc,45,5.1
128,sym_enc,46,5.2
128,sym_enc,47,5.2
128,sym_enc,48,5.4
128,sym_enc,49,5.1
128,sym_enc,50,5.4
128,sym_enc,51,5.5
128,sym_enc,52,5.4
128,sym_enc,53,5.2
128,sym_enc,54,5.4
128,sym_enc,55,5.3
128,sym_enc,56,5.5
128,sym_enc,57,5.4
128,sym_enc,58,5.3
128,sym_enc,59,6.4
128,sym_enc,60,5.5
128,sym_enc,61,5.2
128,sym_enc,62,5.9
128,sym_enc,63,5.3
128,sym_enc,64,6.1
128,sym_enc,65,5.6
128,sym_enc,66,5.3
128,sym_enc,67,5.5
128,sym_enc,68,5.4
128,sym_enc,69,5.7
128,sym_enc,70,5.3
128,sym_enc,71,5.6
128,sym_enc,72,5.2
128,sym_enc,73,5.3
128,sym_enc,74,5.3
128,sym_enc,75,5.2
128,sym_enc,76,5.3
128,sym_enc,77,5.7
128,sym_enc,78,5.2
128,sym_enc,79,5.3
128,sym_enc,80,5.3
128,sym_enc,81,5.4
128,sym_enc,82,5.2
128,sym_enc,83,5.4
128,sym_enc,84,5.4
128,sym_enc,85,5.4
128,sym_enc,86,5.3
128,sym_enc,87,5.3
128,sym_enc,88,5.2
128,sym_enc,89,5.3
128,sym_enc,90,5.2
128,sym_enc,91,5.3
128,sym_enc,92,5.1
128,sym_enc,93,5.3
128,sym_enc,94,5.4
128,sym_enc,95,5.3
128,sym_enc,96,5.1
128,sym_enc,97,5.1
128,sym_enc,98,5.3
128,sym_enc,99,5.4
128,sym_enc,100,5.3
128,sym_enc,101,5.6
128,sym_enc,102,5.4
128,sym_enc,103,5.7
128,sym_enc,104,5.2
128,sym_enc,105,5.2
128,sym_enc,106,5.5
128,sym_enc,107,5.4
128,sym_enc,108,5.3
128,sym_enc,109,5.3
128,sym_enc,110,5.2
128,sym_enc,111,5.2
128,sym_enc,112,5.1
128,sym_enc,113,5.2
128,sym_enc,114,5.1
128,sym_enc,115,5.2
128,sym_enc,116,5.4
128,sym_enc,117,5.2
128,sym_enc,118,5.1
128,sym_enc,119,5.4
128,sym_enc,120,5.2
128,sym_enc,121,5.6
128,sym_enc,122,5.3
128,sym_enc,123,5.4
128,sym_enc,124,5.2
128,sym_enc,125,6.2
128,sym_enc,126,5.2
128,sym_enc,127,5.2
128,sym_enc,128,5.3
128,sym_enc,129,5.3
128,sym_enc,130,5.2
128,sym_enc,131,5.1
128,sym_enc,132,5.2
128,sym_enc,133,5.3
128,sym_enc,134,5.2
128,sym_enc,135,5.1
128,sym_enc,136,5.2
128,sym_enc,137,5.2
128,sym_enc,138,5.1
128,sym_enc,139,5.3
128,sym_enc,140,5.2
128,sym_enc,141,5.1
128,sym_enc,142,5.2
128,sym_enc,143,5.1
128,sym_enc,144,5.2
128,sym_enc,145,5.2
128,sym_enc,146,5.2
128,sym_enc,147,5.1
128,sym_enc,148,5.2
128,sym_enc,149,5.5
128,sym_enc,150,5.1
128,sym_enc,151,5.1
128,sym_enc,152,5.3
128,sym_enc,153,5.2
128,sym_enc,154,5.1
128,sym_enc,155,5.2
128,sym_enc,156,5.2
128,sym_enc,157,5.2
128,sym_enc,158,5.2
128,sym_enc,159,5.2
128,sym_enc,160,5.3
128,sym_enc,161,5.2
128,sym_enc,162,5.2
128,sym_enc,163,5.1
128,sym_enc,164,5.2
128,sym_enc,165,5.2
128,sym_enc,166,5.2
128,sym_enc,167,5.2
128,sym_enc,168,5.2
128,sym_enc,169,5.1
128,sym_enc,170,5.1
128,sym_enc,171,5.3
128,sym_enc,172,5.2
128,sym_enc,173,5.2
128,sym_enc,174,5.2
128,sym_enc,175,5.3
128,sym_enc,176,5.1
128,sym_enc,177,5.0
128,sym_enc,178,5.4
128,sym_enc,179,5.2
128,sym_enc,180,5.2
128,sym_enc,181,5.3
128,sym_enc,182,5.3
128,sym_enc,183,5.2
128,sym_enc,184,5.2
128,sym_enc,185,5.4
128,sym_enc,186,5.1
128,sym_enc,187,5.6
128,sym_enc,188,5.7
128,sym_enc,189,5.3
128,sym_enc,190,5.4
128,sym_enc,191,5.3
128,sym_enc,192,5.3
128,sym_enc,193,5.2
128,sym_enc,194,5.1
128,sym_enc,195,5.3
128,sym_enc,196,5.3
128,sym_enc,197,5.3
128,sym_enc,198,5.4
128,sym_enc,199,5.5
128,sym_enc,200,5.3
128,sym_enc,201,5.4
128,sym_enc,202,5.2
128,sym_enc,203,5.3
128,sym_enc,204,6.2
128,sym_enc,205,4.8
128,sym_enc,206,4.7
128,sym_enc,207,5.0
128,sym_enc,208,4.8
128,sym_enc,209,4.9
128,sym_enc,210,4.8
128,sym_enc,211,4.9
128,sym_enc,212,4.9
128,sym_enc,213,5.1
128,sym_enc,214,4.9
128,sym_enc,215,5.1
128,sym_enc,216,5.1
128,sym_enc,217,4.9
128,sym_enc,218,5.0
128,sym_enc,219,4.9
128,sym_enc,220,5.0
128,sym_enc,221,4.9
128,sym_enc,222,4.8
128,sym_enc,223,4.8
128,sym_enc,224,4.8
128,sym_enc,225,4.9
128,sym_enc,226,4.9
128,sym_enc,227,4.8
128,sym_enc,228,4.9
128,sym_enc,229,5.0
128,sym_enc,230,4.9
128,sym_enc,231,4.8
128,sym_enc,232,4.9
128,sym_enc,233,5.2
128,sym_enc,234,4.9
128,sym_enc,235,4.8
128,sym_enc,236,5.0
128,sym_enc,237,4.9
128,sym_enc,238,4.9
128,sym_enc,239,4.9
128,sym_enc,240,5.0
128,sym_enc,241,4.8
128,sym_enc,242,5.3
128,sym_enc,243,4.9
128,sym_enc,244,4.9
128,sym_enc,245,4.8
128,sym_enc,246,5.1
128,sym_enc,247,5.4
128,sym_enc,248,4.9
128,sym_enc,249,5.0
128,sym_enc,250,4.9
128,sym_enc,251,5.1
128,sym_enc,252,5.2
128,sym_enc,253,5.3
128,sym_enc,254,5.3
128,sym_enc,255,5.3
128,sym_enc,256,5.2
128,sym_enc,257,5.1
128,sym_enc,258,5.2
128,sym_enc,259,5.3
128,sym_enc,260,5.2
128,sym_enc,261,5.3
128,sym_enc,262,5.3
128,sym_enc,263,5.2
128,sym_enc,264,5.1
128,sym_enc,265,5.0
128,sym_enc,266,5.2
128,sym_enc,267,5.3
128,sym_enc,268,5.4
128,sym_enc,269,5.4
128,sym_enc,270,5.2
128,sym_enc,271,5.3
128,sym_enc,272,5.4
128,sym_enc,273,5.5
128,sym_enc,274,5.4
128,sym_enc,275,5.2
128,sym_enc,276,5.3
128,sym_enc,277,5.2
128,sym_enc,278,5.1
128,sym_enc,279,5.2
128,sym_enc,280,6.3
128,sym_enc,281,4.8
128,sym_enc,282,4.9
128,sym_enc,283,4.9
128,sym_enc,284,4.9
128,sym_enc,285,5.1
128,sym_enc,286,4.9
128,sym_enc,287,4.8
128,sym_enc,288,4.8
128,sym_enc,289,4.8
128,sym_enc,290,5.0
128,sym_enc,291,4.9
128,sym_enc,292,4.8
128,sym_enc,293,4.8
128,sym_enc,294,4.8
128,sym_enc,295,4.8
128,sym_enc,296,4.9
128,sym_enc,297,4.8
128,sym_enc,298,4.9
128,sym_enc,299,4.9
128,sym_dec,0,4.7
128,sym_dec,1,4.0
128,sym_dec,2,3.7
128,sym_dec,3,3.8
128,sym_dec,4,3.8
128,sym_dec,5,3.9
128,sym_dec,6,5.9
128,sym_dec,7,4.0
128,sym_dec,8,3.8
128,sym_dec,9,3.6
128,sym_dec,10,3.8
128,sym_dec,11,3.5
128,sym_dec,12,3.6
128,sym_dec,13,3.7
128,sym_dec,14,3.6
128,sym_dec,15,3.6
128,sym_dec,16,3.5
128,sym_dec,17,3.7
128,sym_dec,18,3.6
128,sym_dec,19,3.7
128,sym_dec,20,3.5
128,sym_dec,21,3.7
128,sym_dec,22,3.7
128,sym_dec,23,3.6
128,sym_dec,24,3.4
128,sym_dec,25,3.5
128,sym_dec,26,3.6
128,sym_dec,27,3.6
128,sym_dec,28,3.6
128,sym_dec,29,3.5
128,sym_dec,30,3.5
128,sym_dec,31,3.4
128,sym_dec,32,3.6
128,sym_dec,33,3.6
128,sym_dec,34,3.5
128,sym_dec,35,3.5
128,sym_dec,36,3.6
128,sym_dec,37,3.7
128,sym_dec,38,3.5
128,sym_dec,39,3.6
128,sym_dec,40,3.6
128,sym_dec,41,3.7
128,sym_dec,42,3.5
128,sym_dec,43,3.8
128,sym_dec,44,3.6
128,sym_dec,45,3.5
128,sym_dec,46,3.5
128,sym_dec,47,3.6
128,sym_dec,48,3.8
128,sym_dec,49,3.9
128,sym_dec,50,3.7
128,sym_dec,51,3.8
128,sym_dec,52,3.9
128,sym_dec,53,3.8
128,sym_dec,54,3.6
128,sym_dec,55,4.0
128,sym_dec,56,3.8
128,sym_dec,57,3.8
128,sym_dec,58,3.7
128,sym_dec,59,3.8
128,sym_dec,60,3.7
128,sym_dec,61,3.6
128,sym_dec,62,3.7
128,sym_dec,63,3.9
128,sym_dec,64,3.8
128,sym_dec,65,3.7
128,sym_dec,66,3.7
128,sym_dec,67,3.9
128,sym_dec,68,3.7
128,sym_dec,69,3.8
128,sym_dec,70,3.8
128,sym_dec,71,3.8
128,sym_dec,72,3.7
128,sym_dec,73,3.8
128,sym_dec,74,3.7
128,sym_dec,75,3.9
128,sym_dec,76,3.8
128,sym_dec,77,3.8
128,sym_dec,78,3.6
128,sym_dec,79,3.8
128,sym_dec,80,3.8
128,sym_dec,81,3.9
128,sym_dec,82,3.7
128,sym_dec,83,3.7
128,sym_dec,84,3.8
128,sym_dec,85,4.7
128,sym_dec,86,3.5
128,sym_dec,87,3.5
128,sym_dec,88,3.4
128,sym_dec,89,3.6
128,sym_dec,90,3.6
128,sym_dec,91,3.6
128,sym_dec,92,3.5
128,sym_dec,93,3.6
128,sym_dec,94,3.5
128,sym_dec,95,3.6
128,sym_dec,96,4.7
128,sym_dec,97,3.7
128,sym_dec,98,3.5
128,sym_dec,99,3.8
128,sym_dec,100,3.6
128,sym_dec,101,3.7
128,sym_dec,102,3.5
128,sym_dec,103,3.4
128,sym_dec,104,3.6
128,sym_dec,105,3.6
128,sym_dec,106,9.1
128,sym_dec,107,3.9
128,sym_dec,108,3.7
128,sym_dec,109,3.8
128,sym_dec,110,3.7
128,sym_dec,111,3.5
128,sym_dec,112,3.5
128,sym_dec,113,3.6
128,sym_dec,114,3.5
128,sym_dec,115,3.6
128,sym_dec,116,3.4
128,sym_dec,117,3.6
128,sym_dec,118,3.5
128,sym_dec,119,3.6
128,sym_dec,120,3.4
128,sym_dec,121,3.5
128,sym_dec,122,3.5
128,sym_dec,123,3.5
128,sym_dec,124,3.4
128,sym_dec,125,3.9
128,sym_dec,126,3.7
128,sym_dec,127,3.7
128,sym_dec,128,3.6
128,sym_dec,129,3.5
128,sym_dec,130,3.5
128,sym_dec,131,3.5
128,sym_dec,132,3.7
128,sym_dec,133,3.4
128,sym_dec,134,3.5
128,sym_dec,135,3.5
128,sym_dec,136,3.5
128,sym_dec,137,3.6
128,sym_dec,138,3.6
128,sym_dec,139,3.5
128,sym_dec,140,3.4
128,sym_dec,141,3.7
128,sym_dec,142,3.5
128,sym_dec,143,3.5
128,sym_dec,144,3.6
128,sym_dec,145,3.6
128,sym_dec,146,3.8
128,sym_dec,147,3.4
128,sym_dec,148,3.4
128,sym_dec,149,3.5
128,sym_dec,150,3.5
128,sym_dec,151,3.5
128,sym_dec,152,3.5
128,sym_dec,153,3.3
128,sym_dec,154,3.4
128,sym_dec,155,3.4
128,sym_dec,156,3.4
128,sym_dec,157,3.4
128,sym_dec,158,3.5
128,sym_dec,159,3.7
128,sym_dec,160,3.7
128,sym_dec,161,3.7
128,sym_dec,162,3.5
128,sym_dec,163,3.6
128,sym_dec,164,3.6
128,sym_dec,165,3.7
128,sym_dec,166,3.6
128,sym_dec,167,3.5
128,sym_dec,168,3.4
128,sym_dec,169,3.6
128,sym_dec,170,3.4
128,sym_dec,171,3.5
128,sym_dec,172,3.5
128,sym_dec,173,3.5
128,sym_dec,174,3.5
128,sym_dec,175,3.7
128,sym_dec,176,3.6
128,sym_dec,177,3.5
128,sym_dec,178,3.6
128,sym_dec,179,3.4
128,sym_dec,180,3.6
128,sym_dec,181,3.5
128,sym_dec,182,3.5
128,sym_dec,183,3.5
128,sym_dec,184,3.4
128,sym_dec,185,3.5
128,sym_dec,186,3.5
128,sym_dec,187,3.5
128,sym_dec,188,3.4
128,sym_dec,189,3.5
128,sym_dec,190,3.5
128,sym_dec,191,3.5
128,sym_dec,192,3.5
128,sym_dec,193,3.3
128,sym_dec,194,3.6
128,sym_dec,195,3.5
128,sym_dec,196,3.4
128,sym_dec,197,3.6
128,sym_dec,198,3.5
128,sym_dec,199,3.5
128,sym_dec,200,3.7
128,sym_dec,201,3.6
128,sym_dec,202,3.5
128,sym_dec,203,3.4
128,sym_dec,204,3.6
128,sym_dec,205,3.6
128,sym_dec,206,3.9
128,sym_dec,207,3.5
128,sym_dec,208,3.4
128,sym_dec,209,3.5
128,sym_dec,210,3.5
128,sym_dec,211,3.4
128,sym_dec,212,3.5
128,sym_dec,213,3.6
128,sym_dec,214,3.5
128,sym_dec,215,3.4
128,sym_dec,216,3.6
128,sym_dec,217,3.6
128,sym_dec,218,3.7
128,sym_dec,219,3.5
128,sym_dec,220,3.5
128,sym_dec,221,3.5
128,sym_dec,222,3.5
128,sym_dec,223,3.5
128,sym_dec,224,4.5
128,sym_dec,225,3.6
128,sym_dec,226,3.6
128,sym_dec,227,3.5
128,sym_dec,228,3.5
128,sym_dec,229,3.7
128,sym_dec,230,3.5
128,sym_dec,231,3.5
128,sym_dec,232,3.5
128,sym_dec,233,3.5
128,sym_dec,234,3.5
128,sym_dec,235,3.5
128,sym_dec,236,3.5
128,sym_dec,237,3.5
128,sym_dec,238,3.5
128,sym_dec,239,3.5
128,sym_dec,240,3.6
128,sym_dec,241,3.5
128,sym_dec,242,3.4
128,sym_dec,243,3.5
128,sym_dec,244,3.5
128,sym_dec,245,3.4
128,sym_dec,246,3.5
128,sym_dec,247,3.5
128,sym_dec,248,3.5
128,sym_dec,249,3.4
128,sym_dec,250,3.5
128,sym_dec,251,3.4
128,sym_dec,252,3.5
128,sym_dec,253,3.6
128,sym_dec,254,3.4
128,sym_dec,255,4.0
128,sym_dec,256,3.7
128,sym_dec,257,3.5
128,sym_dec,258,3.6
128,sym_dec,259,3.6
128,sym_dec,260,3.5
128,sym_dec,261,3.5
128,sym_dec,262,3.7
128,sym_dec,263,3.5
128,sym_dec,264,3.7
128,sym_dec,265,3.4
128,sym_dec,266,3.5
128,sym_dec,267,3.4
128,sym_dec,268,3.5
128,sym_dec,269,3.5
128,sym_dec,270,3.5
128,sym_dec,271,3.6
128,sym_dec,272,3.5
128,sym_dec,273,3.6
128,sym_dec,274,3.5
128,sym_dec,275,3.5
128,sym_dec,276,3.5
128,sym_dec,277,3.6
128,sym_dec,278,3.5
128,sym_dec,279,3.6
128,sym_dec,280,3.6
128,sym_dec,281,3.6
128,sym_dec,282,3.6
128,sym_dec,283,3.5
128,sym_dec,284,3.6
128,sym_dec,285,3.5
128,sym_dec,286,3.6
128,sym_dec,287,3.6
128,sym_dec,288,3.4
128,sym_dec,289,3.5
128,sym_dec,290,3.5
128,sym_dec,291,3.5
128,sym_dec,292,3.4
128,sym_dec,293,3.6
128,sym_dec,294,3.5
128,sym_dec,295,3.5
128,sym_dec,296,3.6
128,sym_dec,297,3.5
128,sym_dec,298,3.5
128,sym_dec,299,3.4
128,puf,0,125.0
128,puf,1,101.2
128,puf,2,100.9
128,puf,3,100.0
128,puf,4,99.4
128,puf,5,99.3
128,puf,6,98.1
128,puf,7,99.9
128,puf,8,90.9
128,puf,9,94.6
128,puf,10,88.0
128,puf,11,84.8
128,puf,12,77.2
128,puf,13,77.3
128,puf,14,79.4
128,puf,15,78.1
128,puf,16,78.7
128,puf,17,84.1
128,puf,18,80.8
128,puf,19,79.6
128,puf,20,78.1
128,puf,21,276.8
128,puf,22,206.8
128,puf,23,126.0
128,puf,24,101.0
128,puf,25,84.6
128,puf,26,77.6
128,puf,27,79.5
128,puf,28,80.6
128,puf,29,75.0
128,puf,30,74.6
128,puf,31,74.7
128,puf,32,79.1
128,puf,33,76.7
128,puf,34,74.4
128,puf,35,73.7
128,puf,36,81.8
128,puf,37,81.5
128,puf,38,77.3
128,puf,39,74.2
128,puf,40,74.0
128,puf,41,74.9
128,puf,42,73.9
128,puf,43,74.0
128,puf,44,75.2
128,puf,45,74.5
128,puf,46,74.3
128,puf,47,73.6
128,puf,48,74.1
128,puf,49,79.5
128,puf,50,84.7
128,puf,51,79.4
128,puf,52,92.7
128,puf,53,95.8
128,puf,54,97.5
128,puf,55,94.0
128,puf,56,91.3
128,puf,57,94.3
128,puf,58,95.1
128,puf,59,96.9
128,puf,60,102.9
128,puf,61,93.4
128,puf,62,91.5
128,puf,63,100.2
128,puf,64,91.3
128,puf,65,87.0
128,puf,66,90.1
128,puf,67,84.2
128,puf,68,82.0
128,puf,69,80.5
128,puf,70,75.5
128,puf,71,75.3
128,puf,72,97.2
128,puf,73,82.3
128,puf,74,79.0
128,puf,75,79.5
128,puf,76,74.9
128,puf,77,74.7
128,puf,78,84.6
128,puf,79,78.6
128,puf,80,75.1
128,puf,81,74.7
128,puf,82,77.2
128,puf,83,76.9
128,puf,84,75.5
128,puf,85,73.9
128,puf,86,73.9
128,puf,87,73.8
128,puf,88,74.6
128,puf,89,73.8
128,puf,90,73.6
128,puf,91,82.5
128,puf,92,77.0
128,puf,93,77.1
128,puf,94,76.7
128,puf,95,74.0
128,puf,96,74.1
128,puf,97,75.2
128,puf,98,77.3
128,puf,99,74.6
128,puf,100,390.8
128,puf,101,102.2
128,puf,102,85.0
128,puf,103,81.2
128,puf,104,79.5
128,puf,105,80.9
128,puf,106,75.8
128,puf,107,75.4
128,puf,108,75.3
128,puf,109,74.9
128,puf,110,74.2
128,puf,111,74.4
128,puf,112,74.4
128,puf,113,74.7
128,puf,114,77.5
128,puf,115,78.6
128,puf,116,78.8
128,puf,117,78.7
128,puf,118,89.6
128,puf,119,165.5
128,puf,120,114.9
128,puf,121,89.9
128,puf,122,161.2
128,puf,123,113.2
128,puf,124,89.6
128,puf,125,93.7
128,puf,126,114.2
128,puf,127,102.2
128,puf,128,101.6
128,puf,129,92.9
128,puf,130,88.1
128,puf,131,87.9
128,puf,132,80.8
128,puf,133,85.2
128,puf,134,94.8
128,puf,135,86.2
128,puf,136,79.8
128,puf,137,86.1
128,puf,138,83.4
128,puf,139,79.2
128,puf,140,77.4
128,puf,141,75.7
128,puf,142,77.7
128,puf,143,75.1
128,puf,144,76.8
128,puf,145,75.5
128,puf,146,75.9
128,puf,147,75.0
128,puf,148,78.6
128,puf,149,76.0
128,puf,150,86.2
128,puf,151,79.3
128,puf,152,78.2
128,puf,153,75.1
128,puf,154,75.9
128,puf,155,75.6
128,puf,156,76.1
128,puf,157,74.7
128,puf,158,75.4
128,puf,159,74.9
128,puf,160,75.9
128,puf,161,75.2
128,puf,162,74.9
128,puf,163,83.1
128,puf,164,78.6
128,puf,165,75.2
128,puf,166,75.1
128,puf,167,76.2
128,puf,168,76.0
128,puf,169,75.2
128,puf,170,75.7
128,puf,171,76.0
128,puf,172,74.7
128,puf,173,75.6
128,puf,174,76.0
128,puf,175,77.8
128,puf,176,93.5
128,puf,177,86.5
128,puf,178,124.1
128,puf,179,83.8
128,puf,180,80.3
128,puf,181,164.3
128,puf,182,130.6
128,puf,183,87.1
128,puf,184,80.0
128,puf,185,78.2
128,puf,186,90.5
128,puf,187,81.0
128,puf,188,78.2
128,puf,189,76.3
128,puf,190,76.8
128,puf,191,76.9
128,puf,192,77.4
128,puf,193,77.9
128,puf,194,76.9
128,puf,195,77.1
128,puf,196,75.4
128,puf,197,76.7
128,puf,198,76.0
128,puf,199,85.2
128,puf,200,79.2
128,puf,201,77.3
128,puf,202,77.8
128,puf,203,76.7
128,puf,204,76.2
128,puf,205,78.1
128,puf,206,77.5
128,puf,207,78.3
128,puf,208,77.2
128,puf,209,78.1
128,puf,210,77.6
128,puf,211,76.8
128,puf,212,88.6
128,puf,213,80.8
128,puf,214,77.6
128,puf,215,77.9
128,puf,216,77.5
128,puf,217,78.1
128,puf,218,77.7
128,puf,219,77.4
128,puf,220,76.5
128,puf,221,77.4
128,puf,222,81.4
128,puf,223,85.2
128,puf,224,89.2
128,puf,225,82.5
128,puf,226,80.1
128,puf,227,76.9
128,puf,228,77.0
128,puf,229,77.7
128,puf,230,77.7
128,puf,231,77.0
128,puf,232,77.1
128,puf,233,77.6
128,puf,234,77.5
128,puf,235,79.9
128,puf,236,77.6
128,puf,237,88.9
128,puf,238,80.8
128,puf,239,78.1
128,puf,240,77.2
128,puf,241,76.8
128,puf,242,77.8
128,puf,243,77.8
128,puf,244,77.4
128,puf,245,77.2
128,puf,246,77.4
128,puf,247,77.2
128,puf,248,76.6
128,puf,249,84.2
128,puf,250,81.1
128,puf,251,78.4
128,puf,252,80.4
128,puf,253,82.8
128,puf,254,78.5
128,puf,255,79.1
128,puf,256,77.6
128,puf,257,77.7
128,puf,258,77.5
128,puf,259,76.6
128,puf,260,78.3
128,puf,261,82.1
128,puf,262,87.9
128,puf,263,110.5
128,puf,264,184.6
128,puf,265,127.4
128,puf,266,83.5
128,puf,267,78.9
128,puf,268,75.3
128,puf,269,75.2
128,puf,270,74.5
128,puf,271,73.4
128,puf,272,73.5
128,puf,273,77.6
128,puf,274,77.6
128,puf,275,78.9
128,puf,276,76.1
128,puf,277,73.4
128,puf,278,73.5
128,puf,279,73.1
128,puf,280,72.4
128,puf,281,79.3
128,puf,282,80.4
128,puf,283,78.8
128,puf,284,87.9
128,puf,285,83.9
128,puf,286,88.7
128,puf,287,102.0
128,puf,288,84.7
128,puf,289,88.4
128,puf,290,83.2
128,puf,291,84.3
128,puf,292,79.5
128,puf,293,74.3
128,puf,294,74.8
128,puf,295,81.6
128,puf,296,78.8
128,puf,297,78.8
128,puf,298,81.6
128,puf,299,79.0
128,ss_gen,0,1.5
128,ss_gen,1,0.8
128,ss_gen,2,0.6
128,ss_gen,3,0.6
128,ss_gen,4,1.5
128,ss_gen,5,0.7
128,ss_gen,6,0.9
128,ss_gen,7,0.6
128,ss_gen,8,0.5
128,ss_gen,9,0.6
128,ss_gen,10,0.4
128,ss_gen,11,0.6
128,ss_gen,12,0.5
128,ss_gen,13,0.5
128,ss_gen,14,0.5
128,ss_gen,15,0.5
128,ss_gen,16,0.5
128,ss_gen,17,0.4
128,ss_gen,18,0.4
128,ss_gen,19,0.5
128,ss_gen,20,0.5
128,ss_gen,21,0.5
128,ss_gen,22,0.5
128,ss_gen,23,0.4
128,ss_gen,24,0.5
128,ss_gen,25,0.5
128,ss_gen,26,0.5
128,ss_gen,27,0.5
128,ss_gen,28,0.5
128,ss_gen,29,0.5
128,ss_gen,30,0.5
128,ss_gen,31,0.5
128,ss_gen,32,0.5
128,ss_gen,33,0.6
128,ss_gen,34,0.5
128,ss_gen,35,0.6
128,ss_gen,36,0.5
128,ss_gen,37,0.4
128,ss_gen,38,0.5
128,ss_gen,39,0.5
128,ss_gen,40,0.5
128,ss_gen,41,0.5
128,ss_gen,42,0.4
128,ss_gen,43,0.4
128,ss_gen,44,0.5
128,ss_gen,45,0.5
128,ss_gen,46,0.5
128,ss_gen,47,0.4
128,ss_gen,48,0.5
128,ss_gen,49,0.5
128,ss_gen,50,0.5
128,ss_gen,51,0.5
128,ss_gen,52,0.7
128,ss_gen,53,0.6
128,ss_gen,54,0.4
128,ss_gen,55,0.4
128,ss_gen,56,0.5
128,ss_gen,57,0.5
128,ss_gen,58,0.5
128,ss_gen,59,0.4
128,ss_gen,60,0.5
128,ss_gen,61,0.5
128,ss_gen,62,0.5
128,ss_gen,63,0.4
128,ss_gen,64,0.5
128,ss_gen,65,0.5
128,ss_gen,66,0.5
128,ss_gen,67,0.4
128,ss_gen,68,0.5
128,ss_gen,69,0.5
128,ss_gen,70,0.5
128,ss_gen,71,0.4
128,ss_gen,72,0.5
128,ss_gen,73,0.5
128,ss_gen,74,0.5
128,ss_gen,75,0.4
128,ss_gen,76,0.5
128,ss_gen,77,0.4
128,ss_gen,78,0.5
128,ss_gen,79,0.5
128,ss_gen,80,0.5
128,ss_gen,81,0.5
128,ss_gen,82,0.4
128,ss_gen,83,0.5
128,ss_gen,84,0.6
128,ss_gen,85,0.5
128,ss_gen,86,0.4
128,ss_gen,87,0.5
128,ss_gen,88,0.4
128,ss_gen,89,0.5
128,ss_gen,90,0.5
128,ss_gen,91,0.4
128,ss_gen,92,0.5
128,ss_gen,93,0.5
128,ss_gen,94,0.5
128,ss_gen,95,0.5
128,ss_gen,96,0.4
128,ss_gen,97,0.6
128,ss_gen,98,0.5
128,ss_gen,99,0.4
128,ss_gen,100,0.5
128,ss_gen,101,0.5
128,ss_gen,102,0.4
128,ss_gen,103,0.5
128,ss_gen,104,0.5
128,ss_gen,105,0.4
128,ss_gen,106,0.5
128,ss_gen,107,0.5
128,ss_gen,108,0.4
128,ss_gen,109,0.5
128,ss_gen,110,0.4
128,ss_gen,111,0.4
128,ss_gen,112,0.6
128,ss_gen,113,0.4
128,ss_gen,114,0.5
128,ss_gen,115,0.5
128,ss_gen,116,0.5
128,ss_gen,117,0.4
128,ss_gen,118,0.5
128,ss_gen,119,0.5
128,ss_gen,120,0.4
128,ss_gen,121,0.5
128,ss_gen,122,0.5
128,ss_gen,123,0.4
128,ss_gen,124,0.5
128,ss_gen,125,0.5
128,ss_gen,126,0.5
128,ss_gen,127,0.5
128,ss_gen,128,0.4
128,ss_gen,129,0.5
128,ss_gen,130,0.5
128,ss_gen,131,0.5
128,ss_gen,132,0.5
128,ss_gen,133,0.5
128,ss_gen,134,0.4
128,ss_gen,135,0.5
128,ss_gen,136,0.4
128,ss_gen,137,0.5
128,ss_gen,138,0.5
128,ss_gen,139,0.4
128,ss_gen,140,0.5
128,ss_gen,141,0.5
128,ss_gen,142,0.4
128,ss_gen,143,0.5
128,ss_gen,144,0.4
128,ss_gen,145,0.5
128,ss_gen,146,0.5
128,ss_gen,147,0.5
128,ss_gen,148,0.4
128,ss_gen,149,0.5
128,ss_gen,150,0.4
128,ss_gen,151,0.5
128,ss_gen,152,0.4
128,ss_gen,153,0.4
128,ss_gen,154,0.5
128,ss_gen,155,0.4
128,ss_gen,156,0.5
128,ss_gen,157,0.5
128,ss_gen,158,0.4
128,ss_gen,159,0.5
128,ss_gen,160,0.5
128,ss_gen,161,0.4
128,ss_gen,162,0.5
128,ss_gen,163,0.4
128,ss_gen,164,0.5
128,ss_gen,165,0.5
128,ss_gen,166,0.4
128,ss_gen,167,0.5
128,ss_gen,168,0.5
128,ss_gen,169,0.4
128,ss_gen,170,0.5
128,ss_gen,171,0.4
128,ss_gen,172,0.5
128,ss_gen,173,0.4
128,ss_gen,174,0.5
128,ss_gen,175,0.5
128,ss_gen,176,0.5
128,ss_gen,177,0.5
128,ss_gen,178,0.5
128,ss_gen,179,0.5
128,ss_gen,180,0.5
128,ss_gen,181,0.4
128,ss_gen,182,0.5
128,ss_gen,183,0.5
128,ss_gen,184,0.4
128,ss_gen,185,0.5
128,ss_gen,186,0.4
128,ss_gen,187,0.5
128,ss_gen,188,0.5
128,ss_gen,189,0.4
128,ss_gen,190,0.5
128,ss_gen,191,0.5
128,ss_gen,192,0.5
128,ss_gen,193,0.4
128,ss_gen,194,0.5
128,ss_gen,195,0.4
128,ss_gen,196,0.4
128,ss_gen,197,0.5
128,ss_gen,198,0.5
128,ss_gen,199,0.4
128,ss_gen,200,0.5
128,ss_gen,201,0.5
128,ss_gen,202,0.5
128,ss_gen,203,0.4
128,ss_gen,204,0.5
128,ss_gen,205,0.5
128,ss_gen,206,0.4
128,ss_gen,207,0.4
128,ss_gen,208,0.5
128,ss_gen,209,0.5
128,ss_gen,210,0.5
128,ss_gen,211,0.5
128,ss_gen,212,0.4
128,ss_gen,213,0.5
128,ss_gen,214,0.5
128,ss_gen,215,0.4
128,ss_gen,216,0.5
128,ss_gen,217,0.5
128,ss_gen,218,0.5
128,ss_gen,219,0.4
128,ss_gen,220,0.5
128,ss_gen,221,0.5
128,ss_gen,222,0.4
128,ss_gen,223,0.5
128,ss_gen,224,0.5
128,ss_gen,225,0.4
128,ss_gen,226,0.5
128,ss_gen,227,0.5
128,ss_gen,228,0.4
128,ss_gen,229,0.5
128,ss_gen,230,0.5
128,ss_gen,231,0.4
128,ss_gen,232,0.5
128,ss_gen,233,0.5
128,ss_gen,234,0.5
128,ss_gen,235,0.4
128,ss_gen,236,0.5
128,ss_gen,237,0.5
128,ss_gen,238,0.4
128,ss_gen,239,0.5
128,ss_gen,240,0.5
128,ss_gen,241,0.5
128,ss_gen,242,0.5
128,ss_gen,243,0.4
128,ss_gen,244,0.5
128,ss_gen,245,0.5
128,ss_gen,246,0.4
128,ss_gen,247,0.4
128,ss_gen,248,0.5
128,ss_gen,249,0.4
128,ss_gen,250,0.5
128,ss_gen,251,0.5
128,ss_gen,252,0.5
128,ss_gen,253,0.5
128,ss_gen,254,0.6
128,ss_gen,255,0.5
128,ss_gen,256,0.5
128,ss_gen,257,0.6
128,ss_gen,258,0.5
128,ss_gen,259,0.5
128,ss_gen,260,0.5
128,ss_gen,261,0.5
128,ss_gen,262,0.5
128,ss_gen,263,0.5
128,ss_gen,264,0.4
128,ss_gen,265,0.5
128,ss_gen,266,0.5
128,ss_gen,267,0.5
128,ss_gen,268,0.5
128,ss_gen,269,0.5
128,ss_gen,270,0.5
128,ss_gen,271,0.5
128,ss_gen,272,0.5
128,ss_gen,273,0.4
128,ss_gen,274,0.5
128,ss_gen,275,0.5
128,ss_gen,276,0.5
128,ss_gen,277,0.5
128,ss_gen,278,0.5
128,ss_gen,279,0.5
128,ss_gen,280,0.4
128,ss_gen,281,0.5
128,ss_gen,282,0.5
128,ss_gen,283,0.5
128,ss_gen,284,0.4
128,ss_gen,285,0.5
128,ss_gen,286,0.5
128,ss_gen,287,0.4
128,ss_gen,288,0.5
128,ss_gen,289,0.5
128,ss_gen,290,0.5
128,ss_gen,291,0.5
128,ss_gen,292,0.5
128,ss_gen,293,0.5
128,ss_gen,294,0.4
128,ss_gen,295,0.5
128,ss_gen,296,0.5
128,ss_gen,297,0.4
128,ss_gen,298,0.4
128,ss_gen,299,0.5
128,ss_rec,0,8.0
128,ss_rec,1,4.3
128,ss_rec,2,3.2
128,ss_rec,3,2.7
128,ss_rec,4,2.7
128,ss_rec,5,2.8
128,ss_rec,6,3.0
128,ss_rec,7,2.7
128,ss_rec,8,2.7
128,ss_rec,9,2.6
128,ss_rec,10,2.6
128,ss_rec,11,2.7
128,ss_rec,12,2.6
128,ss_rec,13,2.5
128,ss_rec,14,2.6
128,ss_rec,15,2.6
128,ss_rec,16,2.6
128,ss_rec,17,2.6
128,ss_rec,18,2.7
128,ss_rec,19,2.6
128,ss_rec,20,2.5
128,ss_rec,21,2.6
128,ss_rec,22,2.5
128,ss_rec,23,2.5
128,ss_rec,24,2.5
128,ss_rec,25,2.7
128,ss_rec,26,2.6
128,ss_rec,27,2.6
128,ss_rec,28,2.6
128,ss_rec,29,2.6
128,ss_rec,30,2.5
128,ss_rec,31,2.6
128,ss_rec,32,2.6
128,ss_rec,33,2.7
128,ss_rec,34,2.5
128,ss_rec,35,2.6
128,ss_rec,36,2.7
128,ss_rec,37,2.6
128,ss_rec,38,2.7
128,ss_rec,39,2.5
128,ss_rec,40,2.6
128,ss_rec,41,2.5
128,ss_rec,42,2.6
128,ss_rec,43,2.5
128,ss_rec,44,2.6
128,ss_rec,45,2.5
128,ss_rec,46,2.6
128,ss_rec,47,2.6
128,ss_rec,48,2.7
128,ss_rec,49,2.6
128,ss_rec,50,2.5
128,ss_rec,51,2.5
128,ss_rec,52,2.7
128,ss_rec,53,3.0
128,ss_rec,54,2.8
128,ss_rec,55,2.6
128,ss_rec,56,2.7
128,ss_rec,57,2.6
128,ss_rec,58,2.5
128,ss_rec,59,2.6
128,ss_rec,60,2.6
128,ss_rec,61,2.7
128,ss_rec,62,2.5
128,ss_rec,63,2.6
128,ss_rec,64,2.6
128,ss_rec,65,2.6
128,ss_rec,66,2.6
128,ss_rec,67,2.8
128,ss_rec,68,2.6
128,ss_rec,69,2.6
128,ss_rec,70,2.5
128,ss_rec,71,2.6
128,ss_rec,72,2.5
128,ss_rec,73,2.8
128,ss_rec,74,2.6
128,ss_rec,75,2.7
128,ss_rec,76,2.5
128,ss_rec,77,2.5
128,ss_rec,78,2.6
128,ss_rec,79,2.6
128,ss_rec,80,2.6
128,ss_rec,81,2.5
128,ss_rec,82,2.6
128,ss_rec,83,2.6
128,ss_rec,84,2.6
128,ss_rec,85,3.8
128,ss_rec,86,2.7
128,ss_rec,87,2.7
128,ss_rec,88,2.6
128,ss_rec,89,2.7
128,ss_rec,90,2.6
128,ss_rec,91,2.5
128,ss_rec,92,2.6
128,ss_rec,93,2.7
128,ss_rec,94,2.5
128,ss_rec,95,2.6
128,ss_rec,96,2.6
128,ss_rec,97,2.5
128,ss_rec,98,2.5
128,ss_rec,99,2.6
128,ss_rec,100,2.6
128,ss_rec,101,2.5
128,ss_rec,102,2.5
128,ss_rec,103,2.6
128,ss_rec,104,2.5
128,ss_rec,105,2.5
128,ss_rec,106,2.6
128,ss_rec,107,2.5
128,ss_rec,108,2.6
128,ss_rec,109,2.6
128,ss_rec,110,2.5
128,ss_rec,111,2.6
128,ss_rec,112,2.5
128,ss_rec,113,2.6
128,ss_rec,114,2.5
128,ss_rec,115,2.6
128,ss_rec,116,2.5
128,ss_rec,117,2.6
128,ss_rec,118,2.6
128,ss_rec,119,2.6
128,ss_rec,120,2.6
128,ss_rec,121,2.6
128,ss_rec,122,2.5
128,ss_rec,123,2.6
128,ss_rec,124,2.5
128,ss_rec,125,2.5
128,ss_rec,126,2.6
128,ss_rec,127,2.6
128,ss_rec,128,2.6
128,ss_rec,129,2.5
128,ss_rec,130,2.8
128,ss_rec,131,2.6
128,ss_rec,132,2.5
128,ss_rec,133,2.7
128,ss_rec,134,2.5
128,ss_rec,135,2.6
128,ss_rec,136,3.4
128,ss_rec,137,2.7
128,ss_rec,138,2.9
128,ss_rec,139,2.6
128,ss_rec,140,2.6
128,ss_rec,141,2.6
128,ss_rec,142,2.6
128,ss_rec,143,2.5
128,ss_rec,144,2.5
128,ss_rec,145,2.6
128,ss_rec,146,2.6
128,ss_rec,147,2.5
128,ss_rec,148,2.5
128,ss_rec,149,2.6
128,ss_rec,150,2.6
128,ss_rec,151,2.4
128,ss_rec,152,2.6
128,ss_rec,153,2.5
128,ss_rec,154,2.6
128,ss_rec,155,2.6
128,ss_rec,156,2.6
128,ss_rec,157,2.5
128,ss_rec,158,2.5
128,ss_rec,159,2.8
128,ss_rec,160,2.6
128,ss_rec,161,2.7
128,ss_rec,162,2.7
128,ss_rec,163,2.8
128,ss_rec,164,2.7
128,ss_rec,165,2.7
128,ss_rec,166,2.8
128,ss_rec,167,2.8
128,ss_rec,168,2.8
128,ss_rec,169,2.7
128,ss_rec,170,2.7
128,ss_rec,171,2.7
128,ss_rec,172,2.7
128,ss_rec,173,2.8
128,ss_rec,174,2.9
128,ss_rec,175,2.6
128,ss_rec,176,2.8
128,ss_rec,177,2.7
128,ss_rec,178,2.8
128,ss_rec,179,2.7
128,ss_rec,180,2.8
128,ss_rec,181,2.7
128,ss_rec,182,2.7
128,ss_rec,183,2.8
128,ss_rec,184,2.7
128,ss_rec,185,2.8
128,ss_rec,186,2.8
128,ss_rec,187,2.7
128,ss_rec,188,2.8
128,ss_rec,189,3.0
128,ss_rec,190,2.9
128,ss_rec,191,2.7
128,ss_rec,192,2.7
128,ss_rec,193,2.8
128,ss_rec,194,2.7
128,ss_rec,195,2.6
128,ss_rec,196,2.7
128,ss_rec,197,2.7
128,ss_rec,198,2.7
128,ss_rec,199,2.7
128,ss_rec,200,2.6
128,ss_rec,201,2.8
128,ss_rec,202,2.8
128,ss_rec,203,2.9
128,ss_rec,204,2.7
128,ss_rec,205,2.9
128,ss_rec,206,2.8
128,ss_rec,207,2.7
128,ss_rec,208,2.7
128,ss_rec,209,2.8
128,ss_rec,210,2.7
128,ss_rec,211,2.7
128,ss_rec,212,2.7
128,ss_rec,213,4.2
128,ss_rec,214,2.8
128,ss_rec,215,2.6
128,ss_rec,216,2.6
128,ss_rec,217,2.6
128,ss_rec,218,2.6
128,ss_rec,219,2.6
128,ss_rec,220,2.6
128,ss_rec,221,2.6
128,ss_rec,222,2.5
128,ss_rec,223,2.5
128,ss_rec,224,2.6
128,ss_rec,225,2.6
128,ss_rec,226,2.6
128,ss_rec,227,2.6
128,ss_rec,228,2.7
128,ss_rec,229,2.6
128,ss_rec,230,2.6
128,ss_rec,231,2.6
128,ss_rec,232,2.6
128,ss_rec,233,2.5
128,ss_rec,234,2.5
128,ss_rec,235,2.5
128,ss_rec,236,2.6
128,ss_rec,237,2.6
128,ss_rec,238,2.7
128,ss_rec,239,2.6
128,ss_rec,240,2.5
128,ss_rec,241,2.5
128,ss_rec,242,2.5
128,ss_rec,243,2.5
128,ss_rec,244,2.6
128,ss_rec,245,2.6
128,ss_rec,246,2.5
128,ss_rec,247,2.6
128,ss_rec,248,2.5
128,ss_rec,249,2.6
128,ss_rec,250,2.7
128,ss_rec,251,2.5
128,ss_rec,252,2.6
128,ss_rec,253,2.6
128,ss_rec,254,2.5
128,ss_rec,255,2.7
128,ss_rec,256,2.6
128,ss_rec,257,2.8
128,ss_rec,258,2.6
128,ss_rec,259,2.8
128,ss_rec,260,2.5
128,ss_rec,261,2.5
128,ss_rec,262,2.5
128,ss_rec,263,2.5
128,ss_rec,264,2.5
128,ss_rec,265,2.5
128,ss_rec,266,2.5
128,ss_rec,267,2.5
128,ss_rec,268,2.5
128,ss_rec,269,2.6
128,ss_rec,270,2.5
128,ss_rec,271,2.6
128,ss_rec,272,2.5
128,ss_rec,273,2.5
128,ss_rec,274,2.6
128,ss_rec,275,2.5
128,ss_rec,276,2.6
128,ss_rec,277,2.6
128,ss_rec,278,2.5
128,ss_rec,279,2.5
128,ss_rec,280,2.6
128,ss_rec,281,2.5
128,ss_rec,282,2.7
128,ss_rec,283,2.5
128,ss_rec,284,2.5
128,ss_rec,285,2.5
128,ss_rec,286,2.7
128,ss_rec,287,2.6
128,ss_rec,288,2.5
128,ss_rec,289,2.6
128,ss_rec,290,2.6
128,ss_rec,291,2.5
128,ss_rec,292,2.5
128,ss_rec,293,2.5
128,ss_rec,294,2.6
128,ss_rec,295,2.5
128,ss_rec,296,2.6
128,ss_rec,297,2.6
128,ss_rec,298,2.7
128,ss_rec,299,2.5
128,rand,0,4.3
128,rand,1,3.3
128,rand,2,5.4
128,rand,3,3.7
128,rand,4,3.1
128,rand,5,8.7
128,rand,6,3.2
128,rand,7,2.9
128,rand,8,3.0
128,rand,9,2.9
128,rand,10,2.8
128,rand,11,2.8
128,rand,12,2.7
128,rand,13,2.9
128,rand,14,2.9
128,rand,15,2.8
128,rand,16,2.9
128,rand,17,2.8
128,rand,18,2.9
128,rand,19,2.9
128,rand,20,2.8
128,rand,21,2.8
128,rand,22,2.8
128,rand,23,2.8
128,rand,24,2.8
128,rand,25,2.8
128,rand,26,2.9
128,rand,27,2.8
128,rand,28,3.0
128,rand,29,2.8
128,rand,30,2.9
128,rand,31,2.9
128,rand,32,2.7
128,rand,33,2.9
128,rand,34,2.9
128,rand,35,2.8
128,rand,36,2.8
128,rand,37,2.8
128,rand,38,2.8
128,rand,39,2.8
128,rand,40,3.0
128,rand,41,2.9
128,rand,42,2.8
128,rand,43,2.8
128,rand,44,2.9
128,rand,45,2.8
128,rand,46,2.8
128,rand,47,2.8
128,rand,48,2.7
128,rand,49,2.9
128,rand,50,2.8
128,rand,51,2.8
128,rand,52,3.0
128,rand,53,3.0
128,rand,54,2.9
128,rand,55,2.9
128,rand,56,2.9
128,rand,57,2.8
128,rand,58,2.9
128,rand,59,3.0
128,rand,60,2.9
128,rand,61,2.9
128,rand,62,2.9
128,rand,63,2.8
128,rand,64,2.8
128,rand,65,2.8
128,rand,66,2.8
128,rand,67,2.8
128,rand,68,2.9
128,rand,69,2.8
128,rand,70,2.8
128,rand,71,2.9
128,rand,72,2.8
128,rand,73,2.9
128,rand,74,2.8
128,rand,75,2.7
128,rand,76,2.9
128,rand,77,2.8
128,rand,78,2.9
128,rand,79,2.9
128,rand,80,2.8
128,rand,81,2.9
128,rand,82,2.8
128,rand,83,2.8
128,rand,84,3.0
128,rand,85,2.8
128,rand,86,2.9
128,rand,87,2.8
128,rand,88,2.9
128,rand,89,2.8
128,rand,90,2.8
128,rand,91,2.8
128,rand,92,2.8
128,rand,93,2.8
128,rand,94,2.9
128,rand,95,2.8
128,rand,96,2.8
128,rand,97,2.8
128,rand,98,2.9
128,rand,99,2.8
128,rand,100,2.8
128,rand,101,2.9
128,rand,102,3.0
128,rand,103,2.9
128,rand,104,3.0
128,rand,105,3.0
128,rand,106,3.1
128,rand,107,3.1
128,rand,108,3.1
128,rand,109,3.0
128,rand,110,3.0
128,rand,111,3.0
128,rand,112,3.1
128,rand,113,3.0
128,rand,114,3.0
128,rand,115,3.1
128,rand,116,3.0
128,rand,117,2.9
128,rand,118,2.9
128,rand,119,2.9
128,rand,120,3.0
128,rand,121,3.0
128,rand,122,3.1
128,rand,123,3.0
128,rand,124,4.1
128,rand,125,3.0
128,rand,126,3.0
128,rand,127,3.0
128,rand,128,3.0
128,rand,129,3.1
128,rand,130,3.1
128,rand,131,3.0
128,rand,132,3.0
128,rand,133,3.0
128,rand,134,2.9
128,rand,135,3.1
128,rand,136,3.0
128,rand,137,3.0
128,rand,138,3.2
128,rand,139,2.9
128,rand,140,3.0
128,rand,141,3.0
128,rand,142,3.0
128,rand,143,4.1
128,rand,144,2.8
128,rand,145,2.9
128,rand,146,2.7
128,rand,147,2.7
128,rand,148,2.8
128,rand,149,2.8
128,rand,150,2.7
128,rand,151,2.8
128,rand,152,2.8
128,rand,153,2.9
128,rand,154,2.8
128,rand,155,2.8
128,rand,156,2.8
128,rand,157,2.8
128,rand,158,2.8
128,rand,159,2.8
128,rand,160,2.8
128,rand,161,2.8
128,rand,162,2.7
128,rand,163,2.8
128,rand,164,2.8
128,rand,165,2.8
128,rand,166,2.8
128,rand,167,2.8
128,rand,168,2.9
128,rand,169,2.8
128,rand,170,2.9
128,rand,171,2.8
128,rand,172,3.0
128,rand,173,3.0
128,rand,174,3.0
128,rand,175,3.1
128,rand,176,3.1
128,rand,177,3.1
128,rand,178,3.0
128,rand,179,3.0
128,rand,180,2.9
128,rand,181,2.9
128,rand,182,2.9
128,rand,183,3.0
128,rand,184,2.9
128,rand,185,3.0
128,rand,186,3.0
128,rand,187,3.0
128,rand,188,3.0
128,rand,189,3.1
128,rand,190,3.0
128,rand,191,3.0
128,rand,192,2.9
128,rand,193,3.1
128,rand,194,2.9
128,rand,195,3.0
128,rand,196,3.0
128,rand,197,3.0
128,rand,198,3.0
128,rand,199,3.0
128,rand,200,3.5
128,rand,201,3.0
128,rand,202,3.0
128,rand,203,3.0
128,rand,204,3.0
128,rand,205,3.0
128,rand,206,3.0
128,rand,207,3.1
128,rand,208,3.0
128,rand,209,3.0
128,rand,210,3.0
128,rand,211,3.0
128,rand,212,4.0
128,rand,213,2.8
128,rand,214,2.8
128,rand,215,2.7
128,rand,216,2.8
128,rand,217,2.9
128,rand,218,2.8
128,rand,219,2.7
128,rand,220,2.8
128,rand,221,2.8
128,rand,222,2.8
128,rand,223,2.7
128,rand,224,2.7
128,rand,225,2.8
128,rand,226,2.8
128,rand,227,2.7
128,rand,228,2.9
128,rand,229,2.8
128,rand,230,2.8
128,rand,231,2.8
128,rand,232,2.8
128,rand,233,2.8
128,rand,234,2.8
128,rand,235,2.7
128,rand,236,2.8
128,rand,237,2.7
128,rand,238,2.8
128,rand,239,2.8
128,rand,240,2.8
128,rand,241,2.8
128,rand,242,2.8
128,rand,243,2.7
128,rand,244,2.8
128,rand,245,2.8
128,rand,246,2.8
128,rand,247,2.8
128,rand,248,2.8
128,rand,249,2.9
128,rand,250,2.8
128,rand,251,3.9
128,rand,252,3.0
128,rand,253,2.9
128,rand,254,2.8
128,rand,255,2.9
128,rand,256,2.7
128,rand,257,2.8
128,rand,258,2.8
128,rand,259,2.9
128,rand,260,2.8
128,rand,261,2.9
128,rand,262,2.8
128,rand,263,2.8
128,rand,264,2.8
128,rand,265,2.8
128,rand,266,2.8
128,rand,267,2.8
128,rand,268,2.8
128,rand,269,2.9
128,rand,270,2.8
128,rand,271,2.8
128,rand,272,2.8
128,rand,273,2.8
128,rand,274,2.8
128,rand,275,2.9
128,rand,276,2.7
128,rand,277,2.8
128,rand,278,2.8
128,rand,279,2.8
128,rand,280,2.8
128,rand,281,2.8
128,rand,282,2.9
128,rand,283,2.8
128,rand,284,2.8
128,rand,285,2.8
128,rand,286,2.8
128,rand,287,2.8
128,rand,288,2.8
128,rand,289,2.7
128,rand,290,2.7
128,rand,291,2.7
128,rand,292,2.8
128,rand,293,2.8
128,rand,294,2.8
128,rand,295,2.8
128,rand,296,2.8
128,rand,297,2.8
128,rand,298,2.8
128,rand,299,2.8
128,mod_inv,0,13.9
128,mod_inv,1,12.5
128,mod_inv,2,11.8
128,mod_inv,3,11.7
128,mod_inv,4,11.6
128,mod_inv,5,13.7
128,mod_inv,6,13.3
128,mod_inv,7,11.8
128,mod_inv,8,11.3
128,mod_inv,9,12.1
128,mod_inv,10,11.3
128,mod_inv,11,11.4
128,mod_inv,12,11.4
128,mod_inv,13,11.4
128,mod_inv,14,11.5
128,mod_inv,15,11.5
128,mod_inv,16,11.4
128,mod_inv,17,11.6
128,mod_inv,18,11.4
128,mod_inv,19,11.2
128,mod_inv,20,11.2
128,mod_inv,21,11.3
128,mod_inv,22,11.4
128,mod_inv,23,11.3
128,mod_inv,24,11.2
128,mod_inv,25,11.3
128,mod_inv,26,11.1
128,mod_inv,27,11.0
128,mod_inv,28,11.1
128,mod_inv,29,11.1
128,mod_inv,30,11.2
128,mod_inv,31,11.1
128,mod_inv,32,11.3
128,mod_inv,33,11.5
128,mod_inv,34,12.0
128,mod_inv,35,11.3
128,mod_inv,36,11.4
128,mod_inv,37,11.3
128,mod_inv,38,11.3
128,mod_inv,39,15.6
128,mod_inv,40,11.2
128,mod_inv,41,11.4
128,mod_inv,42,11.3
128,mod_inv,43,11.3
128,mod_inv,44,11.3
128,mod_inv,45,12.1
128,mod_inv,46,12.4
128,mod_inv,47,12.1
128,mod_inv,48,12.2
128,mod_inv,49,12.0
128,mod_inv,50,12.1
128,mod_inv,51,12.0
128,mod_inv,52,12.0
128,mod_inv,53,12.4
128,mod_inv,54,12.0
128,mod_inv,55,12.6
128,mod_inv,56,11.4
128,mod_inv,57,11.3
128,mod_inv,58,11.3
128,mod_inv,59,11.2
128,mod_inv,60,11.2
128,mod_inv,61,11.3
128,mod_inv,62,11.3
128,mod_inv,63,11.2
128,mod_inv,64,11.4
128,mod_inv,65,11.3
128,mod_inv,66,11.3
128,mod_inv,67,11.4
128,mod_inv,68,11.4
128,mod_inv,69,11.4
128,mod_inv,70,11.3
128,mod_inv,71,11.3
128,mod_inv,72,11.2
128,mod_inv,73,11.4
128,mod_inv,74,11.3
128,mod_inv,75,11.3
128,mod_inv,76,11.5
128,mod_inv,77,11.7
128,mod_inv,78,11.4
128,mod_inv,79,11.4
128,mod_inv,80,11.6
128,mod_inv,81,11.4
128,mod_inv,82,11.3
128,mod_inv,83,11.3
128,mod_inv,84,11.3
128,mod_inv,85,11.1
128,mod_inv,86,11.1
128,mod_inv,87,11.2
128,mod_inv,88,11.3
128,mod_inv,89,11.2
128,mod_inv,90,11.2
128,mod_inv,91,11.1
128,mod_inv,92,11.0
128,mod_inv,93,11.3
128,mod_inv,94,11.3
128,mod_inv,95,11.2
128,mod_inv,96,11.2
128,mod_inv,97,11.2
128,mod_inv,98,11.2
128,mod_inv,99,11.2
128,mod_inv,100,11.1
128,mod_inv,101,11.1
128,mod_inv,102,11.5
128,mod_inv,103,11.5
128,mod_inv,104,11.3
128,mod_inv,105,11.3
128,mod_inv,106,11.4
128,mod_inv,107,11.2
128,mod_inv,108,11.3
128,mod_inv,109,11.2
128,mod_inv,110,11.0
128,mod_inv,111,11.1
128,mod_inv,112,11.0
128,mod_inv,113,11.1
128,mod_inv,114,11.2
128,mod_inv,115,11.0
128,mod_inv,116,11.2
128,mod_inv,117,11.1
128,mod_inv,118,11.2
128,mod_inv,119,11.3
128,mod_inv,120,11.4
128,mod_inv,121,11.2
128,mod_inv,122,11.3
128,mod_inv,123,11.2
128,mod_inv,124,11.2
128,mod_inv,125,11.3
128,mod_inv,126,11.4
128,mod_inv,127,11.6
128,mod_inv,128,11.1
128,mod_inv,129,11.4
128,mod_inv,130,11.2
128,mod_inv,131,11.3
128,mod_inv,132,11.7
128,mod_inv,133,11.9
128,mod_inv,134,11.9
128,mod_inv,135,11.9
128,mod_inv,136,11.9
128,mod_inv,137,11.9
128,mod_inv,138,11.9
128,mod_inv,139,11.9
128,mod_inv,140,11.9
128,mod_inv,141,11.8
128,mod_inv,142,11.8
128,mod_inv,143,11.9
128,mod_inv,144,11.8
128,mod_inv,145,12.0
128,mod_inv,146,12.1
128,mod_inv,147,11.9
128,mod_inv,148,12.0
128,mod_inv,149,12.1
128,mod_inv,150,12.0
128,mod_inv,151,12.1
128,mod_inv,152,12.0
128,mod_inv,153,12.0
128,mod_inv,154,12.0
128,mod_inv,155,12.1
128,mod_inv,156,12.1
128,mod_inv,157,12.0
128,mod_inv,158,12.1
128,mod_inv,159,11.9
128,mod_inv,160,12.0
128,mod_inv,161,12.9
128,mod_inv,162,14.6
128,mod_inv,163,13.2
128,mod_inv,164,14.9
128,mod_inv,165,12.8
128,mod_inv,166,12.7
128,mod_inv,167,11.5
128,mod_inv,168,11.3
128,mod_inv,169,11.2
128,mod_inv,170,11.0
128,mod_inv,171,11.1
128,mod_inv,172,11.2
128,mod_inv,173,11.3
128,mod_inv,174,11.4
128,mod_inv,175,11.1
128,mod_inv,176,11.3
128,mod_inv,177,11.1
128,mod_inv,178,11.1
128,mod_inv,179,11.3
128,mod_inv,180,11.1
128,mod_inv,181,11.3
128,mod_inv,182,11.2
128,mod_inv,183,11.1
128,mod_inv,184,11.2
128,mod_inv,185,11.3
128,mod_inv,186,11.3
128,mod_inv,187,11.4
128,mod_inv,188,15.9
128,mod_inv,189,11.4
128,mod_inv,190,11.3
128,mod_inv,191,11.2
128,mod_inv,192,11.2
128,mod_inv,193,11.3
128,mod_inv,194,11.1
128,mod_inv,195,11.2
128,mod_inv,196,11.2
128,mod_inv,197,11.2
128,mod_inv,198,11.2
128,mod_inv,199,11.1
128,mod_inv,200,11.3
128,mod_inv,201,11.3
128,mod_inv,202,11.4
128,mod_inv,203,11.1
128,mod_inv,204,11.2
128,mod_inv,205,11.1
128,mod_inv,206,11.4
128,mod_inv,207,11.3
128,mod_inv,208,11.2
128,mod_inv,209,11.2
128,mod_inv,210,11.2
128,mod_inv,211,11.3
128,mod_inv,212,11.5
128,mod_inv,213,11.3
128,mod_inv,214,11.3
128,mod_inv,215,11.4
128,mod_inv,216,11.2
128,mod_inv,217,11.9
128,mod_inv,218,11.9
128,mod_inv,219,12.0
128,mod_inv,220,12.0
128,mod_inv,221,12.1
128,mod_inv,222,12.0
128,mod_inv,223,12.4
128,mod_inv,224,12.1
128,mod_inv,225,12.1
128,mod_inv,226,12.0
128,mod_inv,227,12.9
128,mod_inv,228,11.1
128,mod_inv,229,10.9
128,mod_inv,230,11.1
128,mod_inv,231,11.0
128,mod_inv,232,11.1
128,mod_inv,233,11.3
128,mod_inv,234,11.3
128,mod_inv,235,11.3
128,mod_inv,236,11.2
128,mod_inv,237,11.0
128,mod_inv,238,11.2
128,mod_inv,239,11.3
128,mod_inv,240,11.3
128,mod_inv,241,11.5
128,mod_inv,242,11.4
128,mod_inv,243,11.3
128,mod_inv,244,11.2
128,mod_inv,245,11.2
128,mod_inv,246,11.1
128,mod_inv,247,11.1
128,mod_inv,248,11.0
128,mod_inv,249,11.2
128,mod_inv,250,11.1
128,mod_inv,251,11.1
128,mod_inv,252,11.1
128,mod_inv,253,11.1
128,mod_inv,254,11.0
128,mod_inv,255,11.4
128,mod_inv,256,11.2
128,mod_inv,257,11.4
128,mod_inv,258,11.2
128,mod_inv,259,11.5
128,mod_inv,260,11.4
128,mod_inv,261,11.3
128,mod_inv,262,11.4
128,mod_inv,263,11.4
128,mod_inv,264,11.3
128,mod_inv,265,11.4
128,mod_inv,266,11.5
128,mod_inv,267,11.3
128,mod_inv,268,11.3
128,mod_inv,269,11.4
128,mod_inv,270,11.4
128,mod_inv,271,11.3
128,mod_inv,272,11.2
128,mod_inv,273,11.2
128,mod_inv,274,11.1
128,mod_inv,275,11.0
128,mod_inv,276,11.1
128,mod_inv,277,11.1
128,mod_inv,278,11.0
128,mod_inv,279,11.1
128,mod_inv,280,11.1
128,mod_inv,281,11.0
128,mod_inv,282,11.1
128,mod_inv,283,11.1
128,mod_inv,284,11.1
128,mod_inv,285,11.0
128,mod_inv,286,12.4
128,mod_inv,287,11.3
128,mod_inv,288,11.2
128,mod_inv,289,11.3
128,mod_inv,290,11.2
128,mod_inv,291,11.0
128,mod_inv,292,11.0
128,mod_inv,293,11.2
128,mod_inv,294,11.4
128,mod_inv,295,11.1
128,mod_inv,296,11.3
128,mod_inv,297,11.1
128,mod_inv,298,11.4
128,mod_inv,299,11.3
192,point_mul,0,2787.1
192,point_mul,1,2799.0
192,point_mul,2,2743.2
192,point_mul,3,2749.7
192,point_mul,4,2754.5
192,point_mul,5,2738.5
192,point_mul,6,2746.1
192,point_mul,7,2756.4
192,point_mul,8,2740.0
192,point_mul,9,2790.0
192,point_mul,10,2738.1
192,point_mul,11,2751.6
192,point_mul,12,2739.3
192,point_mul,13,2744.6
192,point_mul,14,2712.8
192,point_mul,15,2819.5
192,point_mul,16,2807.4
192,point_mul,17,2747.7
192,point_mul,18,2771.5
192,point_mul,19,2722.9
192,point_mul,20,2717.2
192,point_mul,21,2841.3
192,point_mul,22,2727.1
192,point_mul,23,2748.7
192,point_mul,24,2735.9
192,point_mul,25,2737.2
192,point_mul,26,2780.7
192,point_mul,27,2717.8
192,point_mul,28,2749.1
192,point_mul,29,2740.6
192,point_mul,30,2734.2
192,point_mul,31,2818.4
192,point_mul,32,2737.3
192,point_mul,33,2730.9
192,point_mul,34,2741.0
192,point_mul,35,2723.0
192,point_mul,36,2792.9
192,point_mul,37,2719.0
192,point_mul,38,2852.0
192,point_mul,39,2745.3
192,point_mul,40,2725.6
192,point_mul,41,2790.7
192,point_mul,42,2751.8
192,point_mul,43,2810.8
192,point_mul,44,2989.9
192,point_mul,45,2739.2
192,point_mul,46,2982.3
192,point_mul,47,2811.9
192,point_mul,48,2804.7
192,point_mul,49,2750.3
192,point_mul,50,2729.0
192,point_mul,51,2929.3
192,point_mul,52,2749.9
192,point_mul,53,3023.8
192,point_mul,54,2812.1
192,point_mul,55,2825.4
192,point_mul,56,2869.3
192,point_mul,57,2707.6
192,point_mul,58,2889.5
192,point_mul,59,2734.2
192,point_mul,60,2891.3
192,point_mul,61,2742.3
192,point_mul,62,2741.2
192,point_mul,63,2861.9
192,point_mul,64,2736.4
192,point_mul,65,2959.5
192,point_mul,66,2742.0
192,point_mul,67,2791.8
192,point_mul,68,2775.6
192,point_mul,69,2731.1
192,point_mul,70,2771.2
192,point_mul,71,2744.4
192,point_mul,72,2797.5
192,point_mul,73,2954.5
192,point_mul,74,2715.2
192,point_mul,75,2790.9
192,point_mul,76,2723.2
192,point_mul,77,2712.3
192,point_mul,78,3146.5
192,point_mul,79,2745.6
192,point_mul,80,2784.1
192,point_mul,81,2742.5
192,point_mul,82,2741.4
192,point_mul,83,2814.9
192,point_mul,84,2787.1
192,point_mul,85,3761.3
192,point_mul,86,2907.9
192,point_mul,87,2895.3
192,point_mul,88,2903.1
192,point_mul,89,2766.0
192,point_mul,90,3199.8
192,point_mul,91,3135.9
192,point_mul,92,2973.4
192,point_mul,93,2756.6
192,point_mul,94,2888.5
192,point_mul,95,2730.1
192,point_mul,96,2715.5
192,point_mul,97,2846.0
192,point_mul,98,2794.6
192,point_mul,99,2868.1
192,point_mul,100,2753.0
192,point_mul,101,2836.8
192,point_mul,102,2801.7
192,point_mul,103,2737.6
192,point_mul,104,3060.6
192,point_mul,105,2930.1
192,point_mul,106,3008.3
192,point_mul,107,2821.1
192,point_mul,108,2726.6
192,point_mul,109,2949.3
192,point_mul,110,2743.1
192,point_mul,111,3007.5
192,point_mul,112,2742.6
192,point_mul,113,2717.7
192,point_mul,114,2854.0
192,point_mul,115,2727.0
192,point_mul,116,2859.8
192,point_mul,117,2962.3
192,point_mul,118,2735.9
192,point_mul,119,2919.0
192,point_mul,120,2845.0
192,point_mul,121,2863.8
192,point_mul,122,2866.1
192,point_mul,123,2748.1
192,point_mul,124,2880.6
192,point_mul,125,2986.4
192,point_mul,126,2819.3
192,point_mul,127,2750.9
192,point_mul,128,2734.6
192,point_mul,129,2920.8
192,point_mul,130,2870.7
192,point_mul,131,3015.8
192,point_mul,132,2787.5
192,point_mul,133,2875.4
192,point_mul,134,2762.3
192,point_mul,135,2748.6
192,point_mul,136,2800.0
192,point_mul,137,2738.9
192,point_mul,138,2807.7
192,point_mul,139,3030.8
192,point_mul,140,4161.5
192,point_mul,141,2780.4
192,point_mul,142,2732.8
192,point_mul,143,2961.8
192,point_mul,144,2742.9
192,point_mul,145,2842.7
192,point_mul,146,2745.3
192,point_mul,147,2732.2
192,point_mul,148,2817.4
192,point_mul,149,2736.9
192,point_mul,150,2913.9
192,point_mul,151,2971.4
192,point_mul,152,2759.7
192,point_mul,153,2898.1
192,point_mul,154,2750.1
192,point_mul,155,3079.7
192,point_mul,156,3374.9
192,point_mul,157,3295.9
192,point_mul,158,2742.4
192,point_mul,159,2730.7
192,point_mul,160,2845.7
192,point_mul,161,2956.5
192,point_mul,162,3017.6
192,point_mul,163,2767.3
192,point_mul,164,2741.5
192,point_mul,165,2890.8
192,point_mul,166,3674.8
192,point_mul,167,2954.5
192,point_mul,168,2771.4
192,point_mul,169,2802.0
192,point_mul,170,2753.0
192,point_mul,171,3056.5
192,point_mul,172,2744.8
192,point_mul,173,2729.9
192,point_mul,174,3178.7
192,point_mul,175,2871.1
192,point_mul,176,2816.5
192,point_mul,177,2760.6
192,point_mul,178,2775.3
192,point_mul,179,3075.6
192,point_mul,180,2812.0
192,point_mul,181,2954.7
192,point_mul,182,3007.2
192,point_mul,183,3246.0
192,point_mul,184,2732.3
192,point_mul,185,2848.6
192,point_mul,186,3122.2
192,point_mul,187,2750.2
192,point_mul,188,3176.1
192,point_mul,189,2755.5
192,point_mul,190,3146.7
192,point_mul,191,3251.7
192,point_mul,192,2781.2
192,point_mul,193,2943.0
192,point_mul,194,2837.8
192,point_mul,195,6277.2
192,point_mul,196,5110.4
192,point_mul,197,2844.1
192,point_mul,198,3162.5
192,point_mul,199,2959.4
192,point_mul,200,3069.5
192,point_mul,201,2927.5
192,point_mul,202,2932.8
192,point_mul,203,2962.0
192,point_mul,204,2937.6
192,point_mul,205,3112.2
192,point_mul,206,2862.0
192,point_mul,207,2873.2
192,point_mul,208,2915.5
192,point_mul,209,3008.8
192,point_mul,210,3483.3
192,point_mul,211,3205.6
192,point_mul,212,4298.6
192,point_mul,213,3619.2
192,point_mul,214,3421.1
192,point_mul,215,3369.7
192,point_mul,216,3920.5
192,point_mul,217,4481.3
192,point_mul,218,3093.0
192,point_mul,219,2786.3
192,point_mul,220,2879.5
192,point_mul,221,2916.9
192,point_mul,222,3785.9
192,point_mul,223,2880.6
192,point_mul,224,2870.8
192,point_mul,225,2880.1
192,point_mul,226,3110.0
192,point_mul,227,3176.1
192,point_mul,228,3329.1
192,point_mul,229,8886.6
192,point_mul,230,9197.6
192,point_mul,231,10013.1
192,point_mul,232,11058.7
192,point_mul,233,10185.6
192,point_mul,234,8898.4
192,point_mul,235,7732.0
192,point_mul,236,7641.5
192,point_mul,237,7347.0
192,point_mul,238,7931.9
192,point_mul,239,8815.6
192,point_mul,240,8268.1
192,point_mul,241,8292.8
192,point_mul,242,8410.6
192,point_mul,243,11302.1
192,point_mul,244,12918.1
192,point_mul,245,23540.5
192,point_mul,246,15836.9
192,point_mul,247,9929.5
192,point_mul,248,9654.0
192,point_mul,249,7806.5
192,point_mul,250,10108.2
192,point_mul,251,7302.8
192,point_mul,252,7066.1
192,point_mul,253,8087.8
192,point_mul,254,8041.3
192,point_mul,255,6303.2
192,point_mul,256,7379.4
192,point_mul,257,9587.8
192,point_mul,258,11019.5
192,point_mul,259,6149.0
192,point_mul,260,6985.8
192,point_mul,261,7189.9
192,point_mul,262,8130.0
192,point_mul,263,6542.8
192,point_mul,264,7302.9
192,point_mul,265,7151.4
192,point_mul,266,7332.1
192,point_mul,267,8634.9
192,point_mul,268,8461.5
192,point_mul,269,7433.2
192,point_mul,270,7424.5
192,point_mul,271,7941.8
192,point_mul,272,9187.3
192,point_mul,273,8835.6
192,point_mul,274,7889.9
192,point_mul,275,7783.3
192,point_mul,276,7156.2
192,point_mul,277,7619.1
192,point_mul,278,7344.4
192,point_mul,279,8263.8
192,point_mul,280,10508.0
192,point_mul,281,8178.0
192,point_mul,282,8772.6
192,point_mul,283,8037.8
192,point_mul,284,12465.4
192,point_mul,285,9336.1
192,point_mul,286,11791.7
192,point_mul,287,12491.8
192,point_mul,288,7750.1
192,point_mul,289,7946.6
192,point_mul,290,12291.6
192,point_mul,291,11127.9
192,point_mul,292,8343.8
192,point_mul,293,10307.7
192,point_mul,294,9571.4
192,point_mul,295,8079.2
192,point_mul,296,9282.7
192,point_mul,297,8744.3
192,point_mul,298,8277.9
192,point_mul,299,5975.2
192,point_mul_generator,0,3371.3
192,point_mul_generator,1,2576.7
192,point_mul_generator,2,2221.4
192,point_mul_generator,3,2231.4
192,point_mul_generator,4,2209.5
192,point_mul_generator,5,4508.0
192,point_mul_generator,6,3035.4
192,point_mul_generator,7,2344.4
192,point_mul_generator,8,2354.0
192,point_mul_generator,9,2362.5
192,point_mul_generator,10,2465.7
192,point_mul_generator,11,2470.3
192,point_mul_generator,12,1426.6
192,point_mul_generator,13,1762.6
192,point_mul_generator,14,2293.9
192,point_mul_generator,15,2222.3
192,point_mul_generator,16,2433.9
192,point_mul_generator,17,2210.0
192,point_mul_generator,18,2725.9
192,point_mul_generator,19,2366.3
192,point_mul_generator,20,2346.0
192,point_mul_generator,21,2397.6
192,point_mul_generator,22,2145.2
192,point_mul_generator,23,2118.9
192,point_mul_generator,24,2105.1
192,point_mul_generator,25,2114.0
192,point_mul_generator,26,2135.0
192,point_mul_generator,27,2114.5
192,point_mul_generator,28,2084.3
192,point_mul_generator,29,2110.9
192,point_mul_generator,30,2096.7
192,point_mul_generator,31,2123.1
192,point_mul_generator,32,2277.1
192,point_mul_generator,33,7283.6
192,point_mul_generator,34,4128.6
192,point_mul_generator,35,2309.8
192,point_mul_generator,36,2313.2
192,point_mul_generator,37,2235.8
192,point_mul_generator,38,2319.7
192,point_mul_generator,39,2391.7
192,point_mul_generator,40,2238.3
192,point_mul_generator,41,2163.2
192,point_mul_generator,42,2757.1
192,point_mul_generator,43,2094.0
192,point_mul_generator,44,2463.8
192,point_mul_generator,45,2530.5
192,point_mul_generator,46,2711.9
192,point_mul_generator,47,2240.0
192,point_mul_generator,48,2172.4
192,point_mul_generator,49,2408.6
192,point_mul_generator,50,2194.4
192,point_mul_generator,51,2127.1
192,point_mul_generator,52,2358.4
192,point_mul_generator,53,2132.1
192,point_mul_generator,54,2094.2
192,point_mul_generator,55,2185.4
192,point_mul_generator,56,2176.9
192,point_mul_generator,57,2100.1
192,point_mul_generator,58,2387.9
192,point_mul_generator,59,2207.0
192,point_mul_generator,60,2191.8
192,point_mul_generator,61,2759.0
192,point_mul_generator,62,2113.1
192,point_mul_generator,63,2233.3
192,point_mul_generator,64,2333.4
192,point_mul_generator,65,2252.1
192,point_mul_generator,66,2409.8
192,point_mul_generator,67,2250.3
192,point_mul_generator,68,2479.1
192,point_mul_generator,69,2194.3
192,point_mul_generator,70,2593.0
192,point_mul_generator,71,2533.9
192,point_mul_generator,72,2372.1
192,point_mul_generator,73,3113.5
192,point_mul_generator,74,2423.4
192,point_mul_generator,75,2284.1
192,point_mul_generator,76,2471.7
192,point_mul_generator,77,2144.7
192,point_mul_generator,78,2195.4
192,point_mul_generator,79,2208.6
192,point_mul_generator,80,2122.6
192,point_mul_generator,81,2670.5
192,point_mul_generator,82,1999.2
192,point_mul_generator,83,1505.8
192,point_mul_generator,84,1678.5
192,point_mul_generator,85,2378.8
192,point_mul_generator,86,2356.6
192,point_mul_generator,87,2302.0
192,point_mul_generator,88,2372.9
192,point_mul_generator,89,2247.3
192,point_mul_generator,90,2249.4
192,point_mul_generator,91,2590.8
192,point_mul_generator,92,2705.4
192,point_mul_generator,93,1961.2
192,point_mul_generator,94,2169.7
192,point_mul_generator,95,2132.5
192,point_mul_generator,96,2246.4
192,point_mul_generator,97,2461.1
192,point_mul_generator,98,2752.9
192,point_mul_generator,99,2314.0
192,point_mul_generator,100,3294.3
192,point_mul_generator,101,2305.3
192,point_mul_generator,102,2737.9
192,point_mul_generator,103,2302.1
192,point_mul_generator,104,2881.6
192,point_mul_generator,105,2430.5
192,point_mul_generator,106,2323.5
192,point_mul_generator,107,2237.4
192,point_mul_generator,108,2206.8
192,point_mul_generator,109,2421.7
192,point_mul_generator,110,2209.3
192,point_mul_generator,111,2181.1
192,point_mul_generator,112,2138.5
192,point_mul_generator,113,2415.6
192,point_mul_generator,114,2418.0
192,point_mul_generator,115,4123.5
192,point_mul_generator,116,2407.6
192,point_mul_generator,117,2348.4
192,point_mul_generator,118,2211.8
192,point_mul_generator,119,2352.0
192,point_mul_generator,120,2140.5
192,point_mul_generator,121,2224.9
192,point_mul_generator,122,2267.7
192,point_mul_generator,123,2150.4
192,point_mul_generator,124,2059.0
192,point_mul_generator,125,2076.4
192,point_mul_generator,126,2241.8
192,point_mul_generator,127,2292.4
192,point_mul_generator,128,2183.4
192,point_mul_generator,129,2398.0
192,point_mul_generator,130,2179.5
192,point_mul_generator,131,2225.0
192,point_mul_generator,132,3321.5
192,point_mul_generator,133,2516.6
192,point_mul_generator,134,2580.4
192,point_mul_generator,135,2296.7
192,point_mul_generator,136,2222.4
192,point_mul_generator,137,2648.7
192,point_mul_generator,138,2527.8
192,point_mul_generator,139,2238.4
192,point_mul_generator,140,2356.8
192,point_mul_generator,141,2337.9
192,point_mul_generator,142,2182.7
192,point_mul_generator,143,2635.3
192,point_mul_generator,144,2281.6
192,point_mul_generator,145,2235.3
192,point_mul_generator,146,2373.7
192,point_mul_generator,147,2316.3
192,point_mul_generator,148,2417.3
192,point_mul_generator,149,2548.0
192,point_mul_generator,150,2363.0
192,point_mul_generator,151,2374.4
192,point_mul_generator,152,2307.9
192,point_mul_generator,153,2189.8
192,point_mul_generator,154,2196.4
192,point_mul_generator,155,2560.3
192,point_mul_generator,156,2382.8
192,point_mul_generator,157,2443.3
192,point_mul_generator,158,3064.1
192,point_mul_generator,159,2201.0
192,point_mul_generator,160,2447.8
192,point_mul_generator,161,2335.4
192,point_mul_generator,162,2196.7
192,point_mul_generator,163,2215.8
192,point_mul_generator,164,2524.7
192,point_mul_generator,165,2293.7
192,point_mul_generator,166,2501.0
192,point_mul_generator,167,2668.2
192,point_mul_generator,168,2396.4
192,point_mul_generator,169,2478.2
192,point_mul_generator,170,2743.8
192,point_mul_generator,171,2171.9
192,point_mul_generator,172,2496.9
192,point_mul_generator,173,2568.0
192,point_mul_generator,174,2168.6
192,point_mul_generator,175,2464.9
192,point_mul_generator,176,2389.8
192,point_mul_generator,177,2512.9
192,point_mul_generator,178,2302.3
192,point_mul_generator,179,2811.4
192,point_mul_generator,180,2471.9
192,point_mul_generator,181,2176.0
192,point_mul_generator,182,2142.2
192,point_mul_generator,183,2308.5
192,point_mul_generator,184,2178.6
192,point_mul_generator,185,2308.6
192,point_mul_generator,186,2356.3
192,point_mul_generator,187,3003.5
192,point_mul_generator,188,2243.9
192,point_mul_generator,189,2857.3
192,point_mul_generator,190,2344.5
192,point_mul_generator,191,3039.6
192,point_mul_generator,192,2927.5
192,point_mul_generator,193,2455.5
192,point_mul_generator,194,2335.8
192,point_mul_generator,195,2580.7
192,point_mul_generator,196,2926.7
192,point_mul_generator,197,3482.0
192,point_mul_generator,198,2362.0
192,point_mul_generator,199,2560.8
192,point_mul_generator,200,2968.8
192,point_mul_generator,201,2336.2
192,point_mul_generator,202,2384.2
192,point_mul_generator,203,2898.9
192,point_mul_generator,204,2266.4
192,point_mul_generator,205,2406.9
192,point_mul_generator,206,2116.1
192,point_mul_generator,207,2087.8
192,point_mul_generator,208,2272.5
192,point_mul_generator,209,2223.9
192,point_mul_generator,210,2304.3
192,point_mul_generator,211,2436.9
192,point_mul_generator,212,2242.9
192,point_mul_generator,213,2151.3
192,point_mul_generator,214,3054.7
192,point_mul_generator,215,2723.0
192,point_mul_generator,216,2637.1
192,point_mul_generator,217,2253.1
192,point_mul_generator,218,2062.3
192,point_mul_generator,219,1694.9
192,point_mul_generator,220,2481.2
192,point_mul_generator,221,2121.7
192,point_mul_generator,222,2223.2
192,point_mul_generator,223,2371.7
192,point_mul_generator,224,2134.5
192,point_mul_generator,225,2381.1
192,point_mul_generator,226,2111.2
192,point_mul_generator,227,2158.1
192,point_mul_generator,228,2341.5
192,point_mul_generator,229,2458.0
192,point_mul_generator,230,2189.1
192,point_mul_generator,231,2257.7
192,point_mul_generator,232,2466.6
192,point_mul_generator,233,2332.4
192,point_mul_generator,234,2224.7
192,point_mul_generator,235,2271.5
192,point_mul_generator,236,2169.6
192,point_mul_generator,237,2147.4
192,point_mul_generator,238,2147.7
192,point_mul_generator,239,2102.9
192,point_mul_generator,240,2095.4
192,point_mul_generator,241,2175.9
192,point_mul_generator,242,2218.9
192,point_mul_generator,243,2233.5
192,point_mul_generator,244,2329.4
192,point_mul_generator,245,2413.9
192,point_mul_generator,246,2250.8
192,point_mul_generator,247,1952.1
192,point_mul_generator,248,3394.8
192,point_mul_generator,249,2528.5
192,point_mul_generator,250,2582.5
192,point_mul_generator,251,2346.2
192,point_mul_generator,252,2309.0
192,point_mul_generator,253,2516.9
192,point_mul_generator,254,2334.3
192,point_mul_generator,255,2296.2
192,point_mul_generator,256,2457.6
192,point_mul_generator,257,1379.8
192,point_mul_generator,258,2114.4
192,point_mul_generator,259,2123.6
192,point_mul_generator,260,2147.2
192,point_mul_generator,261,2335.3
192,point_mul_generator,262,2286.6
192,point_mul_generator,263,2220.0
192,point_mul_generator,264,2165.7
192,point_mul_generator,265,2290.6
192,point_mul_generator,266,2132.3
192,point_mul_generator,267,2249.6
192,point_mul_generator,268,2635.3
192,point_mul_generator,269,2325.1
192,point_mul_generator,270,2322.5
192,point_mul_generator,271,2932.2
192,point_mul_generator,272,2780.3
192,point_mul_generator,273,2439.6
192,point_mul_generator,274,2803.8
192,point_mul_generator,275,2422.8
192,point_mul_generator,276,2234.0
192,point_mul_generator,277,2314.0
192,point_mul_generator,278,2180.5
192,point_mul_generator,279,2103.0
192,point_mul_generator,280,1599.0
192,point_mul_generator,281,1396.6
192,point_mul_generator,282,2125.2
192,point_mul_generator,283,2726.3
192,point_mul_generator,284,2251.9
192,point_mul_generator,285,2271.5
192,point_mul_generator,286,2975.5
192,point_mul_generator,287,4343.1
192,point_mul_generator,288,2789.5
192,point_mul_generator,289,2178.0
192,point_mul_generator,290,2309.4
192,point_mul_generator,291,2708.8
192,point_mul_generator,292,2038.6
192,point_mul_generator,293,1558.9
192,point_mul_generator,294,2470.4
192,point_mul_generator,295,2307.5
192,point_mul_generator,296,2275.5
192,point_mul_generator,297,2339.7
192,point_mul_generator,298,2155.0
192,point_mul_generator,299,2148.1
192,point_add,0,21.0
192,point_add,1,17.1
192,point_add,2,16.0
192,point_add,3,14.9
192,point_add,4,14.3
192,point_add,5,14.8
192,point_add,6,14.2
192,point_add,7,14.0
192,point_add,8,14.2
192,point_add,9,14.5
192,point_add,10,14.0
192,point_add,11,14.5
192,point_add,12,14.3
192,point_add,13,14.5
192,point_add,14,14.6
192,point_add,15,14.2
192,point_add,16,13.5
192,point_add,17,13.7
192,point_add,18,13.5
192,point_add,19,13.8
192,point_add,20,13.4
192,point_add,21,13.3
192,point_add,22,13.3
192,point_add,23,13.0
192,point_add,24,13.5
192,point_add,25,14.7
192,point_add,26,14.6
192,point_add,27,14.3
192,point_add,28,13.7
192,point_add,29,14.4
192,point_add,30,14.6
192,point_add,31,15.4
192,point_add,32,14.7
192,point_add,33,15.1
192,point_add,34,14.2
192,point_add,35,13.9
192,point_add,36,13.3
192,point_add,37,13.6
192,point_add,38,13.8
192,point_add,39,14.0
192,point_add,40,13.6
192,point_add,41,14.5
192,point_add,42,14.9
192,point_add,43,14.4
192,point_add,44,13.8
192,point_add,45,13.8
192,point_add,46,13.8
192,point_add,47,14.5
192,point_add,48,14.9
192,point_add,49,15.6
192,point_add,50,14.4
192,point_add,51,14.7
192,point_add,52,14.3
192,point_add,53,14.5
192,point_add,54,15.6
192,point_add,55,15.0
192,point_add,56,13.8
192,point_add,57,13.5
192,point_add,58,14.1
192,point_add,59,14.8
192,point_add,60,13.6
192,point_add,61,13.8
192,point_add,62,13.8
192,point_add,63,13.8
192,point_add,64,14.0
192,point_add,65,15.0
192,point_add,66,14.4
192,point_add,67,15.2
192,point_add,68,14.3
192,point_add,69,14.9
192,point_add,70,14.2
192,point_add,71,14.1
192,point_add,72,14.3
192,point_add,73,14.2
192,point_add,74,13.3
192,point_add,75,14.0
192,point_add,76,14.9
192,point_add,77,16.3
192,point_add,78,14.1
192,point_add,79,13.3
192,point_add,80,14.3
192,point_add,81,13.3
192,point_add,82,13.8
192,point_add,83,14.0
192,point_add,84,14.8
192,point_add,85,14.3
192,point_add,86,14.2
192,point_add,87,13.9
192,point_add,88,14.2
192,point_add,89,13.7
192,point_add,90,14.5
192,point_add,91,13.7
192,point_add,92,14.3
192,point_add,93,16.2
192,point_add,94,14.7
192,point_add,95,13.9
192,point_add,96,13.6
192,point_add,97,14.2
192,point_add,98,14.3
192,point_add,99,13.2
192,point_add,100,13.5
192,point_add,101,13.3
192,point_add,102,13.7
192,point_add,103,13.8
192,point_add,104,14.6
192,point_add,105,13.9
192,point_add,106,13.9
192,point_add,107,14.0
192,point_add,108,13.5
192,point_add,109,15.7
192,point_add,110,14.2
192,point_add,111,701.6
192,point_add,112,25.3
192,point_add,113,17.2
192,point_add,114,14.9
192,point_add,115,14.2
192,point_add,116,14.1
192,point_add,117,13.5
192,point_add,118,13.3
192,point_add,119,13.4
192,point_add,120,13.7
192,point_add,121,13.2
192,point_add,122,13.0
192,point_add,123,13.0
192,point_add,124,12.8
192,point_add,125,13.0
192,point_add,126,13.1
192,point_add,127,13.3
192,point_add,128,13.1
192,point_add,129,15.3
192,point_add,130,13.3
192,point_add,131,13.3
192,point_add,132,13.5
192,point_add,133,12.9
192,point_add,134,12.6
192,point_add,135,12.7
192,point_add,136,12.8
192,point_add,137,13.3
192,point_add,138,13.0
192,point_add,139,12.6
192,point_add,140,12.9
192,point_add,141,13.1
192,point_add,142,13.1
192,point_add,143,13.0
192,point_add,144,12.9
192,point_add,145,12.8
192,point_add,146,13.0
192,point_add,147,12.8
192,point_add,148,12.7
192,point_add,149,13.7
192,point_add,150,12.9
192,point_add,151,12.6
192,point_add,152,12.9
192,point_add,153,13.5
192,point_add,154,13.3
192,point_add,155,13.4
192,point_add,156,12.9
192,point_add,157,12.6
192,point_add,158,12.5
192,point_add,159,12.8
192,point_add,160,13.2
192,point_add,161,13.2
192,point_add,162,13.4
192,point_add,163,12.9
192,point_add,164,13.1
192,point_add,165,13.3
192,point_add,166,13.3
192,point_add,167,13.2
192,point_add,168,12.9
192,point_add,169,12.9
192,point_add,170,13.1
192,point_add,171,13.7
192,point_add,172,13.1
192,point_add,173,15.1
192,point_add,174,14.6
192,point_add,175,14.0
192,point_add,176,13.0
192,point_add,177,13.4
192,point_add,178,13.4
192,point_add,179,13.1
192,point_add,180,13.9
192,point_add,181,14.0
192,point_add,182,14.1
192,point_add,183,13.4
192,point_add,184,13.9
192,point_add,185,13.3
192,point_add,186,13.1
192,point_add,187,13.6
192,point_add,188,13.5
192,point_add,189,13.4
192,point_add,190,13.7
192,point_add,191,13.5
192,point_add,192,12.9
192,point_add,193,12.9
192,point_add,194,13.2
192,point_add,195,13.2
192,point_add,196,12.9
192,point_add,197,13.1
192,point_add,198,13.3
192,point_add,199,13.5
192,point_add,200,13.2
192,point_add,201,15.1
192,point_add,202,13.6
192,point_add,203,13.1
192,point_add,204,13.1
192,point_add,205,12.9
192,point_add,206,13.3
192,point_add,207,16.1
192,point_add,208,14.6
192,point_add,209,35.1
192,point_add,210,14.6
192,point_add,211,12.9
192,point_add,212,12.9
192,point_add,213,12.6
192,point_add,214,13.1
192,point_add,215,13.0
192,point_add,216,12.8
192,point_add,217,12.8
192,point_add,218,12.8
192,point_add,219,12.9
192,point_add,220,13.1
192,point_add,221,13.0
192,point_add,222,13.1
192,point_add,223,13.4
192,point_add,224,13.2
192,point_add,225,12.8
192,point_add,226,12.8
192,point_add,227,12.9
192,point_add,228,12.9
192,point_add,229,13.0
192,point_add,230,13.7
192,point_add,231,13.8
192,point_add,232,13.6
192,point_add,233,15.9
192,point_add,234,13.9
192,point_add,235,13.7
192,point_add,236,13.4
192,point_add,237,14.0
192,point_add,238,13.9
192,point_add,239,13.5
192,point_add,240,13.1
192,point_add,241,14.0
192,point_add,242,13.7
192,point_add,243,14.4
192,point_add,244,14.7
192,point_add,245,14.2
192,point_add,246,13.9
192,point_add,247,13.6
192,point_add,248,13.2
192,point_add,249,13.6
192,point_add,250,13.5
192,point_add,251,13.5
192,point_add,252,13.7
192,point_add,253,13.4
192,point_add,254,13.2
192,point_add,255,13.4
192,point_add,256,13.4
192,point_add,257,13.6
192,point_add,258,13.9
192,point_add,259,13.2
192,point_add,260,13.0
192,point_add,261,13.1
192,point_add,262,13.4
192,point_add,263,13.9
192,point_add,264,13.9
192,point_add,265,13.3
192,point_add,266,13.1
192,point_add,267,12.9
192,point_add,268,13.0
192,point_add,269,16.0
192,point_add,270,13.4
192,point_add,271,13.2
192,point_add,272,12.9
192,point_add,273,13.9
192,point_add,274,13.8
192,point_add,275,13.7
192,point_add,276,14.3
192,point_add,277,13.6
192,point_add,278,13.6
192,point_add,279,14.0
192,point_add,280,13.5
192,point_add,281,14.1
192,point_add,282,14.6
192,point_add,283,14.1
192,point_add,284,13.6
192,point_add,285,13.8
192,point_add,286,13.9
192,point_add,287,13.5
192,point_add,288,13.8
192,point_add,289,13.2
192,point_add,290,13.6
192,point_add,291,13.4
192,point_add,292,13.8
192,point_add,293,13.6
192,point_add,294,13.2
192,point_add,295,28.5
192,point_add,296,16.3
192,point_add,297,14.4
192,point_add,298,14.2
192,point_add,299,13.6
192,hash,0,10.1
192,hash,1,6.6
192,hash,2,5.8
192,hash,3,5.5
192,hash,4,5.1
192,hash,5,5.3
192,hash,6,5.2
192,hash,7,5.0
192,hash,8,4.9
192,hash,9,5.1
192,hash,10,5.1
192,hash,11,5.0
192,hash,12,4.9
192,hash,13,5.5
192,hash,14,4.9
192,hash,15,4.9
192,hash,16,5.0
192,hash,17,5.3
192,hash,18,5.6
192,hash,19,5.3
192,hash,20,5.2
192,hash,21,5.0
192,hash,22,4.8
192,hash,23,4.9
192,hash,24,5.0
192,hash,25,5.1
192,hash,26,5.0
192,hash,27,4.9
192,hash,28,5.1
192,hash,29,4.9
192,hash,30,4.9
192,hash,31,4.9
192,hash,32,5.4
192,hash,33,5.5
192,hash,34,5.2
192,hash,35,4.9
192,hash,36,5.6
192,hash,37,5.4
192,hash,38,5.1
192,hash,39,24.2
192,hash,40,7.6
192,hash,41,5.4
192,hash,42,5.0
192,hash,43,5.1
192,hash,44,4.9
192,hash,45,5.2
192,hash,46,5.4
192,hash,47,5.4
192,hash,48,5.1
192,hash,49,4.8
192,hash,50,4.9
192,hash,51,5.2
192,hash,52,5.5
192,hash,53,5.3
192,hash,54,5.8
192,hash,55,5.5
192,hash,56,5.6
192,hash,57,5.1
192,hash,58,5.2
192,hash,59,5.3
192,hash,60,5.5
192,hash,61,5.4
192,hash,62,5.4
192,hash,63,5.8
192,hash,64,5.4
192,hash,65,6.3
192,hash,66,5.3
192,hash,67,5.1
192,hash,68,5.4
192,hash,69,5.3
192,hash,70,5.2
192,hash,71,5.5
192,hash,72,5.1
192,hash,73,5.3
192,hash,74,5.0
192,hash,75,5.0
192,hash,76,5.1
192,hash,77,5.8
192,hash,78,5.3
192,hash,79,5.1
192,hash,80,4.9
192,hash,81,5.3
192,hash,82,5.1
192,hash,83,5.4
192,hash,84,5.7
192,hash,85,5.2
192,hash,86,5.9
192,hash,87,5.7
192,hash,88,5.6
192,hash,89,5.2
192,hash,90,5.0
192,hash,91,5.6
192,hash,92,5.9
192,hash,93,6.7
192,hash,94,6.0
192,hash,95,5.4
192,hash,96,5.5
192,hash,97,5.7
192,hash,98,5.6
192,hash,99,5.0
192,hash,100,5.2
192,hash,101,5.6
192,hash,102,5.4
192,hash,103,6.2
192,hash,104,5.8
192,hash,105,5.7
192,hash,106,5.7
192,hash,107,5.5
192,hash,108,5.5
192,hash,109,6.3
192,hash,110,6.0
192,hash,111,5.2
192,hash,112,5.5
192,hash,113,6.4
192,hash,114,5.9
192,hash,115,5.4
192,hash,116,6.0
192,hash,117,5.6
192,hash,118,5.4
192,hash,119,5.8
192,hash,120,5.2
192,hash,121,5.2
192,hash,122,5.7
192,hash,123,5.4
192,hash,124,5.7
192,hash,125,5.9
192,hash,126,5.9
192,hash,127,5.1
192,hash,128,5.5
192,hash,129,5.7
192,hash,130,6.2
192,hash,131,5.6
192,hash,132,5.5
192,hash,133,5.9
192,hash,134,5.1
192,hash,135,5.0
192,hash,136,5.2
192,hash,137,5.3
192,hash,138,5.1
192,hash,139,5.0
192,hash,140,5.1
192,hash,141,4.8
192,hash,142,5.4
192,hash,143,5.3
192,hash,144,5.5
192,hash,145,6.1
192,hash,146,5.5
192,hash,147,5.0
192,hash,148,5.1
192,hash,149,6.0
192,hash,150,5.7
192,hash,151,5.4
192,hash,152,4.9
192,hash,153,5.1
192,hash,154,5.3
192,hash,155,5.6
192,hash,156,5.7
192,hash,157,5.6
192,hash,158,5.8
192,hash,159,6.1
192,hash,160,5.4
192,hash,161,5.2
192,hash,162,5.3
192,hash,163,5.3
192,hash,164,5.2
192,hash,165,357.2
192,hash,166,26.2
192,hash,167,7.8
192,hash,168,5.9
192,hash,169,5.4
192,hash,170,5.3
192,hash,171,5.3
192,hash,172,5.1
192,hash,173,5.7
192,hash,174,5.1
192,hash,175,5.2
192,hash,176,5.2
192,hash,177,5.1
192,hash,178,6.3
192,hash,179,5.4
192,hash,180,5.7
192,hash,181,5.2
192,hash,182,5.1
192,hash,183,5.1
192,hash,184,5.2
192,hash,185,5.2
192,hash,186,5.4
192,hash,187,5.5
192,hash,188,5.4
192,hash,189,5.3
192,hash,190,5.2
192,hash,191,5.0
192,hash,192,5.0
192,hash,193,5.0
192,hash,194,5.4
192,hash,195,5.4
192,hash,196,5.3
192,hash,197,5.6
192,hash,198,5.3
192,hash,199,5.0
192,hash,200,5.1
192,hash,201,6.4
192,hash,202,5.3
192,hash,203,4.9
192,hash,204,5.5
192,hash,205,5.3
192,hash,206,5.2
192,hash,207,5.6
192,hash,208,5.5
192,hash,209,5.3
192,hash,210,4.9
192,hash,211,5.5
192,hash,212,6.0
192,hash,213,5.7
192,hash,214,6.2
192,hash,215,6.0
192,hash,216,5.8
192,hash,217,6.1
192,hash,218,5.4
192,hash,219,5.1
192,hash,220,5.6
192,hash,221,5.3
192,hash,222,5.8
192,hash,223,5.5
192,hash,224,5.2
192,hash,225,5.9
192,hash,226,5.7
192,hash,227,5.6
192,hash,228,5.4
192,hash,229,5.3
192,hash,230,5.6
192,hash,231,5.6
192,hash,232,5.2
192,hash,233,6.3
192,hash,234,5.7
192,hash,235,6.0
192,hash,236,5.5
192,hash,237,5.5
192,hash,238,5.5
192,hash,239,5.1
192,hash,240,4.9
192,hash,241,4.9
192,hash,242,5.0
192,hash,243,4.8
192,hash,244,4.7
192,hash,245,4.6
192,hash,246,4.7
192,hash,247,4.8
192,hash,248,5.0
192,hash,249,4.9
192,hash,250,5.0
192,hash,251,5.4
192,hash,252,5.1
192,hash,253,5.1
192,hash,254,5.0
192,hash,255,5.8
192,hash,256,5.5
192,hash,257,5.2
192,hash,258,4.9
192,hash,259,4.8
192,hash,260,4.8
192,hash,261,4.9
192,hash,262,4.9
192,hash,263,5.0
192,hash,264,5.1
192,hash,265,5.0
192,hash,266,5.0
192,hash,267,5.1
192,hash,268,5.1
192,hash,269,6.4
192,hash,270,5.4
192,hash,271,5.7
192,hash,272,5.2
192,hash,273,5.2
192,hash,274,5.4
192,hash,275,5.2
192,hash,276,5.3
192,hash,277,5.0
192,hash,278,5.0
192,hash,279,5.0
192,hash,280,4.8
192,hash,281,5.2
192,hash,282,5.0
192,hash,283,5.4
192,hash,284,5.4
192,hash,285,5.3
192,hash,286,5.1
192,hash,287,5.3
192,hash,288,5.0
192,hash,289,4.9
192,hash,290,4.9
192,hash,291,4.6
192,hash,292,5.1
192,hash,293,5.2
192,hash,294,5.0
192,hash,295,5.2
192,hash,296,5.1
192,hash,297,5.0
192,hash,298,5.0
192,hash,299,5.0
192,sym_enc,0,37.0
192,sym_enc,1,25.8
192,sym_enc,2,24.0
192,sym_enc,3,50.0
192,sym_enc,4,24.5
192,sym_enc,5,22.5
192,sym_enc,6,22.7
192,sym_enc,7,23.5
192,sym_enc,8,22.7
192,sym_enc,9,22.7
192,sym_enc,10,22.6
192,sym_enc,11,22.7
192,sym_enc,12,22.0
192,sym_enc,13,21.6
192,sym_enc,14,21.4
192,sym_enc,15,22.0
192,sym_enc,16,21.7
192,sym_enc,17,23.2
192,sym_enc,18,22.8
192,sym_enc,19,22.2
192,sym_enc,20,21.7
192,sym_enc,21,22.5
192,sym_enc,22,22.0
192,sym_enc,23,24.0
192,sym_enc,24,22.2
192,sym_enc,25,23.0
192,sym_enc,26,21.9
192,sym_enc,27,22.5
192,sym_enc,28,22.7
192,sym_enc,29,22.4
192,sym_enc,30,22.2
192,sym_enc,31,22.1
192,sym_enc,32,22.0
192,sym_enc,33,22.0
192,sym_enc,34,21.4
192,sym_enc,35,21.8
192,sym_enc,36,21.5
192,sym_enc,37,21.8
192,sym_enc,38,21.8
192,sym_enc,39,22.4
192,sym_enc,40,21.8
192,sym_enc,41,22.2
192,sym_enc,42,21.9
192,sym_enc,43,21.2
192,sym_enc,44,21.7
192,sym_enc,45,21.6
192,sym_enc,46,21.5
192,sym_enc,47,21.6
192,sym_enc,48,22.0
192,sym_enc,49,21.6
192,sym_enc,50,22.0
192,sym_enc,51,21.9
192,sym_enc,52,22.4
192,sym_enc,53,22.1
192,sym_enc,54,21.8
192,sym_enc,55,21.9
192,sym_enc,56,21.4
192,sym_enc,57,21.7
192,sym_enc,58,21.8
192,sym_enc,59,22.0
192,sym_enc,60,21.8
192,sym_enc,61,21.6
192,sym_enc,62,21.6
192,sym_enc,63,21.3
192,sym_enc,64,21.7
192,sym_enc,65,22.9
192,sym_enc,66,22.9
192,sym_enc,67,22.3
192,sym_enc,68,22.1
192,sym_enc,69,22.3
192,sym_enc,70,22.7
192,sym_enc,71,23.1
192,sym_enc,72,22.4
192,sym_enc,73,21.5
192,sym_enc,74,21.5
192,sym_enc,75,21.8
192,sym_enc,76,22.8
192,sym_enc,77,21.8
192,sym_enc,78,21.9
192,sym_enc,79,21.8
192,sym_enc,80,22.0
192,sym_enc,81,21.9
192,sym_enc,82,22.2
192,sym_enc,83,21.9
192,sym_enc,84,21.9
192,sym_enc,85,21.7
192,sym_enc,86,21.5
192,sym_enc,87,21.6
192,sym_enc,88,21.8
192,sym_enc,89,22.0
192,sym_enc,90,39.4
192,sym_enc,91,24.5
192,sym_enc,92,21.6
192,sym_enc,93,21.9
192,sym_enc,94,21.6
192,sym_enc,95,22.1
192,sym_enc,96,21.6
192,sym_enc,97,21.4
192,sym_enc,98,21.8
192,sym_enc,99,21.8
192,sym_enc,100,22.0
192,sym_enc,101,21.7
192,sym_enc,102,21.3
192,sym_enc,103,21.2
192,sym_enc,104,21.6
192,sym_enc,105,21.6
192,sym_enc,106,21.6
192,sym_enc,107,21.4
192,sym_enc,108,21.5
192,sym_enc,109,22.2
192,sym_enc,110,21.5
192,sym_enc,111,22.0
192,sym_enc,112,21.7
192,sym_enc,113,21.6
192,sym_enc,114,22.0
192,sym_enc,115,21.7
192,sym_enc,116,21.6
192,sym_enc,117,22.0
192,sym_enc,118,21.8
192,sym_enc,119,21.4
192,sym_enc,120,22.1
192,sym_enc,121,21.4
192,sym_enc,122,21.5
192,sym_enc,123,21.4
192,sym_enc,124,21.8
192,sym_enc,125,22.2
192,sym_enc,126,21.4
192,sym_enc,127,21.4
192,sym_enc,128,21.9
192,sym_enc,129,21.9
192,sym_enc,130,22.3
192,sym_enc,131,22.0
192,sym_enc,132,21.5
192,sym_enc,133,21.8
192,sym_enc,134,22.1
192,sym_enc,135,22.6
192,sym_enc,136,22.1
192,sym_enc,137,21.5
192,sym_enc,138,21.7
192,sym_enc,139,21.9
192,sym_enc,140,21.4
192,sym_enc,141,23.4
192,sym_enc,142,22.7
192,sym_enc,143,22.4
192,sym_enc,144,22.7
192,sym_enc,145,22.9
192,sym_enc,146,22.3
192,sym_enc,147,21.7
192,sym_enc,148,21.8
192,sym_enc,149,22.0
192,sym_enc,150,21.7
192,sym_enc,151,21.3
192,sym_enc,152,21.8
192,sym_enc,153,171.7
192,sym_enc,154,216.5
192,sym_enc,155,111.5
192,sym_enc,156,37.5
192,sym_enc,157,26.6
192,sym_enc,158,24.4
192,sym_enc,159,23.9
192,sym_enc,160,24.4
192,sym_enc,161,25.3
192,sym_enc,162,25.3
192,sym_enc,163,24.2
192,sym_enc,164,24.6
192,sym_enc,165,23.5
192,sym_enc,166,24.4
192,sym_enc,167,112.8
192,sym_enc,168,44.2
192,sym_enc,169,28.6
192,sym_enc,170,25.1
192,sym_enc,171,24.3
192,sym_enc,172,23.3
192,sym_enc,173,24.3
192,sym_enc,174,23.4
192,sym_enc,175,23.1
192,sym_enc,176,22.8
192,sym_enc,177,22.4
192,sym_enc,178,22.6
192,sym_enc,179,22.7
192,sym_enc,180,22.4
192,sym_enc,181,22.6
192,sym_enc,182,22.9
192,sym_enc,183,23.4
192,sym_enc,184,43.3
192,sym_enc,185,23.2
192,sym_enc,186,22.1
192,sym_enc,187,21.8
192,sym_enc,188,21.8
192,sym_enc,189,21.8
192,sym_enc,190,21.9
192,sym_enc,191,21.9
192,sym_enc,192,22.4
192,sym_enc,193,22.3
192,sym_enc,194,22.1
192,sym_enc,195,22.4
192,sym_enc,196,22.2
192,sym_enc,197,22.2
192,sym_enc,198,22.2
192,sym_enc,199,22.8
192,sym_enc,200,21.8
192,sym_enc,201,22.2
192,sym_enc,202,476.1
192,sym_enc,203,69.9
192,sym_enc,204,23.5
192,sym_enc,205,18.1
192,sym_enc,206,17.7
192,sym_enc,207,15.5
192,sym_enc,208,15.3
192,sym_enc,209,15.4
192,sym_enc,210,15.4
192,sym_enc,211,15.0
192,sym_enc,212,15.0
192,sym_enc,213,14.8
192,sym_enc,214,14.9
192,sym_enc,215,14.3
192,sym_enc,216,14.1
192,sym_enc,217,13.9
192,sym_enc,218,13.7
192,sym_enc,219,14.0
192,sym_enc,220,14.2
192,sym_enc,221,14.0
192,sym_enc,222,13.8
192,sym_enc,223,13.7
192,sym_enc,224,13.4
192,sym_enc,225,13.5
192,sym_enc,226,13.6
192,sym_enc,227,14.5
192,sym_enc,228,14.1
192,sym_enc,229,14.2
192,sym_enc,230,14.2
192,sym_enc,231,14.7
192,sym_enc,232,14.3
192,sym_enc,233,14.8
192,sym_enc,234,14.8
192,sym_enc,235,14.3
192,sym_enc,236,14.0
192,sym_enc,237,14.2
192,sym_enc,238,14.2
192,sym_enc,239,13.8
192,sym_enc,240,14.2
192,sym_enc,241,14.8
192,sym_enc,242,15.0
192,sym_enc,243,15.3
192,sym_enc,244,15.4
192,sym_enc,245,16.5
192,sym_enc,246,14.1
192,sym_enc,247,14.7
192,sym_enc,248,14.4
192,sym_enc,249,14.4
192,sym_enc,250,14.5
192,sym_enc,251,14.9
192,sym_enc,252,15.5
192,sym_enc,253,15.2
192,sym_enc,254,15.3
192,sym_enc,255,14.6
192,sym_enc,256,14.8
192,sym_enc,257,14.3
192,sym_enc,258,14.4
192,sym_enc,259,14.1
192,sym_enc,260,13.7
192,sym_enc,261,13.6
192,sym_enc,262,14.5
192,sym_enc,263,15.1
192,sym_enc,264,14.2
192,sym_enc,265,14.2
192,sym_enc,266,14.5
192,sym_enc,267,14.5
192,sym_enc,268,14.7
192,sym_enc,269,15.3
192,sym_enc,270,14.5
192,sym_enc,271,13.9
192,sym_enc,272,14.1
192,sym_enc,273,15.0
192,sym_enc,274,15.2
192,sym_enc,275,15.2
192,sym_enc,276,14.6
192,sym_enc,277,14.0
192,sym_enc,278,14.1
192,sym_enc,279,14.1
192,sym_enc,280,14.4
192,sym_enc,281,14.6
192,sym_enc,282,14.8
192,sym_enc,283,14.5
192,sym_enc,284,14.2
192,sym_enc,285,15.1
192,sym_enc,286,14.7
192,sym_enc,287,14.5
192,sym_enc,288,14.4
192,sym_enc,289,14.5
192,sym_enc,290,14.8
192,sym_enc,291,15.5
192,sym_enc,292,15.5
192,sym_enc,293,15.0
192,sym_enc,294,22.3
192,sym_enc,295,23.7
192,sym_enc,296,22.8
192,sym_enc,297,23.5
192,sym_enc,298,23.2
192,sym_enc,299,23.9
192,sym_dec,0,19.3
192,sym_dec,1,17.4
192,sym_dec,2,17.2
192,sym_dec,3,17.1
192,sym_dec,4,16.6
192,sym_dec,5,15.8
192,sym_dec,6,15.3
192,sym_dec,7,15.7
192,sym_dec,8,15.4
192,sym_dec,9,15.7
192,sym_dec,10,15.4
192,sym_dec,11,17.9
192,sym_dec,12,16.6
192,sym_dec,13,16.1
192,sym_dec,14,40.9
192,sym_dec,15,16.7
192,sym_dec,16,16.3
192,sym_dec,17,20.4
192,sym_dec,18,15.4
192,sym_dec,19,15.2
192,sym_dec,20,15.3
192,sym_dec,21,14.6
192,sym_dec,22,14.9
192,sym_dec,23,15.2
192,sym_dec,24,15.2
192,sym_dec,25,15.3
192,sym_dec,26,16.4
192,sym_dec,27,16.5
192,sym_dec,28,16.9
192,sym_dec,29,17.2
192,sym_dec,30,17.0
192,sym_dec,31,17.4
192,sym_dec,32,17.2
192,sym_dec,33,16.3
192,sym_dec,34,16.6
192,sym_dec,35,16.9
192,sym_dec,36,17.5
192,sym_dec,37,19.0
192,sym_dec,38,17.1
192,sym_dec,39,16.8
192,sym_dec,40,16.3
192,sym_dec,41,19.1
192,sym_dec,42,19.7
192,sym_dec,43,18.4
192,sym_dec,44,18.6
192,sym_dec,45,17.5
192,sym_dec,46,17.0
192,sym_dec,47,17.1
192,sym_dec,48,16.3
192,sym_dec,49,16.7
192,sym_dec,50,16.1
192,sym_dec,51,16.5
192,sym_dec,52,17.1
192,sym_dec,53,16.9
192,sym_dec,54,17.0
192,sym_dec,55,16.9
192,sym_dec,56,17.8
192,sym_dec,57,17.5
192,sym_dec,58,17.6
192,sym_dec,59,18.5
192,sym_dec,60,16.8
192,sym_dec,61,16.5
192,sym_dec,62,16.5
192,sym_dec,63,17.4
192,sym_dec,64,16.2
192,sym_dec,65,17.7
192,sym_dec,66,17.6
192,sym_dec,67,17.2
192,sym_dec,68,18.2
192,sym_dec,69,17.9
192,sym_dec,70,17.1
192,sym_dec,71,16.9
192,sym_dec,72,16.5
192,sym_dec,73,16.8
192,sym_dec,74,16.5
192,sym_dec,75,17.7
192,sym_dec,76,17.0
192,sym_dec,77,16.4
192,sym_dec,78,17.4
192,sym_dec,79,16.7
192,sym_dec,80,17.3
192,sym_dec,81,18.0
192,sym_dec,82,17.9
192,sym_dec,83,17.3
192,sym_dec,84,17.3
192,sym_dec,85,15.9
192,sym_dec,86,17.1
192,sym_dec,87,16.8
192,sym_dec,88,17.7
192,sym_dec,89,16.6
192,sym_dec,90,16.0
192,sym_dec,91,17.8
192,sym_dec,92,18.2
192,sym_dec,93,17.6
192,sym_dec,94,16.7
192,sym_dec,95,16.5
192,sym_dec,96,16.9
192,sym_dec,97,16.1
192,sym_dec,98,17.2
192,sym_dec,99,16.8
192,sym_dec,100,17.4
192,sym_dec,101,17.9
192,sym_dec,102,17.4
192,sym_dec,103,17.6
192,sym_dec,104,17.4
192,sym_dec,105,17.1
192,sym_dec,106,16.7
192,sym_dec,107,17.1
192,sym_dec,108,16.3
192,sym_dec,109,17.6
192,sym_dec,110,16.6
192,sym_dec,111,16.7
192,sym_dec,112,16.3
192,sym_dec,113,15.9
192,sym_dec,114,18.0
192,sym_dec,115,16.8
192,sym_dec,116,16.9
192,sym_dec,117,16.2
192,sym_dec,118,17.1
192,sym_dec,119,17.2
192,sym_dec,120,17.0
192,sym_dec,121,17.0
192,sym_dec,122,16.9
192,sym_dec,123,15.8
192,sym_dec,124,17.1
192,sym_dec,125,17.9
192,sym_dec,126,39.8
192,sym_dec,127,17.6
192,sym_dec,128,16.1
192,sym_dec,129,16.2
192,sym_dec,130,16.0
192,sym_dec,131,16.7
192,sym_dec,132,16.7
192,sym_dec,133,16.8
192,sym_dec,134,17.0
192,sym_dec,135,16.4
192,sym_dec,136,17.4
192,sym_dec,137,17.3
192,sym_dec,138,16.8
192,sym_dec,139,16.9
192,sym_dec,140,16.5
192,sym_dec,141,16.7
192,sym_dec,142,16.8
192,sym_dec,143,18.1
192,sym_dec,144,18.0
192,sym_dec,145,16.9
192,sym_dec,146,16.3
192,sym_dec,147,16.5
192,sym_dec,148,17.6
192,sym_dec,149,17.8
192,sym_dec,150,38.4
192,sym_dec,151,20.9
192,sym_dec,152,15.8
192,sym_dec,153,15.9
192,sym_dec,154,15.5
192,sym_dec,155,15.8
192,sym_dec,156,16.1
192,sym_dec,157,16.0
192,sym_dec,158,15.6
192,sym_dec,159,15.8
192,sym_dec,160,15.3
192,sym_dec,161,15.6
192,sym_dec,162,15.5
192,sym_dec,163,15.4
192,sym_dec,164,15.6
192,sym_dec,165,15.4
192,sym_dec,166,16.3
192,sym_dec,167,16.3
192,sym_dec,168,15.4
192,sym_dec,169,15.9
192,sym_dec,170,15.3
192,sym_dec,171,16.6
192,sym_dec,172,18.7
192,sym_dec,173,16.9
192,sym_dec,174,17.0
192,sym_dec,175,17.0
192,sym_dec,176,16.1
192,sym_dec,177,15.4
192,sym_dec,178,16.3
192,sym_dec,179,15.8
192,sym_dec,180,17.0
192,sym_dec,181,16.1
192,sym_dec,182,16.4
192,sym_dec,183,18.3
192,sym_dec,184,17.2
192,sym_dec,185,17.1
192,sym_dec,186,17.1
192,sym_dec,187,16.3
192,sym_dec,188,17.3
192,sym_dec,189,16.7
192,sym_dec,190,15.5
192,sym_dec,191,15.7
192,sym_dec,192,16.3
192,sym_dec,193,16.5
192,sym_dec,194,17.5
192,sym_dec,195,17.5
192,sym_dec,196,16.0
192,sym_dec,197,16.4
192,sym_dec,198,17.5
192,sym_dec,199,17.2
192,sym_dec,200,17.2
192,sym_dec,201,17.1
192,sym_dec,202,15.8
192,sym_dec,203,16.1
192,sym_dec,204,17.0
192,sym_dec,205,16.5
192,sym_dec,206,17.2
192,sym_dec,207,19.9
192,sym_dec,208,17.7
192,sym_dec,209,16.6
192,sym_dec,210,16.7
192,sym_dec,211,16.9
192,sym_dec,212,16.6
192,sym_dec,213,16.4
192,sym_dec,214,15.7
192,sym_dec,215,17.6
192,sym_dec,216,17.4
192,sym_dec,217,17.4
192,sym_dec,218,17.7
192,sym_dec,219,16.6
192,sym_dec,220,18.1
192,sym_dec,221,16.5
192,sym_dec,222,16.4
192,sym_dec,223,16.2
192,sym_dec,224,16.9
192,sym_dec,225,16.2
192,sym_dec,226,16.3
192,sym_dec,227,15.9
192,sym_dec,228,16.0
192,sym_dec,229,17.4
192,sym_dec,230,16.5
192,sym_dec,231,17.0
192,sym_dec,232,16.2
192,sym_dec,233,18.3
192,sym_dec,234,18.3
192,sym_dec,235,17.1
192,sym_dec,236,16.5
192,sym_dec,237,16.2
192,sym_dec,238,17.3
192,sym_dec,239,39.0
192,sym_dec,240,16.6
192,sym_dec,241,15.6
192,sym_dec,242,15.8
192,sym_dec,243,16.5
192,sym_dec,244,17.0
192,sym_dec,245,17.0
192,sym_dec,246,16.4
192,sym_dec,247,16.3
192,sym_dec,248,16.2
192,sym_dec,249,15.9
192,sym_dec,250,16.8
192,sym_dec,251,17.5
192,sym_dec,252,16.7
192,sym_dec,253,16.5
192,sym_dec,254,16.5
192,sym_dec,255,16.5
192,sym_dec,256,16.1
192,sym_dec,257,16.5
192,sym_dec,258,15.5
192,sym_dec,259,16.9
192,sym_dec,260,16.2
192,sym_dec,261,17.8
192,sym_dec,262,19.2
192,sym_dec,263,17.7
192,sym_dec,264,16.2
192,sym_dec,265,16.8
192,sym_dec,266,16.6
192,sym_dec,267,16.6
192,sym_dec,268,16.5
192,sym_dec,269,18.2
192,sym_dec,270,16.8
192,sym_dec,271,16.9
192,sym_dec,272,16.6
192,sym_dec,273,17.3
192,sym_dec,274,17.2
192,sym_dec,275,17.6
192,sym_dec,276,16.3
192,sym_dec,277,16.6
192,sym_dec,278,15.9
192,sym_dec,279,16.2
192,sym_dec,280,16.8
192,sym_dec,281,17.3
192,sym_dec,282,17.6
192,sym_dec,283,16.7
192,sym_dec,284,16.2
192,sym_dec,285,16.7
192,sym_dec,286,17.0
192,sym_dec,287,16.7
192,sym_dec,288,16.4
192,sym_dec,289,16.4
192,sym_dec,290,16.5
192,sym_dec,291,16.4
192,sym_dec,292,16.2
192,sym_dec,293,16.6
192,sym_dec,294,16.4
192,sym_dec,295,16.2
192,sym_dec,296,16.0
192,sym_dec,297,16.2
192,sym_dec,298,16.6
192,sym_dec,299,16.6
192,puf,0,413.9
192,puf,1,357.8
192,puf,2,323.7
192,puf,3,308.0
192,puf,4,309.7
192,puf,5,298.9
192,puf,6,325.7
192,puf,7,301.0
192,puf,8,314.9
192,puf,9,278.1
192,puf,10,268.0
192,puf,11,265.7
192,puf,12,264.7
192,puf,13,293.5
192,puf,14,272.4
192,puf,15,268.5
192,puf,16,264.4
192,puf,17,265.4
192,puf,18,345.1
192,puf,19,380.5
192,puf,20,307.3
192,puf,21,299.3
192,puf,22,290.6
192,puf,23,347.3
192,puf,24,297.9
192,puf,25,268.7
192,puf,26,263.5
192,puf,27,265.0
192,puf,28,265.7
192,puf,29,262.9
192,puf,30,284.5
192,puf,31,266.3
192,puf,32,261.9
192,puf,33,262.0
192,puf,34,261.1
192,puf,35,261.5
192,puf,36,262.8
192,puf,37,277.9
192,puf,38,282.3
192,puf,39,298.3
192,puf,40,298.9
192,puf,41,294.8
192,puf,42,296.9
192,puf,43,399.0
192,puf,44,394.0
192,puf,45,346.4
192,puf,46,343.5
192,puf,47,328.8
192,puf,48,331.8
192,puf,49,331.7
192,puf,50,354.3
192,puf,51,413.9
192,puf,52,317.9
192,puf,53,300.0
192,puf,54,306.4
192,puf,55,324.1
192,puf,56,345.3
192,puf,57,325.5
192,puf,58,326.0
192,puf,59,327.1
192,puf,60,305.3
192,puf,61,298.3
192,puf,62,319.3
192,puf,63,347.9
192,puf,64,418.3
192,puf,65,336.0
192,puf,66,311.6
192,puf,67,319.7
192,puf,68,318.2
192,puf,69,310.2
192,puf,70,549.6
192,puf,71,331.8
192,puf,72,317.6
192,puf,73,321.4
192,puf,74,330.3
192,puf,75,724.2
192,puf,76,350.1
192,puf,77,330.2
192,puf,78,328.0
192,puf,79,355.1
192,puf,80,321.7
192,puf,81,331.7
192,puf,82,362.0
192,puf,83,319.1
192,puf,84,302.6
192,puf,85,957.5
192,puf,86,448.0
192,puf,87,375.3
192,puf,88,326.2
192,puf,89,324.2
192,puf,90,502.1
192,puf,91,364.3
192,puf,92,335.3
192,puf,93,344.3
192,puf,94,569.0
192,puf,95,371.9
192,puf,96,343.0
192,puf,97,340.7
192,puf,98,341.2
192,puf,99,385.2
192,puf,100,330.6
192,puf,101,322.8
192,puf,102,317.1
192,puf,103,346.9
192,puf,104,344.0
192,puf,105,379.1
192,puf,106,356.4
192,puf,107,351.1
192,puf,108,341.7
192,puf,109,331.7
192,puf,110,345.6
192,puf,111,314.6
192,puf,112,337.8
192,puf,113,324.3
192,puf,114,311.3
192,puf,115,329.2
192,puf,116,353.1
192,puf,117,310.8
192,puf,118,306.8
192,puf,119,313.3
192,puf,120,319.0
192,puf,121,321.8
192,puf,122,323.4
192,puf,123,336.5
192,puf,124,308.0
192,puf,125,309.4
192,puf,126,314.5
192,puf,127,316.4
192,puf,128,317.6
192,puf,129,562.4
192,puf,130,369.2
192,puf,131,359.0
192,puf,132,352.0
192,puf,133,357.0
192,puf,134,368.8
192,puf,135,330.9
192,puf,136,318.1
192,puf,137,319.5
192,puf,138,329.2
192,puf,139,321.2
192,puf,140,478.8
192,puf,141,388.8
192,puf,142,374.0
192,puf,143,380.4
192,puf,144,348.5
192,puf,145,382.2
192,puf,146,331.7
192,puf,147,316.7
192,puf,148,290.8
192,puf,149,296.9
192,puf,150,293.0
192,puf,151,294.0
192,puf,152,322.9
192,puf,153,323.1
192,puf,154,302.9
192,puf,155,294.8
192,puf,156,323.1
192,puf,157,317.5
192,puf,158,336.4
192,puf,159,338.3
192,puf,160,365.0
192,puf,161,334.7
192,puf,162,407.5
192,puf,163,376.3
192,puf,164,338.5
192,puf,165,690.2
192,puf,166,364.5
192,puf,167,340.5
192,puf,168,334.1
192,puf,169,576.5
192,puf,170,376.6
192,puf,171,348.9
192,puf,172,348.3
192,puf,173,367.2
192,puf,174,366.4
192,puf,175,307.5
192,puf,176,322.6
192,puf,177,327.6
192,puf,178,328.0
192,puf,179,345.2
192,puf,180,389.0
192,puf,181,368.4
192,puf,182,349.1
192,puf,183,357.5
192,puf,184,354.7
192,puf,185,365.0
192,puf,186,324.3
192,puf,187,310.1
192,puf,188,327.3
192,puf,189,316.5
192,puf,190,318.5
192,puf,191,319.8
192,puf,192,333.8
192,puf,193,318.6
192,puf,194,354.8
192,puf,195,313.1
192,puf,196,323.8
192,puf,197,324.2
192,puf,198,519.0
192,puf,199,342.3
192,puf,200,309.3
192,puf,201,339.1
192,puf,202,342.4
192,puf,203,358.1
192,puf,204,324.2
192,puf,205,314.4
192,puf,206,344.6
192,puf,207,327.0
192,puf,208,240.6
192,puf,209,206.9
192,puf,210,298.2
192,puf,211,254.5
192,puf,212,188.0
192,puf,213,189.5
192,puf,214,290.0
192,puf,215,303.9
192,puf,216,295.7
192,puf,217,322.1
192,puf,218,297.1
192,puf,219,314.4
192,puf,220,333.2
192,puf,221,358.0
192,puf,222,360.8
192,puf,223,392.1
192,puf,224,489.1
192,puf,225,495.1
192,puf,226,373.4
192,puf,227,360.4
192,puf,228,350.1
192,puf,229,353.5
192,puf,230,321.7
192,puf,231,303.8
192,puf,232,388.6
192,puf,233,234.5
192,puf,234,220.1
192,puf,235,217.9
192,puf,236,211.7
192,puf,237,348.0
192,puf,238,366.2
192,puf,239,325.7
192,puf,240,316.9
192,puf,241,347.6
192,puf,242,346.0
192,puf,243,329.6
192,puf,244,466.1
192,puf,245,377.8
192,puf,246,354.0
192,puf,247,356.6
192,puf,248,337.8
192,puf,249,332.6
192,puf,250,373.7
192,puf,251,330.1
192,puf,252,327.4
192,puf,253,343.9
192,puf,254,351.6
192,puf,255,558.7
192,puf,256,328.6
192,puf,257,323.2
192,puf,258,336.3
192,puf,259,319.0
192,puf,260,352.7
192,puf,261,578.7
192,puf,262,502.4
192,puf,263,371.0
192,puf,264,510.2
192,puf,265,402.2
192,puf,266,373.9
192,puf,267,744.9
192,puf,268,384.2
192,puf,269,357.7
192,puf,270,366.2
192,puf,271,372.1
192,puf,272,572.1
192,puf,273,380.2
192,puf,274,353.6
192,puf,275,345.2
192,puf,276,359.5
192,puf,277,572.1
192,puf,278,399.5
192,puf,279,364.2
192,puf,280,483.8
192,puf,281,474.3
192,puf,282,411.6
192,puf,283,368.1
192,puf,284,456.1
192,puf,285,375.6
192,puf,286,345.7
192,puf,287,388.0
192,puf,288,357.4
192,puf,289,355.8
192,puf,290,400.0
192,puf,291,410.6
192,puf,292,377.6
192,puf,293,376.5
192,puf,294,456.2
192,puf,295,398.0
192,puf,296,336.6
192,puf,297,789.7
192,puf,298,385.4
192,puf,299,340.1
192,ss_gen,0,3.3
192,ss_gen,1,2.8
192,ss_gen,2,2.1
192,ss_gen,3,1.5
192,ss_gen,4,1.4
192,ss_gen,5,1.4
192,ss_gen,6,1.5
192,ss_gen,7,1.5
192,ss_gen,8,1.3
192,ss_gen,9,1.4
192,ss_gen,10,1.4
192,ss_gen,11,1.3
192,ss_gen,12,1.3
192,ss_gen,13,1.4
192,ss_gen,14,1.3
192,ss_gen,15,1.4
192,ss_gen,16,1.4
192,ss_gen,17,1.3
192,ss_gen,18,1.3
192,ss_gen,19,1.4
192,ss_gen,20,1.2
192,ss_gen,21,1.3
192,ss_gen,22,1.2
192,ss_gen,23,1.4
192,ss_gen,24,1.3
192,ss_gen,25,1.3
192,ss_gen,26,1.3
192,ss_gen,27,1.3
192,ss_gen,28,1.3
192,ss_gen,29,1.4
192,ss_gen,30,1.3
192,ss_gen,31,1.4
192,ss_gen,32,1.4
192,ss_gen,33,1.3
192,ss_gen,34,1.3
192,ss_gen,35,1.3
192,ss_gen,36,1.3
192,ss_gen,37,1.3
192,ss_gen,38,1.3
192,ss_gen,39,1.3
192,ss_gen,40,1.4
192,ss_gen,41,1.4
192,ss_gen,42,1.4
192,ss_gen,43,1.3
192,ss_gen,44,1.5
192,ss_gen,45,1.3
192,ss_gen,46,1.4
192,ss_gen,47,1.4
192,ss_gen,48,1.4
192,ss_gen,49,1.3
192,ss_gen,50,1.4
192,ss_gen,51,1.3
192,ss_gen,52,1.9
192,ss_gen,53,1.4
192,ss_gen,54,1.4
192,ss_gen,55,1.4
192,ss_gen,56,1.4
192,ss_gen,57,1.3
192,ss_gen,58,1.3
192,ss_gen,59,1.2
192,ss_gen,60,1.4
192,ss_gen,61,1.4
192,ss_gen,62,1.3
192,ss_gen,63,1.3
192,ss_gen,64,1.2
192,ss_gen,65,1.6
192,ss_gen,66,1.3
192,ss_gen,67,1.3
192,ss_gen,68,1.3
192,ss_gen,69,1.3
192,ss_gen,70,1.4
192,ss_gen,71,1.3
192,ss_gen,72,1.4
192,ss_gen,73,1.2
192,ss_gen,74,1.4
192,ss_gen,75,1.3
192,ss_gen,76,1.3
192,ss_gen,77,1.8
192,ss_gen,78,1.3
192,ss_gen,79,1.4
192,ss_gen,80,1.4
192,ss_gen,81,1.2
192,ss_gen,82,1.4
192,ss_gen,83,1.3
192,ss_gen,84,1.9
192,ss_gen,85,1.5
192,ss_gen,86,1.3
192,ss_gen,87,1.3
192,ss_gen,88,1.4
192,ss_gen,89,1.3
192,ss_gen,90,1.3
192,ss_gen,91,1.3
192,ss_gen,92,1.2
192,ss_gen,93,1.6
192,ss_gen,94,1.3
192,ss_gen,95,1.3
192,ss_gen,96,1.2
192,ss_gen,97,1.3
192,ss_gen,98,25.5
192,ss_gen,99,1.9
192,ss_gen,100,1.3
192,ss_gen,101,1.3
192,ss_gen,102,1.2
192,ss_gen,103,1.2
192,ss_gen,104,1.3
192,ss_gen,105,1.3
192,ss_gen,106,1.2
192,ss_gen,107,1.2
192,ss_gen,108,1.3
192,ss_gen,109,1.6
192,ss_gen,110,1.3
192,ss_gen,111,1.3
192,ss_gen,112,1.3
192,ss_gen,113,1.3
192,ss_gen,114,1.2
192,ss_gen,115,1.2
192,ss_gen,116,1.2
192,ss_gen,117,1.3
192,ss_gen,118,1.3
192,ss_gen,119,1.3
192,ss_gen,120,1.2
192,ss_gen,121,1.2
192,ss_gen,122,1.2
192,ss_gen,123,1.3
192,ss_gen,124,1.3
192,ss_gen,125,1.3
192,ss_gen,126,1.2
192,ss_gen,127,1.2
192,ss_gen,128,1.2
192,ss_gen,129,1.4
192,ss_gen,130,1.2
192,ss_gen,131,1.2
192,ss_gen,132,1.2
192,ss_gen,133,1.3
192,ss_gen,134,1.3
192,ss_gen,135,1.3
192,ss_gen,136,1.3
192,ss_gen,137,1.2
192,ss_gen,138,1.3
192,ss_gen,139,1.3
192,ss_gen,140,1.3
192,ss_gen,141,1.2
192,ss_gen,142,1.3
192,ss_gen,143,1.3
192,ss_gen,144,1.3
192,ss_gen,145,1.3
192,ss_gen,146,1.2
192,ss_gen,147,1.3
192,ss_gen,148,1.3
192,ss_gen,149,1.6
192,ss_gen,150,1.3
192,ss_gen,151,1.3
192,ss_gen,152,1.2
192,ss_gen,153,1.3
192,ss_gen,154,1.3
192,ss_gen,155,1.3
192,ss_gen,156,1.3
192,ss_gen,157,1.2
192,ss_gen,158,1.3
192,ss_gen,159,1.3
192,ss_gen,160,1.3
192,ss_gen,161,1.3
192,ss_gen,162,1.4
192,ss_gen,163,1.2
192,ss_gen,164,1.3
192,ss_gen,165,1.2
192,ss_gen,166,1.2
192,ss_gen,167,1.2
192,ss_gen,168,1.3
192,ss_gen,169,1.2
192,ss_gen,170,1.3
192,ss_gen,171,1.2
192,ss_gen,172,1.8
192,ss_gen,173,2.0
192,ss_gen,174,1.5
192,ss_gen,175,1.3
192,ss_gen,176,1.2
192,ss_gen,177,1.3
192,ss_gen,178,1.3
192,ss_gen,179,1.3
192,ss_gen,180,1.2
192,ss_gen,181,1.2
192,ss_gen,182,1.2
192,ss_gen,183,1.3
192,ss_gen,184,1.3
192,ss_gen,185,1.3
192,ss_gen,186,1.3
192,ss_gen,187,1.3
192,ss_gen,188,1.3
192,ss_gen,189,1.3
192,ss_gen,190,1.2
192,ss_gen,191,1.4
192,ss_gen,192,1.3
192,ss_gen,193,1.3
192,ss_gen,194,1.2
192,ss_gen,195,1.3
192,ss_gen,196,1.3
192,ss_gen,197,1.3
192,ss_gen,198,1.3
192,ss_gen,199,1.2
192,ss_gen,200,1.2
192,ss_gen,201,1.7
192,ss_gen,202,1.5
192,ss_gen,203,1.9
192,ss_gen,204,1.5
192,ss_gen,205,1.3
192,ss_gen,206,1.4
192,ss_gen,207,1.3
192,ss_gen,208,1.3
192,ss_gen,209,1.3
192,ss_gen,210,1.3
192,ss_gen,211,1.3
192,ss_gen,212,1.4
192,ss_gen,213,1.4
192,ss_gen,214,1.2
192,ss_gen,215,1.3
192,ss_gen,216,1.2
192,ss_gen,217,1.3
192,ss_gen,218,1.3
192,ss_gen,219,1.4
192,ss_gen,220,1.2
192,ss_gen,221,1.3
192,ss_gen,222,1.3
192,ss_gen,223,1.3
192,ss_gen,224,1.3
192,ss_gen,225,1.3
192,ss_gen,226,1.3
192,ss_gen,227,1.3
192,ss_gen,228,1.3
192,ss_gen,229,1.3
192,ss_gen,230,1.3
192,ss_gen,231,1.3
192,ss_gen,232,1.2
192,ss_gen,233,1.6
192,ss_gen,234,1.3
192,ss_gen,235,1.2
192,ss_gen,236,1.2
192,ss_gen,237,1.3
192,ss_gen,238,1.2
192,ss_gen,239,1.3
192,ss_gen,240,1.3
192,ss_gen,241,1.2
192,ss_gen,242,1.2
192,ss_gen,243,1.2
192,ss_gen,244,1.2
192,ss_gen,245,1.3
192,ss_gen,246,1.3
192,ss_gen,247,1.4
192,ss_gen,248,1.3
192,ss_gen,249,1.2
192,ss_gen,250,1.2
192,ss_gen,251,1.2
192,ss_gen,252,1.2
192,ss_gen,253,1.4
192,ss_gen,254,1.5
192,ss_gen,255,1.7
192,ss_gen,256,1.4
192,ss_gen,257,1.5
192,ss_gen,258,1.3
192,ss_gen,259,1.3
192,ss_gen,260,1.3
192,ss_gen,261,1.3
192,ss_gen,262,1.3
192,ss_gen,263,1.3
192,ss_gen,264,1.4
192,ss_gen,265,1.3
192,ss_gen,266,1.3
192,ss_gen,267,1.5
192,ss_gen,268,1.3
192,ss_gen,269,2.6
192,ss_gen,270,1.4
192,ss_gen,271,1.3
192,ss_gen,272,1.3
192,ss_gen,273,1.3
192,ss_gen,274,1.3
192,ss_gen,275,1.3
192,ss_gen,276,1.3
192,ss_gen,277,1.3
192,ss_gen,278,1.3
192,ss_gen,279,1.4
192,ss_gen,280,1.3
192,ss_gen,281,1.4
192,ss_gen,282,1.3
192,ss_gen,283,1.3
192,ss_gen,284,1.4
192,ss_gen,285,1.4
192,ss_gen,286,1.3
192,ss_gen,287,1.3
192,ss_gen,288,1.3
192,ss_gen,289,1.3
192,ss_gen,290,1.3
192,ss_gen,291,1.3
192,ss_gen,292,1.3
192,ss_gen,293,1.4
192,ss_gen,294,1.4
192,ss_gen,295,1.3
192,ss_gen,296,1.6
192,ss_gen,297,1.4
192,ss_gen,298,1.5
192,ss_gen,299,1.5
192,ss_rec,0,15.8
192,ss_rec,1,13.3
192,ss_rec,2,11.8
192,ss_rec,3,11.0
192,ss_rec,4,11.1
192,ss_rec,5,11.2
192,ss_rec,6,11.3
192,ss_rec,7,11.0
192,ss_rec,8,10.5
192,ss_rec,9,10.7
192,ss_rec,10,10.6
192,ss_rec,11,10.7
192,ss_rec,12,10.4
192,ss_rec,13,10.8
192,ss_rec,14,10.4
192,ss_rec,15,9.9
192,ss_rec,16,10.1
192,ss_rec,17,9.9
192,ss_rec,18,10.4
192,ss_rec,19,10.2
192,ss_rec,20,11.0
192,ss_rec,21,11.2
192,ss_rec,22,10.5
192,ss_rec,23,10.5
192,ss_rec,24,11.0
192,ss_rec,25,11.3
192,ss_rec,26,11.3
192,ss_rec,27,12.1
192,ss_rec,28,10.4
192,ss_rec,29,11.1
192,ss_rec,30,10.7
192,ss_rec,31,10.5
192,ss_rec,32,10.1
192,ss_rec,33,10.4
192,ss_rec,34,10.9
192,ss_rec,35,10.5
192,ss_rec,36,10.2
192,ss_rec,37,10.4
192,ss_rec,38,11.3
192,ss_rec,39,11.3
192,ss_rec,40,10.9
192,ss_rec,41,11.1
192,ss_rec,42,10.5
192,ss_rec,43,10.3
192,ss_rec,44,10.1
192,ss_rec,45,10.6
192,ss_rec,46,10.5
192,ss_rec,47,10.6
192,ss_rec,48,10.8
192,ss_rec,49,10.8
192,ss_rec,50,11.3
192,ss_rec,51,11.1
192,ss_rec,52,10.5
192,ss_rec,53,10.4
192,ss_rec,54,10.4
192,ss_rec,55,10.1
192,ss_rec,56,9.7
192,ss_rec,57,9.8
192,ss_rec,58,9.8
192,ss_rec,59,9.5
192,ss_rec,60,9.7
192,ss_rec,61,9.4
192,ss_rec,62,9.5
192,ss_rec,63,9.4
192,ss_rec,64,9.7
192,ss_rec,65,10.3
192,ss_rec,66,9.4
192,ss_rec,67,9.8
192,ss_rec,68,10.5
192,ss_rec,69,10.2
192,ss_rec,70,9.8
192,ss_rec,71,10.0
192,ss_rec,72,9.7
192,ss_rec,73,10.4
192,ss_rec,74,10.7
192,ss_rec,75,10.0
192,ss_rec,76,9.9
192,ss_rec,77,10.5
192,ss_rec,78,9.6
192,ss_rec,79,10.2
192,ss_rec,80,10.1
192,ss_rec,81,10.0
192,ss_rec,82,10.0
192,ss_rec,83,10.3
192,ss_rec,84,10.0
192,ss_rec,85,10.3
192,ss_rec,86,11.2
192,ss_rec,87,10.4
192,ss_rec,88,10.0
192,ss_rec,89,10.4
192,ss_rec,90,10.9
192,ss_rec,91,10.0
192,ss_rec,92,9.8
192,ss_rec,93,10.5
192,ss_rec,94,10.4
192,ss_rec,95,9.5
192,ss_rec,96,9.3
192,ss_rec,97,9.4
192,ss_rec,98,9.6
192,ss_rec,99,9.6
192,ss_rec,100,9.6
192,ss_rec,101,10.3
192,ss_rec,102,9.4
192,ss_rec,103,9.5
192,ss_rec,104,9.4
192,ss_rec,105,9.6
192,ss_rec,106,9.3
192,ss_rec,107,9.5
192,ss_rec,108,9.6
192,ss_rec,109,9.9
192,ss_rec,110,10.6
192,ss_rec,111,10.3
192,ss_rec,112,10.7
192,ss_rec,113,10.0
192,ss_rec,114,9.8
192,ss_rec,115,10.3
192,ss_rec,116,9.7
192,ss_rec,117,9.9
192,ss_rec,118,9.5
192,ss_rec,119,9.8
192,ss_rec,120,9.6
192,ss_rec,121,9.8
192,ss_rec,122,10.1
192,ss_rec,123,9.5
192,ss_rec,124,9.8
192,ss_rec,125,10.3
192,ss_rec,126,11.1
192,ss_rec,127,10.8
192,ss_rec,128,10.9
192,ss_rec,129,10.9
192,ss_rec,130,9.8
192,ss_rec,131,9.8
192,ss_rec,132,9.7
192,ss_rec,133,10.1
192,ss_rec,134,9.5
192,ss_rec,135,9.5
192,ss_rec,136,10.1
192,ss_rec,137,27.9
192,ss_rec,138,11.7
192,ss_rec,139,9.6
192,ss_rec,140,9.5
192,ss_rec,141,9.4
192,ss_rec,142,9.5
192,ss_rec,143,9.5
192,ss_rec,144,9.0
192,ss_rec,145,9.3
192,ss_rec,146,9.3
192,ss_rec,147,9.2
192,ss_rec,148,9.3
192,ss_rec,149,10.3
192,ss_rec,150,9.3
192,ss_rec,151,9.3
192,ss_rec,152,9.4
192,ss_rec,153,9.4
192,ss_rec,154,9.5
192,ss_rec,155,9.9
192,ss_rec,156,9.6
192,ss_rec,157,9.5
192,ss_rec,158,9.4
192,ss_rec,159,9.6
192,ss_rec,160,9.8
192,ss_rec,161,9.9
192,ss_rec,162,9.3
192,ss_rec,163,9.8
192,ss_rec,164,10.3
192,ss_rec,165,9.7
192,ss_rec,166,9.9
192,ss_rec,167,9.9
192,ss_rec,168,9.8
192,ss_rec,169,9.6
192,ss_rec,170,10.1
192,ss_rec,171,9.9
192,ss_rec,172,10.1
192,ss_rec,173,11.0
192,ss_rec,174,10.0
192,ss_rec,175,9.9
192,ss_rec,176,10.3
192,ss_rec,177,10.0
192,ss_rec,178,9.9
192,ss_rec,179,9.7
192,ss_rec,180,9.7
192,ss_rec,181,9.7
192,ss_rec,182,10.0
192,ss_rec,183,9.5
192,ss_rec,184,9.3
192,ss_rec,185,9.5
192,ss_rec,186,9.7
192,ss_rec,187,9.6
192,ss_rec,188,9.4
192,ss_rec,189,9.5
192,ss_rec,190,9.5
192,ss_rec,191,9.5
192,ss_rec,192,9.9
192,ss_rec,193,9.7
192,ss_rec,194,9.4
192,ss_rec,195,9.4
192,ss_rec,196,9.4
192,ss_rec,197,9.6
192,ss_rec,198,10.0
192,ss_rec,199,10.3
192,ss_rec,200,10.6
192,ss_rec,201,11.0
192,ss_rec,202,10.1
192,ss_rec,203,10.2
192,ss_rec,204,10.4
192,ss_rec,205,10.1
192,ss_rec,206,9.7
192,ss_rec,207,9.8
192,ss_rec,208,10.0
192,ss_rec,209,10.8
192,ss_rec,210,10.0
192,ss_rec,211,9.5
192,ss_rec,212,10.0
192,ss_rec,213,10.2
192,ss_rec,214,9.7
192,ss_rec,215,9.8
192,ss_rec,216,9.9
192,ss_rec,217,9.8
192,ss_rec,218,9.8
192,ss_rec,219,10.0
192,ss_rec,220,9.7
192,ss_rec,221,10.4
192,ss_rec,222,10.2
192,ss_rec,223,10.3
192,ss_rec,224,9.9
192,ss_rec,225,9.8
192,ss_rec,226,10.3
192,ss_rec,227,10.2
192,ss_rec,228,10.2
192,ss_rec,229,10.2
192,ss_rec,230,9.5
192,ss_rec,231,9.8
192,ss_rec,232,9.5
192,ss_rec,233,10.5
192,ss_rec,234,9.6
192,ss_rec,235,9.9
192,ss_rec,236,9.7
192,ss_rec,237,9.5
192,ss_rec,238,9.5
192,ss_rec,239,9.2
192,ss_rec,240,10.4
192,ss_rec,241,10.0
192,ss_rec,242,9.6
192,ss_rec,243,9.7
192,ss_rec,244,9.8
192,ss_rec,245,9.9
192,ss_rec,246,10.5
192,ss_rec,247,10.2
192,ss_rec,248,9.5
192,ss_rec,249,9.2
192,ss_rec,250,9.3
192,ss_rec,251,9.4
192,ss_rec,252,9.4
192,ss_rec,253,9.3
192,ss_rec,254,9.4
192,ss_rec,255,9.6
192,ss_rec,256,9.6
192,ss_rec,257,9.4
192,ss_rec,258,9.2
192,ss_rec,259,9.7
192,ss_rec,260,9.5
192,ss_rec,261,9.7
192,ss_rec,262,9.8
192,ss_rec,263,9.4
192,ss_rec,264,9.5
192,ss_rec,265,9.5
192,ss_rec,266,9.1
192,ss_rec,267,9.4
192,ss_rec,268,9.1
192,ss_rec,269,10.7
192,ss_rec,270,9.4
192,ss_rec,271,9.3
192,ss_rec,272,9.2
192,ss_rec,273,9.2
192,ss_rec,274,9.2
192,ss_rec,275,9.2
192,ss_rec,276,9.3
192,ss_rec,277,9.2
192,ss_rec,278,9.6
192,ss_rec,279,9.9
192,ss_rec,280,9.4
192,ss_rec,281,9.5
192,ss_rec,282,9.7
192,ss_rec,283,10.1
192,ss_rec,284,10.7
192,ss_rec,285,10.0
192,ss_rec,286,9.9
192,ss_rec,287,10.2
192,ss_rec,288,10.4
192,ss_rec,289,10.3
192,ss_rec,290,10.6
192,ss_rec,291,10.2
192,ss_rec,292,9.8
192,ss_rec,293,10.3
192,ss_rec,294,11.2
192,ss_rec,295,10.3
192,ss_rec,296,10.1
192,ss_rec,297,10.0
192,ss_rec,298,10.4
192,ss_rec,299,9.6
192,rand,0,16.4
192,rand,1,14.3
192,rand,2,13.2
192,rand,3,12.4
192,rand,4,11.6
192,rand,5,11.7
192,rand,6,11.3
192,rand,7,11.2
192,rand,8,11.7
192,rand,9,11.3
192,rand,10,29.2
192,rand,11,12.0
192,rand,12,11.2
192,rand,13,11.2
192,rand,14,11.1
192,rand,15,11.5
192,rand,16,11.4
192,rand,17,11.2
192,rand,18,11.1
192,rand,19,11.4
192,rand,20,11.2
192,rand,21,11.2
192,rand,22,11.4
192,rand,23,11.5
192,rand,24,10.6
192,rand,25,97.7
192,rand,26,42.2
192,rand,27,14.3
192,rand,28,12.0
192,rand,29,11.2
192,rand,30,11.3
192,rand,31,11.4
192,rand,32,11.4
192,rand,33,12.3
192,rand,34,11.9
192,rand,35,11.7
192,rand,36,11.9
192,rand,37,12.2
192,rand,38,12.0
192,rand,39,12.4
192,rand,40,11.8
192,rand,41,11.2
192,rand,42,11.3
192,rand,43,11.3
192,rand,44,11.3
192,rand,45,10.9
192,rand,46,11.3
192,rand,47,11.5
192,rand,48,11.3
192,rand,49,11.2
192,rand,50,12.0
192,rand,51,12.3
192,rand,52,12.1
192,rand,53,12.9
192,rand,54,12.9
192,rand,55,12.2
192,rand,56,12.3
192,rand,57,13.1
192,rand,58,12.8
192,rand,59,13.0
192,rand,60,12.1
192,rand,61,11.9
192,rand,62,11.2
192,rand,63,11.2
192,rand,64,11.2
192,rand,65,11.5
192,rand,66,11.2
192,rand,67,11.0
192,rand,68,12.1
192,rand,69,11.7
192,rand,70,11.9
192,rand,71,12.1
192,rand,72,11.6
192,rand,73,11.7
192,rand,74,11.4
192,rand,75,11.6
192,rand,76,12.2
192,rand,77,15.0
192,rand,78,11.8
192,rand,79,11.7
192,rand,80,11.7
192,rand,81,11.8
192,rand,82,11.5
192,rand,83,11.8
192,rand,84,13.0
192,rand,85,12.0
192,rand,86,10.8
192,rand,87,11.3
192,rand,88,11.9
192,rand,89,11.3
192,rand,90,11.8
192,rand,91,11.5
192,rand,92,11.7
192,rand,93,11.7
192,rand,94,11.7
192,rand,95,12.6
192,rand,96,12.0
192,rand,97,11.7
192,rand,98,11.8
192,rand,99,12.0
192,rand,100,12.3
192,rand,101,11.4
192,rand,102,13.6
192,rand,103,12.1
192,rand,104,11.1
192,rand,105,11.1
192,rand,106,11.5
192,rand,107,11.3
192,rand,108,11.3
192,rand,109,11.8
192,rand,110,11.5
192,rand,111,10.7
192,rand,112,11.0
192,rand,113,11.7
192,rand,114,11.6
192,rand,115,11.0
192,rand,116,12.5
192,rand,117,11.8
192,rand,118,12.1
192,rand,119,11.7
192,rand,120,11.6
192,rand,121,11.4
192,rand,122,11.7
192,rand,123,11.2
192,rand,124,11.4
192,rand,125,11.4
192,rand,126,11.7
192,rand,127,11.1
192,rand,128,11.6
192,rand,129,12.4
192,rand,130,11.8
192,rand,131,11.1
192,rand,132,11.9
192,rand,133,12.3
192,rand,134,11.9
192,rand,135,11.9
192,rand,136,11.0
192,rand,137,11.3
192,rand,138,11.1
192,rand,139,11.4
192,rand,140,10.9
192,rand,141,10.5
192,rand,142,10.8
192,rand,143,10.7
192,rand,144,10.9
192,rand,145,10.7
192,rand,146,10.4
192,rand,147,10.5
192,rand,148,10.6
192,rand,149,11.5
192,rand,150,10.7
192,rand,151,10.7
192,rand,152,10.7
192,rand,153,10.7
192,rand,154,10.9
192,rand,155,10.4
192,rand,156,10.8
192,rand,157,10.8
192,rand,158,10.5
192,rand,159,10.5
192,rand,160,10.9
192,rand,161,10.9
192,rand,162,10.8
192,rand,163,10.9
192,rand,164,10.3
192,rand,165,10.5
192,rand,166,37.7
192,rand,167,12.1
192,rand,168,10.9
192,rand,169,11.0
192,rand,170,10.5
192,rand,171,10.7
192,rand,172,10.5
192,rand,173,10.9
192,rand,174,10.8
192,rand,175,10.7
192,rand,176,10.6
192,rand,177,10.7
192,rand,178,10.6
192,rand,179,10.6
192,rand,180,10.6
192,rand,181,10.8
192,rand,182,10.7
192,rand,183,10.6
192,rand,184,10.4
192,rand,185,10.6
192,rand,186,10.4
192,rand,187,10.7
192,rand,188,10.6
192,rand,189,10.6
192,rand,190,10.6
192,rand,191,10.7
192,rand,192,10.6
192,rand,193,10.6
192,rand,194,10.6
192,rand,195,10.5
192,rand,196,10.7
192,rand,197,10.4
192,rand,198,10.7
192,rand,199,12.2
192,rand,200,10.9
192,rand,201,10.9
192,rand,202,11.0
192,rand,203,10.5
192,rand,204,10.7
192,rand,205,10.6
192,rand,206,10.6
192,rand,207,10.8
192,rand,208,10.7
192,rand,209,10.8
192,rand,210,10.5
192,rand,211,10.5
192,rand,212,10.5
192,rand,213,10.7
192,rand,214,10.7
192,rand,215,10.6
192,rand,216,10.6
192,rand,217,10.4
192,rand,218,10.5
192,rand,219,10.8
192,rand,220,10.7
192,rand,221,10.6
192,rand,222,10.6
192,rand,223,10.8
192,rand,224,10.7
192,rand,225,10.6
192,rand,226,10.7
192,rand,227,10.7
192,rand,228,10.5
192,rand,229,10.6
192,rand,230,10.5
192,rand,231,10.5
192,rand,232,10.7
192,rand,233,10.8
192,rand,234,10.6
192,rand,235,10.6
192,rand,236,10.6
192,rand,237,10.6
192,rand,238,10.7
192,rand,239,10.6
192,rand,240,10.5
192,rand,241,10.6
192,rand,242,10.5
192,rand,243,10.5
192,rand,244,10.6
192,rand,245,10.4
192,rand,246,10.6
192,rand,247,10.5
192,rand,248,10.6
192,rand,249,10.6
192,rand,250,10.7
192,rand,251,10.9
192,rand,252,10.8
192,rand,253,10.6
192,rand,254,10.4
192,rand,255,10.5
192,rand,256,10.7
192,rand,257,10.7
192,rand,258,10.9
192,rand,259,11.1
192,rand,260,11.4
192,rand,261,11.3
192,rand,262,11.1
192,rand,263,10.9
192,rand,264,10.9
192,rand,265,10.9
192,rand,266,10.6
192,rand,267,10.8
192,rand,268,10.6
192,rand,269,11.7
192,rand,270,10.8
192,rand,271,10.5
192,rand,272,10.6
192,rand,273,10.7
192,rand,274,10.5
192,rand,275,10.6
192,rand,276,10.4
192,rand,277,10.5
192,rand,278,10.7
192,rand,279,10.5
192,rand,280,10.4
192,rand,281,10.6
192,rand,282,10.5
192,rand,283,10.4
192,rand,284,10.3
192,rand,285,10.8
192,rand,286,10.7
192,rand,287,10.5
192,rand,288,10.6
192,rand,289,10.6
192,rand,290,10.5
192,rand,291,10.6
192,rand,292,10.6
192,rand,293,10.6
192,rand,294,10.5
192,rand,295,10.5
192,rand,296,10.7
192,rand,297,10.5
192,rand,298,10.5
192,rand,299,10.5
192,mod_inv,0,66.1
192,mod_inv,1,62.9
192,mod_inv,2,59.3
192,mod_inv,3,57.7
192,mod_inv,4,71.3
192,mod_inv,5,57.6
192,mod_inv,6,57.1
192,mod_inv,7,57.3
192,mod_inv,8,56.9
192,mod_inv,9,57.1
192,mod_inv,10,56.8
192,mod_inv,11,57.1
192,mod_inv,12,56.4
192,mod_inv,13,56.5
192,mod_inv,14,56.5
192,mod_inv,15,57.6
192,mod_inv,16,58.2
192,mod_inv,17,57.6
192,mod_inv,18,57.9
192,mod_inv,19,57.5
192,mod_inv,20,57.7
192,mod_inv,21,57.2
192,mod_inv,22,57.9
192,mod_inv,23,57.0
192,mod_inv,24,57.7
192,mod_inv,25,57.5
192,mod_inv,26,56.9
192,mod_inv,27,57.3
192,mod_inv,28,57.3
192,mod_inv,29,57.7
192,mod_inv,30,57.8
192,mod_inv,31,58.2
192,mod_inv,32,58.2
192,mod_inv,33,59.1
192,mod_inv,34,58.8
192,mod_inv,35,57.6
192,mod_inv,36,57.4
192,mod_inv,37,57.3
192,mod_inv,38,68.7
192,mod_inv,39,57.6
192,mod_inv,40,57.1
192,mod_inv,41,57.6
192,mod_inv,42,57.6
192,mod_inv,43,57.7
192,mod_inv,44,57.8
192,mod_inv,45,57.1
192,mod_inv,46,57.4
192,mod_inv,47,115.0
192,mod_inv,48,170.0
192,mod_inv,49,272.0
192,mod_inv,50,113.1
192,mod_inv,51,68.6
192,mod_inv,52,66.4
192,mod_inv,53,64.8
192,mod_inv,54,64.1
192,mod_inv,55,63.5
192,mod_inv,56,63.2
192,mod_inv,57,80.1
192,mod_inv,58,62.9
192,mod_inv,59,62.5
192,mod_inv,60,62.2
192,mod_inv,61,62.8
192,mod_inv,62,63.3
192,mod_inv,63,62.6
192,mod_inv,64,62.6
192,mod_inv,65,62.6
192,mod_inv,66,62.9
192,mod_inv,67,63.2
192,mod_inv,68,62.9
192,mod_inv,69,62.9
192,mod_inv,70,61.3
192,mod_inv,71,59.8
192,mod_inv,72,59.9
192,mod_inv,73,59.6
192,mod_inv,74,60.1
192,mod_inv,75,172.9
192,mod_inv,76,66.2
192,mod_inv,77,65.7
192,mod_inv,78,64.3
192,mod_inv,79,63.3
192,mod_inv,80,62.5
192,mod_inv,81,62.4
192,mod_inv,82,64.1
192,mod_inv,83,63.9
192,mod_inv,84,64.2
192,mod_inv,85,62.6
192,mod_inv,86,62.8
192,mod_inv,87,84.7
192,mod_inv,88,62.0
192,mod_inv,89,62.3
192,mod_inv,90,62.8
192,mod_inv,91,62.7
192,mod_inv,92,62.6
192,mod_inv,93,63.5
192,mod_inv,94,63.3
192,mod_inv,95,63.5
192,mod_inv,96,62.2
192,mod_inv,97,62.2
192,mod_inv,98,62.4
192,mod_inv,99,62.3
192,mod_inv,100,63.6
192,mod_inv,101,62.6
192,mod_inv,102,63.7
192,mod_inv,103,63.0
192,mod_inv,104,111.8
192,mod_inv,105,65.5
192,mod_inv,106,62.6
192,mod_inv,107,63.3
192,mod_inv,108,63.3
192,mod_inv,109,62.4
192,mod_inv,110,62.7
192,mod_inv,111,62.7
192,mod_inv,112,64.8
192,mod_inv,113,63.6
192,mod_inv,114,64.5
192,mod_inv,115,63.9
192,mod_inv,116,63.7
192,mod_inv,117,89.9
192,mod_inv,118,63.4
192,mod_inv,119,62.8
192,mod_inv,120,63.6
192,mod_inv,121,63.6
192,mod_inv,122,62.0
192,mod_inv,123,62.4
192,mod_inv,124,71.4
192,mod_inv,125,65.6
192,mod_inv,126,62.9
192,mod_inv,127,62.7
192,mod_inv,128,60.5
192,mod_inv,129,60.2
192,mod_inv,130,60.5
192,mod_inv,131,60.7
192,mod_inv,132,61.0
192,mod_inv,133,61.3
192,mod_inv,134,60.9
192,mod_inv,135,60.7
192,mod_inv,136,60.5
192,mod_inv,137,60.6
192,mod_inv,138,60.5
192,mod_inv,139,60.5
192,mod_inv,140,60.5
192,mod_inv,141,60.6
192,mod_inv,142,60.2
192,mod_inv,143,60.2
192,mod_inv,144,60.8
192,mod_inv,145,61.0
192,mod_inv,146,60.9
192,mod_inv,147,61.3
192,mod_inv,148,62.1
192,mod_inv,149,376.6
192,mod_inv,150,65.3
192,mod_inv,151,62.4
192,mod_inv,152,62.1
192,mod_inv,153,62.2
192,mod_inv,154,62.8
192,mod_inv,155,64.7
192,mod_inv,156,64.2
192,mod_inv,157,80.5
192,mod_inv,158,66.3
192,mod_inv,159,66.8
192,mod_inv,160,71.3
192,mod_inv,161,66.9
192,mod_inv,162,64.8
192,mod_inv,163,62.8
192,mod_inv,164,63.5
192,mod_inv,165,61.9
192,mod_inv,166,62.5
192,mod_inv,167,63.4
192,mod_inv,168,197.2
192,mod_inv,169,71.7
192,mod_inv,170,68.7
192,mod_inv,171,63.3
192,mod_inv,172,61.3
192,mod_inv,173,158.1
192,mod_inv,174,61.3
192,mod_inv,175,59.8
192,mod_inv,176,59.4
192,mod_inv,177,59.7
192,mod_inv,178,59.5
192,mod_inv,179,60.0
192,mod_inv,180,60.0
192,mod_inv,181,60.1
192,mod_inv,182,59.9
192,mod_inv,183,60.0
192,mod_inv,184,61.1
192,mod_inv,185,61.0
192,mod_inv,186,60.8
192,mod_inv,187,59.7
192,mod_inv,188,59.7
192,mod_inv,189,59.8
192,mod_inv,190,60.0
192,mod_inv,191,59.4
192,mod_inv,192,58.3
192,mod_inv,193,59.9
192,mod_inv,194,87.7
192,mod_inv,195,60.4
192,mod_inv,196,59.9
192,mod_inv,197,59.7
192,mod_inv,198,60.3
192,mod_inv,199,59.6
192,mod_inv,200,59.8
192,mod_inv,201,60.0
192,mod_inv,202,60.1
192,mod_inv,203,60.0
192,mod_inv,204,60.1
192,mod_inv,205,60.5
192,mod_inv,206,59.1
192,mod_inv,207,57.5
192,mod_inv,208,57.6
192,mod_inv,209,57.5
192,mod_inv,210,57.7
192,mod_inv,211,57.3
192,mod_inv,212,57.5
192,mod_inv,213,57.2
192,mod_inv,214,57.0
192,mod_inv,215,57.6
192,mod_inv,216,58.2
192,mod_inv,217,57.6
192,mod_inv,218,57.9
192,mod_inv,219,57.4
192,mod_inv,220,57.8
192,mod_inv,221,57.4
192,mod_inv,222,57.5
192,mod_inv,223,57.4
192,mod_inv,224,57.6
192,mod_inv,225,58.3
192,mod_inv,226,58.3
192,mod_inv,227,58.7
192,mod_inv,228,71.4
192,mod_inv,229,57.5
192,mod_inv,230,57.1
192,mod_inv,231,56.8
192,mod_inv,232,56.9
192,mod_inv,233,57.1
192,mod_inv,234,57.1
192,mod_inv,235,57.0
192,mod_inv,236,57.1
192,mod_inv,237,56.9
192,mod_inv,238,57.0
192,mod_inv,239,57.6
192,mod_inv,240,58.8
192,mod_inv,241,58.4
192,mod_inv,242,58.7
192,mod_inv,243,59.3
192,mod_inv,244,59.0
192,mod_inv,245,58.1
192,mod_inv,246,58.1
192,mod_inv,247,59.4
192,mod_inv,248,58.0
192,mod_inv,249,58.2
192,mod_inv,250,58.2
192,mod_inv,251,58.7
192,mod_inv,252,58.2
192,mod_inv,253,58.0
192,mod_inv,254,57.7
192,mod_inv,255,57.9
192,mod_inv,256,103.0
192,mod_inv,257,177.7
192,mod_inv,258,69.8
192,mod_inv,259,67.4
192,mod_inv,260,64.5
192,mod_inv,261,60.0
192,mod_inv,262,58.7
192,mod_inv,263,58.0
192,mod_inv,264,58.4
192,mod_inv,265,59.3
192,mod_inv,266,58.4
192,mod_inv,267,58.8
192,mod_inv,268,59.1
192,mod_inv,269,61.1
192,mod_inv,270,59.7
192,mod_inv,271,58.7
192,mod_inv,272,58.0
192,mod_inv,273,58.9
192,mod_inv,274,58.5
192,mod_inv,275,59.7
192,mod_inv,276,57.9
192,mod_inv,277,56.6
192,mod_inv,278,56.9
192,mod_inv,279,56.8
192,mod_inv,280,56.7
192,mod_inv,281,57.1
192,mod_inv,282,66.1
192,mod_inv,283,57.0
192,mod_inv,284,78.7
192,mod_inv,285,57.8
192,mod_inv,286,139.0
192,mod_inv,287,98.0
192,mod_inv,288,69.7
192,mod_inv,289,63.5
192,mod_inv,290,60.1
192,mod_inv,291,59.0
192,mod_inv,292,58.0
192,mod_inv,293,58.0
192,mod_inv,294,58.0
192,mod_inv,295,58.4
192,mod_inv,296,57.9
192,mod_inv,297,57.3
192,mod_inv,298,57.3
192,mod_inv,299,59.0
256,point_mul,0,19265.7
256,point_mul,1,15923.8
256,point_mul,2,14378.8
256,point_mul,3,18924.7
256,point_mul,4,14331.4
256,point_mul,5,15696.7
256,point_mul,6,16128.2
256,point_mul,7,14599.3
256,point_mul,8,13682.6
256,point_mul,9,12525.0
256,point_mul,10,14882.5
256,point_mul,11,14314.4
256,point_mul,12,14570.3
256,point_mul,13,15044.3
256,point_mul,14,14881.4
256,point_mul,15,13972.4
256,point_mul,16,15566.7
256,point_mul,17,17722.8
256,point_mul,18,14617.8
256,point_mul,19,14861.5
256,point_mul,20,14958.5
256,point_mul,21,14798.1
256,point_mul,22,14737.4
256,point_mul,23,14500.7
256,point_mul,24,15482.6
256,point_mul,25,19274.0
256,point_mul,26,17552.7
256,point_mul,27,14796.9
256,point_mul,28,15283.0
256,point_mul,29,13231.9
256,point_mul,30,14768.5
256,point_mul,31,16308.1
256,point_mul,32,15878.7
256,point_mul,33,19006.8
256,point_mul,34,18242.9
256,point_mul,35,18783.7
256,point_mul,36,15611.9
256,point_mul,37,16133.1
256,point_mul,38,15521.4
256,point_mul,39,16481.7
256,point_mul,40,19104.3
256,point_mul,41,19719.4
256,point_mul,42,19365.6
256,point_mul,43,19718.0
256,point_mul,44,19841.0
256,point_mul,45,15455.6
256,point_mul,46,16391.4
256,point_mul,47,15379.1
256,point_mul,48,14934.3
256,point_mul,49,15581.8
256,point_mul,50,16434.0
256,point_mul,51,10965.8
256,point_mul,52,11364.5
256,point_mul,53,13614.7
256,point_mul,54,15708.7
256,point_mul,55,17875.1
256,point_mul,56,16953.7
256,point_mul,57,18221.6
256,point_mul,58,16929.9
256,point_mul,59,19003.1
256,point_mul,60,19426.1
256,point_mul,61,20429.7
256,point_mul,62,19712.1
256,point_mul,63,18113.7
256,point_mul,64,19477.5
256,point_mul,65,17933.3
256,point_mul,66,18239.3
256,point_mul,67,17017.1
256,point_mul,68,16108.1
256,point_mul,69,15065.5
256,point_mul,70,15877.5
256,point_mul,71,15207.7
256,point_mul,72,16105.5
256,point_mul,73,15835.3
256,point_mul,74,16309.1
256,point_mul,75,16390.2
256,point_mul,76,16669.1
256,point_mul,77,17596.9
256,point_mul,78,15810.6
256,point_mul,79,18526.5
256,point_mul,80,19295.3
256,point_mul,81,16271.8
256,point_mul,82,15717.1
256,point_mul,83,16717.4
256,point_mul,84,18403.4
256,point_mul,85,16324.4
256,point_mul,86,17158.1
256,point_mul,87,16734.8
256,point_mul,88,15633.8
256,point_mul,89,18672.1
256,point_mul,90,22774.9
256,point_mul,91,18667.4
256,point_mul,92,22191.7
256,point_mul,93,20397.2
256,point_mul,94,18203.4
256,point_mul,95,19126.0
256,point_mul,96,17854.8
256,point_mul,97,18363.7
256,point_mul,98,17908.6
256,point_mul,99,17333.4
256,point_mul,100,18050.8
256,point_mul,101,17147.5
256,point_mul,102,16424.2
256,point_mul,103,19476.2
256,point_mul,104,20103.7
256,point_mul,105,17934.3
256,point_mul,106,18509.1
256,point_mul,107,17320.0
256,point_mul,108,19374.3
256,point_mul,109,19861.1
256,point_mul,110,20722.1
256,point_mul,111,19196.3
256,point_mul,112,17170.9
256,point_mul,113,16475.2
256,point_mul,114,15714.8
256,point_mul,115,17763.5
256,point_mul,116,20298.7
256,point_mul,117,20280.5
256,point_mul,118,17502.7
256,point_mul,119,17460.0
256,point_mul,120,18601.3
256,point_mul,121,16815.8
256,point_mul,122,17864.7
256,point_mul,123,16990.2
256,point_mul,124,15547.9
256,point_mul,125,15131.8
256,point_mul,126,15799.1
256,point_mul,127,15159.9
256,point_mul,128,16739.9
256,point_mul,129,15322.2
256,point_mul,130,16163.9
256,point_mul,131,16488.3
256,point_mul,132,15511.4
256,point_mul,133,16303.9
256,point_mul,134,16323.3
256,point_mul,135,18633.4
256,point_mul,136,17954.9
256,point_mul,137,17774.7
256,point_mul,138,18794.5
256,point_mul,139,19141.2
256,point_mul,140,15157.2
256,point_mul,141,20308.7
256,point_mul,142,20901.8
256,point_mul,143,17483.2
256,point_mul,144,17954.8
256,point_mul,145,19574.1
256,point_mul,146,17596.4
256,point_mul,147,13950.1
256,point_mul,148,20086.5
256,point_mul,149,18437.8
256,point_mul,150,19367.0
256,point_mul,151,19707.1
256,point_mul,152,17122.4
256,point_mul,153,18806.5
256,point_mul,154,16067.8
256,point_mul,155,19186.7
256,point_mul,156,17966.7
256,point_mul,157,19237.7
256,point_mul,158,17900.5
256,point_mul,159,16214.2
256,point_mul,160,20193.4
256,point_mul,161,17101.4
256,point_mul,162,18432.5
256,point_mul,163,16285.4
256,point_mul,164,17320.6
256,point_mul,165,15069.8
256,point_mul,166,16116.6
256,point_mul,167,15466.4
256,point_mul,168,15991.8
256,point_mul,169,16838.5
256,point_mul,170,18128.4
256,point_mul,171,17458.0
256,point_mul,172,17089.9
256,point_mul,173,17183.8
256,point_mul,174,19226.8
256,point_mul,175,18278.7
256,point_mul,176,19206.6
256,point_mul,177,17885.8
256,point_mul,178,19454.2
256,point_mul,179,18782.8
256,point_mul,180,17403.4
256,point_mul,181,18418.7
256,point_mul,182,17254.7
256,point_mul,183,15310.7
256,point_mul,184,16349.6
256,point_mul,185,15918.6
256,point_mul,186,16191.9
256,point_mul,187,20047.8
256,point_mul,188,14027.4
256,point_mul,189,18010.0
256,point_mul,190,17022.8
256,point_mul,191,15825.3
256,point_mul,192,18191.2
256,point_mul,193,18188.9
256,point_mul,194,17268.4
256,point_mul,195,18079.2
256,point_mul,196,16774.9
256,point_mul,197,17700.9
256,point_mul,198,17518.1
256,point_mul,199,16762.4
256,point_mul,200,17195.5
256,point_mul,201,18193.3
256,point_mul,202,18726.5
256,point_mul,203,21292.5
256,point_mul,204,20451.5
256,point_mul,205,17976.1
256,point_mul,206,19014.4
256,point_mul,207,18855.7
256,point_mul,208,19447.7
256,point_mul,209,18180.2
256,point_mul,210,20675.7
256,point_mul,211,18578.1
256,point_mul,212,37074.4
256,point_mul,213,30875.2
256,point_mul,214,14569.9
256,point_mul,215,17540.7
256,point_mul,216,16363.8
256,point_mul,217,15029.7
256,point_mul,218,16474.5
256,point_mul,219,16456.5
256,point_mul,220,11942.3
256,point_mul,221,12970.6
256,point_mul,222,13923.9
256,point_mul,223,15071.4
256,point_mul,224,13818.7
256,point_mul,225,14480.8
256,point_mul,226,15227.5
256,point_mul,227,12742.5
256,point_mul,228,14382.9
256,point_mul,229,13616.9
256,point_mul,230,16716.7
256,point_mul,231,16118.4
256,point_mul,232,11363.1
256,point_mul,233,13115.2
256,point_mul,234,14280.7
256,point_mul,235,13565.5
256,point_mul,236,13909.6
256,point_mul,237,14600.3
256,point_mul,238,17008.0
256,point_mul,239,16638.0
256,point_mul,240,17587.3
256,point_mul,241,12027.1
256,point_mul,242,15468.5
256,point_mul,243,12517.7
256,point_mul,244,13580.1
256,point_mul,245,14889.3
256,point_mul,246,13454.6
256,point_mul,247,15650.8
256,point_mul,248,14994.1
256,point_mul,249,15806.1
256,point_mul,250,12790.8
256,point_mul,251,15659.0
256,point_mul,252,15411.6
256,point_mul,253,14252.2
256,point_mul,254,15653.8
256,point_mul,255,14742.0
256,point_mul,256,15394.7
256,point_mul,257,14942.7
256,point_mul,258,15135.8
256,point_mul,259,15381.2
256,point_mul,260,17576.5
256,point_mul,261,19713.5
256,point_mul,262,23523.5
256,point_mul,263,26137.0
256,point_mul,264,22586.0
256,point_mul,265,23546.9
256,point_mul,266,20462.1
256,point_mul,267,19627.4
256,point_mul,268,20653.5
256,point_mul,269,18084.6
256,point_mul,270,20495.2
256,point_mul,271,19418.1
256,point_mul,272,19121.7
256,point_mul,273,20430.5
256,point_mul,274,17153.3
256,point_mul,275,18689.7
256,point_mul,276,21119.1
256,point_mul,277,19076.5
256,point_mul,278,17650.0
256,point_mul,279,18136.6
256,point_mul,280,19499.9
256,point_mul,281,17358.6
256,point_mul,282,17945.9
256,point_mul,283,19027.5
256,point_mul,284,20268.9
256,point_mul,285,16891.4
256,point_mul,286,18049.1
256,point_mul,287,20979.7
256,point_mul,288,18782.1
256,point_mul,289,24049.4
256,point_mul,290,16428.2
256,point_mul,291,15344.1
256,point_mul,292,15061.9
256,point_mul,293,17082.4
256,point_mul,294,16916.8
256,point_mul,295,17584.4
256,point_mul,296,14927.1
256,point_mul,297,14730.4
256,point_mul,298,14883.1
256,point_mul,299,14969.8
256,point_mul_generator,0,4519.1
256,point_mul_generator,1,4853.1
256,point_mul_generator,2,4807.1
256,point_mul_generator,3,5309.7
256,point_mul_generator,4,4848.6
256,point_mul_generator,5,4754.9
256,point_mul_generator,6,4949.6
256,point_mul_generator,7,3719.0
256,point_mul_generator,8,4030.8
256,point_mul_generator,9,4049.5
256,point_mul_generator,10,3753.8
256,point_mul_generator,11,4749.6
256,point_mul_generator,12,5520.4
256,point_mul_generator,13,5127.4
256,point_mul_generator,14,4994.3
256,point_mul_generator,15,4909.2
256,point_mul_generator,16,5373.8
256,point_mul_generator,17,4962.0
256,point_mul_generator,18,5735.7
256,point_mul_generator,19,5637.5
256,point_mul_generator,20,5085.0
256,point_mul_generator,21,4213.9
256,point_mul_generator,22,4795.4
256,point_mul_generator,23,5210.6
256,point_mul_generator,24,4997.1
256,point_mul_generator,25,6177.4
256,point_mul_generator,26,5166.1
256,point_mul_generator,27,4840.1
256,point_mul_generator,28,4949.2
256,point_mul_generator,29,4990.6
256,point_mul_generator,30,5549.4
256,point_mul_generator,31,8179.0
256,point_mul_generator,32,18552.9
256,point_mul_generator,33,7450.9
256,point_mul_generator,34,10284.3
256,point_mul_generator,35,9905.5
256,point_mul_generator,36,5900.5
256,point_mul_generator,37,4814.7
256,point_mul_generator,38,5226.4
256,point_mul_generator,39,4845.5
256,point_mul_generator,40,6343.2
256,point_mul_generator,41,4987.3
256,point_mul_generator,42,3971.0
256,point_mul_generator,43,4866.9
256,point_mul_generator,44,5117.1
256,point_mul_generator,45,5877.7
256,point_mul_generator,46,5896.8
256,point_mul_generator,47,5203.6
256,point_mul_generator,48,5523.6
256,point_mul_generator,49,5287.8
256,point_mul_generator,50,4403.6
256,point_mul_generator,51,4911.9
256,point_mul_generator,52,5098.3
256,point_mul_generator,53,5019.1
256,point_mul_generator,54,5241.5
256,point_mul_generator,55,4838.2
256,point_mul_generator,56,4697.5
256,point_mul_generator,57,5758.9
256,point_mul_generator,58,6697.9
256,point_mul_generator,59,5963.0
256,point_mul_generator,60,5617.4
256,point_mul_generator,61,5242.2
256,point_mul_generator,62,4885.9
256,point_mul_generator,63,5893.9
256,point_mul_generator,64,5704.1
256,point_mul_generator,65,5903.0
256,point_mul_generator,66,5523.4
256,point_mul_generator,67,5229.0
256,point_mul_generator,68,5384.2
256,point_mul_generator,69,5910.1
256,point_mul_generator,70,6193.1
256,point_mul_generator,71,5163.7
256,point_mul_generator,72,5133.7
256,point_mul_generator,73,4998.3
256,point_mul_generator,74,4800.2
256,point_mul_generator,75,4938.2
256,point_mul_generator,76,5530.3
256,point_mul_generator,77,4640.0
256,point_mul_generator,78,5199.7
256,point_mul_generator,79,5063.8
256,point_mul_generator,80,4469.9
256,point_mul_generator,81,4720.1
256,point_mul_generator,82,4561.3
256,point_mul_generator,83,4699.6
256,point_mul_generator,84,5487.8
256,point_mul_generator,85,4235.6
256,point_mul_generator,86,4604.5
256,point_mul_generator,87,4511.4
256,point_mul_generator,88,4267.4
256,point_mul_generator,89,4688.9
256,point_mul_generator,90,5315.3
256,point_mul_generator,91,5138.8
256,point_mul_generator,92,4794.9
256,point_mul_generator,93,5025.9
256,point_mul_generator,94,4754.9
256,point_mul_generator,95,4156.3
256,point_mul_generator,96,4687.7
256,point_mul_generator,97,4676.4
256,point_mul_generator,98,4623.8
256,point_mul_generator,99,4304.8
256,point_mul_generator,100,4137.1
256,point_mul_generator,101,4179.3
256,point_mul_generator,102,4247.6
256,point_mul_generator,103,4090.3
256,point_mul_generator,104,4889.6
256,point_mul_generator,105,3828.3
256,point_mul_generator,106,4804.3
256,point_mul_generator,107,4317.5
256,point_mul_generator,108,3896.7
256,point_mul_generator,109,4432.5
256,point_mul_generator,110,4798.3
256,point_mul_generator,111,4675.9
256,point_mul_generator,112,4218.3
256,point_mul_generator,113,4171.6
256,point_mul_generator,114,4284.2
256,point_mul_generator,115,5306.8
256,point_mul_generator,116,4290.0
256,point_mul_generator,117,4799.2
256,point_mul_generator,118,4319.3
256,point_mul_generator,119,4649.4
256,point_mul_generator,120,4201.2
256,point_mul_generator,121,4274.3
256,point_mul_generator,122,4360.8
256,point_mul_generator,123,4165.7
256,point_mul_generator,124,4322.7
256,point_mul_generator,125,4242.5
256,point_mul_generator,126,4785.7
256,point_mul_generator,127,4389.9
256,point_mul_generator,128,4114.1
256,point_mul_generator,129,4393.2
256,point_mul_generator,130,4989.0
256,point_mul_generator,131,4837.9
256,point_mul_generator,132,4740.8
256,point_mul_generator,133,6182.0
256,point_mul_generator,134,4825.4
256,point_mul_generator,135,5154.5
256,point_mul_generator,136,4669.0
256,point_mul_generator,137,4424.9
256,point_mul_generator,138,4032.4
256,point_mul_generator,139,5538.2
256,point_mul_generator,140,6337.5
256,point_mul_generator,141,6284.5
256,point_mul_generator,142,5170.1
256,point_mul_generator,143,4745.6
256,point_mul_generator,144,5015.4
256,point_mul_generator,145,4751.6
256,point_mul_generator,146,4875.9
256,point_mul_generator,147,5156.2
256,point_mul_generator,148,5823.9
256,point_mul_generator,149,5291.2
256,point_mul_generator,150,4776.6
256,point_mul_generator,151,4608.1
256,point_mul_generator,152,5784.6
256,point_mul_generator,153,5398.2
256,point_mul_generator,154,5474.5
256,point_mul_generator,155,4923.3
256,point_mul_generator,156,4983.9
256,point_mul_generator,157,4622.1
256,point_mul_generator,158,4372.9
256,point_mul_generator,159,5604.5
256,point_mul_generator,160,5188.4
256,point_mul_generator,161,5158.3
256,point_mul_generator,162,4808.7
256,point_mul_generator,163,5352.6
256,point_mul_generator,164,5391.9
256,point_mul_generator,165,5641.7
256,point_mul_generator,166,5209.4
256,point_mul_generator,167,6090.3
256,point_mul_generator,168,6782.7
256,point_mul_generator,169,7014.3
256,point_mul_generator,170,7724.4
256,point_mul_generator,171,7143.2
256,point_mul_generator,172,7872.6
256,point_mul_generator,173,5565.8
256,point_mul_generator,174,6773.7
256,point_mul_generator,175,5367.4
256,point_mul_generator,176,5403.3
256,point_mul_generator,177,5291.6
256,point_mul_generator,178,4633.5
256,point_mul_generator,179,4628.4
256,point_mul_generator,180,4568.1
256,point_mul_generator,181,4528.9
256,point_mul_generator,182,4588.2
256,point_mul_generator,183,4578.1
256,point_mul_generator,184,4509.9
256,point_mul_generator,185,4341.6
256,point_mul_generator,186,4579.2
256,point_mul_generator,187,4121.3
256,point_mul_generator,188,4222.3
256,point_mul_generator,189,4039.4
256,point_mul_generator,190,4827.9
256,point_mul_generator,191,4828.3
256,point_mul_generator,192,4741.0
256,point_mul_generator,193,4597.0
256,point_mul_generator,194,7096.6
256,point_mul_generator,195,5569.9
256,point_mul_generator,196,6377.7
256,point_mul_generator,197,5772.3
256,point_mul_generator,198,5945.2
256,point_mul_generator,199,6565.4
256,point_mul_generator,200,5605.3
256,point_mul_generator,201,5322.9
256,point_mul_generator,202,4620.1
256,point_mul_generator,203,4992.8
256,point_mul_generator,204,6294.6
256,point_mul_generator,205,6044.6
256,point_mul_generator,206,5935.2
256,point_mul_generator,207,5802.6
256,point_mul_generator,208,5790.3
256,point_mul_generator,209,5928.2
256,point_mul_generator,210,4524.1
256,point_mul_generator,211,4084.2
256,point_mul_generator,212,4282.1
256,point_mul_generator,213,4410.0
256,point_mul_generator,214,4713.3
256,point_mul_generator,215,4518.1
256,point_mul_generator,216,5077.0
256,point_mul_generator,217,4538.7
256,point_mul_generator,218,4835.4
256,point_mul_generator,219,5966.5
256,point_mul_generator,220,4419.1
256,point_mul_generator,221,4354.0
256,point_mul_generator,222,4730.8
256,point_mul_generator,223,6355.4
256,point_mul_generator,224,6368.3
256,point_mul_generator,225,5916.7
256,point_mul_generator,226,5049.3
256,point_mul_generator,227,4069.3
256,point_mul_generator,228,5062.0
256,point_mul_generator,229,4931.3
256,point_mul_generator,230,5267.5
256,point_mul_generator,231,4323.1
256,point_mul_generator,232,4640.4
256,point_mul_generator,233,4111.0
256,point_mul_generator,234,4440.8
256,point_mul_generator,235,4427.2
256,point_mul_generator,236,4332.0
256,point_mul_generator,237,5936.9
256,point_mul_generator,238,4441.4
256,point_mul_generator,239,4176.9
256,point_mul_generator,240,4441.6
256,point_mul_generator,241,4183.3
256,point_mul_generator,242,4125.0
256,point_mul_generator,243,4846.2
256,point_mul_generator,244,4789.8
256,point_mul_generator,245,4460.1
256,point_mul_generator,246,4187.4
256,point_mul_generator,247,4252.4
256,point_mul_generator,248,4177.0
256,point_mul_generator,249,4208.4
256,point_mul_generator,250,4123.9
256,point_mul_generator,251,4632.5
256,point_mul_generator,252,4424.7
256,point_mul_generator,253,4338.6
256,point_mul_generator,254,5427.8
256,point_mul_generator,255,5310.2
256,point_mul_generator,256,5712.0
256,point_mul_generator,257,5353.5
256,point_mul_generator,258,6014.9
256,point_mul_generator,259,6780.4
256,point_mul_generator,260,4959.2
256,point_mul_generator,261,5101.0
256,point_mul_generator,262,4749.3
256,point_mul_generator,263,5614.7
256,point_mul_generator,264,5655.2
256,point_mul_generator,265,4749.1
256,point_mul_generator,266,3978.7
256,point_mul_generator,267,4743.1
256,point_mul_generator,268,4444.2
256,point_mul_generator,269,4123.3
256,point_mul_generator,270,5294.6
256,point_mul_generator,271,5314.0
256,point_mul_generator,272,5612.1
256,point_mul_generator,273,4162.8
256,point_mul_generator,274,4438.7
256,point_mul_generator,275,4290.6
256,point_mul_generator,276,4731.0
256,point_mul_generator,277,4795.9
256,point_mul_generator,278,6209.2
256,point_mul_generator,279,6377.4
256,point_mul_generator,280,5148.5
256,point_mul_generator,281,6072.7
256,point_mul_generator,282,5223.1
256,point_mul_generator,283,5510.2
256,point_mul_generator,284,6292.7
256,point_mul_generator,285,4728.6
256,point_mul_generator,286,5022.5
256,point_mul_generator,287,4485.1
256,point_mul_generator,288,4208.3
256,point_mul_generator,289,4953.1
256,point_mul_generator,290,5047.9
256,point_mul_generator,291,5883.9
256,point_mul_generator,292,5033.4
256,point_mul_generator,293,4946.5
256,point_mul_generator,294,4758.9
256,point_mul_generator,295,4388.2
256,point_mul_generator,296,4978.0
256,point_mul_generator,297,5554.2
256,point_mul_generator,298,4843.5
256,point_mul_generator,299,3631.5
256,point_add,0,21.1
256,point_add,1,94.3
256,point_add,2,19.9
256,point_add,3,18.0
256,point_add,4,17.7
256,point_add,5,17.8
256,point_add,6,17.4
256,point_add,7,17.4
256,point_add,8,17.2
256,point_add,9,17.3
256,point_add,10,29.4
256,point_add,11,17.9
256,point_add,12,17.5
256,point_add,13,17.1
256,point_add,14,17.2
256,point_add,15,17.1
256,point_add,16,17.1
256,point_add,17,17.4
256,point_add,18,17.3
256,point_add,19,17.3
256,point_add,20,17.4
256,point_add,21,17.2
256,point_add,22,17.4
256,point_add,23,17.3
256,point_add,24,17.4
256,point_add,25,17.2
256,point_add,26,17.4
256,point_add,27,17.2
256,point_add,28,17.3
256,point_add,29,17.4
256,point_add,30,17.3
256,point_add,31,17.4
256,point_add,32,17.3
256,point_add,33,17.6
256,point_add,34,17.4
256,point_add,35,17.4
256,point_add,36,17.5
256,point_add,37,17.4
256,point_add,38,17.3
256,point_add,39,17.2
256,point_add,40,17.4
256,point_add,41,17.5
256,point_add,42,17.6
256,point_add,43,17.4
256,point_add,44,17.5
256,point_add,45,17.3
256,point_add,46,17.3
256,point_add,47,17.2
256,point_add,48,17.3
256,point_add,49,17.4
256,point_add,50,17.4
256,point_add,51,17.5
256,point_add,52,17.7
256,point_add,53,17.5
256,point_add,54,17.6
256,point_add,55,17.3
256,point_add,56,17.4
256,point_add,57,17.3
256,point_add,58,17.2
256,point_add,59,17.2
256,point_add,60,17.4
256,point_add,61,17.2
256,point_add,62,17.2
256,point_add,63,17.3
256,point_add,64,17.2
256,point_add,65,17.6
256,point_add,66,17.3
256,point_add,67,17.1
256,point_add,68,17.2
256,point_add,69,17.2
256,point_add,70,17.2
256,point_add,71,17.4
256,point_add,72,17.1
256,point_add,73,17.3
256,point_add,74,17.2
256,point_add,75,17.3
256,point_add,76,17.2
256,point_add,77,18.0
256,point_add,78,17.4
256,point_add,79,17.5
256,point_add,80,17.3
256,point_add,81,17.4
256,point_add,82,17.3
256,point_add,83,17.3
256,point_add,84,17.5
256,point_add,85,17.3
256,point_add,86,17.2
256,point_add,87,17.2
256,point_add,88,17.2
256,point_add,89,17.2
256,point_add,90,17.3
256,point_add,91,17.2
256,point_add,92,17.0
256,point_add,93,17.8
256,point_add,94,17.1
256,point_add,95,17.2
256,point_add,96,17.1
256,point_add,97,17.3
256,point_add,98,17.3
256,point_add,99,16.8
256,point_add,100,16.9
256,point_add,101,16.9
256,point_add,102,16.9
256,point_add,103,16.9
256,point_add,104,18.1
256,point_add,105,17.1
256,point_add,106,17.2
256,point_add,107,17.2
256,point_add,108,17.0
256,point_add,109,17.7
256,point_add,110,17.1
256,point_add,111,17.3
256,point_add,112,17.2
256,point_add,113,17.3
256,point_add,114,17.2
256,point_add,115,17.0
256,point_add,116,17.1
256,point_add,117,17.2
256,point_add,118,17.2
256,point_add,119,98.1
256,point_add,120,109.3
256,point_add,121,25.8
256,point_add,122,19.6
256,point_add,123,18.0
256,point_add,124,17.2
256,point_add,125,17.0
256,point_add,126,17.1
256,point_add,127,50.8
256,point_add,128,23.7
256,point_add,129,19.8
256,point_add,130,18.3
256,point_add,131,17.7
256,point_add,132,17.6
256,point_add,133,17.7
256,point_add,134,17.6
256,point_add,135,17.5
256,point_add,136,17.6
256,point_add,137,17.4
256,point_add,138,17.5
256,point_add,139,17.4
256,point_add,140,17.2
256,point_add,141,17.3
256,point_add,142,17.4
256,point_add,143,17.4
256,point_add,144,17.2
256,point_add,145,17.3
256,point_add,146,17.3
256,point_add,147,17.4
256,point_add,148,17.2
256,point_add,149,18.2
256,point_add,150,17.5
256,point_add,151,17.3
256,point_add,152,17.3
256,point_add,153,17.2
256,point_add,154,17.2
256,point_add,155,17.2
256,point_add,156,17.1
256,point_add,157,17.2
256,point_add,158,17.1
256,point_add,159,17.2
256,point_add,160,17.2
256,point_add,161,17.1
256,point_add,162,17.2
256,point_add,163,17.2
256,point_add,164,17.1
256,point_add,165,17.2
256,point_add,166,17.1
256,point_add,167,17.1
256,point_add,168,17.1
256,point_add,169,17.1
256,point_add,170,17.1
256,point_add,171,17.1
256,point_add,172,16.9
256,point_add,173,17.8
256,point_add,174,17.2
256,point_add,175,17.3
256,point_add,176,17.1
256,point_add,177,17.1
256,point_add,178,17.0
256,point_add,179,17.0
256,point_add,180,17.1
256,point_add,181,17.1
256,point_add,182,17.0
256,point_add,183,17.0
256,point_add,184,17.2
256,point_add,185,17.2
256,point_add,186,17.1
256,point_add,187,17.2
256,point_add,188,17.1
256,point_add,189,17.1
256,point_add,190,17.0
256,point_add,191,17.0
256,point_add,192,16.9
256,point_add,193,16.9
256,point_add,194,17.1
256,point_add,195,17.0
256,point_add,196,16.9
256,point_add,197,17.0
256,point_add,198,17.0
256,point_add,199,16.9
256,point_add,200,17.0
256,point_add,201,17.8
256,point_add,202,17.2
256,point_add,203,17.0
256,point_add,204,16.9
256,point_add,205,17.0
256,point_add,206,16.9
256,point_add,207,17.0
256,point_add,208,17.0
256,point_add,209,16.9
256,point_add,210,17.1
256,point_add,211,16.9
256,point_add,212,16.9
256,point_add,213,16.9
256,point_add,214,16.9
256,point_add,215,17.0
256,point_add,216,17.0
256,point_add,217,16.9
256,point_add,218,16.9
256,point_add,219,17.0
256,point_add,220,17.0
256,point_add,221,16.9
256,point_add,222,16.9
256,point_add,223,17.0
256,point_add,224,34.6
256,point_add,225,17.5
256,point_add,226,17.1
256,point_add,227,17.2
256,point_add,228,17.1
256,point_add,229,17.2
256,point_add,230,17.2
256,point_add,231,17.0
256,point_add,232,18.0
256,point_add,233,17.7
256,point_add,234,17.0
256,point_add,235,17.0
256,point_add,236,17.1
256,point_add,237,17.0
256,point_add,238,17.0
256,point_add,239,16.9
256,point_add,240,17.1
256,point_add,241,17.0
256,point_add,242,17.0
256,point_add,243,17.0
256,point_add,244,17.1
256,point_add,245,16.9
256,point_add,246,17.0
256,point_add,247,16.9
256,point_add,248,17.0
256,point_add,249,16.9
256,point_add,250,16.9
256,point_add,251,17.0
256,point_add,252,16.9
256,point_add,253,17.0
256,point_add,254,17.0
256,point_add,255,17.2
256,point_add,256,17.2
256,point_add,257,17.2
256,point_add,258,17.0
256,point_add,259,17.1
256,point_add,260,17.1
256,point_add,261,17.0
256,point_add,262,17.0
256,point_add,263,16.9
256,point_add,264,17.1
256,point_add,265,16.9
256,point_add,266,17.0
256,point_add,267,17.0
256,point_add,268,17.0
256,point_add,269,18.0
256,point_add,270,17.2
256,point_add,271,17.4
256,point_add,272,17.2
256,point_add,273,17.2
256,point_add,274,17.2
256,point_add,275,17.2
256,point_add,276,17.3
256,point_add,277,17.1
256,point_add,278,17.2
256,point_add,279,17.1
256,point_add,280,17.2
256,point_add,281,17.2
256,point_add,282,17.2
256,point_add,283,17.3
256,point_add,284,17.3
256,point_add,285,17.0
256,point_add,286,16.9
256,point_add,287,16.9
256,point_add,288,17.0
256,point_add,289,17.0
256,point_add,290,17.0
256,point_add,291,17.0
256,point_add,292,17.1
256,point_add,293,17.0
256,point_add,294,17.0
256,point_add,295,17.0
256,point_add,296,17.0
256,point_add,297,16.9
256,point_add,298,17.1
256,point_add,299,17.0
256,hash,0,8.0
256,hash,1,6.1
256,hash,2,5.3
256,hash,3,4.9
256,hash,4,4.9
256,hash,5,5.1
256,hash,6,4.8
256,hash,7,4.8
256,hash,8,4.8
256,hash,9,4.8
256,hash,10,4.7
256,hash,11,4.7
256,hash,12,4.8
256,hash,13,4.7
256,hash,14,4.8
256,hash,15,5.2
256,hash,16,5.0
256,hash,17,4.9
256,hash,18,4.6
256,hash,19,4.6
256,hash,20,4.7
256,hash,21,4.6
256,hash,22,4.6
256,hash,23,4.8
256,hash,24,4.6
256,hash,25,4.7
256,hash,26,4.6
256,hash,27,4.8
256,hash,28,4.8
256,hash,29,4.7
256,hash,30,4.7
256,hash,31,4.5
256,hash,32,4.7
256,hash,33,4.8
256,hash,34,4.8
256,hash,35,4.7
256,hash,36,4.7
256,hash,37,4.6
256,hash,38,4.7
256,hash,39,4.6
256,hash,40,4.7
256,hash,41,4.8
256,hash,42,4.6
256,hash,43,4.7
256,hash,44,4.8
256,hash,45,4.5
256,hash,46,4.7
256,hash,47,4.7
256,hash,48,4.8
256,hash,49,4.7
256,hash,50,4.7
256,hash,51,4.7
256,hash,52,4.7
256,hash,53,4.8
256,hash,54,4.7
256,hash,55,4.7
256,hash,56,4.7
256,hash,57,4.7
256,hash,58,4.5
256,hash,59,4.6
256,hash,60,4.5
256,hash,61,4.5
256,hash,62,4.5
256,hash,63,4.5
256,hash,64,4.6
256,hash,65,4.9
256,hash,66,4.8
256,hash,67,4.7
256,hash,68,4.5
256,hash,69,4.7
256,hash,70,4.7
256,hash,71,4.7
256,hash,72,4.7
256,hash,73,4.5
256,hash,74,4.8
256,hash,75,4.6
256,hash,76,4.6
256,hash,77,4.9
256,hash,78,4.5
256,hash,79,4.7
256,hash,80,4.6
256,hash,81,4.5
256,hash,82,4.7
256,hash,83,4.6
256,hash,84,4.9
256,hash,85,4.8
256,hash,86,4.8
256,hash,87,4.6
256,hash,88,4.5
256,hash,89,4.6
256,hash,90,4.6
256,hash,91,15.8
256,hash,92,5.0
256,hash,93,5.1
256,hash,94,4.8
256,hash,95,4.7
256,hash,96,4.6
256,hash,97,4.6
256,hash,98,4.7
256,hash,99,4.7
256,hash,100,4.8
256,hash,101,4.6
256,hash,102,4.6
256,hash,103,4.5
256,hash,104,4.6
256,hash,105,4.5
256,hash,106,4.6
256,hash,107,4.6
256,hash,108,4.7
256,hash,109,4.9
256,hash,110,4.7
256,hash,111,4.7
256,hash,112,4.7
256,hash,113,4.7
256,hash,114,4.7
256,hash,115,4.8
256,hash,116,4.6
256,hash,117,4.7
256,hash,118,4.6
256,hash,119,4.7
256,hash,120,4.6
256,hash,121,4.6
256,hash,122,4.5
256,hash,123,4.6
256,hash,124,4.6
256,hash,125,4.6
256,hash,126,4.7
256,hash,127,4.7
256,hash,128,4.7
256,hash,129,5.0
256,hash,130,4.6
256,hash,131,4.7
256,hash,132,4.7
256,hash,133,4.8
256,hash,134,4.7
256,hash,135,4.6
256,hash,136,4.7
256,hash,137,4.7
256,hash,138,4.7
256,hash,139,4.7
256,hash,140,4.6
256,hash,141,4.5
256,hash,142,4.7
256,hash,143,4.7
256,hash,144,4.6
256,hash,145,4.5
256,hash,146,4.5
256,hash,147,4.7
256,hash,148,4.9
256,hash,149,4.8
256,hash,150,4.7
256,hash,151,4.7
256,hash,152,4.8
256,hash,153,4.8
256,hash,154,4.6
256,hash,155,4.7
256,hash,156,4.7
256,hash,157,4.7
256,hash,158,4.6
256,hash,159,4.6
256,hash,160,4.7
256,hash,161,4.6
256,hash,162,4.7
256,hash,163,4.8
256,hash,164,4.7
256,hash,165,4.6
256,hash,166,4.6
256,hash,167,4.8
256,hash,168,4.7
256,hash,169,4.7
256,hash,170,4.8
256,hash,171,4.6
256,hash,172,4.7
256,hash,173,4.8
256,hash,174,4.6
256,hash,175,4.8
256,hash,176,4.8
256,hash,177,4.7
256,hash,178,4.7
256,hash,179,4.7
256,hash,180,4.6
256,hash,181,4.9
256,hash,182,4.6
256,hash,183,4.6
256,hash,184,4.7
256,hash,185,4.8
256,hash,186,4.6
256,hash,187,4.7
256,hash,188,4.6
256,hash,189,4.8
256,hash,190,4.7
256,hash,191,4.7
256,hash,192,4.7
256,hash,193,4.5
256,hash,194,4.7
256,hash,195,4.7
256,hash,196,4.6
256,hash,197,4.7
256,hash,198,4.8
256,hash,199,4.7
256,hash,200,4.8
256,hash,201,4.9
256,hash,202,4.6
256,hash,203,4.6
256,hash,204,4.6
256,hash,205,4.5
256,hash,206,4.7
256,hash,207,4.8
256,hash,208,4.6
256,hash,209,4.7
256,hash,210,4.7
256,hash,211,4.7
256,hash,212,4.6
256,hash,213,4.7
256,hash,214,4.7
256,hash,215,4.6
256,hash,216,4.6
256,hash,217,4.6
256,hash,218,4.7
256,hash,219,4.6
256,hash,220,4.5
256,hash,221,4.7
256,hash,222,4.5
256,hash,223,4.7
256,hash,224,4.8
256,hash,225,4.6
256,hash,226,4.8
256,hash,227,4.7
256,hash,228,4.8
256,hash,229,4.8
256,hash,230,4.7
256,hash,231,4.7
256,hash,232,4.7
256,hash,233,5.0
256,hash,234,4.7
256,hash,235,4.6
256,hash,236,4.8
256,hash,237,4.6
256,hash,238,4.7
256,hash,239,4.6
256,hash,240,4.7
256,hash,241,4.6
256,hash,242,4.7
256,hash,243,4.6
256,hash,244,4.5
256,hash,245,4.7
256,hash,246,4.7
256,hash,247,4.6
256,hash,248,4.5
256,hash,249,4.7
256,hash,250,4.7
256,hash,251,4.8
256,hash,252,4.5
256,hash,253,4.6
256,hash,254,4.7
256,hash,255,5.0
256,hash,256,4.7
256,hash,257,4.8
256,hash,258,4.8
256,hash,259,4.7
256,hash,260,4.7
256,hash,261,4.7
256,hash,262,4.6
256,hash,263,4.6
256,hash,264,4.6
256,hash,265,4.6
256,hash,266,4.7
256,hash,267,4.7
256,hash,268,4.7
256,hash,269,5.2
256,hash,270,4.6
256,hash,271,4.6
256,hash,272,4.7
256,hash,273,4.7
256,hash,274,4.6
256,hash,275,4.7
256,hash,276,4.8
256,hash,277,4.6
256,hash,278,4.7
256,hash,279,4.7
256,hash,280,4.6
256,hash,281,4.7
256,hash,282,4.7
256,hash,283,4.6
256,hash,284,4.7
256,hash,285,4.6
256,hash,286,4.6
256,hash,287,4.7
256,hash,288,4.6
256,hash,289,4.6
256,hash,290,4.8
256,hash,291,4.5
256,hash,292,4.6
256,hash,293,4.6
256,hash,294,4.6
256,hash,295,4.6
256,hash,296,4.5
256,hash,297,4.6
256,hash,298,4.5
256,hash,299,4.7
256,sym_enc,0,28.8
256,sym_enc,1,24.0
256,sym_enc,2,23.0
256,sym_enc,3,22.9
256,sym_enc,4,22.1
256,sym_enc,5,22.2
256,sym_enc,6,22.0
256,sym_enc,7,21.5
256,sym_enc,8,21.7
256,sym_enc,9,21.6
256,sym_enc,10,21.7
256,sym_enc,11,21.6
256,sym_enc,12,21.2
256,sym_enc,13,21.7
256,sym_enc,14,21.4
256,sym_enc,15,21.4
256,sym_enc,16,21.4
256,sym_enc,17,21.6
256,sym_enc,18,21.2
256,sym_enc,19,21.2
256,sym_enc,20,21.2
256,sym_enc,21,21.0
256,sym_enc,22,21.5
256,sym_enc,23,21.2
256,sym_enc,24,21.0
256,sym_enc,25,21.2
256,sym_enc,26,21.2
256,sym_enc,27,20.8
256,sym_enc,28,21.2
256,sym_enc,29,20.8
256,sym_enc,30,33.5
256,sym_enc,31,22.7
256,sym_enc,32,21.2
256,sym_enc,33,21.0
256,sym_enc,34,21.0
256,sym_enc,35,21.1
256,sym_enc,36,21.0
256,sym_enc,37,20.9
256,sym_enc,38,21.0
256,sym_enc,39,21.0
256,sym_enc,40,20.9
256,sym_enc,41,21.2
256,sym_enc,42,21.0
256,sym_enc,43,20.9
256,sym_enc,44,21.4
256,sym_enc,45,21.0
256,sym_enc,46,20.8
256,sym_enc,47,21.1
256,sym_enc,48,21.0
256,sym_enc,49,21.0
256,sym_enc,50,20.8
256,sym_enc,51,20.9
256,sym_enc,52,20.9
256,sym_enc,53,20.8
256,sym_enc,54,21.1
256,sym_enc,55,21.0
256,sym_enc,56,21.0
256,sym_enc,57,21.1
256,sym_enc,58,21.0
256,sym_enc,59,21.1
256,sym_enc,60,20.8
256,sym_enc,61,21.2
256,sym_enc,62,21.0
256,sym_enc,63,20.9
256,sym_enc,64,21.2
256,sym_enc,65,21.0
256,sym_enc,66,21.1
256,sym_enc,67,21.0
256,sym_enc,68,21.1
256,sym_enc,69,21.0
256,sym_enc,70,21.2
256,sym_enc,71,214.2
256,sym_enc,72,44.0
256,sym_enc,73,65.6
256,sym_enc,74,36.6
256,sym_enc,75,26.1
256,sym_enc,76,22.8
256,sym_enc,77,22.4
256,sym_enc,78,21.7
256,sym_enc,79,21.9
256,sym_enc,80,21.8
256,sym_enc,81,21.8
256,sym_enc,82,21.6
256,sym_enc,83,21.9
256,sym_enc,84,21.7
256,sym_enc,85,21.6
256,sym_enc,86,21.5
256,sym_enc,87,21.5
256,sym_enc,88,21.4
256,sym_enc,89,21.3
256,sym_enc,90,21.4
256,sym_enc,91,21.4
256,sym_enc,92,21.1
256,sym_enc,93,21.5
256,sym_enc,94,21.2
256,sym_enc,95,21.3
256,sym_enc,96,21.2
256,sym_enc,97,21.2
256,sym_enc,98,21.5
256,sym_enc,99,21.2
256,sym_enc,100,21.4
256,sym_enc,101,21.5
256,sym_enc,102,21.4
256,sym_enc,103,21.3
256,sym_enc,104,21.0
256,sym_enc,105,21.4
256,sym_enc,106,21.3
256,sym_enc,107,21.2
256,sym_enc,108,39.9
256,sym_enc,109,23.0
256,sym_enc,110,21.5
256,sym_enc,111,21.4
256,sym_enc,112,21.0
256,sym_enc,113,21.1
256,sym_enc,114,21.0
256,sym_enc,115,21.0
256,sym_enc,116,21.2
256,sym_enc,117,21.1
256,sym_enc,118,21.3
256,sym_enc,119,21.1
256,sym_enc,120,21.1
256,sym_enc,121,21.0
256,sym_enc,122,21.1
256,sym_enc,123,21.3
256,sym_enc,124,21.4
256,sym_enc,125,21.1
256,sym_enc,126,20.8
256,sym_enc,127,21.0
256,sym_enc,128,21.0
256,sym_enc,129,21.4
256,sym_enc,130,21.2
256,sym_enc,131,20.9
256,sym_enc,132,21.2
256,sym_enc,133,21.1
256,sym_enc,134,21.0
256,sym_enc,135,20.9
256,sym_enc,136,21.1
256,sym_enc,137,21.2
256,sym_enc,138,21.0
256,sym_enc,139,21.0
256,sym_enc,140,20.9
256,sym_enc,141,20.8
256,sym_enc,142,21.0
256,sym_enc,143,21.1
256,sym_enc,144,21.2
256,sym_enc,145,20.7
256,sym_enc,146,20.9
256,sym_enc,147,21.2
256,sym_enc,148,21.1
256,sym_enc,149,21.2
256,sym_enc,150,21.1
256,sym_enc,151,21.1
256,sym_enc,152,21.0
256,sym_enc,153,21.1
256,sym_enc,154,21.0
256,sym_enc,155,21.2
256,sym_enc,156,21.1
256,sym_enc,157,21.2
256,sym_enc,158,21.3
256,sym_enc,159,21.0
256,sym_enc,160,21.0
256,sym_enc,161,21.0
256,sym_enc,162,20.9
256,sym_enc,163,20.9
256,sym_enc,164,21.0
256,sym_enc,165,20.9
256,sym_enc,166,20.8
256,sym_enc,167,21.2
256,sym_enc,168,20.9
256,sym_enc,169,21.0
256,sym_enc,170,20.9
256,sym_enc,171,21.0
256,sym_enc,172,21.0
256,sym_enc,173,21.1
256,sym_enc,174,21.3
256,sym_enc,175,20.9
256,sym_enc,176,21.0
256,sym_enc,177,21.0
256,sym_enc,178,21.1
256,sym_enc,179,21.2
256,sym_enc,180,21.7
256,sym_enc,181,22.0
256,sym_enc,182,21.5
256,sym_enc,183,21.2
256,sym_enc,184,21.1
256,sym_enc,185,21.0
256,sym_enc,186,21.0
256,sym_enc,187,21.0
256,sym_enc,188,21.1
256,sym_enc,189,21.1
256,sym_enc,190,20.9
256,sym_enc,191,21.1
256,sym_enc,192,20.8
256,sym_enc,193,21.1
256,sym_enc,194,20.6
256,sym_enc,195,20.7
256,sym_enc,196,21.3
256,sym_enc,197,21.1
256,sym_enc,198,20.9
256,sym_enc,199,20.7
256,sym_enc,200,32.6
256,sym_enc,201,22.6
256,sym_enc,202,21.3
256,sym_enc,203,21.3
256,sym_enc,204,20.8
256,sym_enc,205,21.0
256,sym_enc,206,21.0
256,sym_enc,207,20.8
256,sym_enc,208,20.8
256,sym_enc,209,21.1
256,sym_enc,210,21.1
256,sym_enc,211,20.9
256,sym_enc,212,20.9
256,sym_enc,213,21.1
256,sym_enc,214,21.0
256,sym_enc,215,20.9
256,sym_enc,216,21.1
256,sym_enc,217,21.0
256,sym_enc,218,20.9
256,sym_enc,219,20.8
256,sym_enc,220,21.3
256,sym_enc,221,21.2
256,sym_enc,222,20.9
256,sym_enc,223,20.9
256,sym_enc,224,20.8
256,sym_enc,225,20.8
256,sym_enc,226,21.0
256,sym_enc,227,20.8
256,sym_enc,228,20.9
256,sym_enc,229,20.9
256,sym_enc,230,20.8
256,sym_enc,231,20.8
256,sym_enc,232,21.0
256,sym_enc,233,21.2
256,sym_enc,234,20.8
256,sym_enc,235,20.9
256,sym_enc,236,21.1
256,sym_enc,237,21.2
256,sym_enc,238,21.3
256,sym_enc,239,21.0
256,sym_enc,240,21.0
256,sym_enc,241,21.3
256,sym_enc,242,21.2
256,sym_enc,243,20.9
256,sym_enc,244,20.7
256,sym_enc,245,21.0
256,sym_enc,246,21.0
256,sym_enc,247,20.8
256,sym_enc,248,20.9
256,sym_enc,249,21.0
256,sym_enc,250,21.0
256,sym_enc,251,21.1
256,sym_enc,252,21.3
256,sym_enc,253,21.0
256,sym_enc,254,21.2
256,sym_enc,255,21.1
256,sym_enc,256,21.0
256,sym_enc,257,21.3
256,sym_enc,258,21.0
256,sym_enc,259,21.1
256,sym_enc,260,20.9
256,sym_enc,261,21.1
256,sym_enc,262,20.9
256,sym_enc,263,20.8
256,sym_enc,264,20.9
256,sym_enc,265,21.1
256,sym_enc,266,20.9
256,sym_enc,267,21.1
256,sym_enc,268,20.9
256,sym_enc,269,21.6
256,sym_enc,270,21.1
256,sym_enc,271,21.0
256,sym_enc,272,20.7
256,sym_enc,273,20.8
256,sym_enc,274,21.1
256,sym_enc,275,21.2
256,sym_enc,276,20.6
256,sym_enc,277,21.2
256,sym_enc,278,20.8
256,sym_enc,279,21.1
256,sym_enc,280,21.0
256,sym_enc,281,21.1
256,sym_enc,282,20.9
256,sym_enc,283,20.8
256,sym_enc,284,20.8
256,sym_enc,285,21.1
256,sym_enc,286,21.0
256,sym_enc,287,20.9
256,sym_enc,288,20.7
256,sym_enc,289,20.9
256,sym_enc,290,21.0
256,sym_enc,291,21.0
256,sym_enc,292,30.3
256,sym_enc,293,23.4
256,sym_enc,294,21.3
256,sym_enc,295,20.9
256,sym_enc,296,21.0
256,sym_enc,297,21.0
256,sym_enc,298,20.8
256,sym_enc,299,21.2
256,sym_dec,0,16.7
256,sym_dec,1,15.0
256,sym_dec,2,15.1
256,sym_dec,3,14.7
256,sym_dec,4,14.7
256,sym_dec,5,14.9
256,sym_dec,6,14.9
256,sym_dec,7,14.6
256,sym_dec,8,14.7
256,sym_dec,9,14.6
256,sym_dec,10,14.2
256,sym_dec,11,14.4
256,sym_dec,12,14.5
256,sym_dec,13,14.4
256,sym_dec,14,14.3
256,sym_dec,15,14.4
256,sym_dec,16,14.4
256,sym_dec,17,14.4
256,sym_dec,18,14.4
256,sym_dec,19,14.4
256,sym_dec,20,14.6
256,sym_dec,21,14.3
256,sym_dec,22,14.7
256,sym_dec,23,14.4
256,sym_dec,24,14.4
256,sym_dec,25,14.6
256,sym_dec,26,14.2
256,sym_dec,27,14.5
256,sym_dec,28,14.3
256,sym_dec,29,14.5
256,sym_dec,30,14.4
256,sym_dec,31,14.5
256,sym_dec,32,14.4
256,sym_dec,33,14.4
256,sym_dec,34,14.4
256,sym_dec,35,14.3
256,sym_dec,36,14.2
256,sym_dec,37,14.3
256,sym_dec,38,14.4
256,sym_dec,39,14.3
256,sym_dec,40,14.5
256,sym_dec,41,14.5
256,sym_dec,42,14.5
256,sym_dec,43,14.3
256,sym_dec,44,14.5
256,sym_dec,45,14.4
256,sym_dec,46,14.5
256,sym_dec,47,14.4
256,sym_dec,48,14.3
256,sym_dec,49,14.3
256,sym_dec,50,14.5
256,sym_dec,51,14.3
256,sym_dec,52,14.6
256,sym_dec,53,14.4
256,sym_dec,54,14.5
256,sym_dec,55,14.2
256,sym_dec,56,14.3
256,sym_dec,57,14.2
256,sym_dec,58,14.1
256,sym_dec,59,14.4
256,sym_dec,60,14.2
256,sym_dec,61,14.4
256,sym_dec,62,14.2
256,sym_dec,63,14.4
256,sym_dec,64,14.4
256,sym_dec,65,14.4
256,sym_dec,66,14.4
256,sym_dec,67,14.2
256,sym_dec,68,14.4
256,sym_dec,69,14.2
256,sym_dec,70,14.2
256,sym_dec,71,14.3
256,sym_dec,72,14.3
256,sym_dec,73,14.4
256,sym_dec,74,14.2
256,sym_dec,75,14.2
256,sym_dec,76,14.6
256,sym_dec,77,14.8
256,sym_dec,78,14.4
256,sym_dec,79,14.3
256,sym_dec,80,14.3
256,sym_dec,81,14.3
256,sym_dec,82,14.4
256,sym_dec,83,14.3
256,sym_dec,84,14.7
256,sym_dec,85,14.5
256,sym_dec,86,14.7
256,sym_dec,87,14.3
256,sym_dec,88,14.6
256,sym_dec,89,14.4
256,sym_dec,90,14.4
256,sym_dec,91,14.1
256,sym_dec,92,14.4
256,sym_dec,93,14.4
256,sym_dec,94,14.4
256,sym_dec,95,14.3
256,sym_dec,96,178.8
256,sym_dec,97,34.2
256,sym_dec,98,18.0
256,sym_dec,99,15.7
256,sym_dec,100,15.4
256,sym_dec,101,15.3
256,sym_dec,102,15.2
256,sym_dec,103,15.0
256,sym_dec,104,15.3
256,sym_dec,105,15.1
256,sym_dec,106,15.1
256,sym_dec,107,14.8
256,sym_dec,108,15.4
256,sym_dec,109,15.4
256,sym_dec,110,15.4
256,sym_dec,111,15.1
256,sym_dec,112,79.9
256,sym_dec,113,72.3
256,sym_dec,114,20.9
256,sym_dec,115,17.9
256,sym_dec,116,16.6
256,sym_dec,117,16.6
256,sym_dec,118,15.9
256,sym_dec,119,15.8
256,sym_dec,120,15.6
256,sym_dec,121,15.6
256,sym_dec,122,15.6
256,sym_dec,123,15.7
256,sym_dec,124,15.4
256,sym_dec,125,15.6
256,sym_dec,126,15.3
256,sym_dec,127,15.2
256,sym_dec,128,15.4
256,sym_dec,129,16.0
256,sym_dec,130,15.6
256,sym_dec,131,15.4
256,sym_dec,132,15.2
256,sym_dec,133,15.0
256,sym_dec,134,15.3
256,sym_dec,135,15.3
256,sym_dec,136,15.6
256,sym_dec,137,16.2
256,sym_dec,138,15.6
256,sym_dec,139,15.6
256,sym_dec,140,15.7
256,sym_dec,141,16.2
256,sym_dec,142,15.8
256,sym_dec,143,15.4
256,sym_dec,144,15.8
256,sym_dec,145,15.4
256,sym_dec,146,15.8
256,sym_dec,147,55.8
256,sym_dec,148,20.7
256,sym_dec,149,17.1
256,sym_dec,150,16.0
256,sym_dec,151,15.7
256,sym_dec,152,15.6
256,sym_dec,153,15.5
256,sym_dec,154,16.1
256,sym_dec,155,15.2
256,sym_dec,156,15.0
256,sym_dec,157,15.3
256,sym_dec,158,220.5
256,sym_dec,159,28.2
256,sym_dec,160,18.8
256,sym_dec,161,16.8
256,sym_dec,162,16.6
256,sym_dec,163,16.1
256,sym_dec,164,16.3
256,sym_dec,165,16.2
256,sym_dec,166,16.7
256,sym_dec,167,16.2
256,sym_dec,168,16.7
256,sym_dec,169,15.8
256,sym_dec,170,15.8
256,sym_dec,171,16.2
256,sym_dec,172,16.3
256,sym_dec,173,17.2
256,sym_dec,174,15.8
256,sym_dec,175,16.0
256,sym_dec,176,17.1
256,sym_dec,177,16.5
256,sym_dec,178,16.9
256,sym_dec,179,15.2
256,sym_dec,180,14.9
256,sym_dec,181,14.7
256,sym_dec,182,14.7
256,sym_dec,183,14.9
256,sym_dec,184,14.7
256,sym_dec,185,14.8
256,sym_dec,186,14.8
256,sym_dec,187,14.9
256,sym_dec,188,14.9
256,sym_dec,189,14.8
256,sym_dec,190,14.8
256,sym_dec,191,14.7
256,sym_dec,192,14.8
256,sym_dec,193,14.6
256,sym_dec,194,14.7
256,sym_dec,195,14.9
256,sym_dec,196,14.7
256,sym_dec,197,14.8
256,sym_dec,198,15.1
256,sym_dec,199,14.7
256,sym_dec,200,14.6
256,sym_dec,201,15.0
256,sym_dec,202,14.9
256,sym_dec,203,14.7
256,sym_dec,204,15.1
256,sym_dec,205,15.0
256,sym_dec,206,14.8
256,sym_dec,207,14.9
256,sym_dec,208,14.9
256,sym_dec,209,14.7
256,sym_dec,210,14.9
256,sym_dec,211,14.8
256,sym_dec,212,15.0
256,sym_dec,213,15.0
256,sym_dec,214,14.9
256,sym_dec,215,14.6
256,sym_dec,216,14.8
256,sym_dec,217,14.9
256,sym_dec,218,14.8
256,sym_dec,219,14.8
256,sym_dec,220,14.8
256,sym_dec,221,14.8
256,sym_dec,222,14.8
256,sym_dec,223,14.8
256,sym_dec,224,14.4
256,sym_dec,225,14.7
256,sym_dec,226,15.1
256,sym_dec,227,14.7
256,sym_dec,228,14.9
256,sym_dec,229,14.8
256,sym_dec,230,14.7
256,sym_dec,231,14.9
256,sym_dec,232,15.0
256,sym_dec,233,15.2
256,sym_dec,234,14.9
256,sym_dec,235,40.2
256,sym_dec,236,17.0
256,sym_dec,237,15.3
256,sym_dec,238,15.0
256,sym_dec,239,14.9
256,sym_dec,240,15.0
256,sym_dec,241,14.8
256,sym_dec,242,14.7
256,sym_dec,243,14.5
256,sym_dec,244,15.4
256,sym_dec,245,14.9
256,sym_dec,246,14.8
256,sym_dec,247,14.6
256,sym_dec,248,14.8
256,sym_dec,249,14.8
256,sym_dec,250,14.8
256,sym_dec,251,14.7
256,sym_dec,252,14.5
256,sym_dec,253,14.6
256,sym_dec,254,14.7
256,sym_dec,255,14.7
256,sym_dec,256,14.7
256,sym_dec,257,15.0
256,sym_dec,258,14.9
256,sym_dec,259,14.5
256,sym_dec,260,14.6
256,sym_dec,261,14.7
256,sym_dec,262,14.6
256,sym_dec,263,14.7
256,sym_dec,264,14.7
256,sym_dec,265,14.5
256,sym_dec,266,14.6
256,sym_dec,267,14.6
256,sym_dec,268,14.8
256,sym_dec,269,15.1
256,sym_dec,270,14.7
256,sym_dec,271,14.8
256,sym_dec,272,14.7
256,sym_dec,273,14.7
256,sym_dec,274,14.6
256,sym_dec,275,14.7
256,sym_dec,276,14.8
256,sym_dec,277,14.7
256,sym_dec,278,14.8
256,sym_dec,279,14.6
256,sym_dec,280,15.0
256,sym_dec,281,14.7
256,sym_dec,282,14.8
256,sym_dec,283,14.5
256,sym_dec,284,14.8
256,sym_dec,285,14.8
256,sym_dec,286,14.9
256,sym_dec,287,14.7
256,sym_dec,288,14.8
256,sym_dec,289,14.9
256,sym_dec,290,14.8
256,sym_dec,291,14.6
256,sym_dec,292,14.7
256,sym_dec,293,14.7
256,sym_dec,294,14.8
256,sym_dec,295,14.6
256,sym_dec,296,14.8
256,sym_dec,297,14.8
256,sym_dec,298,14.6
256,sym_dec,299,14.9
256,puf,0,327.7
256,puf,1,281.0
256,puf,2,269.8
256,puf,3,265.0
256,puf,4,263.3
256,puf,5,262.7
256,puf,6,263.0
256,puf,7,648.2
256,puf,8,393.0
256,puf,9,305.7
256,puf,10,286.1
256,puf,11,476.6
256,puf,12,327.9
256,puf,13,292.0
256,puf,14,283.0
256,puf,15,276.9
256,puf,16,262.2
256,puf,17,355.4
256,puf,18,288.7
256,puf,19,267.4
256,puf,20,263.6
256,puf,21,263.2
256,puf,22,262.4
256,puf,23,262.0
256,puf,24,316.8
256,puf,25,310.0
256,puf,26,270.0
256,puf,27,265.8
256,puf,28,418.1
256,puf,29,570.0
256,puf,30,324.9
256,puf,31,281.8
256,puf,32,270.6
256,puf,33,266.1
256,puf,34,293.0
256,puf,35,268.2
256,puf,36,262.8
256,puf,37,261.3
256,puf,38,261.5
256,puf,39,261.4
256,puf,40,261.6
256,puf,41,261.3
256,puf,42,454.3
256,puf,43,295.6
256,puf,44,279.9
256,puf,45,289.7
256,puf,46,290.7
256,puf,47,290.0
256,puf,48,317.7
256,puf,49,293.2
256,puf,50,290.1
256,puf,51,451.9
256,puf,52,592.4
256,puf,53,371.0
256,puf,54,357.9
256,puf,55,360.2
256,puf,56,337.2
256,puf,57,335.6
256,puf,58,333.9
256,puf,59,341.3
256,puf,60,448.5
256,puf,61,441.5
256,puf,62,358.2
256,puf,63,326.4
256,puf,64,314.4
256,puf,65,344.9
256,puf,66,312.3
256,puf,67,307.2
256,puf,68,284.1
256,puf,69,261.4
256,puf,70,518.3
256,puf,71,396.1
256,puf,72,297.8
256,puf,73,275.8
256,puf,74,267.7
256,puf,75,356.5
256,puf,76,332.6
256,puf,77,325.4
256,puf,78,324.1
256,puf,79,322.6
256,puf,80,322.6
256,puf,81,344.1
256,puf,82,329.4
256,puf,83,324.8
256,puf,84,321.9
256,puf,85,322.0
256,puf,86,322.6
256,puf,87,322.1
256,puf,88,346.0
256,puf,89,324.1
256,puf,90,321.8
256,puf,91,574.3
256,puf,92,648.8
256,puf,93,1170.6
256,puf,94,503.7
256,puf,95,380.8
256,puf,96,356.5
256,puf,97,371.5
256,puf,98,370.5
256,puf,99,408.3
256,puf,100,371.8
256,puf,101,394.5
256,puf,102,393.1
256,puf,103,391.9
256,puf,104,422.7
256,puf,105,853.0
256,puf,106,478.9
256,puf,107,401.0
256,puf,108,422.2
256,puf,109,543.7
256,puf,110,383.1
256,puf,111,371.6
256,puf,112,367.7
256,puf,113,398.9
256,puf,114,371.3
256,puf,115,365.4
256,puf,116,365.2
256,puf,117,365.2
256,puf,118,365.3
256,puf,119,394.2
256,puf,120,367.0
256,puf,121,657.4
256,puf,122,508.7
256,puf,123,404.8
256,puf,124,352.2
256,puf,125,347.4
256,puf,126,345.7
256,puf,127,345.4
256,puf,128,365.8
256,puf,129,351.8
256,puf,130,344.5
256,puf,131,344.2
256,puf,132,589.3
256,puf,133,421.5
256,puf,134,376.0
256,puf,135,374.9
256,puf,136,415.7
256,puf,137,383.3
256,puf,138,607.2
256,puf,139,455.4
256,puf,140,344.4
256,puf,141,320.1
256,puf,142,312.2
256,puf,143,342.7
256,puf,144,294.6
256,puf,145,289.8
256,puf,146,289.7
256,puf,147,279.2
256,puf,148,273.7
256,puf,149,273.8
256,puf,150,297.4
256,puf,151,275.7
256,puf,152,274.0
256,puf,153,273.9
256,puf,154,267.2
256,puf,155,261.1
256,puf,156,259.6
256,puf,157,278.8
256,puf,158,262.1
256,puf,159,260.5
256,puf,160,259.5
256,puf,161,561.1
256,puf,162,301.7
256,puf,163,292.7
256,puf,164,267.9
256,puf,165,264.8
256,puf,166,262.6
256,puf,167,263.1
256,puf,168,262.3
256,puf,169,262.3
256,puf,170,262.6
256,puf,171,281.1
256,puf,172,264.6
256,puf,173,263.1
256,puf,174,262.4
256,puf,175,262.2
256,puf,176,261.8
256,puf,177,261.4
256,puf,178,278.0
256,puf,179,265.1
256,puf,180,262.0
256,puf,181,261.4
256,puf,182,412.4
256,puf,183,312.3
256,puf,184,279.9
256,puf,185,508.5
256,puf,186,482.3
256,puf,187,319.3
256,puf,188,760.5
256,puf,189,321.1
256,puf,190,279.7
256,puf,191,269.4
256,puf,192,294.8
256,puf,193,269.6
256,puf,194,264.8
256,puf,195,266.3
256,puf,196,262.3
256,puf,197,261.8
256,puf,198,262.4
256,puf,199,261.7
256,puf,200,280.4
256,puf,201,264.6
256,puf,202,262.3
256,puf,203,261.5
256,puf,204,263.7
256,puf,205,274.1
256,puf,206,274.0
256,puf,207,706.0
256,puf,208,354.7
256,puf,209,308.8
256,puf,210,382.9
256,puf,211,309.3
256,puf,212,340.0
256,puf,213,332.6
256,puf,214,326.2
256,puf,215,333.6
256,puf,216,439.4
256,puf,217,363.8
256,puf,218,486.2
256,puf,219,396.2
256,puf,220,375.1
256,puf,221,370.9
256,puf,222,369.7
256,puf,223,479.8
256,puf,224,549.8
256,puf,225,570.2
256,puf,226,431.4
256,puf,227,388.9
256,puf,228,414.5
256,puf,229,377.1
256,puf,230,369.5
256,puf,231,367.7
256,puf,232,366.9
256,puf,233,393.2
256,puf,234,372.1
256,puf,235,352.7
256,puf,236,343.1
256,puf,237,343.2
256,puf,238,342.1
256,puf,239,366.6
256,puf,240,345.4
256,puf,241,343.0
256,puf,242,843.5
256,puf,243,433.5
256,puf,244,355.2
256,puf,245,336.0
256,puf,246,368.1
256,puf,247,331.0
256,puf,248,326.4
256,puf,249,324.8
256,puf,250,324.7
256,puf,251,324.3
256,puf,252,348.1
256,puf,253,326.2
256,puf,254,325.7
256,puf,255,323.2
256,puf,256,323.2
256,puf,257,309.9
256,puf,258,325.2
256,puf,259,307.7
256,puf,260,306.6
256,puf,261,536.7
256,puf,262,463.7
256,puf,263,348.6
256,puf,264,321.3
256,puf,265,313.0
256,puf,266,344.9
256,puf,267,309.9
256,puf,268,305.6
256,puf,269,307.4
256,puf,270,306.3
256,puf,271,302.1
256,puf,272,308.5
256,puf,273,292.9
256,puf,274,289.2
256,puf,275,288.3
256,puf,276,287.9
256,puf,277,287.3
256,puf,278,287.4
256,puf,279,305.7
256,puf,280,291.5
256,puf,281,287.5
256,puf,282,287.5
256,puf,283,573.5
256,puf,284,682.3
256,puf,285,1076.5
256,puf,286,345.3
256,puf,287,304.5
256,puf,288,296.8
256,puf,289,292.5
256,puf,290,336.6
256,puf,291,311.5
256,puf,292,305.7
256,puf,293,305.0
256,puf,294,305.2
256,puf,295,303.9
256,puf,296,325.6
256,puf,297,308.3
256,puf,298,304.6
256,puf,299,304.9
256,ss_gen,0,3.7
256,ss_gen,1,2.8
256,ss_gen,2,2.2
256,ss_gen,3,1.9
256,ss_gen,4,1.8
256,ss_gen,5,1.8
256,ss_gen,6,1.8
256,ss_gen,7,1.7
256,ss_gen,8,1.7
256,ss_gen,9,1.7
256,ss_gen,10,1.7
256,ss_gen,11,1.6
256,ss_gen,12,1.7
256,ss_gen,13,1.6
256,ss_gen,14,1.7
256,ss_gen,15,1.6
256,ss_gen,16,1.6
256,ss_gen,17,1.7
256,ss_gen,18,1.6
256,ss_gen,19,1.7
256,ss_gen,20,1.6
256,ss_gen,21,1.7
256,ss_gen,22,1.6
256,ss_gen,23,1.6
256,ss_gen,24,1.7
256,ss_gen,25,1.7
256,ss_gen,26,1.6
256,ss_gen,27,1.7
256,ss_gen,28,1.6
256,ss_gen,29,1.7
256,ss_gen,30,1.6
256,ss_gen,31,1.6
256,ss_gen,32,1.6
256,ss_gen,33,1.7
256,ss_gen,34,1.6
256,ss_gen,35,1.6
256,ss_gen,36,1.7
256,ss_gen,37,1.6
256,ss_gen,38,1.7
256,ss_gen,39,1.6
256,ss_gen,40,1.7
256,ss_gen,41,1.8
256,ss_gen,42,1.6
256,ss_gen,43,1.7
256,ss_gen,44,1.7
256,ss_gen,45,1.6
256,ss_gen,46,1.7
256,ss_gen,47,1.6
256,ss_gen,48,1.7
256,ss_gen,49,1.6
256,ss_gen,50,1.7
256,ss_gen,51,1.6
256,ss_gen,52,1.8
256,ss_gen,53,1.7
256,ss_gen,54,1.7
256,ss_gen,55,1.7
256,ss_gen,56,1.6
256,ss_gen,57,1.7
256,ss_gen,58,1.6
256,ss_gen,59,1.7
256,ss_gen,60,1.6
256,ss_gen,61,1.7
256,ss_gen,62,1.6
256,ss_gen,63,1.7
256,ss_gen,64,1.6
256,ss_gen,65,1.8
256,ss_gen,66,1.7
256,ss_gen,67,1.6
256,ss_gen,68,1.6
256,ss_gen,69,1.7
256,ss_gen,70,1.6
256,ss_gen,71,1.6
256,ss_gen,72,1.6
256,ss_gen,73,1.6
256,ss_gen,74,1.7
256,ss_gen,75,1.7
256,ss_gen,76,1.6
256,ss_gen,77,2.2
256,ss_gen,78,1.8
256,ss_gen,79,1.6
256,ss_gen,80,1.7
256,ss_gen,81,1.6
256,ss_gen,82,1.6
256,ss_gen,83,1.6
256,ss_gen,84,1.9
256,ss_gen,85,1.7
256,ss_gen,86,1.6
256,ss_gen,87,1.7
256,ss_gen,88,1.5
256,ss_gen,89,1.6
256,ss_gen,90,1.6
256,ss_gen,91,1.6
256,ss_gen,92,1.6
256,ss_gen,93,2.0
256,ss_gen,94,1.6
256,ss_gen,95,1.6
256,ss_gen,96,1.6
256,ss_gen,97,1.6
256,ss_gen,98,1.6
256,ss_gen,99,1.7
256,ss_gen,100,1.6
256,ss_gen,101,1.6
256,ss_gen,102,1.6
256,ss_gen,103,1.6
256,ss_gen,104,1.6
256,ss_gen,105,1.6
256,ss_gen,106,1.6
256,ss_gen,107,1.6
256,ss_gen,108,1.6
256,ss_gen,109,1.8
256,ss_gen,110,1.7
256,ss_gen,111,1.6
256,ss_gen,112,1.7
256,ss_gen,113,1.6
256,ss_gen,114,1.6
256,ss_gen,115,1.6
256,ss_gen,116,1.6
256,ss_gen,117,1.6
256,ss_gen,118,1.6
256,ss_gen,119,1.6
256,ss_gen,120,1.6
256,ss_gen,121,1.6
256,ss_gen,122,179.8
256,ss_gen,123,3.5
256,ss_gen,124,2.6
256,ss_gen,125,2.1
256,ss_gen,126,1.9
256,ss_gen,127,1.8
256,ss_gen,128,1.7
256,ss_gen,129,2.4
256,ss_gen,130,1.7
256,ss_gen,131,1.6
256,ss_gen,132,1.6
256,ss_gen,133,1.7
256,ss_gen,134,1.6
256,ss_gen,135,1.6
256,ss_gen,136,1.6
256,ss_gen,137,1.7
256,ss_gen,138,1.6
256,ss_gen,139,1.7
256,ss_gen,140,1.6
256,ss_gen,141,1.5
256,ss_gen,142,1.6
256,ss_gen,143,1.6
256,ss_gen,144,1.6
256,ss_gen,145,1.6
256,ss_gen,146,1.6
256,ss_gen,147,1.6
256,ss_gen,148,1.5
256,ss_gen,149,1.9
256,ss_gen,150,1.6
256,ss_gen,151,1.6
256,ss_gen,152,1.6
256,ss_gen,153,1.6
256,ss_gen,154,1.6
256,ss_gen,155,1.6
256,ss_gen,156,1.6
256,ss_gen,157,1.7
256,ss_gen,158,1.6
256,ss_gen,159,1.5
256,ss_gen,160,1.6
256,ss_gen,161,1.7
256,ss_gen,162,1.6
256,ss_gen,163,1.5
256,ss_gen,164,1.6
256,ss_gen,165,1.6
256,ss_gen,166,1.6
256,ss_gen,167,1.6
256,ss_gen,168,1.7
256,ss_gen,169,2.2
256,ss_gen,170,1.8
256,ss_gen,171,1.7
256,ss_gen,172,1.7
256,ss_gen,173,1.9
256,ss_gen,174,1.8
256,ss_gen,175,1.6
256,ss_gen,176,1.5
256,ss_gen,177,1.5
256,ss_gen,178,1.6
256,ss_gen,179,1.6
256,ss_gen,180,1.6
256,ss_gen,181,1.5
256,ss_gen,182,1.5
256,ss_gen,183,1.5
256,ss_gen,184,1.7
256,ss_gen,185,1.6
256,ss_gen,186,1.7
256,ss_gen,187,1.6
256,ss_gen,188,1.6
256,ss_gen,189,1.5
256,ss_gen,190,1.6
256,ss_gen,191,1.6
256,ss_gen,192,1.6
256,ss_gen,193,1.6
256,ss_gen,194,1.6
256,ss_gen,195,1.6
256,ss_gen,196,1.6
256,ss_gen,197,1.6
256,ss_gen,198,1.6
256,ss_gen,199,1.7
256,ss_gen,200,1.5
256,ss_gen,201,1.9
256,ss_gen,202,1.7
256,ss_gen,203,1.6
256,ss_gen,204,1.6
256,ss_gen,205,1.6
256,ss_gen,206,1.5
256,ss_gen,207,1.6
256,ss_gen,208,1.5
256,ss_gen,209,1.6
256,ss_gen,210,1.6
256,ss_gen,211,1.6
256,ss_gen,212,1.5
256,ss_gen,213,1.6
256,ss_gen,214,1.5
256,ss_gen,215,1.5
256,ss_gen,216,1.5
256,ss_gen,217,1.6
256,ss_gen,218,1.6
256,ss_gen,219,1.6
256,ss_gen,220,1.6
256,ss_gen,221,1.6
256,ss_gen,222,1.6
256,ss_gen,223,1.6
256,ss_gen,224,1.6
256,ss_gen,225,1.6
256,ss_gen,226,1.7
256,ss_gen,227,1.5
256,ss_gen,228,1.6
256,ss_gen,229,1.7
256,ss_gen,230,1.6
256,ss_gen,231,1.6
256,ss_gen,232,1.6
256,ss_gen,233,1.9
256,ss_gen,234,1.6
256,ss_gen,235,1.6
256,ss_gen,236,1.6
256,ss_gen,237,10.6
256,ss_gen,238,2.8
256,ss_gen,239,1.8
256,ss_gen,240,1.6
256,ss_gen,241,1.5
256,ss_gen,242,1.5
256,ss_gen,243,1.6
256,ss_gen,244,1.5
256,ss_gen,245,1.5
256,ss_gen,246,1.5
256,ss_gen,247,1.5
256,ss_gen,248,1.6
256,ss_gen,249,1.5
256,ss_gen,250,1.5
256,ss_gen,251,1.5
256,ss_gen,252,1.5
256,ss_gen,253,1.7
256,ss_gen,254,1.6
256,ss_gen,255,1.6
256,ss_gen,256,1.5
256,ss_gen,257,1.6
256,ss_gen,258,1.5
256,ss_gen,259,1.5
256,ss_gen,260,1.5
256,ss_gen,261,1.5
256,ss_gen,262,1.6
256,ss_gen,263,1.5
256,ss_gen,264,1.5
256,ss_gen,265,1.5
256,ss_gen,266,1.5
256,ss_gen,267,1.5
256,ss_gen,268,1.5
256,ss_gen,269,2.1
256,ss_gen,270,1.6
256,ss_gen,271,1.6
256,ss_gen,272,1.5
256,ss_gen,273,1.5
256,ss_gen,274,1.5
256,ss_gen,275,1.5
256,ss_gen,276,1.5
256,ss_gen,277,1.5
256,ss_gen,278,1.6
256,ss_gen,279,1.5
256,ss_gen,280,1.5
256,ss_gen,281,1.6
256,ss_gen,282,1.5
256,ss_gen,283,1.5
256,ss_gen,284,1.5
256,ss_gen,285,1.5
256,ss_gen,286,1.5
256,ss_gen,287,1.5
256,ss_gen,288,1.6
256,ss_gen,289,1.5
256,ss_gen,290,1.5
256,ss_gen,291,1.5
256,ss_gen,292,1.5
256,ss_gen,293,1.6
256,ss_gen,294,1.5
256,ss_gen,295,1.5
256,ss_gen,296,1.5
256,ss_gen,297,1.6
256,ss_gen,298,1.5
256,ss_gen,299,1.5
256,ss_rec,0,18.6
256,ss_rec,1,15.4
256,ss_rec,2,14.0
256,ss_rec,3,13.5
256,ss_rec,4,13.2
256,ss_rec,5,13.3
256,ss_rec,6,13.1
256,ss_rec,7,13.1
256,ss_rec,8,13.0
256,ss_rec,9,13.0
256,ss_rec,10,12.7
256,ss_rec,11,12.8
256,ss_rec,12,12.8
256,ss_rec,13,12.8
256,ss_rec,14,12.7
256,ss_rec,15,12.9
256,ss_rec,16,12.7
256,ss_rec,17,12.8
256,ss_rec,18,12.8
256,ss_rec,19,12.8
256,ss_rec,20,12.7
256,ss_rec,21,12.9
256,ss_rec,22,12.7
256,ss_rec,23,12.9
256,ss_rec,24,12.9
256,ss_rec,25,12.8
256,ss_rec,26,12.9
256,ss_rec,27,12.9
256,ss_rec,28,12.9
256,ss_rec,29,12.8
256,ss_rec,30,12.8
256,ss_rec,31,12.9
256,ss_rec,32,12.7
256,ss_rec,33,12.9
256,ss_rec,34,12.8
256,ss_rec,35,12.8
256,ss_rec,36,12.9
256,ss_rec,37,12.6
256,ss_rec,38,12.8
256,ss_rec,39,12.6
256,ss_rec,40,12.8
256,ss_rec,41,12.7
256,ss_rec,42,12.9
256,ss_rec,43,12.9
256,ss_rec,44,12.7
256,ss_rec,45,12.7
256,ss_rec,46,13.1
256,ss_rec,47,12.7
256,ss_rec,48,12.8
256,ss_rec,49,12.7
256,ss_rec,50,12.6
256,ss_rec,51,12.7
256,ss_rec,52,12.8
256,ss_rec,53,12.8
256,ss_rec,54,12.7
256,ss_rec,55,12.9
256,ss_rec,56,12.7
256,ss_rec,57,12.8
256,ss_rec,58,12.6
256,ss_rec,59,12.7
256,ss_rec,60,12.7
256,ss_rec,61,12.5
256,ss_rec,62,12.5
256,ss_rec,63,12.6
256,ss_rec,64,12.6
256,ss_rec,65,13.1
256,ss_rec,66,12.8
256,ss_rec,67,12.8
256,ss_rec,68,12.8
256,ss_rec,69,12.7
256,ss_rec,70,12.7
256,ss_rec,71,12.7
256,ss_rec,72,12.7
256,ss_rec,73,12.6
256,ss_rec,74,12.7
256,ss_rec,75,12.5
256,ss_rec,76,12.7
256,ss_rec,77,13.3
256,ss_rec,78,13.5
256,ss_rec,79,12.9
256,ss_rec,80,37.5
256,ss_rec,81,14.6
256,ss_rec,82,12.8
256,ss_rec,83,12.8
256,ss_rec,84,13.0
256,ss_rec,85,13.0
256,ss_rec,86,12.9
256,ss_rec,87,12.8
256,ss_rec,88,13.0
256,ss_rec,89,12.7
256,ss_rec,90,12.7
256,ss_rec,91,12.7
256,ss_rec,92,12.9
256,ss_rec,93,13.4
256,ss_rec,94,12.8
256,ss_rec,95,12.8
256,ss_rec,96,13.0
256,ss_rec,97,12.8
256,ss_rec,98,12.8
256,ss_rec,99,12.7
256,ss_rec,100,12.9
256,ss_rec,101,12.8
256,ss_rec,102,12.9
256,ss_rec,103,12.8
256,ss_rec,104,12.7
256,ss_rec,105,12.8
256,ss_rec,106,12.8
256,ss_rec,107,12.8
256,ss_rec,108,12.8
256,ss_rec,109,13.1
256,ss_rec,110,13.1
256,ss_rec,111,12.8
256,ss_rec,112,12.8
256,ss_rec,113,12.9
256,ss_rec,114,12.9
256,ss_rec,115,12.9
256,ss_rec,116,12.9
256,ss_rec,117,13.0
256,ss_rec,118,12.8
256,ss_rec,119,12.9
256,ss_rec,120,12.7
256,ss_rec,121,13.0
256,ss_rec,122,12.8
256,ss_rec,123,12.9
256,ss_rec,124,12.8
256,ss_rec,125,12.8
256,ss_rec,126,12.8
256,ss_rec,127,12.7
256,ss_rec,128,12.8
256,ss_rec,129,13.3
256,ss_rec,130,12.6
256,ss_rec,131,13.2
256,ss_rec,132,12.8
256,ss_rec,133,12.9
256,ss_rec,134,12.7
256,ss_rec,135,12.9
256,ss_rec,136,12.7
256,ss_rec,137,12.7
256,ss_rec,138,12.9
256,ss_rec,139,12.7
256,ss_rec,140,12.9
256,ss_rec,141,12.7
256,ss_rec,142,12.7
256,ss_rec,143,12.8
256,ss_rec,144,12.8
256,ss_rec,145,12.8
256,ss_rec,146,12.9
256,ss_rec,147,12.7
256,ss_rec,148,12.8
256,ss_rec,149,13.3
256,ss_rec,150,12.9
256,ss_rec,151,12.8
256,ss_rec,152,12.8
256,ss_rec,153,12.8
256,ss_rec,154,13.0
256,ss_rec,155,12.8
256,ss_rec,156,12.9
256,ss_rec,157,12.9
256,ss_rec,158,12.8
256,ss_rec,159,12.9
256,ss_rec,160,12.9
256,ss_rec,161,12.9
256,ss_rec,162,13.1
256,ss_rec,163,12.9
256,ss_rec,164,12.8
256,ss_rec,165,12.9
256,ss_rec,166,12.8
256,ss_rec,167,12.8
256,ss_rec,168,12.9
256,ss_rec,169,12.8
256,ss_rec,170,12.8
256,ss_rec,171,12.7
256,ss_rec,172,12.8
256,ss_rec,173,13.1
256,ss_rec,174,12.9
256,ss_rec,175,12.6
256,ss_rec,176,12.9
256,ss_rec,177,12.7
256,ss_rec,178,12.8
256,ss_rec,179,12.8
256,ss_rec,180,12.7
256,ss_rec,181,12.8
256,ss_rec,182,12.9
256,ss_rec,183,12.8
256,ss_rec,184,12.8
256,ss_rec,185,12.8
256,ss_rec,186,12.8
256,ss_rec,187,12.7
256,ss_rec,188,12.9
256,ss_rec,189,12.7
256,ss_rec,190,12.7
256,ss_rec,191,12.7
256,ss_rec,192,12.8
256,ss_rec,193,12.7
256,ss_rec,194,12.7
256,ss_rec,195,12.7
256,ss_rec,196,12.7
256,ss_rec,197,12.7
256,ss_rec,198,12.7
256,ss_rec,199,12.8
256,ss_rec,200,12.9
256,ss_rec,201,13.1
256,ss_rec,202,12.9
256,ss_rec,203,12.8
256,ss_rec,204,12.9
256,ss_rec,205,12.8
256,ss_rec,206,12.6
256,ss_rec,207,13.0
256,ss_rec,208,12.7
256,ss_rec,209,12.8
256,ss_rec,210,12.6
256,ss_rec,211,12.9
256,ss_rec,212,12.7
256,ss_rec,213,12.7
256,ss_rec,214,12.7
256,ss_rec,215,12.8
256,ss_rec,216,12.8
256,ss_rec,217,12.8
256,ss_rec,218,12.9
256,ss_rec,219,12.9
256,ss_rec,220,13.0
256,ss_rec,221,12.9
256,ss_rec,222,13.1
256,ss_rec,223,12.8
256,ss_rec,224,12.7
256,ss_rec,225,12.9
256,ss_rec,226,12.7
256,ss_rec,227,12.7
256,ss_rec,228,12.8
256,ss_rec,229,12.8
256,ss_rec,230,23.7
256,ss_rec,231,14.6
256,ss_rec,232,13.2
256,ss_rec,233,13.6
256,ss_rec,234,13.0
256,ss_rec,235,12.9
256,ss_rec,236,13.0
256,ss_rec,237,12.9
256,ss_rec,238,12.9
256,ss_rec,239,12.9
256,ss_rec,240,12.9
256,ss_rec,241,13.0
256,ss_rec,242,13.0
256,ss_rec,243,13.0
256,ss_rec,244,12.5
256,ss_rec,245,12.8
256,ss_rec,246,12.7
256,ss_rec,247,12.8
256,ss_rec,248,12.9
256,ss_rec,249,12.9
256,ss_rec,250,12.9
256,ss_rec,251,12.8
256,ss_rec,252,12.9
256,ss_rec,253,12.7
256,ss_rec,254,12.7
256,ss_rec,255,13.0
256,ss_rec,256,13.0
256,ss_rec,257,13.0
256,ss_rec,258,12.8
256,ss_rec,259,12.7
256,ss_rec,260,12.8
256,ss_rec,261,12.8
256,ss_rec,262,12.9
256,ss_rec,263,13.0
256,ss_rec,264,12.8
256,ss_rec,265,12.9
256,ss_rec,266,13.0
256,ss_rec,267,12.7
256,ss_rec,268,12.7
256,ss_rec,269,13.8
256,ss_rec,270,12.8
256,ss_rec,271,12.6
256,ss_rec,272,12.8
256,ss_rec,273,12.5
256,ss_rec,274,12.6
256,ss_rec,275,12.7
256,ss_rec,276,12.9
256,ss_rec,277,12.7
256,ss_rec,278,12.7
256,ss_rec,279,12.6
256,ss_rec,280,12.7
256,ss_rec,281,12.6
256,ss_rec,282,12.6
256,ss_rec,283,12.6
256,ss_rec,284,12.7
256,ss_rec,285,12.6
256,ss_rec,286,12.7
256,ss_rec,287,12.6
256,ss_rec,288,12.8
256,ss_rec,289,12.7
256,ss_rec,290,12.8
256,ss_rec,291,12.8
256,ss_rec,292,12.8
256,ss_rec,293,12.7
256,ss_rec,294,12.5
256,ss_rec,295,12.7
256,ss_rec,296,12.7
256,ss_rec,297,12.7
256,ss_rec,298,12.8
256,ss_rec,299,12.7
256,rand,0,21.1
256,rand,1,17.8
256,rand,2,16.9
256,rand,3,16.4
256,rand,4,16.3
256,rand,5,16.4
256,rand,6,15.7
256,rand,7,15.8
256,rand,8,15.9
256,rand,9,16.4
256,rand,10,16.1
256,rand,11,16.0
256,rand,12,16.2
256,rand,13,15.9
256,rand,14,16.1
256,rand,15,15.7
256,rand,16,16.0
256,rand,17,16.1
256,rand,18,16.1
256,rand,19,15.8
256,rand,20,16.0
256,rand,21,16.0
256,rand,22,15.9
256,rand,23,15.9
256,rand,24,15.8
256,rand,25,16.0
256,rand,26,15.7
256,rand,27,16.1
256,rand,28,16.1
256,rand,29,16.1
256,rand,30,15.8
256,rand,31,15.9
256,rand,32,15.9
256,rand,33,16.0
256,rand,34,15.9
256,rand,35,15.9
256,rand,36,15.4
256,rand,37,15.1
256,rand,38,14.9
256,rand,39,15.2
256,rand,40,14.8
256,rand,41,15.1
256,rand,42,15.1
256,rand,43,14.8
256,rand,44,15.1
256,rand,45,15.0
256,rand,46,15.1
256,rand,47,14.9
256,rand,48,14.7
256,rand,49,15.0
256,rand,50,14.8
256,rand,51,15.1
256,rand,52,15.2
256,rand,53,27.4
256,rand,54,15.6
256,rand,55,15.3
256,rand,56,15.1
256,rand,57,15.1
256,rand,58,14.9
256,rand,59,14.8
256,rand,60,14.9
256,rand,61,15.1
256,rand,62,14.9
256,rand,63,15.4
256,rand,64,15.6
256,rand,65,14.9
256,rand,66,15.0
256,rand,67,14.9
256,rand,68,14.9
256,rand,69,15.2
256,rand,70,14.8
256,rand,71,14.8
256,rand,72,14.9
256,rand,73,15.0
256,rand,74,15.0
256,rand,75,14.7
256,rand,76,14.8
256,rand,77,15.0
256,rand,78,15.2
256,rand,79,14.9
256,rand,80,14.7
256,rand,81,15.1
256,rand,82,15.1
256,rand,83,14.8
256,rand,84,15.2
256,rand,85,15.0
256,rand,86,15.0
256,rand,87,14.8
256,rand,88,15.1
256,rand,89,14.9
256,rand,90,14.7
256,rand,91,14.8
256,rand,92,14.9
256,rand,93,15.0
256,rand,94,15.0
256,rand,95,14.7
256,rand,96,14.8
256,rand,97,14.9
256,rand,98,14.7
256,rand,99,14.8
256,rand,100,14.9
256,rand,101,14.9
256,rand,102,14.9
256,rand,103,14.9
256,rand,104,15.1
256,rand,105,14.7
256,rand,106,15.0
256,rand,107,14.4
256,rand,108,14.8
256,rand,109,15.0
256,rand,110,15.0
256,rand,111,14.9
256,rand,112,14.5
256,rand,113,15.0
256,rand,114,14.7
256,rand,115,14.9
256,rand,116,15.0
256,rand,117,15.1
256,rand,118,14.8
256,rand,119,15.3
256,rand,120,208.0
256,rand,121,23.0
256,rand,122,17.9
256,rand,123,16.9
256,rand,124,16.1
256,rand,125,16.2
256,rand,126,15.9
256,rand,127,68.8
256,rand,128,22.1
256,rand,129,17.8
256,rand,130,16.0
256,rand,131,15.8
256,rand,132,15.2
256,rand,133,15.4
256,rand,134,15.3
256,rand,135,15.3
256,rand,136,15.2
256,rand,137,15.2
256,rand,138,14.9
256,rand,139,14.8
256,rand,140,14.8
256,rand,141,15.0
256,rand,142,14.9
256,rand,143,14.9
256,rand,144,14.9
256,rand,145,16.5
256,rand,146,16.3
256,rand,147,16.2
256,rand,148,16.7
256,rand,149,17.0
256,rand,150,16.3
256,rand,151,16.2
256,rand,152,16.4
256,rand,153,16.4
256,rand,154,16.6
256,rand,155,16.4
256,rand,156,15.4
256,rand,157,14.8
256,rand,158,15.0
256,rand,159,15.1
256,rand,160,15.1
256,rand,161,15.0
256,rand,162,15.3
256,rand,163,15.0
256,rand,164,14.7
256,rand,165,14.7
256,rand,166,15.2
256,rand,167,14.9
256,rand,168,15.0
256,rand,169,15.0
256,rand,170,15.3
256,rand,171,14.9
256,rand,172,15.2
256,rand,173,15.0
256,rand,174,15.1
256,rand,175,14.9
256,rand,176,15.0
256,rand,177,14.9
256,rand,178,15.0
256,rand,179,15.1
256,rand,180,15.0
256,rand,181,15.0
256,rand,182,15.0
256,rand,183,15.1
256,rand,184,14.8
256,rand,185,15.0
256,rand,186,14.7
256,rand,187,15.1
256,rand,188,15.1
256,rand,189,14.9
256,rand,190,15.3
256,rand,191,14.9
256,rand,192,15.0
256,rand,193,15.2
256,rand,194,15.4
256,rand,195,14.9
256,rand,196,15.0
256,rand,197,15.0
256,rand,198,14.9
256,rand,199,15.0
256,rand,200,15.3
256,rand,201,15.0
256,rand,202,15.0
256,rand,203,15.0
256,rand,204,15.1
256,rand,205,15.0
256,rand,206,15.1
256,rand,207,15.0
256,rand,208,15.0
256,rand,209,15.1
256,rand,210,14.7
256,rand,211,15.0
256,rand,212,15.1
256,rand,213,14.8
256,rand,214,14.7
256,rand,215,15.1
256,rand,216,14.7
256,rand,217,15.0
256,rand,218,14.9
256,rand,219,183.3
256,rand,220,22.4
256,rand,221,17.3
256,rand,222,16.3
256,rand,223,16.1
256,rand,224,15.7
256,rand,225,15.8
256,rand,226,15.9
256,rand,227,15.7
256,rand,228,15.7
256,rand,229,15.9
256,rand,230,15.7
256,rand,231,15.7
256,rand,232,16.0
256,rand,233,16.1
256,rand,234,15.9
256,rand,235,15.9
256,rand,236,15.4
256,rand,237,15.6
256,rand,238,15.5
256,rand,239,15.6
256,rand,240,15.4
256,rand,241,15.5
256,rand,242,15.7
256,rand,243,15.5
256,rand,244,15.6
256,rand,245,15.5
256,rand,246,15.5
256,rand,247,15.5
256,rand,248,15.4
256,rand,249,15.6
256,rand,250,15.4
256,rand,251,15.7
256,rand,252,15.5
256,rand,253,15.2
256,rand,254,15.4
256,rand,255,15.2
256,rand,256,15.2
256,rand,257,15.5
256,rand,258,15.6
256,rand,259,15.3
256,rand,260,15.1
256,rand,261,15.4
256,rand,262,15.2
256,rand,263,15.2
256,rand,264,15.3
256,rand,265,15.1
256,rand,266,15.1
256,rand,267,15.1
256,rand,268,15.2
256,rand,269,15.7
256,rand,270,15.1
256,rand,271,15.3
256,rand,272,15.3
256,rand,273,14.9
256,rand,274,15.1
256,rand,275,15.1
256,rand,276,15.2
256,rand,277,15.2
256,rand,278,15.3
256,rand,279,15.6
256,rand,280,15.5
256,rand,281,117.6
256,rand,282,23.0
256,rand,283,17.5
256,rand,284,16.1
256,rand,285,15.6
256,rand,286,15.4
256,rand,287,15.6
256,rand,288,15.3
256,rand,289,15.2
256,rand,290,15.2
256,rand,291,15.3
256,rand,292,15.2
256,rand,293,15.3
256,rand,294,15.2
256,rand,295,15.2
256,rand,296,15.0
256,rand,297,15.4
256,rand,298,14.9
256,rand,299,15.0
256,mod_inv,0,102.8
256,mod_inv,1,97.9
256,mod_inv,2,94.6
256,mod_inv,3,93.4
256,mod_inv,4,92.8
256,mod_inv,5,92.4
256,mod_inv,6,92.0
256,mod_inv,7,92.1
256,mod_inv,8,92.0
256,mod_inv,9,92.0
256,mod_inv,10,92.0
256,mod_inv,11,113.9
256,mod_inv,12,92.3
256,mod_inv,13,126.4
256,mod_inv,14,95.8
256,mod_inv,15,93.9
256,mod_inv,16,93.5
256,mod_inv,17,100.1
256,mod_inv,18,98.4
256,mod_inv,19,93.6
256,mod_inv,20,93.2
256,mod_inv,21,93.0
256,mod_inv,22,93.0
256,mod_inv,23,93.1
256,mod_inv,24,93.0
256,mod_inv,25,93.1
256,mod_inv,26,93.1
256,mod_inv,27,93.1
256,mod_inv,28,93.1
256,mod_inv,29,92.9
256,mod_inv,30,92.9
256,mod_inv,31,93.1
256,mod_inv,32,111.0
256,mod_inv,33,260.7
256,mod_inv,34,98.9
256,mod_inv,35,134.7
256,mod_inv,36,102.9
256,mod_inv,37,98.4
256,mod_inv,38,95.0
256,mod_inv,39,96.1
256,mod_inv,40,98.3
256,mod_inv,41,98.0
256,mod_inv,42,97.8
256,mod_inv,43,97.8
256,mod_inv,44,97.5
256,mod_inv,45,97.5
256,mod_inv,46,97.6
256,mod_inv,47,97.6
256,mod_inv,48,105.0
256,mod_inv,49,123.4
256,mod_inv,50,97.7
256,mod_inv,51,97.4
256,mod_inv,52,97.6
256,mod_inv,53,97.3
256,mod_inv,54,97.3
256,mod_inv,55,97.3
256,mod_inv,56,97.3
256,mod_inv,57,97.3
256,mod_inv,58,97.2
256,mod_inv,59,97.3
256,mod_inv,60,100.7
256,mod_inv,61,102.9
256,mod_inv,62,102.9
256,mod_inv,63,103.0
256,mod_inv,64,103.0
256,mod_inv,65,102.9
256,mod_inv,66,102.9
256,mod_inv,67,103.0
256,mod_inv,68,102.9
256,mod_inv,69,116.0
256,mod_inv,70,103.5
256,mod_inv,71,103.1
256,mod_inv,72,103.0
256,mod_inv,73,103.0
256,mod_inv,74,103.0
256,mod_inv,75,103.1
256,mod_inv,76,103.1
256,mod_inv,77,103.1
256,mod_inv,78,103.0
256,mod_inv,79,103.1
256,mod_inv,80,103.1
256,mod_inv,81,102.9
256,mod_inv,82,103.0
256,mod_inv,83,103.0
256,mod_inv,84,103.6
256,mod_inv,85,103.1
256,mod_inv,86,102.9
256,mod_inv,87,99.4
256,mod_inv,88,106.4
256,mod_inv,89,97.4
256,mod_inv,90,97.3
256,mod_inv,91,97.3
256,mod_inv,92,97.2
256,mod_inv,93,97.2
256,mod_inv,94,97.3
256,mod_inv,95,97.3
256,mod_inv,96,97.2
256,mod_inv,97,97.3
256,mod_inv,98,97.1
256,mod_inv,99,97.3
256,mod_inv,100,182.2
256,mod_inv,101,109.6
256,mod_inv,102,103.8
256,mod_inv,103,101.1
256,mod_inv,104,162.0
256,mod_inv,105,103.8
256,mod_inv,106,206.4
256,mod_inv,107,224.2
256,mod_inv,108,357.8
256,mod_inv,109,298.7
256,mod_inv,110,116.7
256,mod_inv,111,108.3
256,mod_inv,112,208.7
256,mod_inv,113,125.7
256,mod_inv,114,105.2
256,mod_inv,115,104.7
256,mod_inv,116,104.1
256,mod_inv,117,103.9
256,mod_inv,118,104.1
256,mod_inv,119,111.0
256,mod_inv,120,110.8
256,mod_inv,121,109.6
256,mod_inv,122,109.6
256,mod_inv,123,109.6
256,mod_inv,124,109.8
256,mod_inv,125,109.7
256,mod_inv,126,109.5
256,mod_inv,127,109.9
256,mod_inv,128,109.7
256,mod_inv,129,109.8
256,mod_inv,130,109.8
256,mod_inv,131,123.6
256,mod_inv,132,110.0
256,mod_inv,133,110.8
256,mod_inv,134,109.8
256,mod_inv,135,109.7
256,mod_inv,136,109.7
256,mod_inv,137,109.5
256,mod_inv,138,109.6
256,mod_inv,139,110.6
256,mod_inv,140,109.6
256,mod_inv,141,109.5
256,mod_inv,142,109.7
256,mod_inv,143,109.7
256,mod_inv,144,109.7
256,mod_inv,145,109.8
256,mod_inv,146,109.7
256,mod_inv,147,109.7
256,mod_inv,148,109.8
256,mod_inv,149,120.2
256,mod_inv,150,109.8
256,mod_inv,151,110.7
256,mod_inv,152,110.5
256,mod_inv,153,110.5
256,mod_inv,154,322.5
256,mod_inv,155,119.8
256,mod_inv,156,156.2
256,mod_inv,157,120.0
256,mod_inv,158,113.7
256,mod_inv,159,111.4
256,mod_inv,160,107.8
256,mod_inv,161,105.2
256,mod_inv,162,103.9
256,mod_inv,163,103.8
256,mod_inv,164,103.4
256,mod_inv,165,103.4
256,mod_inv,166,103.2
256,mod_inv,167,102.9
256,mod_inv,168,103.0
256,mod_inv,169,128.0
256,mod_inv,170,103.4
256,mod_inv,171,103.1
256,mod_inv,172,103.2
256,mod_inv,173,103.1
256,mod_inv,174,103.2
256,mod_inv,175,103.0
256,mod_inv,176,103.0
256,mod_inv,177,103.0
256,mod_inv,178,103.1
256,mod_inv,179,103.1
256,mod_inv,180,103.1
256,mod_inv,181,103.1
256,mod_inv,182,103.1
256,mod_inv,183,103.0
256,mod_inv,184,103.0
256,mod_inv,185,103.0
256,mod_inv,186,103.1
256,mod_inv,187,103.0
256,mod_inv,188,114.2
256,mod_inv,189,103.3
256,mod_inv,190,103.2
256,mod_inv,191,103.1
256,mod_inv,192,103.0
256,mod_inv,193,103.0
256,mod_inv,194,103.0
256,mod_inv,195,103.0
256,mod_inv,196,103.1
256,mod_inv,197,103.0
256,mod_inv,198,101.4
256,mod_inv,199,97.3
256,mod_inv,200,97.4
256,mod_inv,201,210.5
256,mod_inv,202,109.4
256,mod_inv,203,106.1
256,mod_inv,204,101.0
256,mod_inv,205,98.8
256,mod_inv,206,98.1
256,mod_inv,207,97.8
256,mod_inv,208,97.6
256,mod_inv,209,97.4
256,mod_inv,210,97.5
256,mod_inv,211,97.5
256,mod_inv,212,97.4
256,mod_inv,213,97.5
256,mod_inv,214,97.3
256,mod_inv,215,97.4
256,mod_inv,216,97.2
256,mod_inv,217,300.4
256,mod_inv,218,101.8
256,mod_inv,219,141.5
256,mod_inv,220,108.5
256,mod_inv,221,103.9
256,mod_inv,222,100.7
256,mod_inv,223,98.4
256,mod_inv,224,97.6
256,mod_inv,225,97.4
256,mod_inv,226,97.1
256,mod_inv,227,96.9
256,mod_inv,228,96.7
256,mod_inv,229,96.8
256,mod_inv,230,96.7
256,mod_inv,231,96.7
256,mod_inv,232,96.7
256,mod_inv,233,116.8
256,mod_inv,234,96.9
256,mod_inv,235,96.7
256,mod_inv,236,96.7
256,mod_inv,237,159.0
256,mod_inv,238,101.8
256,mod_inv,239,98.9
256,mod_inv,240,98.4
256,mod_inv,241,98.2
256,mod_inv,242,97.9
256,mod_inv,243,98.1
256,mod_inv,244,98.0
256,mod_inv,245,98.0
256,mod_inv,246,98.0
256,mod_inv,247,137.4
256,mod_inv,248,107.1
256,mod_inv,249,105.3
256,mod_inv,250,104.9
256,mod_inv,251,104.6
256,mod_inv,252,120.5
256,mod_inv,253,104.7
256,mod_inv,254,104.4
256,mod_inv,255,104.5
256,mod_inv,256,104.4
256,mod_inv,257,104.2
256,mod_inv,258,104.2
256,mod_inv,259,104.1
256,mod_inv,260,104.0
256,mod_inv,261,104.2
256,mod_inv,262,104.1
256,mod_inv,263,104.1
256,mod_inv,264,104.0
256,mod_inv,265,136.0
256,mod_inv,266,109.1
256,mod_inv,267,105.2
256,mod_inv,268,104.8
256,mod_inv,269,104.5
256,mod_inv,270,104.2
256,mod_inv,271,120.4
256,mod_inv,272,104.4
256,mod_inv,273,104.3
256,mod_inv,274,104.4
256,mod_inv,275,104.2
256,mod_inv,276,104.3
256,mod_inv,277,104.1
256,mod_inv,278,104.1
256,mod_inv,279,114.7
256,mod_inv,280,104.4
256,mod_inv,281,299.6
256,mod_inv,282,135.3
256,mod_inv,283,97.9
256,mod_inv,284,96.1
256,mod_inv,285,95.6
256,mod_inv,286,95.3
256,mod_inv,287,95.4
256,mod_inv,288,111.2
256,mod_inv,289,95.3
256,mod_inv,290,95.1
256,mod_inv,291,95.1
256,mod_inv,292,95.1
256,mod_inv,293,95.1
256,mod_inv,294,95.0
256,mod_inv,295,95.0
256,mod_inv,296,95.2
256,mod_inv,297,95.2
256,mod_inv,298,95.1
256,mod_inv,299,95.1
