config,level,mode,protocol,initiator,responder,success,failure_reason,failure_stage,session_id,message_bytes,rl_broadcasts,rl_broadcast_bytes,compute_ms_initiator,compute_ms_responder,network_ms,t_start_ms,t_end_ms,messages,total_bytes,total_bits,latency_ms,ops_initiator_point_mul,ops_initiator_point_add,ops_initiator_hash,ops_initiator_sym_enc,ops_initiator_sym_dec,ops_initiator_puf,ops_initiator_ss_gen,ops_initiator_ss_rec,ops_initiator_rand,ops_initiator_mod_inv,ops_responder_point_mul,ops_responder_point_add,ops_responder_hash,ops_responder_sym_enc,ops_responder_sym_dec,ops_responder_puf,ops_responder_ss_gen,ops_responder_ss_rec,ops_responder_rand,ops_responder_mod_inv
D2DAP-128-hint,128,hint,D2DAP,D3,D5,True,,,a30f092323170b42,152|152,1,32,22.1068,20.6026,0.0,110000,110045,2,304,2432,42.7094,5,1,9,1,1,1,0,1,1,2,5,1,9,1,1,1,0,1,1,2
D2DAP-128-hint,128,hint,D2DAP,D9,D5,True,,,b2c8ba1b0d90300c,152|152,1,32,19.3444,19.3794,0.0,120000,120041,2,304,2432,38.7238,5,1,9,1,1,1,0,1,1,2,5,1,9,1,1,1,0,1,1,2
D2DAP-128-hint,128,hint,D2DAP,D9,D8,True,,,5ce83efe10ed04e9,152|152,1,32,20.7388,19.2415,0.0,130000,130042,2,304,2432,39.9803,5,1,9,1,1,1,0,1,1,2,5,1,9,1,1,1,0,1,1,2
D2DAP-128-hint,128,hint,D2DAP,D6,D2,True,,,95101792c336f413,152|152,1,32,17.2145,18.2517,0.0,140000,140037,2,304,2432,35.4662,5,1,9,1,1,1,0,1,1,2,5,1,9,1,1,1,0,1,1,2
D2DAP-128-hint,128,hint,D2DAP,D4,D7,True,,,afcbfff56845d0d7,152|152,1,32,17.319699999999997,18.5399,0.0,150000,150038,2,304,2432,35.8596,5,1,9,1,1,1,0,1,1,2,5,1,9,1,1,1,0,1,1,2
D2DAP-128-hint,128,hint,D2DAP,D9,D5,True,,,8fb5872792bf8d76,152|152,1,32,17.5492,16.4861,0.0,160000,160035,2,304,2432,34.0353,5,1,9,1,1,1,0,1,1,2,5,1,9,1,1,1,0,1,1,2
D2DAP-128-hint,128,hint,D2DAP,D7,D8,True,,,9e112c6f8b12e5d8,152|152,1,32,18.048299999999998,16.487,0.0,170000,170036,2,304,2432,34.53529999999999,5,1,9,1,1,1,0,1,1,2,5,1,9,1,1,1,0,1,1,2
D2DAP-128-hint,128,hint,D2DAP,D4,D2,True,,,8ebd18ac30c19b87,152|152,1,32,15.0655,16.4011,0.0,180000,180034,2,304,2432,31.4666,5,1,9,1,1,1,0,1,1,2,5,1,9,1,1,1,0,1,1,2
D2DAP-128-hint,128,hint,D2DAP,D5,D1,True,,,22bd1ffbd51794b4,152|152,1,32,14.6085,14.4522,0.0,190000,190030,2,304,2432,29.060699999999997,5,1,9,1,1,1,0,1,1,2,5,1,9,1,1,1,0,1,1,2
D2DAP-128-hint,128,hint,D2DAP,D2,D8,True,,,feae48aa9c36c78e,152|152,1,32,18.8867,16.194,0.0,200000,200037,2,304,2432,35.0807,5,1,9,1,1,1,0,1,1,2,5,1,9,1,1,1,0,1,1,2
D2DAP-128-hint,128,hint,D2DAP,D8,D9,True,,,ba4a8b2b06488894,152|152,1,32,16.4163,17.0214,0.0,210000,210035,2,304,2432,33.4377,5,1,9,1,1,1,0,1,1,2,5,1,9,1,1,1,0,1,1,2
D2DAP-128-hint,128,hint,D2DAP,D5,D9,True,,,33279c10d894e205,152|152,1,32,14.863900000000001,15.2651,0.0,220000,220031,2,304,2432,30.129,5,1,9,1,1,1,0,1,1,2,5,1,9,1,1,1,0,1,1,2
D2DAP-128-hint,128,hint,D2DAP,D4,D9,True,,,a24aa8c03a42936f,152|152,1,32,14.5727,14.4439,0.0,230000,230030,2,304,2432,29.016599999999997,5,1,9,1,1,1,0,1,1,2,5,1,9,1,1,1,0,1,1,2
D2DAP-128-hint,128,hint,D2DAP,D8,D5,True,,,6c2c0904fe59404d,152|152,1,32,14.609499999999999,14.2952,0.0,240000,240030,2,304,2432,28.9047,5,1,9,1,1,1,0,1,1,2,5,1,9,1,1,1,0,1,1,2
D2DAP-128-hint,128,hint,D2DAP,D5,D2,True,,,08bcfca2c6234472,152|152,1,32,15.3781,14.8183,0.0,250000,250032,2,304,2432,30.1964,5,1,9,1,1,1,0,1,1,2,5,1,9,1,1,1,0,1,1,2
D2DAP-128-hint,128,hint,D2DAP,D4,D5,True,,,36742ad9e494c672,152|152,1,32,15.0197,14.3918,0.0,260000,260031,2,304,2432,29.4115,5,1,9,1,1,1,0,1,1,2,5,1,9,1,1,1,0,1,1,2
D2DAP-128-hint,128,hint,D2DAP,D6,D7,True,,,7bf45a5ab0ab8342,152|152,1,32,16.3084,14.2636,0.0,270000,270033,2,304,2432,30.572,5,1,9,1,1,1,0,1,1,2,5,1,9,1,1,1,0,1,1,2
D2DAP-128-hint,128,hint,D2DAP,D4,D2,True,,,18ac87a6e4696ffb,152|152,1,32,18.3664,16.2115,0.0,280000,280036,2,304,2432,34.5779,5,1,9,1,1,1,0,1,1,2,5,1,9,1,1,1,0,1,1,2
D2DAP-128-hint,128,hint,D2DAP,D8,D6,True,,,ac3af72e847a3a88,152|152,1,32,14.8143,15.9841,0.0,290000,290032,2,304,2432,30.7984,5,1,9,1,1,1,0,1,1,2,5,1,9,1,1,1,0,1,1,2
D2DAP-128-hint,128,hint,D2DAP,D3,D8,True,,,ad9f38c33d4e6a50,152|152,1,32,14.1406,14.6641,0.0,300000,300030,2,304,2432,28.804699999999997,5,1,9,1,1,1,0,1,1,2,5,1,9,1,1,1,0,1,1,2
D2DAP-128-hint,128,hint,D2DAP,D4,D9,True,,,3ad87db4a0a725cf,152|152,1,32,14.286200000000001,14.8482,0.0,310000,310030,2,304,2432,29.1344,5,1,9,1,1,1,0,1,1,2,5,1,9,1,1,1,0,1,1,2
D2DAP-128-hint,128,hint,D2DAP,D9,D4,True,,,48cbaee37d935a7c,152|152,1,32,14.3564,15.8252,0.0,320000,320031,2,304,2432,30.181600000000003,5,1,9,1,1,1,0,1,1,2,5,1,9,1,1,1,0,1,1,2
D2DAP-128-hint,128,hint,D2DAP,D3,D7,True,,,e1f9273f9270fa6a,152|152,1,32,14.565000000000001,14.545,0.0,330000,330030,2,304,2432,29.11,5,1,9,1,1,1,0,1,1,2,5,1,9,1,1,1,0,1,1,2
D2DAP-128-hint,128,hint,D2DAP,D9,D2,True,,,82c8aba63df88b38,152|152,1,32,14.796700000000001,13.9187,0.0,340000,340030,2,304,2432,28.715400000000002,5,1,9,1,1,1,0,1,1,2,5,1,9,1,1,1,0,1,1,2
D2DAP-128-hint,128,hint,D2DAP,D8,D1,True,,,353c5119f6b19b29,152|152,1,32,15.7716,16.3543,0.0,350000,350034,2,304,2432,32.1259,5,1,9,1,1,1,0,1,1,2,5,1,9,1,1,1,0,1,1,2
D2DAP-128-hint,128,hint,D2DAP,D8,D10,True,,,84deaa49ac838ce3,152|152,1,32,16.566699999999997,14.7953,0.0,360000,360033,2,304,2432,31.361999999999995,5,1,9,1,1,1,0,1,1,2,5,1,9,1,1,1,0,1,1,2
D2DAP-128-hint,128,hint,D2DAP,D8,D5,True,,,a44f7a988c414197,152|152,1,32,16.0916,16.4194,0.0,370000,370034,2,304,2432,32.510999999999996,5,1,9,1,1,1,0,1,1,2,5,1,9,1,1,1,0,1,1,2
D2DAP-128-hint,128,hint,D2DAP,D6,D8,True,,,9e255556f6951a39,152|152,1,32,15.4046,16.0578,0.0,380000,380033,2,304,2432,31.462400000000002,5,1,9,1,1,1,0,1,1,2,5,1,9,1,1,1,0,1,1,2
D2DAP-128-hint,128,hint,D2DAP,D6,D5,True,,,9e06ae6b9a99be73,152|152,1,32,15.6782,15.4113,0.0,390000,390032,2,304,2432,31.0895,5,1,9,1,1,1,0,1,1,2,5,1,9,1,1,1,0,1,1,2
D2DAP-128-hint,128,hint,D2DAP,D3,D2,True,,,63aa25cb62f444e0,152|152,1,32,15.846900000000002,15.7611,0.0,400000,400033,2,304,2432,31.608000000000004,5,1,9,1,1,1,0,1,1,2,5,1,9,1,1,1,0,1,1,2
D2DAP-128-hint,128,hint,D2DAP,D4,D7,True,,,3bb8dca6f49fea07,152|152,1,32,15.360800000000001,15.1597,0.0,410000,410032,2,304,2432,30.520500000000002,5,1,9,1,1,1,0,1,1,2,5,1,9,1,1,1,0,1,1,2
D2DAP-128-hint,128,hint,D2DAP,D5,D9,True,,,4312eac371dee157,152|152,1,32,15.403300000000002,15.7381,0.0,420000,420032,2,304,2432,31.1414,5,1,9,1,1,1,0,1,1,2,5,1,9,1,1,1,0,1,1,2
D2DAP-128-hint,128,hint,D2DAP,D1,D8,True,,,af87c24bcacb1be0,152|152,1,32,16.0586,15.7375,0.0,430000,430033,2,304,2432,31.7961,5,1,9,1,1,1,0,1,1,2,5,1,9,1,1,1,0,1,1,2
D2DAP-128-hint,128,hint,D2DAP,D6,D10,True,,,970a910546e2808a,152|152,1,32,15.9174,15.7925,0.0,440000,440033,2,304,2432,31.7099,5,1,9,1,1,1,0,1,1,2,5,1,9,1,1,1,0,1,1,2
D2DAP-128-hint,128,hint,D2DAP,D1,D6,True,,,69c3233d4de19f4c,152|152,1,32,16.0031,18.4011,0.0,450000,450036,2,304,2432,34.4042,5,1,9,1,1,1,0,1,1,2,5,1,9,1,1,1,0,1,1,2
D2DAP-128-hint,128,hint,D2DAP,D7,D3,True,,,cfb8068ca7978ee9,152|152,1,32,15.9538,17.3254,0.0,460000,460035,2,304,2432,33.279199999999996,5,1,9,1,1,1,0,1,1,2,5,1,9,1,1,1,0,1,1,2
D2DAP-128-hint,128,hint,D2DAP,D4,D5,True,,,17f451a71b63dd9a,152|152,1,32,15.6677,15.6336,0.0,470000,470032,2,304,2432,31.301299999999998,5,1,9,1,1,1,0,1,1,2,5,1,9,1,1,1,0,1,1,2
D2DAP-128-hint,128,hint,D2DAP,D3,D2,True,,,573b25f7e6f39081,152|152,1,32,16.0071,16.0031,0.0,480000,480034,2,304,2432,32.0102,5,1,9,1,1,1,0,1,1,2,5,1,9,1,1,1,0,1,1,2
D2DAP-128-hint,128,hint,D2DAP,D10,D9,True,,,2fa99ced7636fe91,152|152,1,32,15.9238,16.6982,0.0,490000,490034,2,304,2432,32.622,5,1,9,1,1,1,0,1,1,2,5,1,9,1,1,1,0,1,1,2
D2DAP-128-hint,128,hint,D2DAP,D9,D3,True,,,a12e11b9c910a0c7,152|152,1,32,16.011400000000002,15.2727,0.0,500000,500033,2,304,2432,31.284100000000002,5,1,9,1,1,1,0,1,1,2,5,1,9,1,1,1,0,1,1,2
D2DAP-128-hint,128,hint,D2DAP,D8,D3,True,,,d9913cf0b614a96c,152|152,1,32,15.8366,15.3547,0.0,510000,510032,2,304,2432,31.1913,5,1,9,1,1,1,0,1,1,2,5,1,9,1,1,1,0,1,1,2
D2DAP-128-hint,128,hint,D2DAP,D3,D5,True,,,faca32d36a178d3e,152|152,1,32,17.0125,15.3924,0.0,520000,520034,2,304,2432,32.4049,5,1,9,1,1,1,0,1,1,2,5,1,9,1,1,1,0,1,1,2
D2DAP-128-hint,128,hint,D2DAP,D2,D6,True,,,d368c9b200962afd,152|152,1,32,16.1738,15.383,0.0,530000,530033,2,304,2432,31.5568,5,1,9,1,1,1,0,1,1,2,5,1,9,1,1,1,0,1,1,2
D2DAP-128-hint,128,hint,D2DAP,D8,D10,True,,,fd7b21255aafcb7a,152|152,1,32,15.4098,15.3725,0.0,540000,540032,2,304,2432,30.7823,5,1,9,1,1,1,0,1,1,2,5,1,9,1,1,1,0,1,1,2
D2DAP-128-hint,128,hint,D2DAP,D5,D4,True,,,395877cc9282e677,152|152,1,32,15.783199999999999,16.2025,0.0,550000,550034,2,304,2432,31.9857,5,1,9,1,1,1,0,1,1,2,5,1,9,1,1,1,0,1,1,2
D2DAP-128-hint,128,hint,D2DAP,D4,D8,True,,,d63995e8d7b872ef,152|152,1,32,15.065100000000001,15.6245,0.0,560000,560032,2,304,2432,30.6896,5,1,9,1,1,1,0,1,1,2,5,1,9,1,1,1,0,1,1,2
D2DAP-128-hint,128,hint,D2DAP,D1,D4,True,,,89d008cfcd299a81,152|152,1,32,15.7151,15.9436,0.0,570000,570032,2,304,2432,31.6587,5,1,9,1,1,1,0,1,1,2,5,1,9,1,1,1,0,1,1,2
D2DAP-128-hint,128,hint,D2DAP,D1,D8,True,,,912ac3305c4218ae,152|152,1,32,15.3569,15.4527,0.0,580000,580032,2,304,2432,30.8096,5,1,9,1,1,1,0,1,1,2,5,1,9,1,1,1,0,1,1,2
D2DAP-128-hint,128,hint,D2DAP,D7,D5,True,,,3e3c358b863da498,152|152,1,32,15.4473,15.5721,0.0,590000,590033,2,304,2432,31.0194,5,1,9,1,1,1,0,1,1,2,5,1,9,1,1,1,0,1,1,2
D2DAP-128-hint,128,hint,D2DAP,D2,D10,True,,,bb2c789a2b9340c7,152|152,1,32,15.5617,15.2552,0.0,600000,600033,2,304,2432,30.8169,5,1,9,1,1,1,0,1,1,2,5,1,9,1,1,1,0,1,1,2
D2DAP-128-hint,128,hint,D2DAP,D2,D9,True,,,f507baec2b735373,152|152,1,32,14.8274,18.7043,0.0,610000,610035,2,304,2432,33.5317,5,1,9,1,1,1,0,1,1,2,5,1,9,1,1,1,0,1,1,2
D2DAP-128-hint,128,hint,D2DAP,D5,D7,True,,,3e6048ccc865fe01,152|152,1,32,14.5184,16.9298,0.0,620000,620033,2,304,2432,31.4482,5,1,9,1,1,1,0,1,1,2,5,1,9,1,1,1,0,1,1,2
D2DAP-128-hint,128,hint,D2DAP,D4,D2,True,,,671b77fedb9f5ce5,152|152,1,32,15.976400000000002,16.6501,0.0,630000,630034,2,304,2432,32.6265,5,1,9,1,1,1,0,1,1,2,5,1,9,1,1,1,0,1,1,2
D2DAP-128-hint,128,hint,D2DAP,D3,D7,True,,,6b8102e520e75245,152|152,1,32,16.1164,15.8855,0.0,640000,640033,2,304,2432,32.0019,5,1,9,1,1,1,0,1,1,2,5,1,9,1,1,1,0,1,1,2
D2DAP-128-hint,128,hint,D2DAP,D6,D4,True,,,3f03a007ba793a0e,152|152,1,32,16.1141,15.23,0.0,650000,650033,2,304,2432,31.3441,5,1,9,1,1,1,0,1,1,2,5,1,9,1,1,1,0,1,1,2
D2DAP-128-hint,128,hint,D2DAP,D4,D1,True,,,94588e6d9384103f,152|152,1,32,16.182299999999998,15.3924,0.0,660000,660033,2,304,2432,31.5747,5,1,9,1,1,1,0,1,1,2,5,1,9,1,1,1,0,1,1,2
D2DAP-128-hint,128,hint,D2DAP,D10,D4,True,,,fccdc95d5c46110b,152|152,1,32,15.0501,15.3549,0.0,670000,670032,2,304,2432,30.405,5,1,9,1,1,1,0,1,1,2,5,1,9,1,1,1,0,1,1,2
D2DAP-128-hint,128,hint,D2DAP,D9,D5,True,,,b2681c6cd3d3b378,152|152,1,32,15.9161,15.9151,0.0,680000,680033,2,304,2432,31.831200000000003,5,1,9,1,1,1,0,1,1,2,5,1,9,1,1,1,0,1,1,2
D2DAP-128-hint,128,hint,D2DAP,D5,D3,True,,,4b7e50b527b188de,152|152,1,32,14.955099999999998,15.7582,0.0,690000,690032,2,304,2432,30.713299999999997,5,1,9,1,1,1,0,1,1,2,5,1,9,1,1,1,0,1,1,2
D2DAP-128-hint,128,hint,D2DAP,D9,D3,True,,,6ed576036b09192d,152|152,1,32,15.983699999999999,16.0754,0.0,700000,700034,2,304,2432,32.0591,5,1,9,1,1,1,0,1,1,2,5,1,9,1,1,1,0,1,1,2
D2DAP-128-hint,128,hint,D2DAP,D3,D8,True,,,71ae2a807a33f376,152|152,1,32,14.983500000000001,16.8817,0.0,710000,710033,2,304,2432,31.8652,5,1,9,1,1,1,0,1,1,2,5,1,9,1,1,1,0,1,1,2
D2DAP-128-hint,128,hint,D2DAP,D8,D5,True,,,fa2a01b3b2d9b20b,152|152,1,32,16.1224,15.6907,0.0,720000,720033,2,304,2432,31.8131,5,1,9,1,1,1,0,1,1,2,5,1,9,1,1,1,0,1,1,2
D2DAP-128-hint,128,hint,D2DAP,D10,D1,True,,,a50a48d74759c8a8,152|152,1,32,15.5475,15.6773,0.0,730000,730032,2,304,2432,31.224800000000002,5,1,9,1,1,1,0,1,1,2,5,1,9,1,1,1,0,1,1,2
D2DAP-128-hint,128,hint,D2DAP,D2,D9,True,,,dbde847c41f176a0,152|152,1,32,15.9159,15.3776,0.0,740000,740032,2,304,2432,31.2935,5,1,9,1,1,1,0,1,1,2,5,1,9,1,1,1,0,1,1,2
D2DAP-128-hint,128,hint,D2DAP,D7,D3,True,,,a1c7b802537751dc,152|152,1,32,15.4634,15.8,0.0,750000,750032,2,304,2432,31.2634,5,1,9,1,1,1,0,1,1,2,5,1,9,1,1,1,0,1,1,2
D2DAP-128-hint,128,hint,D2DAP,D3,D9,True,,,929d17b251aef0ce,152|152,1,32,16.2484,15.8246,0.0,760000,760034,2,304,2432,32.073,5,1,9,1,1,1,0,1,1,2,5,1,9,1,1,1,0,1,1,2
D2DAP-128-hint,128,hint,D2DAP,D2,D5,True,,,2a705e03589064ba,152|152,1,32,15.8753,15.4216,0.0,770000,770033,2,304,2432,31.2969,5,1,9,1,1,1,0,1,1,2,5,1,9,1,1,1,0,1,1,2
D2DAP-128-hint,128,hint,D2DAP,D8,D1,True,,,52480ecf6fee875c,152|152,1,32,16.8295,15.4896,0.0,780000,780034,2,304,2432,32.3191,5,1,9,1,1,1,0,1,1,2,5,1,9,1,1,1,0,1,1,2
D2DAP-128-hint,128,hint,D2DAP,D5,D8,True,,,2b9cb9c30c8417b0,152|152,1,32,17.631999999999998,16.6042,0.0,790000,790036,2,304,2432,34.2362,5,1,9,1,1,1,0,1,1,2,5,1,9,1,1,1,0,1,1,2
D2DAP-128-hint,128,hint,D2DAP,D4,D10,True,,,2bbb21d585d63549,152|152,1,32,15.461299999999998,15.319,0.0,800000,800033,2,304,2432,30.780299999999997,5,1,9,1,1,1,0,1,1,2,5,1,9,1,1,1,0,1,1,2
D2DAP-128-hint,128,hint,D2DAP,D6,D2,True,,,1917a066e33561a9,152|152,1,32,15.613900000000001,15.3637,0.0,810000,810033,2,304,2432,30.977600000000002,5,1,9,1,1,1,0,1,1,2,5,1,9,1,1,1,0,1,1,2
D2DAP-128-hint,128,hint,D2DAP,D7,D6,True,,,19d84ae616c86a9a,152|152,1,32,15.1523,16.6812,0.0,820000,820033,2,304,2432,31.8335,5,1,9,1,1,1,0,1,1,2,5,1,9,1,1,1,0,1,1,2
D2DAP-128-hint,128,hint,D2DAP,D7,D5,True,,,f793a1512090ca6d,152|152,1,32,15.6326,16.0362,0.0,830000,830033,2,304,2432,31.6688,5,1,9,1,1,1,0,1,1,2,5,1,9,1,1,1,0,1,1,2
D2DAP-128-hint,128,hint,D2DAP,D2,D1,True,,,039f32554934e59c,152|152,1,32,16.0621,15.7197,0.0,840000,840033,2,304,2432,31.7818,5,1,9,1,1,1,0,1,1,2,5,1,9,1,1,1,0,1,1,2
D2DAP-128-hint,128,hint,D2DAP,D2,D4,True,,,cac69747932981f5,152|152,1,32,15.364700000000001,16.5522,0.0,850000,850033,2,304,2432,31.9169,5,1,9,1,1,1,0,1,1,2,5,1,9,1,1,1,0,1,1,2
D2DAP-128-hint,128,hint,D2DAP,D7,D2,True,,,34748498e5e70de7,152|152,1,32,15.6512,16.0571,0.0,860000,860033,2,304,2432,31.708299999999998,5,1,9,1,1,1,0,1,1,2,5,1,9,1,1,1,0,1,1,2
D2DAP-128-hint,128,hint,D2DAP,D2,D6,True,,,07cf892b31d60cb4,152|152,1,32,15.966899999999999,16.3102,0.0,870000,870034,2,304,2432,32.2771,5,1,9,1,1,1,0,1,1,2,5,1,9,1,1,1,0,1,1,2
D2DAP-128-hint,128,hint,D2DAP,D2,D3,True,,,a2d51d3a8b6e33ef,152|152,1,32,15.6598,15.3728,0.0,880000,880033,2,304,2432,31.032600000000002,5,1,9,1,1,1,0,1,1,2,5,1,9,1,1,1,0,1,1,2
D2DAP-128-hint,128,hint,D2DAP,D6,D9,True,,,af697d4322461f68,152|152,1,32,16.3581,16.452,0.0,890000,890035,2,304,2432,32.810100000000006,5,1,9,1,1,1,0,1,1,2,5,1,9,1,1,1,0,1,1,2
D2DAP-128-hint,128,hint,D2DAP,D4,D7,True,,,28d666da8ab6aa8a,152|152,1,32,14.7971,15.5938,0.0,900000,900031,2,304,2432,30.390900000000002,5,1,9,1,1,1,0,1,1,2,5,1,9,1,1,1,0,1,1,2
D2DAP-128-hint,128,hint,D2DAP,D1,D3,True,,,eda3c82e5decffbc,152|152,1,32,15.444,15.1367,0.0,910000,910033,2,304,2432,30.5807,5,1,9,1,1,1,0,1,1,2,5,1,9,1,1,1,0,1,1,2
D2DAP-128-hint,128,hint,D2DAP,D5,D9,True,,,e8fcd835854126cb,152|152,1,32,16.5341,15.9311,0.0,920000,920034,2,304,2432,32.465199999999996,5,1,9,1,1,1,0,1,1,2,5,1,9,1,1,1,0,1,1,2
D2DAP-128-hint,128,hint,D2DAP,D8,D5,True,,,c6e7ee3eae4f1707,152|152,1,32,19.494,15.1694,0.0,930000,930037,2,304,2432,34.663399999999996,5,1,9,1,1,1,0,1,1,2,5,1,9,1,1,1,0,1,1,2
D2DAP-128-hint,128,hint,D2DAP,D3,D1,True,,,a2a77cd30da59d54,152|152,1,32,16.2641,15.4389,0.0,940000,940033,2,304,2432,31.703,5,1,9,1,1,1,0,1,1,2,5,1,9,1,1,1,0,1,1,2
D2DAP-128-hint,128,hint,D2DAP,D5,D7,True,,,d23168fc9ddbad6d,152|152,1,32,15.2007,38.8768,0.0,950000,950055,2,304,2432,54.0775,5,1,9,1,1,1,0,1,1,2,5,1,9,1,1,1,0,1,1,2
D2DAP-128-hint,128,hint,D2DAP,D9,D2,True,,,b76d15af7354a333,152|152,1,32,15.6297,14.7809,0.0,960000,960031,2,304,2432,30.410600000000002,5,1,9,1,1,1,0,1,1,2,5,1,9,1,1,1,0,1,1,2
D2DAP-128-hint,128,hint,D2DAP,D5,D10,True,,,3258ac9ece4e7324,152|152,1,32,14.9505,14.0157,0.0,970000,970031,2,304,2432,28.9662,5,1,9,1,1,1,0,1,1,2,5,1,9,1,1,1,0,1,1,2
D2DAP-128-hint,128,hint,D2DAP,D10,D3,True,,,d35c21ecc8b77f8c,152|152,1,32,14.869,14.8641,0.0,980000,980031,2,304,2432,29.7331,5,1,9,1,1,1,0,1,1,2,5,1,9,1,1,1,0,1,1,2
D2DAP-128-hint,128,hint,D2DAP,D5,D6,True,,,f83e7b6cd66cbbd7,152|152,1,32,15.476,14.2128,0.0,990000,990031,2,304,2432,29.6888,5,1,9,1,1,1,0,1,1,2,5,1,9,1,1,1,0,1,1,2
D2DAP-128-hint,128,hint,D2DAP,D3,D4,True,,,ffe6cdbfe79e9ae2,152|152,1,32,15.014,14.4647,0.0,1000000,1000031,2,304,2432,29.4787,5,1,9,1,1,1,0,1,1,2,5,1,9,1,1,1,0,1,1,2
D2DAP-128-hint,128,hint,D2DAP,D9,D4,True,,,1efd85cba1ab7cf8,152|152,1,32,15.4237,14.3914,0.0,1010000,1010031,2,304,2432,29.8151,5,1,9,1,1,1,0,1,1,2,5,1,9,1,1,1,0,1,1,2
D2DAP-128-hint,128,hint,D2DAP,D6,D9,True,,,a0806b274396b3a4,152|152,1,32,14.431899999999999,14.419,0.0,1020000,1020030,2,304,2432,28.8509,5,1,9,1,1,1,0,1,1,2,5,1,9,1,1,1,0,1,1,2
D2DAP-128-hint,128,hint,D2DAP,D6,D3,True,,,3467fe5cc369473e,152|152,1,32,15.0717,14.3091,0.0,1030000,1030032,2,304,2432,29.3808,5,1,9,1,1,1,0,1,1,2,5,1,9,1,1,1,0,1,1,2
D2DAP-128-hint,128,hint,D2DAP,D1,D7,True,,,2f6a91af22431425,152|152,1,32,14.7864,15.9868,0.0,1040000,1040032,2,304,2432,30.773200000000003,5,1,9,1,1,1,0,1,1,2,5,1,9,1,1,1,0,1,1,2
D2DAP-128-hint,128,hint,D2DAP,D3,D2,True,,,4d67097f563f0257,152|152,1,32,15.8169,15.6028,0.0,1050000,1050033,2,304,2432,31.4197,5,1,9,1,1,1,0,1,1,2,5,1,9,1,1,1,0,1,1,2
D2DAP-128-hint,128,hint,D2DAP,D6,D8,True,,,caa4ecfa2d3a22f8,152|152,1,32,19.252499999999998,17.8797,0.0,1060000,1060039,2,304,2432,37.1322,5,1,9,1,1,1,0,1,1,2,5,1,9,1,1,1,0,1,1,2
D2DAP-128-hint,128,hint,D2DAP,D8,D9,True,,,a096eaa2b62d9c63,152|152,1,32,16.447200000000002,15.2901,0.0,1070000,1070034,2,304,2432,31.737300000000005,5,1,9,1,1,1,0,1,1,2,5,1,9,1,1,1,0,1,1,2
D2DAP-128-hint,128,hint,D2DAP,D1,D7,True,,,4d38152c3bd4f5f9,152|152,1,32,15.4788,16.2504,0.0,1080000,1080033,2,304,2432,31.7292,5,1,9,1,1,1,0,1,1,2,5,1,9,1,1,1,0,1,1,2
D2DAP-128-hint,128,hint,D2DAP,D3,D9,True,,,6da0e9fc2c523fc7,152|152,1,32,15.6755,15.7543,0.0,1090000,1090033,2,304,2432,31.4298,5,1,9,1,1,1,0,1,1,2,5,1,9,1,1,1,0,1,1,2
D2DAP-128-hint,128,hint,D2DAP,D1,D2,True,,,fe13dc8d9ad992e2,152|152,1,32,14.9196,15.7275,0.0,1100000,1100032,2,304,2432,30.647100000000002,5,1,9,1,1,1,0,1,1,2,5,1,9,1,1,1,0,1,1,2
D2DAP-128-hint,128,hint,D2DAP,D4,D5,True,,,921332e5fa3b9c08,152|152,1,32,20.2658,27.3516,0.0,1110000,1110050,2,304,2432,47.6174,5,1,9,1,1,1,0,1,1,2,5,1,9,1,1,1,0,1,1,2
D2DAP-128-hint,128,hint,D2DAP,D8,D5,True,,,90d989f937a42665,152|152,1,32,21.2761,16.6818,0.0,1120000,1120039,2,304,2432,37.957899999999995,5,1,9,1,1,1,0,1,1,2,5,1,9,1,1,1,0,1,1,2
D2DAP-128-hint,128,hint,D2DAP,D4,D9,True,,,f187eb9beb96c850,152|152,1,32,20.6723,19.1364,0.0,1130000,1130042,2,304,2432,39.8087,5,1,9,1,1,1,0,1,1,2,5,1,9,1,1,1,0,1,1,2
D2DAP-128-hint,128,hint,D2DAP,D7,D9,True,,,4f933e9572c20480,152|152,1,32,16.7384,18.1659,0.0,1140000,1140037,2,304,2432,34.9043,5,1,9,1,1,1,0,1,1,2,5,1,9,1,1,1,0,1,1,2
D2DAP-128-hint,128,hint,D2DAP,D6,D10,True,,,bb7c5d8ff37d90f1,152|152,1,32,15.5922,15.222,0.0,1150000,1150033,2,304,2432,30.8142,5,1,9,1,1,1,0,1,1,2,5,1,9,1,1,1,0,1,1,2
D2DAP-128-hint,128,hint,D2DAP,D3,D10,True,,,17b6c2bd8ecd1074,152|152,1,32,15.0581,15.0719,0.0,1160000,1160032,2,304,2432,30.13,5,1,9,1,1,1,0,1,1,2,5,1,9,1,1,1,0,1,1,2
D2DAP-128-hint,128,hint,D2DAP,D2,D10,True,,,f98669972fe12af2,152|152,1,32,15.1147,14.7859,0.0,1170000,1170031,2,304,2432,29.900599999999997,5,1,9,1,1,1,0,1,1,2,5,1,9,1,1,1,0,1,1,2
D2DAP-128-hint,128,hint,D2DAP,D3,D1,True,,,bebbc25f42bbc4a8,152|152,1,32,17.046100000000003,14.5898,0.0,1180000,1180033,2,304,2432,31.635900000000003,5,1,9,1,1,1,0,1,1,2,5,1,9,1,1,1,0,1,1,2
D2DAP-128-hint,128,hint,D2DAP,D10,D9,True,,,99bd57dfcfea78a9,152|152,1,32,20.9097,15.053,0.0,1190000,1190037,2,304,2432,35.9627,5,1,9,1,1,1,0,1,1,2,5,1,9,1,1,1,0,1,1,2
D2DAP-128-hint,128,hint,D2DAP,D9,D1,True,,,f160b168843eda8f,152|152,1,32,15.4252,16.075,0.0,1200000,1200034,2,304,2432,31.5002,5,1,9,1,1,1,0,1,1,2,5,1,9,1,1,1,0,1,1,2
D2DAP-128-hint,128,hint,D2DAP,D9,D8,True,,,bdfd7eb45d376385,152|152,1,32,15.5784,15.2729,0.0,1210000,1210033,2,304,2432,30.851300000000002,5,1,9,1,1,1,0,1,1,2,5,1,9,1,1,1,0,1,1,2
D2DAP-128-hint,128,hint,D2DAP,D9,D2,True,,,f3d02245c7dff9a2,152|152,1,32,15.6838,16.1042,0.0,1220000,1220034,2,304,2432,31.787999999999997,5,1,9,1,1,1,0,1,1,2,5,1,9,1,1,1,0,1,1,2
D2DAP-128-hint,128,hint,D2DAP,D4,D5,True,,,dbb3da52a697a90f,152|152,1,32,18.028,16.6186,0.0,1230000,1230036,2,304,2432,34.6466,5,1,9,1,1,1,0,1,1,2,5,1,9,1,1,1,0,1,1,2
D2DAP-128-hint,128,hint,D2DAP,D7,D4,True,,,9115ba4064b45a5c,152|152,1,32,18.3619,16.2812,0.0,1240000,1240037,2,304,2432,34.6431,5,1,9,1,1,1,0,1,1,2,5,1,9,1,1,1,0,1,1,2
D2DAP-128-hint,128,hint,D2DAP,D4,D10,True,,,3af2cd003b7d0924,152|152,1,32,17.3144,16.6291,0.0,1250000,1250035,2,304,2432,33.9435,5,1,9,1,1,1,0,1,1,2,5,1,9,1,1,1,0,1,1,2
D2DAP-128-hint,128,hint,D2DAP,D1,D8,True,,,98b6c56e502ef763,152|152,1,32,15.578399999999998,16.3814,0.0,1260000,1260034,2,304,2432,31.959799999999998,5,1,9,1,1,1,0,1,1,2,5,1,9,1,1,1,0,1,1,2
D2DAP-128-hint,128,hint,D2DAP,D3,D4,True,,,4e96e09e2b67257a,152|152,1,32,15.354099999999999,15.8298,0.0,1270000,1270033,2,304,2432,31.1839,5,1,9,1,1,1,0,1,1,2,5,1,9,1,1,1,0,1,1,2
D2DAP-128-hint,128,hint,D2DAP,D10,D9,True,,,0c908274d5ecd365,152|152,1,32,15.9085,15.4528,0.0,1280000,1280033,2,304,2432,31.3613,5,1,9,1,1,1,0,1,1,2,5,1,9,1,1,1,0,1,1,2
D2DAP-128-hint,128,hint,D2DAP,D2,D1,True,,,b30fa3d6dca5c5c2,152|152,1,32,16.110400000000002,15.3197,0.0,1290000,1290033,2,304,2432,31.430100000000003,5,1,9,1,1,1,0,1,1,2,5,1,9,1,1,1,0,1,1,2
D2DAP-128-hint,128,hint,D2DAP,D9,D8,True,,,0bcad31afb53f9e7,152|152,1,32,17.1024,17.0969,0.0,1300000,1300036,2,304,2432,34.1993,5,1,9,1,1,1,0,1,1,2,5,1,9,1,1,1,0,1,1,2
D2DAP-128-hint,128,hint,D2DAP,D2,D7,True,,,b3ef22599f17f442,152|152,1,32,16.7728,17.0054,0.0,1310000,1310036,2,304,2432,33.7782,5,1,9,1,1,1,0,1,1,2,5,1,9,1,1,1,0,1,1,2
D2DAP-128-hint,128,hint,D2DAP,D6,D8,True,,,569eb7f52792c3c8,152|152,1,32,16.8659,17.0838,0.0,1320000,1320036,2,304,2432,33.9497,5,1,9,1,1,1,0,1,1,2,5,1,9,1,1,1,0,1,1,2
D2DAP-128-hint,128,hint,D2DAP,D2,D1,True,,,3d04793537c9c9e0,152|152,1,32,16.6965,16.0143,0.0,1330000,1330035,2,304,2432,32.7108,5,1,9,1,1,1,0,1,1,2,5,1,9,1,1,1,0,1,1,2
D2DAP-128-hint,128,hint,D2DAP,D3,D10,True,,,69d9ac24d7feb942,152|152,1,32,15.777099999999999,16.0954,0.0,1340000,1340034,2,304,2432,31.872500000000002,5,1,9,1,1,1,0,1,1,2,5,1,9,1,1,1,0,1,1,2
D2DAP-128-hint,128,hint,D2DAP,D10,D3,True,,,e5b1018fac7436d2,152|152,1,32,15.846799999999998,15.7182,0.0,1350000,1350033,2,304,2432,31.564999999999998,5,1,9,1,1,1,0,1,1,2,5,1,9,1,1,1,0,1,1,2
D2DAP-128-hint,128,hint,D2DAP,D10,D5,True,,,34972c576cac8525,152|152,1,32,15.868099999999998,15.7874,0.0,1360000,1360033,2,304,2432,31.655499999999996,5,1,9,1,1,1,0,1,1,2,5,1,9,1,1,1,0,1,1,2
D2DAP-128-hint,128,hint,D2DAP,D1,D9,True,,,413900b37b952f6f,152|152,1,32,15.312000000000001,17.7534,0.0,1370000,1370035,2,304,2432,33.0654,5,1,9,1,1,1,0,1,1,2,5,1,9,1,1,1,0,1,1,2
D2DAP-128-hint,128,hint,D2DAP,D10,D3,True,,,82086ac9d5642ed3,152|152,1,32,19.8679,15.2769,0.0,1380000,1380037,2,304,2432,35.1448,5,1,9,1,1,1,0,1,1,2,5,1,9,1,1,1,0,1,1,2
D2DAP-128-hint,128,hint,D2DAP,D1,D7,True,,,26a4fdcc3b1114ba,152|152,1,32,15.626000000000001,15.352,0.0,1390000,1390033,2,304,2432,30.978,5,1,9,1,1,1,0,1,1,2,5,1,9,1,1,1,0,1,1,2
D2DAP-128-hint,128,hint,D2DAP,D2,D3,True,,,52cd2cda76eb61c2,152|152,1,32,16.0853,14.5929,0.0,1400000,1400032,2,304,2432,30.6782,5,1,9,1,1,1,0,1,1,2,5,1,9,1,1,1,0,1,1,2
D2DAP-128-hint,128,hint,D2DAP,D9,D7,True,,,7cae5f525d98f367,152|152,1,32,16.2085,16.8161,0.0,1410000,1410034,2,304,2432,33.0246,5,1,9,1,1,1,0,1,1,2,5,1,9,1,1,1,0,1,1,2
D2DAP-128-hint,128,hint,D2DAP,D5,D6,True,,,9f4689857f0153ff,152|152,1,32,16.3297,16.4602,0.0,1420000,1420035,2,304,2432,32.7899,5,1,9,1,1,1,0,1,1,2,5,1,9,1,1,1,0,1,1,2
D2DAP-128-hint,128,hint,D2DAP,D9,D8,True,,,6b51554f620f4352,152|152,1,32,16.752,17.0609,0.0,1430000,1430035,2,304,2432,33.8129,5,1,9,1,1,1,0,1,1,2,5,1,9,1,1,1,0,1,1,2
D2DAP-128-hint,128,hint,D2DAP,D7,D1,True,,,fc447932bab17be5,152|152,1,32,16.3399,15.7181,0.0,1440000,1440033,2,304,2432,32.058,5,1,9,1,1,1,0,1,1,2,5,1,9,1,1,1,0,1,1,2
D2DAP-128-hint,128,hint,D2DAP,D2,D8,True,,,e7e71000908ad755,152|152,1,32,15.9349,15.4507,0.0,1450000,1450033,2,304,2432,31.3856,5,1,9,1,1,1,0,1,1,2,5,1,9,1,1,1,0,1,1,2
D2DAP-128-hint,128,hint,D2DAP,D2,D6,True,,,af537643703b318e,152|152,1,32,17.2396,16.0122,0.0,1460000,1460035,2,304,2432,33.2518,5,1,9,1,1,1,0,1,1,2,5,1,9,1,1,1,0,1,1,2
D2DAP-128-hint,128,hint,D2DAP,D1,D4,True,,,c471680fec6777f3,152|152,1,32,15.2382,16.8136,0.0,1470000,1470033,2,304,2432,32.0518,5,1,9,1,1,1,0,1,1,2,5,1,9,1,1,1,0,1,1,2
D2DAP-128-hint,128,hint,D2DAP,D2,D3,True,,,f009c9f40706df86,152|152,1,32,15.3339,15.2152,0.0,1480000,1480033,2,304,2432,30.5491,5,1,9,1,1,1,0,1,1,2,5,1,9,1,1,1,0,1,1,2
D2DAP-128-hint,128,hint,D2DAP,D7,D5,True,,,3594076994772d23,152|152,1,32,16.4978,15.546,0.0,1490000,1490034,2,304,2432,32.043800000000005,5,1,9,1,1,1,0,1,1,2,5,1,9,1,1,1,0,1,1,2
D2DAP-128-hint,128,hint,D2DAP,D6,D9,True,,,0b562c6f5e88349b,152|152,1,32,15.8754,15.4028,0.0,1500000,1500033,2,304,2432,31.2782,5,1,9,1,1,1,0,1,1,2,5,1,9,1,1,1,0,1,1,2
D2DAP-128-hint,128,hint,D2DAP,D10,D9,True,,,d894c2f2cbf55b09,152|152,1,32,15.4963,15.5363,0.0,1510000,1510033,2,304,2432,31.032600000000002,5,1,9,1,1,1,0,1,1,2,5,1,9,1,1,1,0,1,1,2
D2DAP-128-hint,128,hint,D2DAP,D1,D6,True,,,9aeea761ee7938fc,152|152,1,32,15.7547,16.1316,0.0,1520000,1520034,2,304,2432,31.8863,5,1,9,1,1,1,0,1,1,2,5,1,9,1,1,1,0,1,1,2
D2DAP-128-hint,128,hint,D2DAP,D2,D7,True,,,764b6065f94cfd5d,152|152,1,32,16.1847,18.1769,0.0,1530000,1530036,2,304,2432,34.361599999999996,5,1,9,1,1,1,0,1,1,2,5,1,9,1,1,1,0,1,1,2
D2DAP-128-hint,128,hint,D2DAP,D8,D1,True,,,4d3345acd02c145e,152|152,1,32,16.1506,16.0186,0.0,1540000,1540034,2,304,2432,32.169200000000004,5,1,9,1,1,1,0,1,1,2,5,1,9,1,1,1,0,1,1,2
D2DAP-128-hint,128,hint,D2DAP,D5,D7,True,,,fc0c760c66fa88b5,152|152,1,32,16.9147,15.4408,0.0,1550000,1550034,2,304,2432,32.3555,5,1,9,1,1,1,0,1,1,2,5,1,9,1,1,1,0,1,1,2
D2DAP-128-hint,128,hint,D2DAP,D9,D2,True,,,c4d0e1a701805f6c,152|152,1,32,17.3699,17.5459,0.0,1560000,1560036,2,304,2432,34.915800000000004,5,1,9,1,1,1,0,1,1,2,5,1,9,1,1,1,0,1,1,2
D2DAP-128-hint,128,hint,D2DAP,D2,D10,True,,,cd7c748733b10041,152|152,1,32,15.9011,15.3325,0.0,1570000,1570033,2,304,2432,31.2336,5,1,9,1,1,1,0,1,1,2,5,1,9,1,1,1,0,1,1,2
D2DAP-128-hint,128,hint,D2DAP,D5,D8,True,,,208e2b6de09eae0e,152|152,1,32,17.3574,16.0319,0.0,1580000,1580035,2,304,2432,33.3893,5,1,9,1,1,1,0,1,1,2,5,1,9,1,1,1,0,1,1,2
D2DAP-128-hint,128,hint,D2DAP,D6,D8,True,,,671cfa5c742c6770,152|152,1,32,15.498800000000001,16.3738,0.0,1590000,1590033,2,304,2432,31.8726,5,1,9,1,1,1,0,1,1,2,5,1,9,1,1,1,0,1,1,2
D2DAP-128-hint,128,hint,D2DAP,D7,D1,True,,,4fe2a1c4dcfb4796,152|152,1,32,14.8353,15.9942,0.0,1600000,1600032,2,304,2432,30.8295,5,1,9,1,1,1,0,1,1,2,5,1,9,1,1,1,0,1,1,2
D2DAP-128-hint,128,hint,D2DAP,D9,D3,True,,,ce5b139c251ba778,152|152,1,32,16.4025,15.6557,0.0,1610000,1610033,2,304,2432,32.0582,5,1,9,1,1,1,0,1,1,2,5,1,9,1,1,1,0,1,1,2
D2DAP-128-hint,128,hint,D2DAP,D5,D8,True,,,653529ca93d812c6,152|152,1,32,15.6716,15.8217,0.0,1620000,1620032,2,304,2432,31.493299999999998,5,1,9,1,1,1,0,1,1,2,5,1,9,1,1,1,0,1,1,2
D2DAP-128-hint,128,hint,D2DAP,D4,D6,True,,,c6d0ed7a409f1b20,152|152,1,32,18.7781,14.7306,0.0,1630000,1630035,2,304,2432,33.5087,5,1,9,1,1,1,0,1,1,2,5,1,9,1,1,1,0,1,1,2
D2DAP-128-hint,128,hint,D2DAP,D6,D10,True,,,346ea3111dfdfc66,152|152,1,32,15.8671,16.476,0.0,1640000,1640034,2,304,2432,32.3431,5,1,9,1,1,1,0,1,1,2,5,1,9,1,1,1,0,1,1,2
D2DAP-128-hint,128,hint,D2DAP,D10,D7,True,,,3507e4262e649c56,152|152,1,32,16.3522,16.1406,0.0,1650000,1650034,2,304,2432,32.4928,5,1,9,1,1,1,0,1,1,2,5,1,9,1,1,1,0,1,1,2
D2DAP-128-hint,128,hint,D2DAP,D2,D4,True,,,f3af91059aa17f54,152|152,1,32,16.2476,15.9672,0.0,1660000,1660033,2,304,2432,32.2148,5,1,9,1,1,1,0,1,1,2,5,1,9,1,1,1,0,1,1,2
D2DAP-128-hint,128,hint,D2DAP,D5,D9,True,,,4a1a693dce6d825e,152|152,1,32,15.961,21.9015,0.0,1670000,1670039,2,304,2432,37.8625,5,1,9,1,1,1,0,1,1,2,5,1,9,1,1,1,0,1,1,2
D2DAP-128-hint,128,hint,D2DAP,D6,D10,True,,,092553eb1e64038e,152|152,1,32,15.4582,15.9361,0.0,1680000,1680033,2,304,2432,31.3943,5,1,9,1,1,1,0,1,1,2,5,1,9,1,1,1,0,1,1,2
D2DAP-128-hint,128,hint,D2DAP,D3,D5,True,,,6445a2a1eb918053,152|152,1,32,15.436599999999999,15.6943,0.0,1690000,1690032,2,304,2432,31.130899999999997,5,1,9,1,1,1,0,1,1,2,5,1,9,1,1,1,0,1,1,2
D2DAP-128-hint,128,hint,D2DAP,D10,D3,True,,,4c4213e8797569cb,152|152,1,32,14.5333,15.2499,0.0,1700000,1700031,2,304,2432,29.7832,5,1,9,1,1,1,0,1,1,2,5,1,9,1,1,1,0,1,1,2
D2DAP-128-hint,128,hint,D2DAP,D9,D8,True,,,dac9c1df86a92b5e,152|152,1,32,14.872499999999999,17.343,0.0,1710000,1710034,2,304,2432,32.2155,5,1,9,1,1,1,0,1,1,2,5,1,9,1,1,1,0,1,1,2
D2DAP-128-hint,128,hint,D2DAP,D10,D8,True,,,64078898a2addf02,152|152,1,32,15.1158,14.6022,0.0,1720000,1720031,2,304,2432,29.718,5,1,9,1,1,1,0,1,1,2,5,1,9,1,1,1,0,1,1,2
D2DAP-128-hint,128,hint,D2DAP,D1,D8,True,,,b723268850c80bc0,152|152,1,32,19.5717,16.6745,0.0,1730000,1730038,2,304,2432,36.2462,5,1,9,1,1,1,0,1,1,2,5,1,9,1,1,1,0,1,1,2
D2DAP-128-hint,128,hint,D2DAP,D4,D6,True,,,5ce129b1a8d531fb,152|152,1,32,20.1115,23.2681,0.0,1740000,1740045,2,304,2432,43.379599999999996,5,1,9,1,1,1,0,1,1,2,5,1,9,1,1,1,0,1,1,2
D2DAP-128-hint,128,hint,D2DAP,D9,D2,True,,,5c091d47415e8801,152|152,1,32,19.137999999999998,18.6865,0.0,1750000,1750039,2,304,2432,37.8245,5,1,9,1,1,1,0,1,1,2,5,1,9,1,1,1,0,1,1,2
D2DAP-128-hint,128,hint,D2DAP,D10,D3,True,,,84fc90bfa114bcfb,152|152,1,32,21.2031,24.2681,0.0,1760000,1760047,2,304,2432,45.471199999999996,5,1,9,1,1,1,0,1,1,2,5,1,9,1,1,1,0,1,1,2
D2DAP-128-hint,128,hint,D2DAP,D9,D10,True,,,1710992117365b9e,152|152,1,32,14.6526,14.8595,0.0,1770000,1770030,2,304,2432,29.5121,5,1,9,1,1,1,0,1,1,2,5,1,9,1,1,1,0,1,1,2
D2DAP-128-hint,128,hint,D2DAP,D10,D2,True,,,9c4d83a5a8a0934d,152|152,1,32,15.233899999999998,14.3781,0.0,1780000,1780031,2,304,2432,29.612,5,1,9,1,1,1,0,1,1,2,5,1,9,1,1,1,0,1,1,2
D2DAP-128-hint,128,hint,D2DAP,D2,D6,True,,,e0f9cfa4e093e1bc,152|152,1,32,14.4627,13.8828,0.0,1790000,1790029,2,304,2432,28.3455,5,1,9,1,1,1,0,1,1,2,5,1,9,1,1,1,0,1,1,2
D2DAP-128-hint,128,hint,D2DAP,D6,D2,True,,,8846e1f29dc4f47f,152|152,1,32,14.288699999999999,15.1378,0.0,1800000,1800032,2,304,2432,29.426499999999997,5,1,9,1,1,1,0,1,1,2,5,1,9,1,1,1,0,1,1,2
D2DAP-128-hint,128,hint,D2DAP,D1,D7,True,,,961f4255399bab90,152|152,1,32,14.343399999999999,14.3806,0.0,1810000,1810030,2,304,2432,28.723999999999997,5,1,9,1,1,1,0,1,1,2,5,1,9,1,1,1,0,1,1,2
D2DAP-128-hint,128,hint,D2DAP,D9,D2,True,,,4f060d59a314a683,152|152,1,32,15.1159,15.2481,0.0,1820000,1820032,2,304,2432,30.364,5,1,9,1,1,1,0,1,1,2,5,1,9,1,1,1,0,1,1,2
D2DAP-128-hint,128,hint,D2DAP,D4,D6,True,,,c15d099e8e9f0b3c,152|152,1,32,14.8498,14.7099,0.0,1830000,1830031,2,304,2432,29.5597,5,1,9,1,1,1,0,1,1,2,5,1,9,1,1,1,0,1,1,2
D2DAP-128-hint,128,hint,D2DAP,D9,D7,True,,,e4bdda2ae4404ea6,152|152,1,32,15.4011,14.655,0.0,1840000,1840031,2,304,2432,30.0561,5,1,9,1,1,1,0,1,1,2,5,1,9,1,1,1,0,1,1,2
D2DAP-128-hint,128,hint,D2DAP,D8,D4,True,,,edcf79dd891e84b3,152|152,1,32,15.027800000000001,14.2559,0.0,1850000,1850031,2,304,2432,29.283700000000003,5,1,9,1,1,1,0,1,1,2,5,1,9,1,1,1,0,1,1,2
D2DAP-128-hint,128,hint,D2DAP,D5,D8,True,,,c018300989ab3f48,152|152,1,32,14.536999999999999,14.7691,0.0,1860000,1860031,2,304,2432,29.3061,5,1,9,1,1,1,0,1,1,2,5,1,9,1,1,1,0,1,1,2
D2DAP-128-hint,128,hint,D2DAP,D8,D9,True,,,f08e367de0890ee0,152|152,1,32,17.0611,15.9783,0.0,1870000,1870034,2,304,2432,33.0394,5,1,9,1,1,1,0,1,1,2,5,1,9,1,1,1,0,1,1,2
D2DAP-128-hint,128,hint,D2DAP,D5,D1,True,,,11d12632f82caf9f,152|152,1,32,14.9327,14.8234,0.0,1880000,1880031,2,304,2432,29.7561,5,1,9,1,1,1,0,1,1,2,5,1,9,1,1,1,0,1,1,2
D2DAP-128-hint,128,hint,D2DAP,D3,D9,True,,,8c47905b7b38f8fc,152|152,1,32,17.0745,16.0059,0.0,1890000,1890035,2,304,2432,33.0804,5,1,9,1,1,1,0,1,1,2,5,1,9,1,1,1,0,1,1,2
D2DAP-128-hint,128,hint,D2DAP,D3,D7,True,,,b03ea44cc7f13acd,152|152,1,32,15.327499999999999,18.5577,0.0,1900000,1900036,2,304,2432,33.8852,5,1,9,1,1,1,0,1,1,2,5,1,9,1,1,1,0,1,1,2
D2DAP-128-hint,128,hint,D2DAP,D5,D9,True,,,929d2a191f86fc4f,152|152,1,32,15.8084,15.0964,0.0,1910000,1910033,2,304,2432,30.9048,5,1,9,1,1,1,0,1,1,2,5,1,9,1,1,1,0,1,1,2
D2DAP-128-hint,128,hint,D2DAP,D10,D1,True,,,dbbf6a30d701aab5,152|152,1,32,15.8413,15.0829,0.0,1920000,1920033,2,304,2432,30.9242,5,1,9,1,1,1,0,1,1,2,5,1,9,1,1,1,0,1,1,2
D2DAP-128-hint,128,hint,D2DAP,D9,D6,True,,,39db9f844522869b,152|152,1,32,14.1498,14.5727,0.0,1930000,1930030,2,304,2432,28.7225,5,1,9,1,1,1,0,1,1,2,5,1,9,1,1,1,0,1,1,2
D2DAP-128-hint,128,hint,D2DAP,D1,D10,True,,,d1f31622bf2e0691,152|152,1,32,14.352900000000002,15.0773,0.0,1940000,1940031,2,304,2432,29.4302,5,1,9,1,1,1,0,1,1,2,5,1,9,1,1,1,0,1,1,2
D2DAP-128-hint,128,hint,D2DAP,D10,D1,True,,,295ff7c7f33c7803,152|152,1,32,16.471,16.2297,0.0,1950000,1950034,2,304,2432,32.7007,5,1,9,1,1,1,0,1,1,2,5,1,9,1,1,1,0,1,1,2
D2DAP-128-hint,128,hint,D2DAP,D7,D9,True,,,0474e75a97799a9c,152|152,1,32,14.615200000000002,14.549,0.0,1960000,1960030,2,304,2432,29.1642,5,1,9,1,1,1,0,1,1,2,5,1,9,1,1,1,0,1,1,2
D2DAP-128-hint,128,hint,D2DAP,D8,D9,True,,,9f5e532a03ad3f50,152|152,1,32,15.057400000000001,16.6574,0.0,1970000,1970033,2,304,2432,31.7148,5,1,9,1,1,1,0,1,1,2,5,1,9,1,1,1,0,1,1,2
D2DAP-128-hint,128,hint,D2DAP,D9,D3,True,,,a9d3b4d83003a839,152|152,1,32,15.3662,14.9339,0.0,1980000,1980031,2,304,2432,30.3001,5,1,9,1,1,1,0,1,1,2,5,1,9,1,1,1,0,1,1,2
D2DAP-128-hint,128,hint,D2DAP,D3,D9,True,,,8c519245798d240e,152|152,1,32,14.3793,15.4219,0.0,1990000,1990031,2,304,2432,29.8012,5,1,9,1,1,1,0,1,1,2,5,1,9,1,1,1,0,1,1,2
D2DAP-128-hint,128,hint,D2DAP,D8,D7,True,,,cecb851c0758c796,152|152,1,32,15.979800000000001,14.6107,0.0,2000000,2000032,2,304,2432,30.5905,5,1,9,1,1,1,0,1,1,2,5,1,9,1,1,1,0,1,1,2
D2DAP-128-hint,128,hint,D2DAP,D6,D8,True,,,7caaeef47cb2142a,152|152,1,32,14.7342,14.6743,0.0,2010000,2010030,2,304,2432,29.4085,5,1,9,1,1,1,0,1,1,2,5,1,9,1,1,1,0,1,1,2
D2DAP-128-hint,128,hint,D2DAP,D2,D9,True,,,94b2c9e66cc7d53d,152|152,1,32,14.0184,14.1341,0.0,2020000,2020030,2,304,2432,28.1525,5,1,9,1,1,1,0,1,1,2,5,1,9,1,1,1,0,1,1,2
D2DAP-128-hint,128,hint,D2DAP,D3,D6,True,,,3698ba54490501cc,152|152,1,32,14.2266,14.6522,0.0,2030000,2030030,2,304,2432,28.8788,5,1,9,1,1,1,0,1,1,2,5,1,9,1,1,1,0,1,1,2
D2DAP-128-hint,128,hint,D2DAP,D9,D8,True,,,2b3d57e850a099c6,152|152,1,32,14.7498,15.2362,0.0,2040000,2040032,2,304,2432,29.986,5,1,9,1,1,1,0,1,1,2,5,1,9,1,1,1,0,1,1,2
D2DAP-128-hint,128,hint,D2DAP,D8,D4,True,,,7e7bc8df175f3ae1,152|152,1,32,15.4572,15.0083,0.0,2050000,2050032,2,304,2432,30.4655,5,1,9,1,1,1,0,1,1,2,5,1,9,1,1,1,0,1,1,2
D2DAP-128-hint,128,hint,D2DAP,D3,D6,True,,,f43355c32ec60100,152|152,1,32,14.7242,14.7246,0.0,2060000,2060031,2,304,2432,29.4488,5,1,9,1,1,1,0,1,1,2,5,1,9,1,1,1,0,1,1,2
D2DAP-128-hint,128,hint,D2DAP,D2,D1,True,,,d3bb71ed96ce437f,152|152,1,32,14.7714,13.8781,0.0,2070000,2070029,2,304,2432,28.6495,5,1,9,1,1,1,0,1,1,2,5,1,9,1,1,1,0,1,1,2
D2DAP-128-hint,128,hint,D2DAP,D2,D5,True,,,5d26f16e9c6fc6ca,152|152,1,32,15.4376,14.2807,0.0,2080000,2080032,2,304,2432,29.7183,5,1,9,1,1,1,0,1,1,2,5,1,9,1,1,1,0,1,1,2
D2DAP-128-hint,128,hint,D2DAP,D3,D6,True,,,8def9c4b7a978c03,152|152,1,32,15.2885,15.0426,0.0,2090000,2090033,2,304,2432,30.3311,5,1,9,1,1,1,0,1,1,2,5,1,9,1,1,1,0,1,1,2
D2DAP-128-hint,128,hint,D2DAP,D6,D4,True,,,ea0cf29f266a5c44,152|152,1,32,14.868500000000001,14.834,0.0,2100000,2100030,2,304,2432,29.7025,5,1,9,1,1,1,0,1,1,2,5,1,9,1,1,1,0,1,1,2
D2DAP-192-hint,192,hint,D2DAP,D3,D5,True,,,399269b19b4e4625,216|216,1,48,29.7838,31.5606,0.0,110000,110063,2,432,3456,61.3444,5,1,9,1,1,1,0,1,1,2,5,1,9,1,1,1,0,1,1,2
D2DAP-192-hint,192,hint,D2DAP,D9,D5,True,,,734a767de707972c,216|216,1,48,31.6061,32.2819,0.0,120000,120066,2,432,3456,63.888000000000005,5,1,9,1,1,1,0,1,1,2,5,1,9,1,1,1,0,1,1,2
D2DAP-192-hint,192,hint,D2DAP,D9,D8,True,,,edfd4c33ad29a774,216|216,1,48,31.4481,31.1527,0.0,130000,130065,2,432,3456,62.6008,5,1,9,1,1,1,0,1,1,2,5,1,9,1,1,1,0,1,1,2
D2DAP-192-hint,192,hint,D2DAP,D6,D2,True,,,2ba63134f7ba5680,216|216,1,48,35.0983,31.6093,0.0,140000,140068,2,432,3456,66.7076,5,1,9,1,1,1,0,1,1,2,5,1,9,1,1,1,0,1,1,2
D2DAP-192-hint,192,hint,D2DAP,D4,D7,True,,,b7ec3a68e60a1235,216|216,1,48,29.4527,30.7354,0.0,150000,150062,2,432,3456,60.1881,5,1,9,1,1,1,0,1,1,2,5,1,9,1,1,1,0,1,1,2
D2DAP-192-hint,192,hint,D2DAP,D9,D5,True,,,592dddd39484b08d,216|216,1,48,30.105800000000002,31.6874,0.0,160000,160063,2,432,3456,61.7932,5,1,9,1,1,1,0,1,1,2,5,1,9,1,1,1,0,1,1,2
D2DAP-192-hint,192,hint,D2DAP,D7,D8,True,,,470061f323718d5c,216|216,1,48,31.7481,30.0351,0.0,170000,170063,2,432,3456,61.7832,5,1,9,1,1,1,0,1,1,2,5,1,9,1,1,1,0,1,1,2
D2DAP-192-hint,192,hint,D2DAP,D4,D2,True,,,c73969c5c74a7f67,216|216,1,48,32.0063,36.4933,0.0,180000,180070,2,432,3456,68.4996,5,1,9,1,1,1,0,1,1,2,5,1,9,1,1,1,0,1,1,2
D2DAP-192-hint,192,hint,D2DAP,D5,D1,True,,,7859d90f7edc9494,216|216,1,48,30.156800000000004,30.7436,0.0,190000,190062,2,432,3456,60.900400000000005,5,1,9,1,1,1,0,1,1,2,5,1,9,1,1,1,0,1,1,2
D2DAP-192-hint,192,hint,D2DAP,D2,D8,True,,,f177ee65bb44df1a,216|216,1,48,35.286699999999996,32.1568,0.0,200000,200070,2,432,3456,67.4435,5,1,9,1,1,1,0,1,1,2,5,1,9,1,1,1,0,1,1,2
D2DAP-192-hint,192,hint,D2DAP,D8,D9,True,,,043718e0164e1ff2,216|216,1,48,32.176899999999996,32.2749,0.0,210000,210067,2,432,3456,64.45179999999999,5,1,9,1,1,1,0,1,1,2,5,1,9,1,1,1,0,1,1,2
D2DAP-192-hint,192,hint,D2DAP,D5,D9,True,,,270f4dea8adbe5fc,216|216,1,48,31.6286,31.1452,0.0,220000,220064,2,432,3456,62.773799999999994,5,1,9,1,1,1,0,1,1,2,5,1,9,1,1,1,0,1,1,2
D2DAP-192-hint,192,hint,D2DAP,D4,D9,True,,,6668b37546a73b98,216|216,1,48,30.570099999999996,33.7814,0.0,230000,230066,2,432,3456,64.35149999999999,5,1,9,1,1,1,0,1,1,2,5,1,9,1,1,1,0,1,1,2
D2DAP-192-hint,192,hint,D2DAP,D8,D5,True,,,cf334da8e6e551f9,216|216,1,48,33.0017,32.9591,0.0,240000,240067,2,432,3456,65.9608,5,1,9,1,1,1,0,1,1,2,5,1,9,1,1,1,0,1,1,2
D2DAP-192-hint,192,hint,D2DAP,D5,D2,True,,,33a3ebdbad652ce7,216|216,1,48,32.5831,32.9222,0.0,250000,250067,2,432,3456,65.5053,5,1,9,1,1,1,0,1,1,2,5,1,9,1,1,1,0,1,1,2
D2DAP-192-hint,192,hint,D2DAP,D4,D5,True,,,2050461955f7d051,216|216,1,48,31.6047,33.012,0.0,260000,260066,2,432,3456,64.61670000000001,5,1,9,1,1,1,0,1,1,2,5,1,9,1,1,1,0,1,1,2
D2DAP-192-hint,192,hint,D2DAP,D6,D7,True,,,9b4162263706a72e,216|216,1,48,33.9439,32.3846,0.0,270000,270068,2,432,3456,66.32849999999999,5,1,9,1,1,1,0,1,1,2,5,1,9,1,1,1,0,1,1,2
D2DAP-192-hint,192,hint,D2DAP,D4,D2,True,,,dd82c2f364a2a4dc,216|216,1,48,35.7115,32.6774,0.0,280000,280070,2,432,3456,68.3889,5,1,9,1,1,1,0,1,1,2,5,1,9,1,1,1,0,1,1,2
D2DAP-192-hint,192,hint,D2DAP,D8,D6,True,,,0c3f587e81b34811,216|216,1,48,32.3101,33.1081,0.0,290000,290067,2,432,3456,65.4182,5,1,9,1,1,1,0,1,1,2,5,1,9,1,1,1,0,1,1,2
D2DAP-192-hint,192,hint,D2DAP,D3,D8,True,,,e6c140c3e9972171,216|216,1,48,33.4133,32.7686,0.0,300000,300067,2,432,3456,66.1819,5,1,9,1,1,1,0,1,1,2,5,1,9,1,1,1,0,1,1,2
D2DAP-192-hint,192,hint,D2DAP,D4,D9,True,,,ed24933a5a563188,216|216,1,48,30.477600000000002,32.5988,0.0,310000,310065,2,432,3456,63.0764,5,1,9,1,1,1,0,1,1,2,5,1,9,1,1,1,0,1,1,2
D2DAP-192-hint,192,hint,D2DAP,D9,D4,True,,,c52e04a4b3b90910,216|216,1,48,33.315799999999996,32.8297,0.0,320000,320067,2,432,3456,66.1455,5,1,9,1,1,1,0,1,1,2,5,1,9,1,1,1,0,1,1,2
D2DAP-192-hint,192,hint,D2DAP,D3,D7,True,,,5325d39d0ca8b165,216|216,1,48,31.901000000000003,31.8166,0.0,330000,330065,2,432,3456,63.717600000000004,5,1,9,1,1,1,0,1,1,2,5,1,9,1,1,1,0,1,1,2
D2DAP-192-hint,192,hint,D2DAP,D9,D2,True,,,31090532d93acffa,216|216,1,48,37.2761,33.5643,0.0,340000,340072,2,432,3456,70.8404,5,1,9,1,1,1,0,1,1,2,5,1,9,1,1,1,0,1,1,2
D2DAP-192-hint,192,hint,D2DAP,D8,D1,True,,,01797520425db2b9,216|216,1,48,34.415400000000005,34.2236,0.0,350000,350071,2,432,3456,68.63900000000001,5,1,9,1,1,1,0,1,1,2,5,1,9,1,1,1,0,1,1,2
D2DAP-192-hint,192,hint,D2DAP,D8,D10,True,,,dac676c2f97a9641,216|216,1,48,30.813000000000002,31.8416,0.0,360000,360064,2,432,3456,62.6546,5,1,9,1,1,1,0,1,1,2,5,1,9,1,1,1,0,1,1,2
D2DAP-192-hint,192,hint,D2DAP,D8,D5,True,,,60dff130c79cda8d,216|216,1,48,30.3427,31.1405,0.0,370000,370064,2,432,3456,61.4832,5,1,9,1,1,1,0,1,1,2,5,1,9,1,1,1,0,1,1,2
D2DAP-192-hint,192,hint,D2DAP,D6,D8,True,,,3174b54f27bcb1fc,216|216,1,48,31.3428,34.7175,0.0,380000,380067,2,432,3456,66.0603,5,1,9,1,1,1,0,1,1,2,5,1,9,1,1,1,0,1,1,2
D2DAP-192-hint,192,hint,D2DAP,D6,D5,True,,,e62bbd8c20b9c754,216|216,1,48,30.448999999999998,31.2555,0.0,390000,390063,2,432,3456,61.704499999999996,5,1,9,1,1,1,0,1,1,2,5,1,9,1,1,1,0,1,1,2
D2DAP-192-hint,192,hint,D2DAP,D3,D2,True,,,f5cbc9291c2757aa,216|216,1,48,30.7619,33.4895,0.0,400000,400066,2,432,3456,64.2514,5,1,9,1,1,1,0,1,1,2,5,1,9,1,1,1,0,1,1,2
D2DAP-192-hint,192,hint,D2DAP,D4,D7,True,,,8adabb61f3b30c3b,216|216,1,48,31.0923,30.8081,0.0,410000,410063,2,432,3456,61.900400000000005,5,1,9,1,1,1,0,1,1,2,5,1,9,1,1,1,0,1,1,2
D2DAP-192-hint,192,hint,D2DAP,D5,D9,True,,,c95f52dc4848296a,216|216,1,48,30.8338,30.1469,0.0,420000,420063,2,432,3456,60.9807,5,1,9,1,1,1,0,1,1,2,5,1,9,1,1,1,0,1,1,2
D2DAP-192-hint,192,hint,D2DAP,D1,D8,True,,,081f34477028bf59,216|216,1,48,31.2132,31.8866,0.0,430000,430065,2,432,3456,63.0998,5,1,9,1,1,1,0,1,1,2,5,1,9,1,1,1,0,1,1,2
D2DAP-192-hint,192,hint,D2DAP,D6,D10,True,,,9a79a6d7f3f6de91,216|216,1,48,32.8849,31.5992,0.0,440000,440066,2,432,3456,64.4841,5,1,9,1,1,1,0,1,1,2,5,1,9,1,1,1,0,1,1,2
D2DAP-192-hint,192,hint,D2DAP,D1,D6,True,,,5e26bf71eb533112,216|216,1,48,30.793300000000002,30.705,0.0,450000,450063,2,432,3456,61.4983,5,1,9,1,1,1,0,1,1,2,5,1,9,1,1,1,0,1,1,2
D2DAP-192-hint,192,hint,D2DAP,D7,D3,True,,,27e5de5117c26d9a,216|216,1,48,30.7911,31.2254,0.0,460000,460064,2,432,3456,62.0165,5,1,9,1,1,1,0,1,1,2,5,1,9,1,1,1,0,1,1,2
D2DAP-192-hint,192,hint,D2DAP,D4,D5,True,,,c2fed540e3f6c5f2,216|216,1,48,30.0351,30.2622,0.0,470000,470062,2,432,3456,60.2973,5,1,9,1,1,1,0,1,1,2,5,1,9,1,1,1,0,1,1,2
D2DAP-192-hint,192,hint,D2DAP,D3,D2,True,,,2f2390809e2c97da,216|216,1,48,30.370199999999997,31.1029,0.0,480000,480063,2,432,3456,61.4731,5,1,9,1,1,1,0,1,1,2,5,1,9,1,1,1,0,1,1,2
D2DAP-192-hint,192,hint,D2DAP,D10,D9,True,,,8c6ade1d75bf6f97,216|216,1,48,30.1588,31.8414,0.0,490000,490063,2,432,3456,62.0002,5,1,9,1,1,1,0,1,1,2,5,1,9,1,1,1,0,1,1,2
D2DAP-192-hint,192,hint,D2DAP,D9,D3,True,,,3d7cc6725af2d054,216|216,1,48,30.9769,29.3166,0.0,500000,500062,2,432,3456,60.2935,5,1,9,1,1,1,0,1,1,2,5,1,9,1,1,1,0,1,1,2
D2DAP-192-hint,192,hint,D2DAP,D8,D3,True,,,3ea324f8496cf266,216|216,1,48,40.6499,44.8916,0.0,510000,510087,2,432,3456,85.5415,5,1,9,1,1,1,0,1,1,2,5,1,9,1,1,1,0,1,1,2
D2DAP-192-hint,192,hint,D2DAP,D3,D5,True,,,873ec7f8fe48eef0,216|216,1,48,37.2754,41.1972,0.0,520000,520081,2,432,3456,78.4726,5,1,9,1,1,1,0,1,1,2,5,1,9,1,1,1,0,1,1,2
D2DAP-192-hint,192,hint,D2DAP,D2,D6,True,,,a1d2d7eb5f4bea41,216|216,1,48,39.7539,42.9168,0.0,530000,530083,2,432,3456,82.67070000000001,5,1,9,1,1,1,0,1,1,2,5,1,9,1,1,1,0,1,1,2
D2DAP-192-hint,192,hint,D2DAP,D8,D10,True,,,67f13ceac755abf1,216|216,1,48,32.112,30.2713,0.0,540000,540064,2,432,3456,62.383300000000006,5,1,9,1,1,1,0,1,1,2,5,1,9,1,1,1,0,1,1,2
D2DAP-192-hint,192,hint,D2DAP,D5,D4,True,,,404b41ade3870a70,216|216,1,48,31.6433,32.3896,0.0,550000,550065,2,432,3456,64.0329,5,1,9,1,1,1,0,1,1,2,5,1,9,1,1,1,0,1,1,2
D2DAP-192-hint,192,hint,D2DAP,D4,D8,True,,,c3aec23009b82ff7,216|216,1,48,32.122299999999996,32.5253,0.0,560000,560066,2,432,3456,64.6476,5,1,9,1,1,1,0,1,1,2,5,1,9,1,1,1,0,1,1,2
D2DAP-192-hint,192,hint,D2DAP,D1,D4,True,,,aa0a8220e72859ea,216|216,1,48,32.3744,32.3569,0.0,570000,570067,2,432,3456,64.7313,5,1,9,1,1,1,0,1,1,2,5,1,9,1,1,1,0,1,1,2
D2DAP-192-hint,192,hint,D2DAP,D1,D8,True,,,95802d5be0693624,216|216,1,48,32.6181,35.1477,0.0,580000,580070,2,432,3456,67.7658,5,1,9,1,1,1,0,1,1,2,5,1,9,1,1,1,0,1,1,2
D2DAP-192-hint,192,hint,D2DAP,D7,D5,True,,,9499903b5201b948,216|216,1,48,34.6134,33.9511,0.0,590000,590070,2,432,3456,68.5645,5,1,9,1,1,1,0,1,1,2,5,1,9,1,1,1,0,1,1,2
D2DAP-192-hint,192,hint,D2DAP,D2,D10,True,,,b3ba7b76f8859c46,216|216,1,48,31.4783,32.0194,0.0,600000,600065,2,432,3456,63.497699999999995,5,1,9,1,1,1,0,1,1,2,5,1,9,1,1,1,0,1,1,2
D2DAP-192-hint,192,hint,D2DAP,D2,D9,True,,,54bb78076b6d01d8,216|216,1,48,31.1173,31.7015,0.0,610000,610064,2,432,3456,62.818799999999996,5,1,9,1,1,1,0,1,1,2,5,1,9,1,1,1,0,1,1,2
D2DAP-192-hint,192,hint,D2DAP,D5,D7,True,,,d64f7b367ce72b2a,216|216,1,48,33.293099999999995,31.8027,0.0,620000,620066,2,432,3456,65.0958,5,1,9,1,1,1,0,1,1,2,5,1,9,1,1,1,0,1,1,2
D2DAP-192-hint,192,hint,D2DAP,D4,D2,True,,,4b225dfd4a7ed6ea,216|216,1,48,32.3443,32.8935,0.0,630000,630066,2,432,3456,65.2378,5,1,9,1,1,1,0,1,1,2,5,1,9,1,1,1,0,1,1,2
D2DAP-192-hint,192,hint,D2DAP,D3,D7,True,,,561fefb6a37f3f2f,216|216,1,48,32.7954,32.0723,0.0,640000,640067,2,432,3456,64.8677,5,1,9,1,1,1,0,1,1,2,5,1,9,1,1,1,0,1,1,2
D2DAP-192-hint,192,hint,D2DAP,D6,D4,True,,,307844b9c728311d,216|216,1,48,37.5648,34.5922,0.0,650000,650073,2,432,3456,72.157,5,1,9,1,1,1,0,1,1,2,5,1,9,1,1,1,0,1,1,2
D2DAP-192-hint,192,hint,D2DAP,D4,D1,True,,,afa211907dcb6e5c,216|216,1,48,31.726300000000002,29.8332,0.0,660000,660062,2,432,3456,61.5595,5,1,9,1,1,1,0,1,1,2,5,1,9,1,1,1,0,1,1,2
D2DAP-192-hint,192,hint,D2DAP,D10,D4,True,,,895a923e593331c3,216|216,1,48,30.7986,29.8353,0.0,670000,670061,2,432,3456,60.6339,5,1,9,1,1,1,0,1,1,2,5,1,9,1,1,1,0,1,1,2
D2DAP-192-hint,192,hint,D2DAP,D9,D5,True,,,271e472726915659,216|216,1,48,30.7954,30.998,0.0,680000,680062,2,432,3456,61.793400000000005,5,1,9,1,1,1,0,1,1,2,5,1,9,1,1,1,0,1,1,2
D2DAP-192-hint,192,hint,D2DAP,D5,D3,True,,,a0c256934da57de4,216|216,1,48,29.9909,31.0767,0.0,690000,690063,2,432,3456,61.0676,5,1,9,1,1,1,0,1,1,2,5,1,9,1,1,1,0,1,1,2
D2DAP-192-hint,192,hint,D2DAP,D9,D3,True,,,d58afd46891309da,216|216,1,48,29.496899999999997,29.4812,0.0,700000,700060,2,432,3456,58.9781,5,1,9,1,1,1,0,1,1,2,5,1,9,1,1,1,0,1,1,2
D2DAP-192-hint,192,hint,D2DAP,D3,D8,True,,,94ce233dd1ac4c91,216|216,1,48,32.100899999999996,32.9709,0.0,710000,710066,2,432,3456,65.0718,5,1,9,1,1,1,0,1,1,2,5,1,9,1,1,1,0,1,1,2
D2DAP-192-hint,192,hint,D2DAP,D8,D5,True,,,2f4eab3784c791ed,216|216,1,48,30.979,32.4727,0.0,720000,720065,2,432,3456,63.4517,5,1,9,1,1,1,0,1,1,2,5,1,9,1,1,1,0,1,1,2
D2DAP-192-hint,192,hint,D2DAP,D10,D1,True,,,3a024f25aa172cad,216|216,1,48,31.5224,31.7537,0.0,730000,730064,2,432,3456,63.2761,5,1,9,1,1,1,0,1,1,2,5,1,9,1,1,1,0,1,1,2
D2DAP-192-hint,192,hint,D2DAP,D2,D9,True,,,868a98a685be6924,216|216,1,48,33.6616,34.634,0.0,740000,740070,2,432,3456,68.29560000000001,5,1,9,1,1,1,0,1,1,2,5,1,9,1,1,1,0,1,1,2
D2DAP-192-hint,192,hint,D2DAP,D7,D3,True,,,8a4461d1a35d79ed,216|216,1,48,32.3528,34.2962,0.0,750000,750068,2,432,3456,66.649,5,1,9,1,1,1,0,1,1,2,5,1,9,1,1,1,0,1,1,2
D2DAP-192-hint,192,hint,D2DAP,D3,D9,True,,,13470e808cf3389d,216|216,1,48,36.3073,41.56,0.0,760000,760080,2,432,3456,77.8673,5,1,9,1,1,1,0,1,1,2,5,1,9,1,1,1,0,1,1,2
D2DAP-192-hint,192,hint,D2DAP,D2,D5,True,,,d1824c6f62e673aa,216|216,1,48,30.5645,29.5087,0.0,770000,770061,2,432,3456,60.0732,5,1,9,1,1,1,0,1,1,2,5,1,9,1,1,1,0,1,1,2
D2DAP-192-hint,192,hint,D2DAP,D8,D1,True,,,9dd05821d56a03ee,216|216,1,48,29.776699999999998,30.0645,0.0,780000,780061,2,432,3456,59.8412,5,1,9,1,1,1,0,1,1,2,5,1,9,1,1,1,0,1,1,2
D2DAP-192-hint,192,hint,D2DAP,D5,D8,True,,,536c997b3b5e07c3,216|216,1,48,30.8759,30.0379,0.0,790000,790063,2,432,3456,60.9138,5,1,9,1,1,1,0,1,1,2,5,1,9,1,1,1,0,1,1,2
D2DAP-192-hint,192,hint,D2DAP,D4,D10,True,,,4754ac915fb49769,216|216,1,48,30.4987,30.9328,0.0,800000,800063,2,432,3456,61.4315,5,1,9,1,1,1,0,1,1,2,5,1,9,1,1,1,0,1,1,2
D2DAP-192-hint,192,hint,D2DAP,D6,D2,True,,,39edc86e81c330c4,216|216,1,48,30.9467,29.0052,0.0,810000,810062,2,432,3456,59.951899999999995,5,1,9,1,1,1,0,1,1,2,5,1,9,1,1,1,0,1,1,2
D2DAP-192-hint,192,hint,D2DAP,D7,D6,True,,,ed8046ac3187b2d8,216|216,1,48,30.2255,30.5269,0.0,820000,820062,2,432,3456,60.7524,5,1,9,1,1,1,0,1,1,2,5,1,9,1,1,1,0,1,1,2
D2DAP-192-hint,192,hint,D2DAP,D7,D5,True,,,586801809a8c4398,216|216,1,48,31.0066,30.5452,0.0,830000,830063,2,432,3456,61.5518,5,1,9,1,1,1,0,1,1,2,5,1,9,1,1,1,0,1,1,2
D2DAP-192-hint,192,hint,D2DAP,D2,D1,True,,,aa8aff684abb1600,216|216,1,48,29.9135,30.1336,0.0,840000,840062,2,432,3456,60.0471,5,1,9,1,1,1,0,1,1,2,5,1,9,1,1,1,0,1,1,2
D2DAP-192-hint,192,hint,D2DAP,D2,D4,True,,,658a4384c10bb113,216|216,1,48,29.623200000000004,31.7621,0.0,850000,850063,2,432,3456,61.3853,5,1,9,1,1,1,0,1,1,2,5,1,9,1,1,1,0,1,1,2
D2DAP-192-hint,192,hint,D2DAP,D7,D2,True,,,f4ef814528abf09d,216|216,1,48,30.497700000000002,29.2098,0.0,860000,860062,2,432,3456,59.7075,5,1,9,1,1,1,0,1,1,2,5,1,9,1,1,1,0,1,1,2
D2DAP-192-hint,192,hint,D2DAP,D2,D6,True,,,18bb00196ff83340,216|216,1,48,29.6656,29.815,0.0,870000,870061,2,432,3456,59.4806,5,1,9,1,1,1,0,1,1,2,5,1,9,1,1,1,0,1,1,2
D2DAP-192-hint,192,hint,D2DAP,D2,D3,True,,,7dd4177e70e48cca,216|216,1,48,29.621499999999997,30.3084,0.0,880000,880062,2,432,3456,59.929899999999996,5,1,9,1,1,1,0,1,1,2,5,1,9,1,1,1,0,1,1,2
D2DAP-192-hint,192,hint,D2DAP,D6,D9,True,,,0a617c47ffe4930b,216|216,1,48,31.108399999999996,30.8027,0.0,890000,890063,2,432,3456,61.9111,5,1,9,1,1,1,0,1,1,2,5,1,9,1,1,1,0,1,1,2
D2DAP-192-hint,192,hint,D2DAP,D4,D7,True,,,f73e63f703339cef,216|216,1,48,32.6606,30.0156,0.0,900000,900065,2,432,3456,62.6762,5,1,9,1,1,1,0,1,1,2,5,1,9,1,1,1,0,1,1,2
D2DAP-192-hint,192,hint,D2DAP,D1,D3,True,,,8596825b498f360f,216|216,1,48,32.8686,34.2979,0.0,910000,910069,2,432,3456,67.1665,5,1,9,1,1,1,0,1,1,2,5,1,9,1,1,1,0,1,1,2
D2DAP-192-hint,192,hint,D2DAP,D5,D9,True,,,729b09fcfc0693df,216|216,1,48,31.8043,33.4643,0.0,920000,920067,2,432,3456,65.2686,5,1,9,1,1,1,0,1,1,2,5,1,9,1,1,1,0,1,1,2
D2DAP-192-hint,192,hint,D2DAP,D8,D5,True,,,be569bb85024e7ce,216|216,1,48,33.611,31.618,0.0,930000,930067,2,432,3456,65.229,5,1,9,1,1,1,0,1,1,2,5,1,9,1,1,1,0,1,1,2
D2DAP-192-hint,192,hint,D2DAP,D3,D1,True,,,a2c71f8e0796e01d,216|216,1,48,31.4776,31.9566,0.0,940000,940065,2,432,3456,63.434200000000004,5,1,9,1,1,1,0,1,1,2,5,1,9,1,1,1,0,1,1,2
D2DAP-192-hint,192,hint,D2DAP,D5,D7,True,,,ccfd534f8d727b42,216|216,1,48,33.6071,32.9178,0.0,950000,950067,2,432,3456,66.5249,5,1,9,1,1,1,0,1,1,2,5,1,9,1,1,1,0,1,1,2
D2DAP-192-hint,192,hint,D2DAP,D9,D2,True,,,a4310f512814fa69,216|216,1,48,32.0391,33.7307,0.0,960000,960067,2,432,3456,65.7698,5,1,9,1,1,1,0,1,1,2,5,1,9,1,1,1,0,1,1,2
D2DAP-192-hint,192,hint,D2DAP,D5,D10,True,,,d6d6e12667daa0d9,216|216,1,48,33.2949,32.0016,0.0,970000,970068,2,432,3456,65.29650000000001,5,1,9,1,1,1,0,1,1,2,5,1,9,1,1,1,0,1,1,2
D2DAP-192-hint,192,hint,D2DAP,D10,D3,True,,,31077b153794b32c,216|216,1,48,32.7036,34.9445,0.0,980000,980069,2,432,3456,67.6481,5,1,9,1,1,1,0,1,1,2,5,1,9,1,1,1,0,1,1,2
D2DAP-192-hint,192,hint,D2DAP,D5,D6,True,,,4e81e990e582e563,216|216,1,48,32.6843,32.4178,0.0,990000,990067,2,432,3456,65.10210000000001,5,1,9,1,1,1,0,1,1,2,5,1,9,1,1,1,0,1,1,2
D2DAP-192-hint,192,hint,D2DAP,D3,D4,True,,,7cc70dffe246100d,216|216,1,48,33.2676,31.9607,0.0,1000000,1000066,2,432,3456,65.2283,5,1,9,1,1,1,0,1,1,2,5,1,9,1,1,1,0,1,1,2
D2DAP-192-hint,192,hint,D2DAP,D9,D4,True,,,0ef686004339b450,216|216,1,48,34.626,33.1827,0.0,1010000,1010069,2,432,3456,67.80869999999999,5,1,9,1,1,1,0,1,1,2,5,1,9,1,1,1,0,1,1,2
D2DAP-192-hint,192,hint,D2DAP,D6,D9,True,,,50be49744ffe2da1,216|216,1,48,31.345999999999997,34.3236,0.0,1020000,1020067,2,432,3456,65.6696,5,1,9,1,1,1,0,1,1,2,5,1,9,1,1,1,0,1,1,2
D2DAP-192-hint,192,hint,D2DAP,D6,D3,True,,,628415fd484254e7,216|216,1,48,33.728,31.7572,0.0,1030000,1030067,2,432,3456,65.4852,5,1,9,1,1,1,0,1,1,2,5,1,9,1,1,1,0,1,1,2
D2DAP-192-hint,192,hint,D2DAP,D1,D7,True,,,569687889a9b3243,216|216,1,48,31.7122,39.6369,0.0,1040000,1040073,2,432,3456,71.34909999999999,5,1,9,1,1,1,0,1,1,2,5,1,9,1,1,1,0,1,1,2
D2DAP-192-hint,192,hint,D2DAP,D3,D2,True,,,b6185566e9a2c453,216|216,1,48,32.5577,33.8526,0.0,1050000,1050068,2,432,3456,66.4103,5,1,9,1,1,1,0,1,1,2,5,1,9,1,1,1,0,1,1,2
D2DAP-192-hint,192,hint,D2DAP,D6,D8,True,,,c9ec6b65ad96b6a0,216|216,1,48,30.714299999999998,31.1857,0.0,1060000,1060064,2,432,3456,61.9,5,1,9,1,1,1,0,1,1,2,5,1,9,1,1,1,0,1,1,2
D2DAP-192-hint,192,hint,D2DAP,D8,D9,True,,,a2227d46cbe7c12d,216|216,1,48,32.3744,29.5161,0.0,1070000,1070063,2,432,3456,61.8905,5,1,9,1,1,1,0,1,1,2,5,1,9,1,1,1,0,1,1,2
D2DAP-192-hint,192,hint,D2DAP,D1,D7,True,,,9bf1b22cf8a111f5,216|216,1,48,30.0165,29.2741,0.0,1080000,1080061,2,432,3456,59.2906,5,1,9,1,1,1,0,1,1,2,5,1,9,1,1,1,0,1,1,2
D2DAP-192-hint,192,hint,D2DAP,D3,D9,True,,,6194251dc03d5989,216|216,1,48,30.951500000000003,31.6931,0.0,1090000,1090063,2,432,3456,62.644600000000004,5,1,9,1,1,1,0,1,1,2,5,1,9,1,1,1,0,1,1,2
D2DAP-192-hint,192,hint,D2DAP,D1,D2,True,,,9ea6c959402bc4b2,216|216,1,48,32.8557,33.7167,0.0,1100000,1100068,2,432,3456,66.5724,5,1,9,1,1,1,0,1,1,2,5,1,9,1,1,1,0,1,1,2
D2DAP-192-hint,192,hint,D2DAP,D4,D5,True,,,bc4ee490ad3efb56,216|216,1,48,33.3513,31.5948,0.0,1110000,1110067,2,432,3456,64.9461,5,1,9,1,1,1,0,1,1,2,5,1,9,1,1,1,0,1,1,2
D2DAP-192-hint,192,hint,D2DAP,D8,D5,True,,,8d3325b57a91b1e8,216|216,1,48,36.422799999999995,32.8693,0.0,1120000,1120070,2,432,3456,69.2921,5,1,9,1,1,1,0,1,1,2,5,1,9,1,1,1,0,1,1,2
D2DAP-192-hint,192,hint,D2DAP,D4,D9,True,,,65eab16b5ede0415,216|216,1,48,33.2653,33.0093,0.0,1130000,1130068,2,432,3456,66.2746,5,1,9,1,1,1,0,1,1,2,5,1,9,1,1,1,0,1,1,2
D2DAP-192-hint,192,hint,D2DAP,D7,D9,True,,,498bb7dde1b09cff,216|216,1,48,31.622500000000002,33.5761,0.0,1140000,1140066,2,432,3456,65.1986,5,1,9,1,1,1,0,1,1,2,5,1,9,1,1,1,0,1,1,2
D2DAP-192-hint,192,hint,D2DAP,D6,D10,True,,,77fb6ec2f1db7240,216|216,1,48,33.0364,32.314,0.0,1150000,1150067,2,432,3456,65.35040000000001,5,1,9,1,1,1,0,1,1,2,5,1,9,1,1,1,0,1,1,2
D2DAP-192-hint,192,hint,D2DAP,D3,D10,True,,,3150b5a5300de792,216|216,1,48,35.0019,34.6868,0.0,1160000,1160071,2,432,3456,69.6887,5,1,9,1,1,1,0,1,1,2,5,1,9,1,1,1,0,1,1,2
D2DAP-192-hint,192,hint,D2DAP,D2,D10,True,,,5ce79851455e29b4,216|216,1,48,32.7414,32.6558,0.0,1170000,1170067,2,432,3456,65.3972,5,1,9,1,1,1,0,1,1,2,5,1,9,1,1,1,0,1,1,2
D2DAP-192-hint,192,hint,D2DAP,D3,D1,True,,,2634517baabef6e3,216|216,1,48,34.1855,34.0637,0.0,1180000,1180070,2,432,3456,68.2492,5,1,9,1,1,1,0,1,1,2,5,1,9,1,1,1,0,1,1,2
D2DAP-192-hint,192,hint,D2DAP,D10,D9,True,,,a2c2f48e2b4cc8df,216|216,1,48,36.067,32.3263,0.0,1190000,1190070,2,432,3456,68.39330000000001,5,1,9,1,1,1,0,1,1,2,5,1,9,1,1,1,0,1,1,2
D2DAP-192-hint,192,hint,D2DAP,D9,D1,True,,,398fccbf1e92c373,216|216,1,48,32.8106,35.6274,0.0,1200000,1200070,2,432,3456,68.438,5,1,9,1,1,1,0,1,1,2,5,1,9,1,1,1,0,1,1,2
D2DAP-192-hint,192,hint,D2DAP,D9,D8,True,,,fe70d34f053ffdcc,216|216,1,48,33.2631,32.7844,0.0,1210000,1210067,2,432,3456,66.0475,5,1,9,1,1,1,0,1,1,2,5,1,9,1,1,1,0,1,1,2
D2DAP-192-hint,192,hint,D2DAP,D9,D2,True,,,4f1f93ecd262c94b,216|216,1,48,33.3384,33.3198,0.0,1220000,1220068,2,432,3456,66.6582,5,1,9,1,1,1,0,1,1,2,5,1,9,1,1,1,0,1,1,2
D2DAP-192-hint,192,hint,D2DAP,D4,D5,True,,,32b0d566a5f50de7,216|216,1,48,32.3757,32.5626,0.0,1230000,1230067,2,432,3456,64.9383,5,1,9,1,1,1,0,1,1,2,5,1,9,1,1,1,0,1,1,2
D2DAP-192-hint,192,hint,D2DAP,D7,D4,True,,,b76031b09779c930,216|216,1,48,32.7335,31.9266,0.0,1240000,1240066,2,432,3456,64.6601,5,1,9,1,1,1,0,1,1,2,5,1,9,1,1,1,0,1,1,2
D2DAP-192-hint,192,hint,D2DAP,D4,D10,True,,,ea915e6aaa03dcf3,216|216,1,48,33.9513,31.9286,0.0,1250000,1250067,2,432,3456,65.8799,5,1,9,1,1,1,0,1,1,2,5,1,9,1,1,1,0,1,1,2
D2DAP-192-hint,192,hint,D2DAP,D1,D8,True,,,a702749c9a3540e7,216|216,1,48,31.6432,33.4854,0.0,1260000,1260067,2,432,3456,65.1286,5,1,9,1,1,1,0,1,1,2,5,1,9,1,1,1,0,1,1,2
D2DAP-192-hint,192,hint,D2DAP,D3,D4,True,,,587afe1069401413,216|216,1,48,34.193799999999996,34.4044,0.0,1270000,1270070,2,432,3456,68.59819999999999,5,1,9,1,1,1,0,1,1,2,5,1,9,1,1,1,0,1,1,2
D2DAP-192-hint,192,hint,D2DAP,D10,D9,True,,,b3644d93b299a798,216|216,1,48,32.8444,32.1096,0.0,1280000,1280067,2,432,3456,64.95400000000001,5,1,9,1,1,1,0,1,1,2,5,1,9,1,1,1,0,1,1,2
D2DAP-192-hint,192,hint,D2DAP,D2,D1,True,,,44327c3ef2149897,216|216,1,48,31.365099999999998,34.5264,0.0,1290000,1290067,2,432,3456,65.89150000000001,5,1,9,1,1,1,0,1,1,2,5,1,9,1,1,1,0,1,1,2
D2DAP-192-hint,192,hint,D2DAP,D9,D8,True,,,35ce4672fa460425,216|216,1,48,33.2676,31.9985,0.0,1300000,1300066,2,432,3456,65.2661,5,1,9,1,1,1,0,1,1,2,5,1,9,1,1,1,0,1,1,2
D2DAP-192-hint,192,hint,D2DAP,D2,D7,True,,,33eba698fb09bb58,216|216,1,48,32.991,35.1977,0.0,1310000,1310070,2,432,3456,68.1887,5,1,9,1,1,1,0,1,1,2,5,1,9,1,1,1,0,1,1,2
D2DAP-192-hint,192,hint,D2DAP,D6,D8,True,,,4f6ce006682436f9,216|216,1,48,32.408699999999996,39.2467,0.0,1320000,1320073,2,432,3456,71.65539999999999,5,1,9,1,1,1,0,1,1,2,5,1,9,1,1,1,0,1,1,2
D2DAP-192-hint,192,hint,D2DAP,D2,D1,True,,,17847422edcae970,216|216,1,48,31.3968,32.3925,0.0,1330000,1330065,2,432,3456,63.7893,5,1,9,1,1,1,0,1,1,2,5,1,9,1,1,1,0,1,1,2
D2DAP-192-hint,192,hint,D2DAP,D3,D10,True,,,0213b1f7dc71567a,216|216,1,48,34.629000000000005,33.0002,0.0,1340000,1340070,2,432,3456,67.6292,5,1,9,1,1,1,0,1,1,2,5,1,9,1,1,1,0,1,1,2
D2DAP-192-hint,192,hint,D2DAP,D10,D3,True,,,01d7c06a0fd1bce3,216|216,1,48,34.0741,37.1693,0.0,1350000,1350073,2,432,3456,71.24340000000001,5,1,9,1,1,1,0,1,1,2,5,1,9,1,1,1,0,1,1,2
D2DAP-192-hint,192,hint,D2DAP,D10,D5,True,,,16cd2594702254a7,216|216,1,48,35.3709,32.1024,0.0,1360000,1360070,2,432,3456,67.4733,5,1,9,1,1,1,0,1,1,2,5,1,9,1,1,1,0,1,1,2
D2DAP-192-hint,192,hint,D2DAP,D1,D9,True,,,6a48768bea4637cb,216|216,1,48,32.3505,32.2023,0.0,1370000,1370067,2,432,3456,64.55279999999999,5,1,9,1,1,1,0,1,1,2,5,1,9,1,1,1,0,1,1,2
D2DAP-192-hint,192,hint,D2DAP,D10,D3,True,,,b28f6cde2c9ba38f,216|216,1,48,32.6145,31.4684,0.0,1380000,1380065,2,432,3456,64.0829,5,1,9,1,1,1,0,1,1,2,5,1,9,1,1,1,0,1,1,2
D2DAP-192-hint,192,hint,D2DAP,D1,D7,True,,,9e820635bd2c3aba,216|216,1,48,31.947900000000004,32.8329,0.0,1390000,1390066,2,432,3456,64.7808,5,1,9,1,1,1,0,1,1,2,5,1,9,1,1,1,0,1,1,2
D2DAP-192-hint,192,hint,D2DAP,D2,D3,True,,,409d8974077c5bce,216|216,1,48,33.095,32.5314,0.0,1400000,1400067,2,432,3456,65.62639999999999,5,1,9,1,1,1,0,1,1,2,5,1,9,1,1,1,0,1,1,2
D2DAP-192-hint,192,hint,D2DAP,D9,D7,True,,,d44029189819852f,216|216,1,48,32.717299999999994,31.959,0.0,1410000,1410066,2,432,3456,64.6763,5,1,9,1,1,1,0,1,1,2,5,1,9,1,1,1,0,1,1,2
D2DAP-192-hint,192,hint,D2DAP,D5,D6,True,,,9eb3655df754965e,216|216,1,48,33.104600000000005,32.8481,0.0,1420000,1420068,2,432,3456,65.95270000000001,5,1,9,1,1,1,0,1,1,2,5,1,9,1,1,1,0,1,1,2
D2DAP-192-hint,192,hint,D2DAP,D9,D8,True,,,69a236253b00e538,216|216,1,48,32.8882,36.0925,0.0,1430000,1430071,2,432,3456,68.9807,5,1,9,1,1,1,0,1,1,2,5,1,9,1,1,1,0,1,1,2
D2DAP-192-hint,192,hint,D2DAP,D7,D1,True,,,0e2cf0c9ec94c8f1,216|216,1,48,31.864,33.5769,0.0,1440000,1440067,2,432,3456,65.4409,5,1,9,1,1,1,0,1,1,2,5,1,9,1,1,1,0,1,1,2
D2DAP-192-hint,192,hint,D2DAP,D2,D8,True,,,c88e392b60ab3a8a,216|216,1,48,32.3132,33.212,0.0,1450000,1450067,2,432,3456,65.52520000000001,5,1,9,1,1,1,0,1,1,2,5,1,9,1,1,1,0,1,1,2
D2DAP-192-hint,192,hint,D2DAP,D2,D6,True,,,bfc73e2202d0f6f2,216|216,1,48,31.875,33.9345,0.0,1460000,1460067,2,432,3456,65.8095,5,1,9,1,1,1,0,1,1,2,5,1,9,1,1,1,0,1,1,2
D2DAP-192-hint,192,hint,D2DAP,D1,D4,True,,,b2ade99e688d05d5,216|216,1,48,32.8697,32.2328,0.0,1470000,1470067,2,432,3456,65.10249999999999,5,1,9,1,1,1,0,1,1,2,5,1,9,1,1,1,0,1,1,2
D2DAP-192-hint,192,hint,D2DAP,D2,D3,True,,,591c4c4477c87dd1,216|216,1,48,33.0179,31.523,0.0,1480000,1480066,2,432,3456,64.5409,5,1,9,1,1,1,0,1,1,2,5,1,9,1,1,1,0,1,1,2
D2DAP-192-hint,192,hint,D2DAP,D7,D5,True,,,2657b1ceb489f72e,216|216,1,48,32.333800000000004,33.4177,0.0,1490000,1490068,2,432,3456,65.75150000000001,5,1,9,1,1,1,0,1,1,2,5,1,9,1,1,1,0,1,1,2
D2DAP-192-hint,192,hint,D2DAP,D6,D9,True,,,45d02082009c4c8f,216|216,1,48,33.1307,36.2219,0.0,1500000,1500071,2,432,3456,69.3526,5,1,9,1,1,1,0,1,1,2,5,1,9,1,1,1,0,1,1,2
D2DAP-192-hint,192,hint,D2DAP,D10,D9,True,,,f481af15b5b421cc,216|216,1,48,32.1559,33.6612,0.0,1510000,1510067,2,432,3456,65.81710000000001,5,1,9,1,1,1,0,1,1,2,5,1,9,1,1,1,0,1,1,2
D2DAP-192-hint,192,hint,D2DAP,D1,D6,True,,,197626e7e50f9364,216|216,1,48,33.5262,32.279,0.0,1520000,1520067,2,432,3456,65.80520000000001,5,1,9,1,1,1,0,1,1,2,5,1,9,1,1,1,0,1,1,2
D2DAP-192-hint,192,hint,D2DAP,D2,D7,True,,,be7a6fdf858ed69d,216|216,1,48,31.2797,33.4001,0.0,1530000,1530066,2,432,3456,64.6798,5,1,9,1,1,1,0,1,1,2,5,1,9,1,1,1,0,1,1,2
D2DAP-192-hint,192,hint,D2DAP,D8,D1,True,,,683f276c2cec70cb,216|216,1,48,32.525099999999995,32.4577,0.0,1540000,1540066,2,432,3456,64.9828,5,1,9,1,1,1,0,1,1,2,5,1,9,1,1,1,0,1,1,2
D2DAP-192-hint,192,hint,D2DAP,D5,D7,True,,,39817aa2ecec3b20,216|216,1,48,32.0685,32.785,0.0,1550000,1550067,2,432,3456,64.8535,5,1,9,1,1,1,0,1,1,2,5,1,9,1,1,1,0,1,1,2
D2DAP-192-hint,192,hint,D2DAP,D9,D2,True,,,32cd1498ae73fe2e,216|216,1,48,36.4642,34.7339,0.0,1560000,1560073,2,432,3456,71.1981,5,1,9,1,1,1,0,1,1,2,5,1,9,1,1,1,0,1,1,2
D2DAP-192-hint,192,hint,D2DAP,D2,D10,True,,,42ba14d12b74375b,216|216,1,48,30.4424,30.152,0.0,1570000,1570062,2,432,3456,60.5944,5,1,9,1,1,1,0,1,1,2,5,1,9,1,1,1,0,1,1,2
D2DAP-192-hint,192,hint,D2DAP,D5,D8,True,,,170a12924520d55e,216|216,1,48,30.583,31.6566,0.0,1580000,1580063,2,432,3456,62.239599999999996,5,1,9,1,1,1,0,1,1,2,5,1,9,1,1,1,0,1,1,2
D2DAP-192-hint,192,hint,D2DAP,D6,D8,True,,,c8ed622a4ba9c03c,216|216,1,48,30.4039,29.8378,0.0,1590000,1590062,2,432,3456,60.2417,5,1,9,1,1,1,0,1,1,2,5,1,9,1,1,1,0,1,1,2
D2DAP-192-hint,192,hint,D2DAP,D7,D1,True,,,eff17d757b9f1d1f,216|216,1,48,30.8577,29.8668,0.0,1600000,1600062,2,432,3456,60.724500000000006,5,1,9,1,1,1,0,1,1,2,5,1,9,1,1,1,0,1,1,2
D2DAP-192-hint,192,hint,D2DAP,D9,D3,True,,,5e106543405eeebb,216|216,1,48,32.4305,38.7522,0.0,1610000,1610073,2,432,3456,71.18270000000001,5,1,9,1,1,1,0,1,1,2,5,1,9,1,1,1,0,1,1,2
D2DAP-192-hint,192,hint,D2DAP,D5,D8,True,,,0310c33b3d0d7adc,216|216,1,48,42.3534,35.7448,0.0,1620000,1620079,2,432,3456,78.09819999999999,5,1,9,1,1,1,0,1,1,2,5,1,9,1,1,1,0,1,1,2
D2DAP-192-hint,192,hint,D2DAP,D4,D6,True,,,d8e4b05b6a2ec04d,216|216,1,48,36.5291,35.4279,0.0,1630000,1630074,2,432,3456,71.957,5,1,9,1,1,1,0,1,1,2,5,1,9,1,1,1,0,1,1,2
D2DAP-192-hint,192,hint,D2DAP,D6,D10,True,,,b2b96e604771f629,216|216,1,48,36.490899999999996,41.8226,0.0,1640000,1640080,2,432,3456,78.3135,5,1,9,1,1,1,0,1,1,2,5,1,9,1,1,1,0,1,1,2
D2DAP-192-hint,192,hint,D2DAP,D10,D7,True,,,15fdcf96243dda37,216|216,1,48,37.683,39.5339,0.0,1650000,1650079,2,432,3456,77.21690000000001,5,1,9,1,1,1,0,1,1,2,5,1,9,1,1,1,0,1,1,2
D2DAP-192-hint,192,hint,D2DAP,D2,D4,True,,,38aae7131d32f97d,216|216,1,48,42.1656,42.1394,0.0,1660000,1660086,2,432,3456,84.305,5,1,9,1,1,1,0,1,1,2,5,1,9,1,1,1,0,1,1,2
D2DAP-192-hint,192,hint,D2DAP,D5,D9,True,,,ea4b79d9b6aae509,216|216,1,48,39.141400000000004,35.7501,0.0,1670000,1670076,2,432,3456,74.89150000000001,5,1,9,1,1,1,0,1,1,2,5,1,9,1,1,1,0,1,1,2
D2DAP-192-hint,192,hint,D2DAP,D6,D10,True,,,6da1bc033f0b605a,216|216,1,48,38.209900000000005,36.5454,0.0,1680000,1680076,2,432,3456,74.7553,5,1,9,1,1,1,0,1,1,2,5,1,9,1,1,1,0,1,1,2
D2DAP-192-hint,192,hint,D2DAP,D3,D5,True,,,c194b1ba78e4354d,216|216,1,48,33.463,37.4746,0.0,1690000,1690072,2,432,3456,70.9376,5,1,9,1,1,1,0,1,1,2,5,1,9,1,1,1,0,1,1,2
D2DAP-192-hint,192,hint,D2DAP,D10,D3,True,,,dec4936a68e96bef,216|216,1,48,40.2989,40.592,0.0,1700000,1700082,2,432,3456,80.8909,5,1,9,1,1,1,0,1,1,2,5,1,9,1,1,1,0,1,1,2
D2DAP-192-hint,192,hint,D2DAP,D9,D8,True,,,1945d507a9055380,216|216,1,48,35.960300000000004,39.1311,0.0,1710000,1710077,2,432,3456,75.09140000000001,5,1,9,1,1,1,0,1,1,2,5,1,9,1,1,1,0,1,1,2
D2DAP-192-hint,192,hint,D2DAP,D10,D8,True,,,dd1b3eb872a29920,216|216,1,48,36.7523,34.5365,0.0,1720000,1720073,2,432,3456,71.2888,5,1,9,1,1,1,0,1,1,2,5,1,9,1,1,1,0,1,1,2
D2DAP-192-hint,192,hint,D2DAP,D1,D8,True,,,3adc184f66d9e6df,216|216,1,48,37.8041,39.0417,0.0,1730000,1730079,2,432,3456,76.8458,5,1,9,1,1,1,0,1,1,2,5,1,9,1,1,1,0,1,1,2
D2DAP-192-hint,192,hint,D2DAP,D4,D6,True,,,a01bcc8a880f3d6c,216|216,1,48,35.2637,40.1747,0.0,1740000,1740077,2,432,3456,75.4384,5,1,9,1,1,1,0,1,1,2,5,1,9,1,1,1,0,1,1,2
D2DAP-192-hint,192,hint,D2DAP,D9,D2,True,,,6ed0ad0a511b49cd,216|216,1,48,38.497699999999995,39.9167,0.0,1750000,1750079,2,432,3456,78.4144,5,1,9,1,1,1,0,1,1,2,5,1,9,1,1,1,0,1,1,2
D2DAP-192-hint,192,hint,D2DAP,D10,D3,True,,,2b0104fb09dcc9c5,216|216,1,48,41.7016,36.8583,0.0,1760000,1760080,2,432,3456,78.5599,5,1,9,1,1,1,0,1,1,2,5,1,9,1,1,1,0,1,1,2
D2DAP-192-hint,192,hint,D2DAP,D9,D10,True,,,c92db94c099eba9e,216|216,1,48,35.5055,34.9161,0.0,1770000,1770071,2,432,3456,70.4216,5,1,9,1,1,1,0,1,1,2,5,1,9,1,1,1,0,1,1,2
D2DAP-192-hint,192,hint,D2DAP,D10,D2,True,,,93526e906fd41886,216|216,1,48,42.1872,37.3017,0.0,1780000,1780081,2,432,3456,79.4889,5,1,9,1,1,1,0,1,1,2,5,1,9,1,1,1,0,1,1,2
D2DAP-192-hint,192,hint,D2DAP,D2,D6,True,,,1ab8683d9747f4df,216|216,1,48,35.3283,36.6729,0.0,1790000,1790073,2,432,3456,72.0012,5,1,9,1,1,1,0,1,1,2,5,1,9,1,1,1,0,1,1,2
D2DAP-192-hint,192,hint,D2DAP,D6,D2,True,,,eb98a326a1b5e71d,216|216,1,48,39.1716,36.6266,0.0,1800000,1800077,2,432,3456,75.79820000000001,5,1,9,1,1,1,0,1,1,2,5,1,9,1,1,1,0,1,1,2
D2DAP-192-hint,192,hint,D2DAP,D1,D7,True,,,2ad5c7624cc60296,216|216,1,48,37.8737,41.4607,0.0,1810000,1810080,2,432,3456,79.3344,5,1,9,1,1,1,0,1,1,2,5,1,9,1,1,1,0,1,1,2
D2DAP-192-hint,192,hint,D2DAP,D9,D2,True,,,9416d3ea9f1444a2,216|216,1,48,43.012,40.7785,0.0,1820000,1820085,2,432,3456,83.79050000000001,5,1,9,1,1,1,0,1,1,2,5,1,9,1,1,1,0,1,1,2
D2DAP-192-hint,192,hint,D2DAP,D4,D6,True,,,f8cc105d77521849,216|216,1,48,41.5259,39.1809,0.0,1830000,1830083,2,432,3456,80.7068,5,1,9,1,1,1,0,1,1,2,5,1,9,1,1,1,0,1,1,2
D2DAP-192-hint,192,hint,D2DAP,D9,D7,True,,,2042a16f637b6c60,216|216,1,48,39.1432,38.4723,0.0,1840000,1840079,2,432,3456,77.6155,5,1,9,1,1,1,0,1,1,2,5,1,9,1,1,1,0,1,1,2
D2DAP-192-hint,192,hint,D2DAP,D8,D4,True,,,849574d9ae5edc1a,216|216,1,48,39.7921,36.8319,0.0,1850000,1850078,2,432,3456,76.624,5,1,9,1,1,1,0,1,1,2,5,1,9,1,1,1,0,1,1,2
D2DAP-192-hint,192,hint,D2DAP,D5,D8,True,,,e990f5a2ea9f690f,216|216,1,48,43.3093,42.4059,0.0,1860000,1860088,2,432,3456,85.71520000000001,5,1,9,1,1,1,0,1,1,2,5,1,9,1,1,1,0,1,1,2
D2DAP-192-hint,192,hint,D2DAP,D8,D9,True,,,8b87ba1488942604,216|216,1,48,37.7625,38.1382,0.0,1870000,1870078,2,432,3456,75.9007,5,1,9,1,1,1,0,1,1,2,5,1,9,1,1,1,0,1,1,2
D2DAP-192-hint,192,hint,D2DAP,D5,D1,True,,,d6aa5b5dc6c5b99b,216|216,1,48,37.1117,41.6039,0.0,1880000,1880080,2,432,3456,78.7156,5,1,9,1,1,1,0,1,1,2,5,1,9,1,1,1,0,1,1,2
D2DAP-192-hint,192,hint,D2DAP,D3,D9,True,,,51abd2aceb70d3c2,216|216,1,48,39.376,41.3233,0.0,1890000,1890083,2,432,3456,80.6993,5,1,9,1,1,1,0,1,1,2,5,1,9,1,1,1,0,1,1,2
D2DAP-192-hint,192,hint,D2DAP,D3,D7,True,,,8e98c444003446bd,216|216,1,48,39.11,38.3857,0.0,1900000,1900079,2,432,3456,77.4957,5,1,9,1,1,1,0,1,1,2,5,1,9,1,1,1,0,1,1,2
D2DAP-192-hint,192,hint,D2DAP,D5,D9,True,,,bed194670b613552,216|216,1,48,41.570499999999996,41.2178,0.0,1910000,1910084,2,432,3456,82.78829999999999,5,1,9,1,1,1,0,1,1,2,5,1,9,1,1,1,0,1,1,2
D2DAP-192-hint,192,hint,D2DAP,D10,D1,True,,,0ccd6b5ee6d15386,216|216,1,48,39.3187,41.2819,0.0,1920000,1920082,2,432,3456,80.6006,5,1,9,1,1,1,0,1,1,2,5,1,9,1,1,1,0,1,1,2
D2DAP-192-hint,192,hint,D2DAP,D9,D6,True,,,9704807fb6049fdc,216|216,1,48,33.2198,34.3629,0.0,1930000,1930070,2,432,3456,67.5827,5,1,9,1,1,1,0,1,1,2,5,1,9,1,1,1,0,1,1,2
D2DAP-192-hint,192,hint,D2DAP,D1,D10,True,,,a6432e6a328ae9ac,216|216,1,48,37.707,39.3723,0.0,1940000,1940079,2,432,3456,77.0793,5,1,9,1,1,1,0,1,1,2,5,1,9,1,1,1,0,1,1,2
D2DAP-192-hint,192,hint,D2DAP,D10,D1,True,,,a13210ac29a0ac78,216|216,1,48,39.4698,34.6469,0.0,1950000,1950076,2,432,3456,74.11670000000001,5,1,9,1,1,1,0,1,1,2,5,1,9,1,1,1,0,1,1,2
D2DAP-192-hint,192,hint,D2DAP,D7,D9,True,,,e35d2ccf1a41000e,216|216,1,48,40.665400000000005,39.5946,0.0,1960000,1960081,2,432,3456,80.26,5,1,9,1,1,1,0,1,1,2,5,1,9,1,1,1,0,1,1,2
D2DAP-192-hint,192,hint,D2DAP,D8,D9,True,,,49ca297b022b489d,216|216,1,48,39.9602,42.3914,0.0,1970000,1970084,2,432,3456,82.35159999999999,5,1,9,1,1,1,0,1,1,2,5,1,9,1,1,1,0,1,1,2
D2DAP-192-hint,192,hint,D2DAP,D9,D3,True,,,66991815f360856e,216|216,1,48,34.0766,35.0042,0.0,1980000,1980071,2,432,3456,69.0808,5,1,9,1,1,1,0,1,1,2,5,1,9,1,1,1,0,1,1,2
D2DAP-192-hint,192,hint,D2DAP,D3,D9,True,,,f4e5cbaf81867fab,216|216,1,48,36.1907,36.4875,0.0,1990000,1990074,2,432,3456,72.6782,5,1,9,1,1,1,0,1,1,2,5,1,9,1,1,1,0,1,1,2
D2DAP-192-hint,192,hint,D2DAP,D8,D7,True,,,00720a6bdb572736,216|216,1,48,35.2416,40.3237,0.0,2000000,2000077,2,432,3456,75.56530000000001,5,1,9,1,1,1,0,1,1,2,5,1,9,1,1,1,0,1,1,2
D2DAP-192-hint,192,hint,D2DAP,D6,D8,True,,,73557e40c29b95f8,216|216,1,48,42.2284,40.1827,0.0,2010000,2010084,2,432,3456,82.4111,5,1,9,1,1,1,0,1,1,2,5,1,9,1,1,1,0,1,1,2
D2DAP-192-hint,192,hint,D2DAP,D2,D9,True,,,4aca6b0f83cae7fb,216|216,1,48,38.3251,38.6075,0.0,2020000,2020078,2,432,3456,76.93260000000001,5,1,9,1,1,1,0,1,1,2,5,1,9,1,1,1,0,1,1,2
D2DAP-192-hint,192,hint,D2DAP,D3,D6,True,,,6ba1b31136325bd7,216|216,1,48,43.9542,41.9826,0.0,2030000,2030087,2,432,3456,85.9368,5,1,9,1,1,1,0,1,1,2,5,1,9,1,1,1,0,1,1,2
D2DAP-192-hint,192,hint,D2DAP,D9,D8,True,,,e6542125c57ce1d6,216|216,1,48,43.537099999999995,41.7258,0.0,2040000,2040087,2,432,3456,85.2629,5,1,9,1,1,1,0,1,1,2,5,1,9,1,1,1,0,1,1,2
D2DAP-192-hint,192,hint,D2DAP,D8,D4,True,,,54520ba5e7fd0682,216|216,1,48,43.965999999999994,38.184,0.0,2050000,2050084,2,432,3456,82.14999999999999,5,1,9,1,1,1,0,1,1,2,5,1,9,1,1,1,0,1,1,2
D2DAP-192-hint,192,hint,D2DAP,D3,D6,True,,,71fd5a2e0982e78c,216|216,1,48,36.5048,41.0519,0.0,2060000,2060079,2,432,3456,77.5567,5,1,9,1,1,1,0,1,1,2,5,1,9,1,1,1,0,1,1,2
D2DAP-192-hint,192,hint,D2DAP,D2,D1,True,,,a54b3b2d29da4c37,216|216,1,48,43.2929,43.2256,0.0,2070000,2070088,2,432,3456,86.5185,5,1,9,1,1,1,0,1,1,2,5,1,9,1,1,1,0,1,1,2
D2DAP-192-hint,192,hint,D2DAP,D2,D5,True,,,65c60ba9ac59c62b,216|216,1,48,40.6501,41.0588,0.0,2080000,2080084,2,432,3456,81.7089,5,1,9,1,1,1,0,1,1,2,5,1,9,1,1,1,0,1,1,2
D2DAP-192-hint,192,hint,D2DAP,D3,D6,True,,,6e561192b5c3702e,216|216,1,48,34.9465,32.6864,0.0,2090000,2090069,2,432,3456,67.6329,5,1,9,1,1,1,0,1,1,2,5,1,9,1,1,1,0,1,1,2
D2DAP-192-hint,192,hint,D2DAP,D6,D4,True,,,3a87499bb9222da9,216|216,1,48,37.3194,42.4946,0.0,2100000,2100082,2,432,3456,79.814,5,1,9,1,1,1,0,1,1,2,5,1,9,1,1,1,0,1,1,2
D2DAP-256-hint,256,hint,D2DAP,D3,D5,True,,,da8de3ad00511493,286|286,1,64,66.40190000000001,66.836,0.0,110000,110135,2,572,4576,133.23790000000002,5,1,9,1,1,1,0,1,1,2,5,1,9,1,1,1,0,1,1,2
D2DAP-256-hint,256,hint,D2DAP,D9,D5,True,,,4c6a4c60e01c23a2,286|286,1,64,64.75630000000001,68.1135,0.0,120000,120135,2,572,4576,132.8698,5,1,9,1,1,1,0,1,1,2,5,1,9,1,1,1,0,1,1,2
D2DAP-256-hint,256,hint,D2DAP,D9,D8,True,,,cd955f543acd8500,286|286,1,64,66.0469,67.0924,0.0,130000,130135,2,572,4576,133.1393,5,1,9,1,1,1,0,1,1,2,5,1,9,1,1,1,0,1,1,2
D2DAP-256-hint,256,hint,D2DAP,D6,D2,True,,,d2c2cf67ba9c5898,286|286,1,64,64.5085,66.0079,0.0,140000,140132,2,572,4576,130.5164,5,1,9,1,1,1,0,1,1,2,5,1,9,1,1,1,0,1,1,2
D2DAP-256-hint,256,hint,D2DAP,D4,D7,True,,,4ece0db8307df803,286|286,1,64,67.19030000000001,67.297,0.0,150000,150136,2,572,4576,134.4873,5,1,9,1,1,1,0,1,1,2,5,1,9,1,1,1,0,1,1,2
D2DAP-256-hint,256,hint,D2DAP,D9,D5,True,,,c9c90022b179f90e,286|286,1,64,67.0038,67.2366,0.0,160000,160136,2,572,4576,134.2404,5,1,9,1,1,1,0,1,1,2,5,1,9,1,1,1,0,1,1,2
D2DAP-256-hint,256,hint,D2DAP,D7,D8,True,,,4ef903b9aa5dbe06,286|286,1,64,67.0113,70.0383,0.0,170000,170139,2,572,4576,137.0496,5,1,9,1,1,1,0,1,1,2,5,1,9,1,1,1,0,1,1,2
D2DAP-256-hint,256,hint,D2DAP,D4,D2,True,,,2d8d02d85e06c1be,286|286,1,64,64.7842,66.1718,0.0,180000,180133,2,572,4576,130.95600000000002,5,1,9,1,1,1,0,1,1,2,5,1,9,1,1,1,0,1,1,2
D2DAP-256-hint,256,hint,D2DAP,D5,D1,True,,,da79a4d1aed30092,286|286,1,64,65.8258,65.283,0.0,190000,190133,2,572,4576,131.1088,5,1,9,1,1,1,0,1,1,2,5,1,9,1,1,1,0,1,1,2
D2DAP-256-hint,256,hint,D2DAP,D2,D8,True,,,24fcb6adeb9dc330,286|286,1,64,70.40520000000001,65.3093,0.0,200000,200137,2,572,4576,135.7145,5,1,9,1,1,1,0,1,1,2,5,1,9,1,1,1,0,1,1,2
D2DAP-256-hint,256,hint,D2DAP,D8,D9,True,,,5190c5e3989a8c38,286|286,1,64,69.4726,66.5272,0.0,210000,210137,2,572,4576,135.9998,5,1,9,1,1,1,0,1,1,2,5,1,9,1,1,1,0,1,1,2
D2DAP-256-hint,256,hint,D2DAP,D5,D9,True,,,bb804c78d9aacd7e,286|286,1,64,67.939,64.8091,0.0,220000,220134,2,572,4576,132.7481,5,1,9,1,1,1,0,1,1,2,5,1,9,1,1,1,0,1,1,2
D2DAP-256-hint,256,hint,D2DAP,D4,D9,True,,,d9a763c3c9cfb20a,286|286,1,64,68.02080000000001,69.7048,0.0,230000,230139,2,572,4576,137.72560000000001,5,1,9,1,1,1,0,1,1,2,5,1,9,1,1,1,0,1,1,2
D2DAP-256-hint,256,hint,D2DAP,D8,D5,True,,,0bfcb732e0ed8c99,286|286,1,64,70.0181,66.0057,0.0,240000,240138,2,572,4576,136.0238,5,1,9,1,1,1,0,1,1,2,5,1,9,1,1,1,0,1,1,2
D2DAP-256-hint,256,hint,D2DAP,D5,D2,True,,,cfd3bfaa4b8831b5,286|286,1,64,65.2835,73.1976,0.0,250000,250141,2,572,4576,138.4811,5,1,9,1,1,1,0,1,1,2,5,1,9,1,1,1,0,1,1,2
D2DAP-256-hint,256,hint,D2DAP,D4,D5,True,,,dbb5f917981609ff,286|286,1,64,61.965599999999995,62.2189,0.0,260000,260126,2,572,4576,124.18449999999999,5,1,9,1,1,1,0,1,1,2,5,1,9,1,1,1,0,1,1,2
D2DAP-256-hint,256,hint,D2DAP,D6,D7,True,,,56ed38d5a50d59cb,286|286,1,64,61.828599999999994,61.7124,0.0,270000,270125,2,572,4576,123.541,5,1,9,1,1,1,0,1,1,2,5,1,9,1,1,1,0,1,1,2
D2DAP-256-hint,256,hint,D2DAP,D4,D2,True,,,0d8a309c1004513e,286|286,1,64,61.5592,61.8753,0.0,280000,280125,2,572,4576,123.4345,5,1,9,1,1,1,0,1,1,2,5,1,9,1,1,1,0,1,1,2
D2DAP-256-hint,256,hint,D2DAP,D8,D6,True,,,1a0925ab6a3f9524,286|286,1,64,61.1011,65.1309,0.0,290000,290128,2,572,4576,126.232,5,1,9,1,1,1,0,1,1,2,5,1,9,1,1,1,0,1,1,2
D2DAP-256-hint,256,hint,D2DAP,D3,D8,True,,,7052f675cffab96f,286|286,1,64,61.578900000000004,62.6268,0.0,300000,300126,2,572,4576,124.20570000000001,5,1,9,1,1,1,0,1,1,2,5,1,9,1,1,1,0,1,1,2
D2DAP-256-hint,256,hint,D2DAP,D4,D9,True,,,22bc0fa930577888,286|286,1,64,62.992999999999995,63.5283,0.0,310000,310128,2,572,4576,126.5213,5,1,9,1,1,1,0,1,1,2,5,1,9,1,1,1,0,1,1,2
D2DAP-256-hint,256,hint,D2DAP,D9,D4,True,,,8a507d0c26b02c04,286|286,1,64,63.5249,63.868,0.0,320000,320129,2,572,4576,127.3929,5,1,9,1,1,1,0,1,1,2,5,1,9,1,1,1,0,1,1,2
D2DAP-256-hint,256,hint,D2DAP,D3,D7,True,,,eb7acec1324bf9c4,286|286,1,64,60.9868,63.0154,0.0,330000,330126,2,572,4576,124.0022,5,1,9,1,1,1,0,1,1,2,5,1,9,1,1,1,0,1,1,2
D2DAP-256-hint,256,hint,D2DAP,D9,D2,True,,,a019915e6d6cd216,286|286,1,64,60.546,60.3061,0.0,340000,340122,2,572,4576,120.85210000000001,5,1,9,1,1,1,0,1,1,2,5,1,9,1,1,1,0,1,1,2
D2DAP-256-hint,256,hint,D2DAP,D8,D1,True,,,96dc473606413ef6,286|286,1,64,60.7427,61.4711,0.0,350000,350124,2,572,4576,122.21379999999999,5,1,9,1,1,1,0,1,1,2,5,1,9,1,1,1,0,1,1,2
D2DAP-256-hint,256,hint,D2DAP,D8,D10,True,,,5cd2553337527f09,286|286,1,64,61.4182,62.8612,0.0,360000,360125,2,572,4576,124.2794,5,1,9,1,1,1,0,1,1,2,5,1,9,1,1,1,0,1,1,2
D2DAP-256-hint,256,hint,D2DAP,D8,D5,True,,,e2c7dad0e077deae,286|286,1,64,65.6917,60.9232,0.0,370000,370127,2,572,4576,126.6149,5,1,9,1,1,1,0,1,1,2,5,1,9,1,1,1,0,1,1,2
D2DAP-256-hint,256,hint,D2DAP,D6,D8,True,,,6fb0d05e0fc1065d,286|286,1,64,65.19720000000001,66.5171,0.0,380000,380133,2,572,4576,131.7143,5,1,9,1,1,1,0,1,1,2,5,1,9,1,1,1,0,1,1,2
D2DAP-256-hint,256,hint,D2DAP,D6,D5,True,,,d8b3fc059f7ec727,286|286,1,64,62.1682,63.5933,0.0,390000,390128,2,572,4576,125.7615,5,1,9,1,1,1,0,1,1,2,5,1,9,1,1,1,0,1,1,2
D2DAP-256-hint,256,hint,D2DAP,D3,D2,True,,,c44056c89c35a232,286|286,1,64,63.0403,63.3393,0.0,400000,400128,2,572,4576,126.37960000000001,5,1,9,1,1,1,0,1,1,2,5,1,9,1,1,1,0,1,1,2
D2DAP-256-hint,256,hint,D2DAP,D4,D7,True,,,43c7ab606df26b4e,286|286,1,64,66.2474,61.51,0.0,410000,410130,2,572,4576,127.75739999999999,5,1,9,1,1,1,0,1,1,2,5,1,9,1,1,1,0,1,1,2
D2DAP-256-hint,256,hint,D2DAP,D5,D9,True,,,a451db5d7e56a1e2,286|286,1,64,62.70099999999999,63.5328,0.0,420000,420128,2,572,4576,126.2338,5,1,9,1,1,1,0,1,1,2,5,1,9,1,1,1,0,1,1,2
D2DAP-256-hint,256,hint,D2DAP,D1,D8,True,,,01fb45e785599f44,286|286,1,64,62.7958,62.17,0.0,430000,430127,2,572,4576,124.9658,5,1,9,1,1,1,0,1,1,2,5,1,9,1,1,1,0,1,1,2
D2DAP-256-hint,256,hint,D2DAP,D6,D10,True,,,adac1d552c1f3f7a,286|286,1,64,62.3896,62.5601,0.0,440000,440126,2,572,4576,124.9497,5,1,9,1,1,1,0,1,1,2,5,1,9,1,1,1,0,1,1,2
D2DAP-256-hint,256,hint,D2DAP,D1,D6,True,,,adb61d707c666ee7,286|286,1,64,62.4273,61.9902,0.0,450000,450126,2,572,4576,124.4175,5,1,9,1,1,1,0,1,1,2,5,1,9,1,1,1,0,1,1,2
D2DAP-256-hint,256,hint,D2DAP,D7,D3,True,,,54af868deb3f43ac,286|286,1,64,62.2657,62.885,0.0,460000,460126,2,572,4576,125.1507,5,1,9,1,1,1,0,1,1,2,5,1,9,1,1,1,0,1,1,2
D2DAP-256-hint,256,hint,D2DAP,D4,D5,True,,,794bec3692c1eb2a,286|286,1,64,61.265499999999996,62.4251,0.0,470000,470125,2,572,4576,123.69059999999999,5,1,9,1,1,1,0,1,1,2,5,1,9,1,1,1,0,1,1,2
D2DAP-256-hint,256,hint,D2DAP,D3,D2,True,,,a53c4ccd80bde0f3,286|286,1,64,61.60040000000001,61.1258,0.0,480000,480125,2,572,4576,122.7262,5,1,9,1,1,1,0,1,1,2,5,1,9,1,1,1,0,1,1,2
D2DAP-256-hint,256,hint,D2DAP,D10,D9,True,,,3fd46af124f5040c,286|286,1,64,62.712900000000005,61.758,0.0,490000,490125,2,572,4576,124.4709,5,1,9,1,1,1,0,1,1,2,5,1,9,1,1,1,0,1,1,2
D2DAP-256-hint,256,hint,D2DAP,D9,D3,True,,,14bb9da31e413ff2,286|286,1,64,66.6764,65.7714,0.0,500000,500134,2,572,4576,132.4478,5,1,9,1,1,1,0,1,1,2,5,1,9,1,1,1,0,1,1,2
D2DAP-256-hint,256,hint,D2DAP,D8,D3,True,,,3fe1fdfac022910f,286|286,1,64,66.0729,64.2451,0.0,510000,510132,2,572,4576,130.31799999999998,5,1,9,1,1,1,0,1,1,2,5,1,9,1,1,1,0,1,1,2
D2DAP-256-hint,256,hint,D2DAP,D3,D5,True,,,bb4f44db66d946c2,286|286,1,64,65.8442,65.5554,0.0,520000,520133,2,572,4576,131.39960000000002,5,1,9,1,1,1,0,1,1,2,5,1,9,1,1,1,0,1,1,2
D2DAP-256-hint,256,hint,D2DAP,D2,D6,True,,,c53d1069b0489e7d,286|286,1,64,65.4017,67.5008,0.0,530000,530135,2,572,4576,132.9025,5,1,9,1,1,1,0,1,1,2,5,1,9,1,1,1,0,1,1,2
D2DAP-256-hint,256,hint,D2DAP,D8,D10,True,,,a5cca7bb612b83cb,286|286,1,64,67.6309,67.23,0.0,540000,540136,2,572,4576,134.86090000000002,5,1,9,1,1,1,0,1,1,2,5,1,9,1,1,1,0,1,1,2
D2DAP-256-hint,256,hint,D2DAP,D5,D4,True,,,1765d362fa273035,286|286,1,64,67.4427,65.8882,0.0,550000,550135,2,572,4576,133.33089999999999,5,1,9,1,1,1,0,1,1,2,5,1,9,1,1,1,0,1,1,2
D2DAP-256-hint,256,hint,D2DAP,D4,D8,True,,,e62ad6fb2acfe46b,286|286,1,64,70.2214,70.1295,0.0,560000,560143,2,572,4576,140.3509,5,1,9,1,1,1,0,1,1,2,5,1,9,1,1,1,0,1,1,2
D2DAP-256-hint,256,hint,D2DAP,D1,D4,True,,,b83aba0fe5eab577,286|286,1,64,67.0455,65.2937,0.0,570000,570134,2,572,4576,132.3392,5,1,9,1,1,1,0,1,1,2,5,1,9,1,1,1,0,1,1,2
D2DAP-256-hint,256,hint,D2DAP,D1,D8,True,,,820649db40aa31f5,286|286,1,64,67.935,68.6297,0.0,580000,580138,2,572,4576,136.56470000000002,5,1,9,1,1,1,0,1,1,2,5,1,9,1,1,1,0,1,1,2
D2DAP-256-hint,256,hint,D2DAP,D7,D5,True,,,85c11b7f3f99bd4d,286|286,1,64,66.0916,68.3402,0.0,590000,590136,2,572,4576,134.4318,5,1,9,1,1,1,0,1,1,2,5,1,9,1,1,1,0,1,1,2
D2DAP-256-hint,256,hint,D2DAP,D2,D10,True,,,788c4a99b37acb06,286|286,1,64,69.5374,67.2398,0.0,600000,600138,2,572,4576,136.7772,5,1,9,1,1,1,0,1,1,2,5,1,9,1,1,1,0,1,1,2
D2DAP-256-hint,256,hint,D2DAP,D2,D9,True,,,51a8ca8d9609425e,286|286,1,64,67.7156,69.0036,0.0,610000,610139,2,572,4576,136.7192,5,1,9,1,1,1,0,1,1,2,5,1,9,1,1,1,0,1,1,2
D2DAP-256-hint,256,hint,D2DAP,D5,D7,True,,,d7111594fe83597c,286|286,1,64,67.0135,67.6456,0.0,620000,620136,2,572,4576,134.6591,5,1,9,1,1,1,0,1,1,2,5,1,9,1,1,1,0,1,1,2
D2DAP-256-hint,256,hint,D2DAP,D4,D2,True,,,91c89b3bd064d4e0,286|286,1,64,64.7525,67.8172,0.0,630000,630133,2,572,4576,132.5697,5,1,9,1,1,1,0,1,1,2,5,1,9,1,1,1,0,1,1,2
D2DAP-256-hint,256,hint,D2DAP,D3,D7,True,,,c845ada946d7d92d,286|286,1,64,67.6362,65.213,0.0,640000,640135,2,572,4576,132.8492,5,1,9,1,1,1,0,1,1,2,5,1,9,1,1,1,0,1,1,2
D2DAP-256-hint,256,hint,D2DAP,D6,D4,True,,,26c5a762781c9f24,286|286,1,64,66.05189999999999,65.5034,0.0,650000,650134,2,572,4576,131.5553,5,1,9,1,1,1,0,1,1,2,5,1,9,1,1,1,0,1,1,2
D2DAP-256-hint,256,hint,D2DAP,D4,D1,True,,,da50d8523e7b3062,286|286,1,64,66.86590000000001,64.3294,0.0,660000,660133,2,572,4576,131.19530000000003,5,1,9,1,1,1,0,1,1,2,5,1,9,1,1,1,0,1,1,2
D2DAP-256-hint,256,hint,D2DAP,D10,D4,True,,,e21bf297897ccfb3,286|286,1,64,66.0429,65.8782,0.0,670000,670133,2,572,4576,131.92110000000002,5,1,9,1,1,1,0,1,1,2,5,1,9,1,1,1,0,1,1,2
D2DAP-256-hint,256,hint,D2DAP,D9,D5,True,,,5032845aebc091c2,286|286,1,64,66.5515,68.1995,0.0,680000,680137,2,572,4576,134.751,5,1,9,1,1,1,0,1,1,2,5,1,9,1,1,1,0,1,1,2
D2DAP-256-hint,256,hint,D2DAP,D5,D3,True,,,57af40b8bd317c9f,286|286,1,64,63.957,66.6558,0.0,690000,690132,2,572,4576,130.6128,5,1,9,1,1,1,0,1,1,2,5,1,9,1,1,1,0,1,1,2
D2DAP-256-hint,256,hint,D2DAP,D9,D3,True,,,160bc00cd0795701,286|286,1,64,69.4784,65.5497,0.0,700000,700137,2,572,4576,135.0281,5,1,9,1,1,1,0,1,1,2,5,1,9,1,1,1,0,1,1,2
D2DAP-256-hint,256,hint,D2DAP,D3,D8,True,,,2deab159db00425f,286|286,1,64,69.1204,65.9699,0.0,710000,710136,2,572,4576,135.0903,5,1,9,1,1,1,0,1,1,2,5,1,9,1,1,1,0,1,1,2
D2DAP-256-hint,256,hint,D2DAP,D8,D5,True,,,afb8cf19161a8251,286|286,1,64,66.13040000000001,65.4876,0.0,720000,720133,2,572,4576,131.618,5,1,9,1,1,1,0,1,1,2,5,1,9,1,1,1,0,1,1,2
D2DAP-256-hint,256,hint,D2DAP,D10,D1,True,,,be9b2e864294050d,286|286,1,64,64.5583,65.826,0.0,730000,730132,2,572,4576,130.3843,5,1,9,1,1,1,0,1,1,2,5,1,9,1,1,1,0,1,1,2
D2DAP-256-hint,256,hint,D2DAP,D2,D9,True,,,455d2095ebe7a2e7,286|286,1,64,65.583,67.269,0.0,740000,740135,2,572,4576,132.852,5,1,9,1,1,1,0,1,1,2,5,1,9,1,1,1,0,1,1,2
D2DAP-256-hint,256,hint,D2DAP,D7,D3,True,,,fac8f9a60dd6d50d,286|286,1,64,68.7691,66.8125,0.0,750000,750136,2,572,4576,135.58159999999998,5,1,9,1,1,1,0,1,1,2,5,1,9,1,1,1,0,1,1,2
D2DAP-256-hint,256,hint,D2DAP,D3,D9,True,,,0440b024a5f4591f,286|286,1,64,68.345,66.9071,0.0,760000,760137,2,572,4576,135.25209999999998,5,1,9,1,1,1,0,1,1,2,5,1,9,1,1,1,0,1,1,2
D2DAP-256-hint,256,hint,D2DAP,D2,D5,True,,,d19c9dd988062d09,286|286,1,64,69.10470000000001,68.1081,0.0,770000,770140,2,572,4576,137.21280000000002,5,1,9,1,1,1,0,1,1,2,5,1,9,1,1,1,0,1,1,2
D2DAP-256-hint,256,hint,D2DAP,D8,D1,True,,,665744fe13a52fb0,286|286,1,64,62.0314,63.8686,0.0,780000,780127,2,572,4576,125.9,5,1,9,1,1,1,0,1,1,2,5,1,9,1,1,1,0,1,1,2
D2DAP-256-hint,256,hint,D2DAP,D5,D8,True,,,3823e68461ac4156,286|286,1,64,61.163,61.4619,0.0,790000,790125,2,572,4576,122.6249,5,1,9,1,1,1,0,1,1,2,5,1,9,1,1,1,0,1,1,2
D2DAP-256-hint,256,hint,D2DAP,D4,D10,True,,,af89a5d1b3ac8997,286|286,1,64,63.5233,60.8785,0.0,800000,800125,2,572,4576,124.40180000000001,5,1,9,1,1,1,0,1,1,2,5,1,9,1,1,1,0,1,1,2
D2DAP-256-hint,256,hint,D2DAP,D6,D2,True,,,066e7243473a13ba,286|286,1,64,64.6911,66.3839,0.0,810000,810132,2,572,4576,131.075,5,1,9,1,1,1,0,1,1,2,5,1,9,1,1,1,0,1,1,2
D2DAP-256-hint,256,hint,D2DAP,D7,D6,True,,,0db5dec9f8e10f7f,286|286,1,64,64.3191,66.8424,0.0,820000,820133,2,572,4576,131.1615,5,1,9,1,1,1,0,1,1,2,5,1,9,1,1,1,0,1,1,2
D2DAP-256-hint,256,hint,D2DAP,D7,D5,True,,,9e36ca9e64bc11cb,286|286,1,64,66.11240000000001,66.7864,0.0,830000,830135,2,572,4576,132.8988,5,1,9,1,1,1,0,1,1,2,5,1,9,1,1,1,0,1,1,2
D2DAP-256-hint,256,hint,D2DAP,D2,D1,True,,,8483d0c841271133,286|286,1,64,64.8887,64.479,0.0,840000,840131,2,572,4576,129.3677,5,1,9,1,1,1,0,1,1,2,5,1,9,1,1,1,0,1,1,2
D2DAP-256-hint,256,hint,D2DAP,D2,D4,True,,,1d829571ef125a8d,286|286,1,64,65.6728,67.3343,0.0,850000,850134,2,572,4576,133.00709999999998,5,1,9,1,1,1,0,1,1,2,5,1,9,1,1,1,0,1,1,2
D2DAP-256-hint,256,hint,D2DAP,D7,D2,True,,,f1ec6e3bbb8ee82e,286|286,1,64,65.5504,68.561,0.0,860000,860136,2,572,4576,134.1114,5,1,9,1,1,1,0,1,1,2,5,1,9,1,1,1,0,1,1,2
D2DAP-256-hint,256,hint,D2DAP,D2,D6,True,,,8ae971a32d43babf,286|286,1,64,64.6966,66.0834,0.0,870000,870132,2,572,4576,130.78,5,1,9,1,1,1,0,1,1,2,5,1,9,1,1,1,0,1,1,2
D2DAP-256-hint,256,hint,D2DAP,D2,D3,True,,,38ebb8ad03c5bf68,286|286,1,64,68.4402,63.6365,0.0,880000,880134,2,572,4576,132.07670000000002,5,1,9,1,1,1,0,1,1,2,5,1,9,1,1,1,0,1,1,2
D2DAP-256-hint,256,hint,D2DAP,D6,D9,True,,,db0f64f91691bcf3,286|286,1,64,68.5427,66.0878,0.0,890000,890137,2,572,4576,134.63049999999998,5,1,9,1,1,1,0,1,1,2,5,1,9,1,1,1,0,1,1,2
D2DAP-256-hint,256,hint,D2DAP,D4,D7,True,,,01c7e71ff2f5bb2f,286|286,1,64,65.9585,66.2745,0.0,900000,900134,2,572,4576,132.233,5,1,9,1,1,1,0,1,1,2,5,1,9,1,1,1,0,1,1,2
D2DAP-256-hint,256,hint,D2DAP,D1,D3,True,,,3d01d33ac158153f,286|286,1,64,65.2429,64.9146,0.0,910000,910132,2,572,4576,130.1575,5,1,9,1,1,1,0,1,1,2,5,1,9,1,1,1,0,1,1,2
D2DAP-256-hint,256,hint,D2DAP,D5,D9,True,,,14a473ad6133bf45,286|286,1,64,64.5968,65.4489,0.0,920000,920132,2,572,4576,130.0457,5,1,9,1,1,1,0,1,1,2,5,1,9,1,1,1,0,1,1,2
D2DAP-256-hint,256,hint,D2DAP,D8,D5,True,,,a931514b56d00543,286|286,1,64,69.09100000000001,66.3968,0.0,930000,930137,2,572,4576,135.4878,5,1,9,1,1,1,0,1,1,2,5,1,9,1,1,1,0,1,1,2
D2DAP-256-hint,256,hint,D2DAP,D3,D1,True,,,c9c8f1a8fc98f747,286|286,1,64,65.122,64.676,0.0,940000,940131,2,572,4576,129.798,5,1,9,1,1,1,0,1,1,2,5,1,9,1,1,1,0,1,1,2
D2DAP-256-hint,256,hint,D2DAP,D5,D7,True,,,ba847cf000f18afb,286|286,1,64,63.0049,70.0254,0.0,950000,950135,2,572,4576,133.0303,5,1,9,1,1,1,0,1,1,2,5,1,9,1,1,1,0,1,1,2
D2DAP-256-hint,256,hint,D2DAP,D9,D2,True,,,c285dccfcce349f5,286|286,1,64,61.8428,67.9961,0.0,960000,960131,2,572,4576,129.8389,5,1,9,1,1,1,0,1,1,2,5,1,9,1,1,1,0,1,1,2
D2DAP-256-hint,256,hint,D2DAP,D5,D10,True,,,37ea84fb7c040940,286|286,1,64,62.9816,59.73,0.0,970000,970124,2,572,4576,122.7116,5,1,9,1,1,1,0,1,1,2,5,1,9,1,1,1,0,1,1,2
D2DAP-256-hint,256,hint,D2DAP,D10,D3,True,,,429b107d70263dd4,286|286,1,64,65.4276,64.9195,0.0,980000,980131,2,572,4576,130.3471,5,1,9,1,1,1,0,1,1,2,5,1,9,1,1,1,0,1,1,2
D2DAP-256-hint,256,hint,D2DAP,D5,D6,True,,,ac8756fbd2ed68fd,286|286,1,64,65.265,65.8399,0.0,990000,990132,2,572,4576,131.1049,5,1,9,1,1,1,0,1,1,2,5,1,9,1,1,1,0,1,1,2
D2DAP-256-hint,256,hint,D2DAP,D3,D4,True,,,0c2165a0283a0b96,286|286,1,64,65.4985,64.7828,0.0,1000000,1000132,2,572,4576,130.2813,5,1,9,1,1,1,0,1,1,2,5,1,9,1,1,1,0,1,1,2
D2DAP-256-hint,256,hint,D2DAP,D9,D4,True,,,a518140ca5ccebed,286|286,1,64,65.6512,69.577,0.0,1010000,1010137,2,572,4576,135.22820000000002,5,1,9,1,1,1,0,1,1,2,5,1,9,1,1,1,0,1,1,2
D2DAP-256-hint,256,hint,D2DAP,D6,D9,True,,,72e4ce72edfcfcc7,286|286,1,64,65.7385,66.5245,0.0,1020000,1020134,2,572,4576,132.263,5,1,9,1,1,1,0,1,1,2,5,1,9,1,1,1,0,1,1,2
D2DAP-256-hint,256,hint,D2DAP,D6,D3,True,,,9d81cde8d4eac5fa,286|286,1,64,65.0553,63.7931,0.0,1030000,1030130,2,572,4576,128.8484,5,1,9,1,1,1,0,1,1,2,5,1,9,1,1,1,0,1,1,2
D2DAP-256-hint,256,hint,D2DAP,D1,D7,True,,,1b6505f6164d6193,286|286,1,64,68.03710000000001,64.5327,0.0,1040000,1040134,2,572,4576,132.56980000000001,5,1,9,1,1,1,0,1,1,2,5,1,9,1,1,1,0,1,1,2
D2DAP-256-hint,256,hint,D2DAP,D3,D2,True,,,aaa716369400562c,286|286,1,64,65.2949,66.6885,0.0,1050000,1050133,2,572,4576,131.98340000000002,5,1,9,1,1,1,0,1,1,2,5,1,9,1,1,1,0,1,1,2
D2DAP-256-hint,256,hint,D2DAP,D6,D8,True,,,d6fdefdfb16382c1,286|286,1,64,67.05680000000001,64.2909,0.0,1060000,1060133,2,572,4576,131.3477,5,1,9,1,1,1,0,1,1,2,5,1,9,1,1,1,0,1,1,2
D2DAP-256-hint,256,hint,D2DAP,D8,D9,True,,,e3e7adcdfe5cea49,286|286,1,64,64.7228,67.4348,0.0,1070000,1070134,2,572,4576,132.1576,5,1,9,1,1,1,0,1,1,2,5,1,9,1,1,1,0,1,1,2
D2DAP-256-hint,256,hint,D2DAP,D1,D7,True,,,1c5887e9a4290c98,286|286,1,64,64.4325,67.0171,0.0,1080000,1080134,2,572,4576,131.4496,5,1,9,1,1,1,0,1,1,2,5,1,9,1,1,1,0,1,1,2
D2DAP-256-hint,256,hint,D2DAP,D3,D9,True,,,792be0c9eb0d9b88,286|286,1,64,67.97999999999999,67.5006,0.0,1090000,1090137,2,572,4576,135.48059999999998,5,1,9,1,1,1,0,1,1,2,5,1,9,1,1,1,0,1,1,2
D2DAP-256-hint,256,hint,D2DAP,D1,D2,True,,,45d0f09de8e32660,286|286,1,64,69.3103,69.9797,0.0,1100000,1100141,2,572,4576,139.29,5,1,9,1,1,1,0,1,1,2,5,1,9,1,1,1,0,1,1,2
D2DAP-256-hint,256,hint,D2DAP,D4,D5,True,,,50855e45e4158b7e,286|286,1,64,69.6147,77.256,0.0,1110000,1110148,2,572,4576,146.8707,5,1,9,1,1,1,0,1,1,2,5,1,9,1,1,1,0,1,1,2
D2DAP-256-hint,256,hint,D2DAP,D8,D5,True,,,df2458f1a724ee57,286|286,1,64,62.269400000000005,64.6196,0.0,1120000,1120128,2,572,4576,126.88900000000001,5,1,9,1,1,1,0,1,1,2,5,1,9,1,1,1,0,1,1,2
D2DAP-256-hint,256,hint,D2DAP,D4,D9,True,,,2baf2e98058c2820,286|286,1,64,62.61879999999999,67.4956,0.0,1130000,1130131,2,572,4576,130.1144,5,1,9,1,1,1,0,1,1,2,5,1,9,1,1,1,0,1,1,2
D2DAP-256-hint,256,hint,D2DAP,D7,D9,True,,,2b8d1f82dd21d917,286|286,1,64,67.3022,64.204,0.0,1140000,1140133,2,572,4576,131.50619999999998,5,1,9,1,1,1,0,1,1,2,5,1,9,1,1,1,0,1,1,2
D2DAP-256-hint,256,hint,D2DAP,D6,D10,True,,,f946b0c785c116de,286|286,1,64,70.1301,66.8768,0.0,1150000,1150138,2,572,4576,137.0069,5,1,9,1,1,1,0,1,1,2,5,1,9,1,1,1,0,1,1,2
D2DAP-256-hint,256,hint,D2DAP,D3,D10,True,,,a3a0cdb1b5f48ea3,286|286,1,64,65.7179,64.472,0.0,1160000,1160132,2,572,4576,130.1899,5,1,9,1,1,1,0,1,1,2,5,1,9,1,1,1,0,1,1,2
D2DAP-256-hint,256,hint,D2DAP,D2,D10,True,,,321ffd4ee7ade6ee,286|286,1,64,68.127,68.1968,0.0,1170000,1170138,2,572,4576,136.3238,5,1,9,1,1,1,0,1,1,2,5,1,9,1,1,1,0,1,1,2
D2DAP-256-hint,256,hint,D2DAP,D3,D1,True,,,c2f31b7f381153d9,286|286,1,64,63.227199999999996,63.1352,0.0,1180000,1180129,2,572,4576,126.3624,5,1,9,1,1,1,0,1,1,2,5,1,9,1,1,1,0,1,1,2
D2DAP-256-hint,256,hint,D2DAP,D10,D9,True,,,ae3c78004e77150d,286|286,1,64,60.5718,63.0599,0.0,1190000,1190125,2,572,4576,123.6317,5,1,9,1,1,1,0,1,1,2,5,1,9,1,1,1,0,1,1,2
D2DAP-256-hint,256,hint,D2DAP,D9,D1,True,,,2987f50f5f0e20da,286|286,1,64,64.9962,61.0222,0.0,1200000,1200128,2,572,4576,126.0184,5,1,9,1,1,1,0,1,1,2,5,1,9,1,1,1,0,1,1,2
D2DAP-256-hint,256,hint,D2DAP,D9,D8,True,,,1bf34ecb75286647,286|286,1,64,67.0371,66.9611,0.0,1210000,1210135,2,572,4576,133.9982,5,1,9,1,1,1,0,1,1,2,5,1,9,1,1,1,0,1,1,2
D2DAP-256-hint,256,hint,D2DAP,D9,D2,True,,,b607d660a18bdb67,286|286,1,64,66.1364,66.6627,0.0,1220000,1220134,2,572,4576,132.7991,5,1,9,1,1,1,0,1,1,2,5,1,9,1,1,1,0,1,1,2
D2DAP-256-hint,256,hint,D2DAP,D4,D5,True,,,3f2da3bf689f0bdc,286|286,1,64,66.5433,68.593,0.0,1230000,1230136,2,572,4576,135.1363,5,1,9,1,1,1,0,1,1,2,5,1,9,1,1,1,0,1,1,2
D2DAP-256-hint,256,hint,D2DAP,D7,D4,True,,,78cfeb02043067c0,286|286,1,64,63.3412,67.3204,0.0,1240000,1240133,2,572,4576,130.66160000000002,5,1,9,1,1,1,0,1,1,2,5,1,9,1,1,1,0,1,1,2
D2DAP-256-hint,256,hint,D2DAP,D4,D10,True,,,b23a09afab8dda3a,286|286,1,64,60.7631,61.97,0.0,1250000,1250124,2,572,4576,122.73310000000001,5,1,9,1,1,1,0,1,1,2,5,1,9,1,1,1,0,1,1,2
D2DAP-256-hint,256,hint,D2DAP,D1,D8,True,,,5b9e7cd05d2a5dd7,286|286,1,64,63.3065,62.7255,0.0,1260000,1260127,2,572,4576,126.032,5,1,9,1,1,1,0,1,1,2,5,1,9,1,1,1,0,1,1,2
D2DAP-256-hint,256,hint,D2DAP,D3,D4,True,,,1c9ad90c0c69e0ef,286|286,1,64,65.3584,68.1521,0.0,1270000,1270135,2,572,4576,133.5105,5,1,9,1,1,1,0,1,1,2,5,1,9,1,1,1,0,1,1,2
D2DAP-256-hint,256,hint,D2DAP,D10,D9,True,,,74ef51fffd49a235,286|286,1,64,68.1539,67.0154,0.0,1280000,1280137,2,572,4576,135.1693,5,1,9,1,1,1,0,1,1,2,5,1,9,1,1,1,0,1,1,2
D2DAP-256-hint,256,hint,D2DAP,D2,D1,True,,,4f2c76fae324e181,286|286,1,64,66.73519999999999,64.0696,0.0,1290000,1290132,2,572,4576,130.8048,5,1,9,1,1,1,0,1,1,2,5,1,9,1,1,1,0,1,1,2
D2DAP-256-hint,256,hint,D2DAP,D9,D8,True,,,2114999ae5a3470f,286|286,1,64,68.04090000000001,66.0852,0.0,1300000,1300136,2,572,4576,134.1261,5,1,9,1,1,1,0,1,1,2,5,1,9,1,1,1,0,1,1,2
D2DAP-256-hint,256,hint,D2DAP,D2,D7,True,,,5dd195202a8a2448,286|286,1,64,82.0346,68.3343,0.0,1310000,1310152,2,572,4576,150.3689,5,1,9,1,1,1,0,1,1,2,5,1,9,1,1,1,0,1,1,2
D2DAP-256-hint,256,hint,D2DAP,D6,D8,True,,,c1188e1540e66445,286|286,1,64,65.21950000000001,62.333,0.0,1320000,1320129,2,572,4576,127.55250000000001,5,1,9,1,1,1,0,1,1,2,5,1,9,1,1,1,0,1,1,2
D2DAP-256-hint,256,hint,D2DAP,D2,D1,True,,,c4e4eac261a1bb61,286|286,1,64,63.0595,60.9431,0.0,1330000,1330125,2,572,4576,124.0026,5,1,9,1,1,1,0,1,1,2,5,1,9,1,1,1,0,1,1,2
D2DAP-256-hint,256,hint,D2DAP,D3,D10,True,,,a7f1badad439de7d,286|286,1,64,61.8831,61.0112,0.0,1340000,1340124,2,572,4576,122.8943,5,1,9,1,1,1,0,1,1,2,5,1,9,1,1,1,0,1,1,2
D2DAP-256-hint,256,hint,D2DAP,D10,D3,True,,,26211cb0c56692ae,286|286,1,64,61.3696,61.3902,0.0,1350000,1350125,2,572,4576,122.7598,5,1,9,1,1,1,0,1,1,2,5,1,9,1,1,1,0,1,1,2
D2DAP-256-hint,256,hint,D2DAP,D10,D5,True,,,44fa022d8be25215,286|286,1,64,61.2684,60.4136,0.0,1360000,1360124,2,572,4576,121.682,5,1,9,1,1,1,0,1,1,2,5,1,9,1,1,1,0,1,1,2
D2DAP-256-hint,256,hint,D2DAP,D1,D9,True,,,3527b1a0d1ebde90,286|286,1,64,59.7953,60.9331,0.0,1370000,1370121,2,572,4576,120.7284,5,1,9,1,1,1,0,1,1,2,5,1,9,1,1,1,0,1,1,2
D2DAP-256-hint,256,hint,D2DAP,D10,D3,True,,,842bc806e256c399,286|286,1,64,63.16329999999999,60.1101,0.0,1380000,1380125,2,572,4576,123.2734,5,1,9,1,1,1,0,1,1,2,5,1,9,1,1,1,0,1,1,2
D2DAP-256-hint,256,hint,D2DAP,D1,D7,True,,,29f69cc8b8fbcfdf,286|286,1,64,68.01689999999999,63.6971,0.0,1390000,1390133,2,572,4576,131.714,5,1,9,1,1,1,0,1,1,2,5,1,9,1,1,1,0,1,1,2
D2DAP-256-hint,256,hint,D2DAP,D2,D3,True,,,207ac21cc4dc2cd0,286|286,1,64,65.7448,65.0631,0.0,1400000,1400133,2,572,4576,130.80790000000002,5,1,9,1,1,1,0,1,1,2,5,1,9,1,1,1,0,1,1,2
D2DAP-256-hint,256,hint,D2DAP,D9,D7,True,,,5913c58058a99804,286|286,1,64,65.60470000000001,65.6611,0.0,1410000,1410133,2,572,4576,131.2658,5,1,9,1,1,1,0,1,1,2,5,1,9,1,1,1,0,1,1,2
D2DAP-256-hint,256,hint,D2DAP,D5,D6,True,,,51d2557dba07d768,286|286,1,64,66.44460000000001,66.0027,0.0,1420000,1420134,2,572,4576,132.4473,5,1,9,1,1,1,0,1,1,2,5,1,9,1,1,1,0,1,1,2
D2DAP-256-hint,256,hint,D2DAP,D9,D8,True,,,78450235f900d303,286|286,1,64,68.9011,68.2931,0.0,1430000,1430139,2,572,4576,137.1942,5,1,9,1,1,1,0,1,1,2,5,1,9,1,1,1,0,1,1,2
D2DAP-256-hint,256,hint,D2DAP,D7,D1,True,,,bf104060b02b0cd2,286|286,1,64,71.4567,68.538,0.0,1440000,1440142,2,572,4576,139.9947,5,1,9,1,1,1,0,1,1,2,5,1,9,1,1,1,0,1,1,2
D2DAP-256-hint,256,hint,D2DAP,D2,D8,True,,,63d777375236530e,286|286,1,64,71.3704,67.9433,0.0,1450000,1450140,2,572,4576,139.31369999999998,5,1,9,1,1,1,0,1,1,2,5,1,9,1,1,1,0,1,1,2
D2DAP-256-hint,256,hint,D2DAP,D2,D6,True,,,3c23660d2b354074,286|286,1,64,71.7152,71.1897,0.0,1460000,1460144,2,572,4576,142.9049,5,1,9,1,1,1,0,1,1,2,5,1,9,1,1,1,0,1,1,2
D2DAP-256-hint,256,hint,D2DAP,D1,D4,True,,,e05c3a76c7a66950,286|286,1,64,68.6332,65.9602,0.0,1470000,1470135,2,572,4576,134.5934,5,1,9,1,1,1,0,1,1,2,5,1,9,1,1,1,0,1,1,2
D2DAP-256-hint,256,hint,D2DAP,D2,D3,True,,,0bbc06a88b19c082,286|286,1,64,68.3714,67.4801,0.0,1480000,1480137,2,572,4576,135.8515,5,1,9,1,1,1,0,1,1,2,5,1,9,1,1,1,0,1,1,2
D2DAP-256-hint,256,hint,D2DAP,D7,D5,True,,,ce3c424ff49e86dc,286|286,1,64,64.5578,65.3922,0.0,1490000,1490132,2,572,4576,129.95,5,1,9,1,1,1,0,1,1,2,5,1,9,1,1,1,0,1,1,2
D2DAP-256-hint,256,hint,D2DAP,D6,D9,True,,,bd36b020521b067b,286|286,1,64,66.348,71.1972,0.0,1500000,1500139,2,572,4576,137.5452,5,1,9,1,1,1,0,1,1,2,5,1,9,1,1,1,0,1,1,2
D2DAP-256-hint,256,hint,D2DAP,D10,D9,True,,,49d35f39b5c4eaf4,286|286,1,64,70.4051,66.3044,0.0,1510000,1510138,2,572,4576,136.7095,5,1,9,1,1,1,0,1,1,2,5,1,9,1,1,1,0,1,1,2
D2DAP-256-hint,256,hint,D2DAP,D1,D6,True,,,f82195987ee0ea8c,286|286,1,64,62.1588,59.9052,0.0,1520000,1520123,2,572,4576,122.064,5,1,9,1,1,1,0,1,1,2,5,1,9,1,1,1,0,1,1,2
D2DAP-256-hint,256,hint,D2DAP,D2,D7,True,,,d27ca802f1eaf721,286|286,1,64,62.5685,63.1976,0.0,1530000,1530127,2,572,4576,125.7661,5,1,9,1,1,1,0,1,1,2,5,1,9,1,1,1,0,1,1,2
D2DAP-256-hint,256,hint,D2DAP,D8,D1,True,,,fef6aead6805b979,286|286,1,64,67.9417,66.9757,0.0,1540000,1540136,2,572,4576,134.9174,5,1,9,1,1,1,0,1,1,2,5,1,9,1,1,1,0,1,1,2
D2DAP-256-hint,256,hint,D2DAP,D5,D7,True,,,22519ee80dc46029,286|286,1,64,69.83680000000001,63.8896,0.0,1550000,1550135,2,572,4576,133.7264,5,1,9,1,1,1,0,1,1,2,5,1,9,1,1,1,0,1,1,2
D2DAP-256-hint,256,hint,D2DAP,D9,D2,True,,,8b0fec0afaabfa9c,286|286,1,64,66.2043,74.65,0.0,1560000,1560142,2,572,4576,140.85430000000002,5,1,9,1,1,1,0,1,1,2,5,1,9,1,1,1,0,1,1,2
D2DAP-256-hint,256,hint,D2DAP,D2,D10,True,,,0152bdc635780fff,286|286,1,64,66.6896,65.971,0.0,1570000,1570133,2,572,4576,132.6606,5,1,9,1,1,1,0,1,1,2,5,1,9,1,1,1,0,1,1,2
D2DAP-256-hint,256,hint,D2DAP,D5,D8,True,,,781308a8eb7ef04d,286|286,1,64,62.9948,67.0722,0.0,1580000,1580132,2,572,4576,130.067,5,1,9,1,1,1,0,1,1,2,5,1,9,1,1,1,0,1,1,2
D2DAP-256-hint,256,hint,D2DAP,D6,D8,True,,,d0a8600921afb05b,286|286,1,64,67.0235,66.7696,0.0,1590000,1590135,2,572,4576,133.79309999999998,5,1,9,1,1,1,0,1,1,2,5,1,9,1,1,1,0,1,1,2
D2DAP-256-hint,256,hint,D2DAP,D7,D1,True,,,93bc8ef96880ef72,286|286,1,64,65.33449999999999,65.9008,0.0,1600000,1600132,2,572,4576,131.2353,5,1,9,1,1,1,0,1,1,2,5,1,9,1,1,1,0,1,1,2
D2DAP-256-hint,256,hint,D2DAP,D9,D3,True,,,067f89892d15a752,286|286,1,64,65.7495,67.5565,0.0,1610000,1610134,2,572,4576,133.30599999999998,5,1,9,1,1,1,0,1,1,2,5,1,9,1,1,1,0,1,1,2
D2DAP-256-hint,256,hint,D2DAP,D5,D8,True,,,3550678c948e1bb4,286|286,1,64,70.8885,65.6004,0.0,1620000,1620137,2,572,4576,136.4889,5,1,9,1,1,1,0,1,1,2,5,1,9,1,1,1,0,1,1,2
D2DAP-256-hint,256,hint,D2DAP,D4,D6,True,,,18a35421b5649c72,286|286,1,64,65.4353,66.8771,0.0,1630000,1630133,2,572,4576,132.3124,5,1,9,1,1,1,0,1,1,2,5,1,9,1,1,1,0,1,1,2
D2DAP-256-hint,256,hint,D2DAP,D6,D10,True,,,c3200b733aa9efbe,286|286,1,64,64.246,65.0847,0.0,1640000,1640132,2,572,4576,129.33069999999998,5,1,9,1,1,1,0,1,1,2,5,1,9,1,1,1,0,1,1,2
D2DAP-256-hint,256,hint,D2DAP,D10,D7,True,,,046c81bc3c699ec9,286|286,1,64,67.6774,66.9974,0.0,1650000,1650136,2,572,4576,134.6748,5,1,9,1,1,1,0,1,1,2,5,1,9,1,1,1,0,1,1,2
D2DAP-256-hint,256,hint,D2DAP,D2,D4,True,,,f979a585e48c28c5,286|286,1,64,68.0373,65.9472,0.0,1660000,1660135,2,572,4576,133.9845,5,1,9,1,1,1,0,1,1,2,5,1,9,1,1,1,0,1,1,2
D2DAP-256-hint,256,hint,D2DAP,D5,D9,True,,,67a297d7337c7d08,286|286,1,64,69.335,67.8301,0.0,1670000,1670138,2,572,4576,137.1651,5,1,9,1,1,1,0,1,1,2,5,1,9,1,1,1,0,1,1,2
D2DAP-256-hint,256,hint,D2DAP,D6,D10,True,,,1267f35aa0ba1851,286|286,1,64,70.1367,68.4175,0.0,1680000,1680140,2,572,4576,138.5542,5,1,9,1,1,1,0,1,1,2,5,1,9,1,1,1,0,1,1,2
D2DAP-256-hint,256,hint,D2DAP,D3,D5,True,,,5cf39e3fbe9075c3,286|286,1,64,70.6577,77.8186,0.0,1690000,1690150,2,572,4576,148.4763,5,1,9,1,1,1,0,1,1,2,5,1,9,1,1,1,0,1,1,2
D2DAP-256-hint,256,hint,D2DAP,D10,D3,True,,,2d9fa60d2d98679e,286|286,1,64,60.92099999999999,63.2193,0.0,1700000,1700126,2,572,4576,124.1403,5,1,9,1,1,1,0,1,1,2,5,1,9,1,1,1,0,1,1,2
D2DAP-256-hint,256,hint,D2DAP,D9,D8,True,,,15911c5cd1cc071a,286|286,1,64,62.0263,62.1848,0.0,1710000,1710126,2,572,4576,124.2111,5,1,9,1,1,1,0,1,1,2,5,1,9,1,1,1,0,1,1,2
D2DAP-256-hint,256,hint,D2DAP,D10,D8,True,,,cd69077a1c1d387e,286|286,1,64,61.797700000000006,62.2964,0.0,1720000,1720126,2,572,4576,124.0941,5,1,9,1,1,1,0,1,1,2,5,1,9,1,1,1,0,1,1,2
D2DAP-256-hint,256,hint,D2DAP,D1,D8,True,,,2ad6c9f76ff8d76b,286|286,1,64,60.841,61.8058,0.0,1730000,1730124,2,572,4576,122.6468,5,1,9,1,1,1,0,1,1,2,5,1,9,1,1,1,0,1,1,2
D2DAP-256-hint,256,hint,D2DAP,D4,D6,True,,,c36ced2af5b4e61b,286|286,1,64,62.2084,62.8605,0.0,1740000,1740127,2,572,4576,125.0689,5,1,9,1,1,1,0,1,1,2,5,1,9,1,1,1,0,1,1,2
D2DAP-256-hint,256,hint,D2DAP,D9,D2,True,,,8c52729eeee2d7cf,286|286,1,64,61.131699999999995,61.3391,0.0,1750000,1750124,2,572,4576,122.4708,5,1,9,1,1,1,0,1,1,2,5,1,9,1,1,1,0,1,1,2
D2DAP-256-hint,256,hint,D2DAP,D10,D3,True,,,e58db9c972bc0909,286|286,1,64,64.2376,61.1555,0.0,1760000,1760127,2,572,4576,125.3931,5,1,9,1,1,1,0,1,1,2,5,1,9,1,1,1,0,1,1,2
D2DAP-256-hint,256,hint,D2DAP,D9,D10,True,,,56dede4d47b4c322,286|286,1,64,62.0166,61.4519,0.0,1770000,1770125,2,572,4576,123.4685,5,1,9,1,1,1,0,1,1,2,5,1,9,1,1,1,0,1,1,2
D2DAP-256-hint,256,hint,D2DAP,D10,D2,True,,,ec014300d02f3c79,286|286,1,64,61.79990000000001,61.9629,0.0,1780000,1780125,2,572,4576,123.7628,5,1,9,1,1,1,0,1,1,2,5,1,9,1,1,1,0,1,1,2
D2DAP-256-hint,256,hint,D2DAP,D2,D6,True,,,c822cdb7642fd6ad,286|286,1,64,62.049099999999996,59.842,0.0,1790000,1790123,2,572,4576,121.8911,5,1,9,1,1,1,0,1,1,2,5,1,9,1,1,1,0,1,1,2
D2DAP-256-hint,256,hint,D2DAP,D6,D2,True,,,c8da8447883a21ea,286|286,1,64,67.3648,66.4406,0.0,1800000,1800136,2,572,4576,133.80540000000002,5,1,9,1,1,1,0,1,1,2,5,1,9,1,1,1,0,1,1,2
D2DAP-256-hint,256,hint,D2DAP,D1,D7,True,,,4cde3eb3f6b600c3,286|286,1,64,65.7998,63.9091,0.0,1810000,1810131,2,572,4576,129.7089,5,1,9,1,1,1,0,1,1,2,5,1,9,1,1,1,0,1,1,2
D2DAP-256-hint,256,hint,D2DAP,D9,D2,True,,,7763ca8c244f505d,286|286,1,64,68.438,68.765,0.0,1820000,1820138,2,572,4576,137.203,5,1,9,1,1,1,0,1,1,2,5,1,9,1,1,1,0,1,1,2
D2DAP-256-hint,256,hint,D2DAP,D4,D6,True,,,52f9ed12de1546b7,286|286,1,64,67.4548,66.0264,0.0,1830000,1830135,2,572,4576,133.4812,5,1,9,1,1,1,0,1,1,2,5,1,9,1,1,1,0,1,1,2
D2DAP-256-hint,256,hint,D2DAP,D9,D7,True,,,9568386f8869b077,286|286,1,64,67.0976,68.5924,0.0,1840000,1840137,2,572,4576,135.69,5,1,9,1,1,1,0,1,1,2,5,1,9,1,1,1,0,1,1,2
D2DAP-256-hint,256,hint,D2DAP,D8,D4,True,,,a591790329525c73,286|286,1,64,67.3565,65.8159,0.0,1850000,1850134,2,572,4576,133.17239999999998,5,1,9,1,1,1,0,1,1,2,5,1,9,1,1,1,0,1,1,2
D2DAP-256-hint,256,hint,D2DAP,D5,D8,True,,,077015e8304e6d7c,286|286,1,64,64.471,66.6089,0.0,1860000,1860133,2,572,4576,131.0799,5,1,9,1,1,1,0,1,1,2,5,1,9,1,1,1,0,1,1,2
D2DAP-256-hint,256,hint,D2DAP,D8,D9,True,,,e76870093ca46070,286|286,1,64,66.9063,64.7701,0.0,1870000,1870133,2,572,4576,131.6764,5,1,9,1,1,1,0,1,1,2,5,1,9,1,1,1,0,1,1,2
D2DAP-256-hint,256,hint,D2DAP,D5,D1,True,,,1c0e300b370e2d1c,286|286,1,64,70.1888,62.2052,0.0,1880000,1880134,2,572,4576,132.394,5,1,9,1,1,1,0,1,1,2,5,1,9,1,1,1,0,1,1,2
D2DAP-256-hint,256,hint,D2DAP,D3,D9,True,,,5f9f14c79e0376de,286|286,1,64,65.4906,63.8125,0.0,1890000,1890131,2,572,4576,129.3031,5,1,9,1,1,1,0,1,1,2,5,1,9,1,1,1,0,1,1,2
D2DAP-256-hint,256,hint,D2DAP,D3,D7,True,,,c243a1c9b8467a18,286|286,1,64,66.0447,64.777,0.0,1900000,1900132,2,572,4576,130.82170000000002,5,1,9,1,1,1,0,1,1,2,5,1,9,1,1,1,0,1,1,2
D2DAP-256-hint,256,hint,D2DAP,D5,D9,True,,,ab23a454f583bd82,286|286,1,64,64.0535,65.9929,0.0,1910000,1910131,2,572,4576,130.0464,5,1,9,1,1,1,0,1,1,2,5,1,9,1,1,1,0,1,1,2
D2DAP-256-hint,256,hint,D2DAP,D10,D1,True,,,537d2bc17c3d1b43,286|286,1,64,71.24889999999999,65.4124,0.0,1920000,1920139,2,572,4576,136.66129999999998,5,1,9,1,1,1,0,1,1,2,5,1,9,1,1,1,0,1,1,2
D2DAP-256-hint,256,hint,D2DAP,D9,D6,True,,,66b370145f44aa5b,286|286,1,64,61.3711,61.2556,0.0,1930000,1930124,2,572,4576,122.6267,5,1,9,1,1,1,0,1,1,2,5,1,9,1,1,1,0,1,1,2
D2DAP-256-hint,256,hint,D2DAP,D1,D10,True,,,8e7ca842adf3c626,286|286,1,64,60.7161,62.6367,0.0,1940000,1940125,2,572,4576,123.3528,5,1,9,1,1,1,0,1,1,2,5,1,9,1,1,1,0,1,1,2
D2DAP-256-hint,256,hint,D2DAP,D10,D1,True,,,479b63c00663d345,286|286,1,64,62.9607,60.2671,0.0,1950000,1950125,2,572,4576,123.2278,5,1,9,1,1,1,0,1,1,2,5,1,9,1,1,1,0,1,1,2
D2DAP-256-hint,256,hint,D2DAP,D7,D9,True,,,6314777810a77fc9,286|286,1,64,61.9114,61.5795,0.0,1960000,1960125,2,572,4576,123.49090000000001,5,1,9,1,1,1,0,1,1,2,5,1,9,1,1,1,0,1,1,2
D2DAP-256-hint,256,hint,D2DAP,D8,D9,True,,,bc74d94015e9c124,286|286,1,64,62.2141,62.2312,0.0,1970000,1970126,2,572,4576,124.4453,5,1,9,1,1,1,0,1,1,2,5,1,9,1,1,1,0,1,1,2
D2DAP-256-hint,256,hint,D2DAP,D9,D3,True,,,175cf06ecb385cea,286|286,1,64,61.9829,62.6079,0.0,1980000,1980126,2,572,4576,124.5908,5,1,9,1,1,1,0,1,1,2,5,1,9,1,1,1,0,1,1,2
D2DAP-256-hint,256,hint,D2DAP,D3,D9,True,,,2a8ae92ac8a21bf6,286|286,1,64,61.931799999999996,61.53,0.0,1990000,1990125,2,572,4576,123.4618,5,1,9,1,1,1,0,1,1,2,5,1,9,1,1,1,0,1,1,2
D2DAP-256-hint,256,hint,D2DAP,D8,D7,True,,,4d465186bce36814,286|286,1,64,62.042100000000005,65.0312,0.0,2000000,2000129,2,572,4576,127.0733,5,1,9,1,1,1,0,1,1,2,5,1,9,1,1,1,0,1,1,2
D2DAP-256-hint,256,hint,D2DAP,D6,D8,True,,,6767de2341e3bdf2,286|286,1,64,61.6896,65.4313,0.0,2010000,2010128,2,572,4576,127.12089999999999,5,1,9,1,1,1,0,1,1,2,5,1,9,1,1,1,0,1,1,2
D2DAP-256-hint,256,hint,D2DAP,D2,D9,True,,,d3ede46f6ffd661a,286|286,1,64,65.0385,63.762,0.0,2020000,2020130,2,572,4576,128.8005,5,1,9,1,1,1,0,1,1,2,5,1,9,1,1,1,0,1,1,2
D2DAP-256-hint,256,hint,D2DAP,D3,D6,True,,,6b89d18dccebf43c,286|286,1,64,65.61070000000001,63.4013,0.0,2030000,2030130,2,572,4576,129.012,5,1,9,1,1,1,0,1,1,2,5,1,9,1,1,1,0,1,1,2
D2DAP-256-hint,256,hint,D2DAP,D9,D8,True,,,7ffe86f9389b7480,286|286,1,64,66.4034,67.9163,0.0,2040000,2040135,2,572,4576,134.3197,5,1,9,1,1,1,0,1,1,2,5,1,9,1,1,1,0,1,1,2
D2DAP-256-hint,256,hint,D2DAP,D8,D4,True,,,e4906bbb9c736ca8,286|286,1,64,66.45429999999999,64.8612,0.0,2050000,2050132,2,572,4576,131.3155,5,1,9,1,1,1,0,1,1,2,5,1,9,1,1,1,0,1,1,2
D2DAP-256-hint,256,hint,D2DAP,D3,D6,True,,,7aab4c9829c56da7,286|286,1,64,64.1551,66.5956,0.0,2060000,2060132,2,572,4576,130.7507,5,1,9,1,1,1,0,1,1,2,5,1,9,1,1,1,0,1,1,2
D2DAP-256-hint,256,hint,D2DAP,D2,D1,True,,,64e2816555adda1f,286|286,1,64,65.52199999999999,64.2775,0.0,2070000,2070131,2,572,4576,129.7995,5,1,9,1,1,1,0,1,1,2,5,1,9,1,1,1,0,1,1,2
D2DAP-256-hint,256,hint,D2DAP,D2,D5,True,,,f2f294a70dcc65da,286|286,1,64,70.2688,69.0681,0.0,2080000,2080141,2,572,4576,139.3369,5,1,9,1,1,1,0,1,1,2,5,1,9,1,1,1,0,1,1,2
D2DAP-256-hint,256,hint,D2DAP,D3,D6,True,,,64a713fb1e89fc0c,286|286,1,64,65.4528,65.8876,0.0,2090000,2090133,2,572,4576,131.3404,5,1,9,1,1,1,0,1,1,2,5,1,9,1,1,1,0,1,1,2
D2DAP-256-hint,256,hint,D2DAP,D6,D4,True,,,61de14840334bbdc,286|286,1,64,65.8765,65.5427,0.0,2100000,2100133,2,572,4576,131.4192,5,1,9,1,1,1,0,1,1,2,5,1,9,1,1,1,0,1,1,2
D2DAP-128-trial,128,trial,D2DAP,D3,D5,True,,,4181380a63ec55dd,152|152,1,32,14.693100000000001,47.3947,0.0,110000,110064,2,304,2432,62.0878,5,1,9,1,1,1,0,1,1,2,13,1,17,1,9,1,0,1,1,2
D2DAP-128-trial,128,trial,D2DAP,D9,D5,True,,,03467b564e0eb303,152|152,1,32,15.1845,26.2512,0.0,120000,120043,2,304,2432,41.4357,5,1,9,1,1,1,0,1,1,2,8,1,12,1,4,1,0,1,1,2
D2DAP-128-trial,128,trial,D2DAP,D9,D8,True,,,54df0a75700fcb10,152|152,1,32,18.1981,29.8962,0.0,130000,130049,2,304,2432,48.094300000000004,5,1,9,1,1,1,0,1,1,2,8,1,12,1,4,1,0,1,1,2
D2DAP-128-trial,128,trial,D2DAP,D6,D2,True,,,bc9d5032c4eb35bc,152|152,1,32,15.8642,44.6657,0.0,140000,140062,2,304,2432,60.5299,5,1,9,1,1,1,0,1,1,2,12,1,16,1,8,1,0,1,1,2
D2DAP-128-trial,128,trial,D2DAP,D4,D7,True,,,a3f83d3f33680f1a,152|152,1,32,15.0205,36.1785,0.0,150000,150053,2,304,2432,51.199,5,1,9,1,1,1,0,1,1,2,10,1,14,1,6,1,0,1,1,2
D2DAP-128-trial,128,trial,D2DAP,D9,D5,True,,,c8118a911db0e10a,152|152,1,32,14.9845,38.7269,0.0,160000,160055,2,304,2432,53.7114,5,1,9,1,1,1,0,1,1,2,11,1,15,1,7,1,0,1,1,2
D2DAP-128-trial,128,trial,D2DAP,D7,D8,True,,,cd9451f358836e9e,152|152,1,32,14.6641,15.9809,0.0,170000,170031,2,304,2432,30.645,5,1,9,1,1,1,0,1,1,2,5,1,9,1,1,1,0,1,1,2
D2DAP-128-trial,128,trial,D2DAP,D4,D2,True,,,9f13ba65066d254a,152|152,1,32,16.3579,36.0357,0.0,180000,180054,2,304,2432,52.3936,5,1,9,1,1,1,0,1,1,2,10,1,14,1,6,1,0,1,1,2
D2DAP-128-trial,128,trial,D2DAP,D5,D1,True,,,6cdd08193e5409a5,152|152,1,32,15.3548,43.6159,0.0,190000,190061,2,304,2432,58.9707,5,1,9,1,1,1,0,1,1,2,12,1,16,1,8,1,0,1,1,2
D2DAP-128-trial,128,trial,D2DAP,D2,D8,True,,,d1ce07e8b1c2fe86,152|152,1,32,15.206800000000001,31.3487,0.0,200000,200048,2,304,2432,46.5555,5,1,9,1,1,1,0,1,1,2,9,1,13,1,5,1,0,1,1,2
D2DAP-128-trial,128,trial,D2DAP,D8,D9,True,,,dfa83f9fb42a6dff,152|152,1,32,15.0613,18.55,0.0,210000,210035,2,304,2432,33.6113,5,1,9,1,1,1,0,1,1,2,6,1,10,1,2,1,0,1,1,2
D2DAP-128-trial,128,trial,D2DAP,D5,D9,True,,,0dfed1769e5ab325,152|152,1,32,14.8643,14.7452,0.0,220000,220030,2,304,2432,29.6095,5,1,9,1,1,1,0,1,1,2,5,1,9,1,1,1,0,1,1,2
D2DAP-128-trial,128,trial,D2DAP,D4,D9,True,,,942f43a259f0cb35,152|152,1,32,15.541599999999999,26.3613,0.0,230000,230044,2,304,2432,41.9029,5,1,9,1,1,1,0,1,1,2,7,1,11,1,3,1,0,1,1,2
D2DAP-128-trial,128,trial,D2DAP,D8,D5,True,,,58589520ee5f6a5d,152|152,1,32,14.721800000000002,42.8431,0.0,240000,240058,2,304,2432,57.5649,5,1,9,1,1,1,0,1,1,2,12,1,16,1,8,1,0,1,1,2
D2DAP-128-trial,128,trial,D2DAP,D5,D2,True,,,bd0ac8808247b74d,152|152,1,32,14.674299999999999,41.0455,0.0,250000,250057,2,304,2432,55.71979999999999,5,1,9,1,1,1,0,1,1,2,12,1,16,1,8,1,0,1,1,2
D2DAP-128-trial,128,trial,D2DAP,D4,D5,True,,,379eecbe6269c6ec,152|152,1,32,16.8882,40.2287,0.0,260000,260059,2,304,2432,57.1169,5,1,9,1,1,1,0,1,1,2,11,1,15,1,7,1,0,1,1,2
D2DAP-128-trial,128,trial,D2DAP,D6,D7,True,,,619713499468df01,152|152,1,32,14.9774,33.5603,0.0,270000,270050,2,304,2432,48.5377,5,1,9,1,1,1,0,1,1,2,8,1,12,1,4,1,0,1,1,2
D2DAP-128-trial,128,trial,D2DAP,D4,D2,True,,,2b459a076bde35ea,152|152,1,32,18.557000000000002,44.6422,0.0,280000,280064,2,304,2432,63.199200000000005,5,1,9,1,1,1,0,1,1,2,11,1,15,1,7,1,0,1,1,2
D2DAP-128-trial,128,trial,D2DAP,D8,D6,True,,,5eb80d56973625ca,152|152,1,32,17.241600000000002,24.7911,0.0,290000,290043,2,304,2432,42.032700000000006,5,1,9,1,1,1,0,1,1,2,7,1,11,1,3,1,0,1,1,2
D2DAP-128-trial,128,trial,D2DAP,D3,D8,True,,,9842c75db6c5fbc0,152|152,1,32,14.1032,31.0889,0.0,300000,300047,2,304,2432,45.192099999999996,5,1,9,1,1,1,0,1,1,2,9,1,13,1,5,1,0,1,1,2
D2DAP-128-trial,128,trial,D2DAP,D4,D9,True,,,e643f3e922ad5b33,152|152,1,32,14.871099999999998,31.0523,0.0,310000,310048,2,304,2432,45.9234,5,1,9,1,1,1,0,1,1,2,9,1,13,1,5,1,0,1,1,2
D2DAP-128-trial,128,trial,D2DAP,D9,D4,True,,,7feeb4f6c2644faa,152|152,1,32,14.7881,46.1889,0.0,320000,320063,2,304,2432,60.977,5,1,9,1,1,1,0,1,1,2,13,1,17,1,9,1,0,1,1,2
D2DAP-128-trial,128,trial,D2DAP,D3,D7,True,,,23d097af679426bc,152|152,1,32,14.0333,39.5095,0.0,330000,330055,2,304,2432,53.5428,5,1,9,1,1,1,0,1,1,2,11,1,15,1,7,1,0,1,1,2
D2DAP-128-trial,128,trial,D2DAP,D9,D2,True,,,b3bc85d2254e3607,152|152,1,32,14.3639,30.5156,0.0,340000,340046,2,304,2432,44.8795,5,1,9,1,1,1,0,1,1,2,9,1,13,1,5,1,0,1,1,2
D2DAP-128-trial,128,trial,D2DAP,D8,D1,True,,,81a5f6cd2bce09f4,152|152,1,32,14.8797,30.2602,0.0,350000,350047,2,304,2432,45.1399,5,1,9,1,1,1,0,1,1,2,9,1,13,1,5,1,0,1,1,2
D2DAP-128-trial,128,trial,D2DAP,D8,D10,True,,,63cd1247fd3fe9d1,152|152,1,32,14.5384,45.1811,0.0,360000,360062,2,304,2432,59.7195,5,1,9,1,1,1,0,1,1,2,13,1,17,1,9,1,0,1,1,2
D2DAP-128-trial,128,trial,D2DAP,D8,D5,True,,,7fbb0273d511f711,152|152,1,32,15.7909,28.556,0.0,370000,370046,2,304,2432,44.346900000000005,5,1,9,1,1,1,0,1,1,2,8,1,12,1,4,1,0,1,1,2
D2DAP-128-trial,128,trial,D2DAP,D6,D8,True,,,a1ff8cb58b9b6da9,152|152,1,32,15.572199999999999,31.6182,0.0,380000,380049,2,304,2432,47.1904,5,1,9,1,1,1,0,1,1,2,9,1,13,1,5,1,0,1,1,2
D2DAP-128-trial,128,trial,D2DAP,D6,D5,True,,,27ae4a43c9f604fc,152|152,1,32,14.1765,14.8899,0.0,390000,390030,2,304,2432,29.0664,5,1,9,1,1,1,0,1,1,2,5,1,9,1,1,1,0,1,1,2
D2DAP-128-trial,128,trial,D2DAP,D3,D2,True,,,203e6d3ad420f6f0,152|152,1,32,15.014,46.1454,0.0,400000,400063,2,304,2432,61.159400000000005,5,1,9,1,1,1,0,1,1,2,13,1,17,1,9,1,0,1,1,2
D2DAP-128-trial,128,trial,D2DAP,D4,D7,True,,,e2fe639ba2e72e9f,152|152,1,32,14.499400000000001,44.5338,0.0,410000,410061,2,304,2432,59.0332,5,1,9,1,1,1,0,1,1,2,12,1,16,1,8,1,0,1,1,2
D2DAP-128-trial,128,trial,D2DAP,D5,D9,True,,,9ebe4d8c6470bd29,152|152,1,32,18.4924,32.9456,0.0,420000,420053,2,304,2432,51.438,5,1,9,1,1,1,0,1,1,2,9,1,13,1,5,1,0,1,1,2
D2DAP-128-trial,128,trial,D2DAP,D1,D8,True,,,33b5a1696fba48a8,152|152,1,32,19.7973,20.0924,0.0,430000,430041,2,304,2432,39.889700000000005,5,1,9,1,1,1,0,1,1,2,5,1,9,1,1,1,0,1,1,2
D2DAP-128-trial,128,trial,D2DAP,D6,D10,True,,,9e5e014bb46cec3e,152|152,1,32,16.9129,26.4848,0.0,440000,440045,2,304,2432,43.3977,5,1,9,1,1,1,0,1,1,2,8,1,12,1,4,1,0,1,1,2
D2DAP-128-trial,128,trial,D2DAP,D1,D6,True,,,ecd98bd2776a0153,152|152,1,32,15.530100000000001,43.1714,0.0,450000,450060,2,304,2432,58.701499999999996,5,1,9,1,1,1,0,1,1,2,11,1,15,1,7,1,0,1,1,2
D2DAP-128-trial,128,trial,D2DAP,D7,D3,True,,,973d24a61e895e8e,152|152,1,32,15.5973,45.4864,0.0,460000,460063,2,304,2432,61.08370000000001,5,1,9,1,1,1,0,1,1,2,13,1,17,1,9,1,0,1,1,2
D2DAP-128-trial,128,trial,D2DAP,D4,D5,True,,,e71605e3ab8cfbd2,152|152,1,32,15.0979,16.6369,0.0,470000,470033,2,304,2432,31.7348,5,1,9,1,1,1,0,1,1,2,5,1,9,1,1,1,0,1,1,2
D2DAP-128-trial,128,trial,D2DAP,D3,D2,True,,,289295f1047ef84e,152|152,1,32,15.1709,15.2594,0.0,480000,480032,2,304,2432,30.4303,5,1,9,1,1,1,0,1,1,2,5,1,9,1,1,1,0,1,1,2
D2DAP-128-trial,128,trial,D2DAP,D10,D9,True,,,e5fd73ef0109bc65,152|152,1,32,14.9349,27.2271,0.0,490000,490044,2,304,2432,42.162,5,1,9,1,1,1,0,1,1,2,8,1,12,1,4,1,0,1,1,2
D2DAP-128-trial,128,trial,D2DAP,D9,D3,True,,,d8b7245484abd476,152|152,1,32,15.097100000000001,14.7658,0.0,500000,500031,2,304,2432,29.862900000000003,5,1,9,1,1,1,0,1,1,2,5,1,9,1,1,1,0,1,1,2
D2DAP-128-trial,128,trial,D2DAP,D8,D3,True,,,7560f803ba97dc66,152|152,1,32,14.9716,29.6793,0.0,510000,510046,2,304,2432,44.6509,5,1,9,1,1,1,0,1,1,2,9,1,13,1,5,1,0,1,1,2
D2DAP-128-trial,128,trial,D2DAP,D3,D5,True,,,8edefc620023b1e9,152|152,1,32,15.2635,25.9702,0.0,520000,520042,2,304,2432,41.2337,5,1,9,1,1,1,0,1,1,2,8,1,12,1,4,1,0,1,1,2
D2DAP-128-trial,128,trial,D2DAP,D2,D6,True,,,3ae157335da28c76,152|152,1,32,15.065000000000001,14.6932,0.0,530000,530031,2,304,2432,29.758200000000002,5,1,9,1,1,1,0,1,1,2,5,1,9,1,1,1,0,1,1,2
D2DAP-128-trial,128,trial,D2DAP,D8,D10,True,,,d93ab7ad6bd9aaf5,152|152,1,32,15.563600000000001,19.3487,0.0,540000,540036,2,304,2432,34.9123,5,1,9,1,1,1,0,1,1,2,6,1,10,1,2,1,0,1,1,2
D2DAP-128-trial,128,trial,D2DAP,D5,D4,True,,,ad745c3a2f2102de,152|152,1,32,15.8004,44.7853,0.0,550000,550062,2,304,2432,60.5857,5,1,9,1,1,1,0,1,1,2,12,1,16,1,8,1,0,1,1,2
D2DAP-128-trial,128,trial,D2DAP,D4,D8,True,,,46622936f72c6676,152|152,1,32,15.1682,18.9027,0.0,560000,560036,2,304,2432,34.0709,5,1,9,1,1,1,0,1,1,2,6,1,10,1,2,1,0,1,1,2
D2DAP-128-trial,128,trial,D2DAP,D1,D4,True,,,b7f3c0c5f5b9dfe4,152|152,1,32,14.950899999999999,19.2824,0.0,570000,570035,2,304,2432,34.2333,5,1,9,1,1,1,0,1,1,2,6,1,10,1,2,1,0,1,1,2
D2DAP-128-trial,128,trial,D2DAP,D1,D8,True,,,2bf00ec061870d8a,152|152,1,32,14.9827,15.5727,0.0,580000,580032,2,304,2432,30.5554,5,1,9,1,1,1,0,1,1,2,5,1,9,1,1,1,0,1,1,2
D2DAP-128-trial,128,trial,D2DAP,D7,D5,True,,,89905b6e88baee44,152|152,1,32,19.2636,56.5404,0.0,590000,590078,2,304,2432,75.804,5,1,9,1,1,1,0,1,1,2,10,1,14,1,6,1,0,1,1,2
D2DAP-128-trial,128,trial,D2DAP,D2,D10,True,,,3134f90051e12f0b,152|152,1,32,17.180500000000002,29.1638,0.0,600000,600048,2,304,2432,46.344300000000004,5,1,9,1,1,1,0,1,1,2,9,1,13,1,5,1,0,1,1,2
D2DAP-128-trial,128,trial,D2DAP,D2,D9,True,,,2c00b3c9d36d0cfc,152|152,1,32,18.4646,59.5288,0.0,610000,610080,2,304,2432,77.9934,5,1,9,1,1,1,0,1,1,2,12,1,16,1,8,1,0,1,1,2
D2DAP-128-trial,128,trial,D2DAP,D5,D7,True,,,0434a1e9f5cf6599,152|152,1,32,16.6797,32.6016,0.0,620000,620051,2,304,2432,49.2813,5,1,9,1,1,1,0,1,1,2,7,1,11,1,3,1,0,1,1,2
D2DAP-128-trial,128,trial,D2DAP,D4,D2,True,,,91679d1412374a70,152|152,1,32,14.735199999999999,25.841,0.0,630000,630041,2,304,2432,40.5762,5,1,9,1,1,1,0,1,1,2,8,1,12,1,4,1,0,1,1,2
D2DAP-128-trial,128,trial,D2DAP,D3,D7,True,,,46852223226e6d08,152|152,1,32,14.432,37.4803,0.0,640000,640053,2,304,2432,51.9123,5,1,9,1,1,1,0,1,1,2,11,1,15,1,7,1,0,1,1,2
D2DAP-128-trial,128,trial,D2DAP,D6,D4,True,,,4626eebc655016ae,152|152,1,32,14.9311,18.3039,0.0,650000,650035,2,304,2432,33.235,5,1,9,1,1,1,0,1,1,2,6,1,10,1,2,1,0,1,1,2
D2DAP-128-trial,128,trial,D2DAP,D4,D1,True,,,db73f9f0e53f27ef,152|152,1,32,15.7166,18.7942,0.0,660000,660036,2,304,2432,34.5108,5,1,9,1,1,1,0,1,1,2,6,1,10,1,2,1,0,1,1,2
D2DAP-128-trial,128,trial,D2DAP,D10,D4,True,,,8715ebfa4305f54c,152|152,1,32,14.4515,38.0179,0.0,670000,670055,2,304,2432,52.46939999999999,5,1,9,1,1,1,0,1,1,2,11,1,15,1,7,1,0,1,1,2
D2DAP-128-trial,128,trial,D2DAP,D9,D5,True,,,9ae24cf4e0bb7cb5,152|152,1,32,13.962399999999999,45.1076,0.0,680000,680061,2,304,2432,59.06999999999999,5,1,9,1,1,1,0,1,1,2,13,1,17,1,9,1,0,1,1,2
D2DAP-128-trial,128,trial,D2DAP,D5,D3,True,,,71326d4ebc69c3aa,152|152,1,32,14.981300000000001,45.1753,0.0,690000,690062,2,304,2432,60.1566,5,1,9,1,1,1,0,1,1,2,13,1,17,1,9,1,0,1,1,2
D2DAP-128-trial,128,trial,D2DAP,D9,D3,True,,,46ae72aded7d888a,152|152,1,32,14.4767,45.2538,0.0,700000,700061,2,304,2432,59.7305,5,1,9,1,1,1,0,1,1,2,13,1,17,1,9,1,0,1,1,2
D2DAP-128-trial,128,trial,D2DAP,D3,D8,True,,,3418e4e138943f32,152|152,1,32,14.734000000000002,35.045,0.0,710000,710051,2,304,2432,49.779,5,1,9,1,1,1,0,1,1,2,9,1,13,1,5,1,0,1,1,2
D2DAP-128-trial,128,trial,D2DAP,D8,D5,True,,,50cf45af841b3239,152|152,1,32,15.864,18.9218,0.0,720000,720036,2,304,2432,34.7858,5,1,9,1,1,1,0,1,1,2,6,1,10,1,2,1,0,1,1,2
D2DAP-128-trial,128,trial,D2DAP,D10,D1,True,,,d51854b3e70828c3,152|152,1,32,15.229800000000001,37.4151,0.0,730000,730054,2,304,2432,52.64490000000001,5,1,9,1,1,1,0,1,1,2,11,1,15,1,7,1,0,1,1,2
D2DAP-128-trial,128,trial,D2DAP,D2,D9,True,,,561897ec4df7f35e,152|152,1,32,14.8747,14.7789,0.0,740000,740031,2,304,2432,29.6536,5,1,9,1,1,1,0,1,1,2,5,1,9,1,1,1,0,1,1,2
D2DAP-128-trial,128,trial,D2DAP,D7,D3,True,,,f9bd7618445a986f,152|152,1,32,14.6906,14.0631,0.0,750000,750031,2,304,2432,28.753700000000002,5,1,9,1,1,1,0,1,1,2,5,1,9,1,1,1,0,1,1,2
D2DAP-128-trial,128,trial,D2DAP,D3,D9,True,,,b31346c42167543e,152|152,1,32,13.8997,38.4695,0.0,760000,760054,2,304,2432,52.36919999999999,5,1,9,1,1,1,0,1,1,2,11,1,15,1,7,1,0,1,1,2
D2DAP-128-trial,128,trial,D2DAP,D2,D5,True,,,6649376b84e82f43,152|152,1,32,14.897200000000002,30.02,0.0,770000,770047,2,304,2432,44.9172,5,1,9,1,1,1,0,1,1,2,9,1,13,1,5,1,0,1,1,2
D2DAP-128-trial,128,trial,D2DAP,D8,D1,True,,,28e5b48d5f17a748,152|152,1,32,15.6425,29.6222,0.0,780000,780047,2,304,2432,45.2647,5,1,9,1,1,1,0,1,1,2,9,1,13,1,5,1,0,1,1,2
D2DAP-128-trial,128,trial,D2DAP,D5,D8,True,,,b66420a33cc7141d,152|152,1,32,16.1168,27.6786,0.0,790000,790045,2,304,2432,43.7954,5,1,9,1,1,1,0,1,1,2,8,1,12,1,4,1,0,1,1,2
D2DAP-128-trial,128,trial,D2DAP,D4,D10,True,,,cad93fc67c2012e6,152|152,1,32,14.4251,45.9589,0.0,800000,800061,2,304,2432,60.384,5,1,9,1,1,1,0,1,1,2,13,1,17,1,9,1,0,1,1,2
D2DAP-128-trial,128,trial,D2DAP,D6,D2,True,,,0ab58733267d6723,152|152,1,32,14.754800000000001,33.9165,0.0,810000,810050,2,304,2432,48.6713,5,1,9,1,1,1,0,1,1,2,10,1,14,1,6,1,0,1,1,2
D2DAP-128-trial,128,trial,D2DAP,D7,D6,True,,,6302e809747dbd0f,152|152,1,32,14.5319,38.987,0.0,820000,820055,2,304,2432,53.5189,5,1,9,1,1,1,0,1,1,2,11,1,15,1,7,1,0,1,1,2
D2DAP-128-trial,128,trial,D2DAP,D7,D5,True,,,6c897e16bd66e681,152|152,1,32,14.7701,42.4377,0.0,830000,830059,2,304,2432,57.2078,5,1,9,1,1,1,0,1,1,2,12,1,16,1,8,1,0,1,1,2
D2DAP-128-trial,128,trial,D2DAP,D2,D1,True,,,3168c7b40b127a10,152|152,1,32,15.223399999999998,34.8486,0.0,840000,840051,2,304,2432,50.071999999999996,5,1,9,1,1,1,0,1,1,2,10,1,14,1,6,1,0,1,1,2
D2DAP-128-trial,128,trial,D2DAP,D2,D4,True,,,1c78d07f8f215173,152|152,1,32,16.2838,24.1302,0.0,850000,850042,2,304,2432,40.414,5,1,9,1,1,1,0,1,1,2,7,1,11,1,3,1,0,1,1,2
D2DAP-128-trial,128,trial,D2DAP,D7,D2,True,,,9429607f82aaa41b,152|152,1,32,15.8739,16.2888,0.0,860000,860034,2,304,2432,32.1627,5,1,9,1,1,1,0,1,1,2,5,1,9,1,1,1,0,1,1,2
D2DAP-128-trial,128,trial,D2DAP,D2,D6,True,,,2911da064fdaa86d,152|152,1,32,15.7239,24.3766,0.0,870000,870042,2,304,2432,40.1005,5,1,9,1,1,1,0,1,1,2,7,1,11,1,3,1,0,1,1,2
D2DAP-128-trial,128,trial,D2DAP,D2,D3,True,,,3dc417bb94f81038,152|152,1,32,15.6876,29.0795,0.0,880000,880046,2,304,2432,44.7671,5,1,9,1,1,1,0,1,1,2,8,1,12,1,4,1,0,1,1,2
D2DAP-128-trial,128,trial,D2DAP,D6,D9,True,,,3e111fd667b2fa8a,152|152,1,32,16.478299999999997,36.2463,0.0,890000,890055,2,304,2432,52.724599999999995,5,1,9,1,1,1,0,1,1,2,10,1,14,1,6,1,0,1,1,2
D2DAP-128-trial,128,trial,D2DAP,D4,D7,True,,,584827401a7ce86f,152|152,1,32,15.589299999999998,39.7582,0.0,900000,900057,2,304,2432,55.3475,5,1,9,1,1,1,0,1,1,2,11,1,15,1,7,1,0,1,1,2
D2DAP-128-trial,128,trial,D2DAP,D1,D3,True,,,0c353c571274a577,152|152,1,32,14.607400000000002,52.1215,0.0,910000,910068,2,304,2432,66.7289,5,1,9,1,1,1,0,1,1,2,13,1,17,1,9,1,0,1,1,2
D2DAP-128-trial,128,trial,D2DAP,D5,D9,True,,,ed068ec68aa07a3e,152|152,1,32,17.8695,27.627,0.0,920000,920047,2,304,2432,45.4965,5,1,9,1,1,1,0,1,1,2,8,1,12,1,4,1,0,1,1,2
D2DAP-128-trial,128,trial,D2DAP,D8,D5,True,,,6c8b637028dd6139,152|152,1,32,15.0488,28.2111,0.0,930000,930045,2,304,2432,43.2599,5,1,9,1,1,1,0,1,1,2,8,1,12,1,4,1,0,1,1,2
D2DAP-128-trial,128,trial,D2DAP,D3,D1,True,,,6179e593534d7aa9,152|152,1,32,16.4878,28.4421,0.0,940000,940046,2,304,2432,44.9299,5,1,9,1,1,1,0,1,1,2,8,1,12,1,4,1,0,1,1,2
D2DAP-128-trial,128,trial,D2DAP,D5,D7,True,,,3716b7880620a1df,152|152,1,32,17.7319,48.9923,0.0,950000,950067,2,304,2432,66.7242,5,1,9,1,1,1,0,1,1,2,12,1,16,1,8,1,0,1,1,2
D2DAP-128-trial,128,trial,D2DAP,D9,D2,True,,,5646afbd73a4959b,152|152,1,32,19.7717,43.0708,0.0,960000,960065,2,304,2432,62.8425,5,1,9,1,1,1,0,1,1,2,11,1,15,1,7,1,0,1,1,2
D2DAP-128-trial,128,trial,D2DAP,D5,D10,True,,,987d942fcfe14b38,152|152,1,32,19.3964,22.4314,0.0,970000,970043,2,304,2432,41.827799999999996,5,1,9,1,1,1,0,1,1,2,6,1,10,1,2,1,0,1,1,2
D2DAP-128-trial,128,trial,D2DAP,D10,D3,True,,,084f33bf0cb5519c,152|152,1,32,17.345299999999998,33.5478,0.0,980000,980052,2,304,2432,50.893100000000004,5,1,9,1,1,1,0,1,1,2,8,1,12,1,4,1,0,1,1,2
D2DAP-128-trial,128,trial,D2DAP,D5,D6,True,,,f58ca0d5ca7b46ec,152|152,1,32,19.2151,51.0842,0.0,990000,990072,2,304,2432,70.2993,5,1,9,1,1,1,0,1,1,2,11,1,15,1,7,1,0,1,1,2
D2DAP-128-trial,128,trial,D2DAP,D3,D4,True,,,5081d582c395a8d1,152|152,1,32,18.1352,30.2977,0.0,1000000,1000050,2,304,2432,48.432900000000004,5,1,9,1,1,1,0,1,1,2,7,1,11,1,3,1,0,1,1,2
D2DAP-128-trial,128,trial,D2DAP,D9,D4,True,,,596f1ff1cd3de681,152|152,1,32,16.2888,26.0949,0.0,1010000,1010045,2,304,2432,42.3837,5,1,9,1,1,1,0,1,1,2,6,1,10,1,2,1,0,1,1,2
D2DAP-128-trial,128,trial,D2DAP,D6,D9,True,,,30343f3683313528,152|152,1,32,20.2002,67.6949,0.0,1020000,1020090,2,304,2432,87.8951,5,1,9,1,1,1,0,1,1,2,13,1,17,1,9,1,0,1,1,2
D2DAP-128-trial,128,trial,D2DAP,D6,D3,True,,,79bb3ffa543de8e0,152|152,1,32,26.3434,39.3786,0.0,1030000,1030067,2,304,2432,65.722,5,1,9,1,1,1,0,1,1,2,7,1,11,1,3,1,0,1,1,2
D2DAP-128-trial,128,trial,D2DAP,D1,D7,True,,,18e7e3870417dd7b,152|152,1,32,20.274299999999997,62.3671,0.0,1040000,1040084,2,304,2432,82.6414,5,1,9,1,1,1,0,1,1,2,12,1,16,1,8,1,0,1,1,2
D2DAP-128-trial,128,trial,D2DAP,D3,D2,True,,,6551c233af8fe258,152|152,1,32,19.4264,19.0969,0.0,1050000,1050041,2,304,2432,38.523300000000006,5,1,9,1,1,1,0,1,1,2,5,1,9,1,1,1,0,1,1,2
D2DAP-128-trial,128,trial,D2DAP,D6,D8,True,,,57450ad1ec9a18f6,152|152,1,32,19.6616,17.0618,0.0,1060000,1060038,2,304,2432,36.7234,5,1,9,1,1,1,0,1,1,2,5,1,9,1,1,1,0,1,1,2
D2DAP-128-trial,128,trial,D2DAP,D8,D9,True,,,96489a9b2ce8a9d6,152|152,1,32,18.4989,55.6056,0.0,1070000,1070075,2,304,2432,74.1045,5,1,9,1,1,1,0,1,1,2,12,1,16,1,8,1,0,1,1,2
D2DAP-128-trial,128,trial,D2DAP,D1,D7,True,,,6e35567b6d6f6b96,152|152,1,32,17.0287,36.1829,0.0,1080000,1080055,2,304,2432,53.2116,5,1,9,1,1,1,0,1,1,2,8,1,12,1,4,1,0,1,1,2
D2DAP-128-trial,128,trial,D2DAP,D3,D9,True,,,476210fa19dea5bb,152|152,1,32,15.7812,45.063,0.0,1090000,1090062,2,304,2432,60.8442,5,1,9,1,1,1,0,1,1,2,11,1,15,1,7,1,0,1,1,2
D2DAP-128-trial,128,trial,D2DAP,D1,D2,True,,,67567c8edd43dfab,152|152,1,32,17.3441,29.1501,0.0,1100000,1100049,2,304,2432,46.4942,5,1,9,1,1,1,0,1,1,2,8,1,12,1,4,1,0,1,1,2
D2DAP-128-trial,128,trial,D2DAP,D4,D5,True,,,ef6e0b923ded9895,152|152,1,32,19.5874,34.0375,0.0,1110000,1110056,2,304,2432,53.6249,5,1,9,1,1,1,0,1,1,2,8,1,12,1,4,1,0,1,1,2
D2DAP-128-trial,128,trial,D2DAP,D8,D5,True,,,e156d205fa5921cd,152|152,1,32,16.435000000000002,34.8254,0.0,1120000,1120052,2,304,2432,51.260400000000004,5,1,9,1,1,1,0,1,1,2,9,1,13,1,5,1,0,1,1,2
D2DAP-128-trial,128,trial,D2DAP,D4,D9,True,,,73c5d74b3de070b2,152|152,1,32,16.1769,20.1774,0.0,1130000,1130038,2,304,2432,36.354299999999995,5,1,9,1,1,1,0,1,1,2,6,1,10,1,2,1,0,1,1,2
D2DAP-128-trial,128,trial,D2DAP,D7,D9,True,,,be5caa2c1db756e1,152|152,1,32,15.165799999999999,31.8604,0.0,1140000,1140048,2,304,2432,47.026199999999996,5,1,9,1,1,1,0,1,1,2,9,1,13,1,5,1,0,1,1,2
D2DAP-128-trial,128,trial,D2DAP,D6,D10,True,,,045c71a96e65762d,152|152,1,32,16.249499999999998,37.7864,0.0,1150000,1150055,2,304,2432,54.0359,5,1,9,1,1,1,0,1,1,2,10,1,14,1,6,1,0,1,1,2
D2DAP-128-trial,128,trial,D2DAP,D3,D10,True,,,8f6d8e85b0607a06,152|152,1,32,19.2375,57.8705,0.0,1160000,1160078,2,304,2432,77.108,5,1,9,1,1,1,0,1,1,2,13,1,17,1,9,1,0,1,1,2
D2DAP-128-trial,128,trial,D2DAP,D2,D10,True,,,0e0bb55409331d59,152|152,1,32,16.3017,47.2782,0.0,1170000,1170065,2,304,2432,63.579899999999995,5,1,9,1,1,1,0,1,1,2,11,1,15,1,7,1,0,1,1,2
D2DAP-128-trial,128,trial,D2DAP,D3,D1,True,,,49f7b4108c986cc9,152|152,1,32,17.201500000000003,36.3655,0.0,1180000,1180055,2,304,2432,53.567,5,1,9,1,1,1,0,1,1,2,10,1,14,1,6,1,0,1,1,2
D2DAP-128-trial,128,trial,D2DAP,D10,D9,True,,,b8fcd56fcbd05e24,152|152,1,32,16.4312,37.3954,0.0,1190000,1190056,2,304,2432,53.8266,5,1,9,1,1,1,0,1,1,2,9,1,13,1,5,1,0,1,1,2
D2DAP-128-trial,128,trial,D2DAP,D9,D1,True,,,0a1f3f756088d64b,152|152,1,32,15.406300000000002,19.1996,0.0,1200000,1200037,2,304,2432,34.605900000000005,5,1,9,1,1,1,0,1,1,2,6,1,10,1,2,1,0,1,1,2
D2DAP-128-trial,128,trial,D2DAP,D9,D8,True,,,98eac8ddcdfbf764,152|152,1,32,20.0837,45.6553,0.0,1210000,1210067,2,304,2432,65.739,5,1,9,1,1,1,0,1,1,2,10,1,14,1,6,1,0,1,1,2
D2DAP-128-trial,128,trial,D2DAP,D9,D2,True,,,6dea27bee7107ff5,152|152,1,32,17.6184,46.9171,0.0,1220000,1220066,2,304,2432,64.5355,5,1,9,1,1,1,0,1,1,2,12,1,16,1,8,1,0,1,1,2
D2DAP-128-trial,128,trial,D2DAP,D4,D5,True,,,7e10066e0820117f,152|152,1,32,18.9443,37.1835,0.0,1230000,1230058,2,304,2432,56.1278,5,1,9,1,1,1,0,1,1,2,8,1,12,1,4,1,0,1,1,2
D2DAP-128-trial,128,trial,D2DAP,D7,D4,True,,,3fcb85e7e438cb7b,152|152,1,32,19.6693,45.6607,0.0,1240000,1240067,2,304,2432,65.33,5,1,9,1,1,1,0,1,1,2,10,1,14,1,6,1,0,1,1,2
D2DAP-128-trial,128,trial,D2DAP,D4,D10,True,,,e9b6731286ec977d,152|152,1,32,16.1877,18.7637,0.0,1250000,1250036,2,304,2432,34.9514,5,1,9,1,1,1,0,1,1,2,6,1,10,1,2,1,0,1,1,2
D2DAP-128-trial,128,trial,D2DAP,D1,D8,True,,,d0a95b81d669b345,152|152,1,32,16.737000000000002,50.0015,0.0,1260000,1260068,2,304,2432,66.7385,5,1,9,1,1,1,0,1,1,2,13,1,17,1,9,1,0,1,1,2
D2DAP-128-trial,128,trial,D2DAP,D3,D4,True,,,56e83f701b57a08e,152|152,1,32,13.9872,45.5451,0.0,1270000,1270061,2,304,2432,59.5323,5,1,9,1,1,1,0,1,1,2,12,1,16,1,8,1,0,1,1,2
D2DAP-128-trial,128,trial,D2DAP,D10,D9,True,,,44ea1cb4c51d1f02,152|152,1,32,19.4071,38.4422,0.0,1280000,1280060,2,304,2432,57.8493,5,1,9,1,1,1,0,1,1,2,9,1,13,1,5,1,0,1,1,2
D2DAP-128-trial,128,trial,D2DAP,D2,D1,True,,,745cfcf11d7b8ad8,152|152,1,32,17.3855,19.9509,0.0,1290000,1290038,2,304,2432,37.3364,5,1,9,1,1,1,0,1,1,2,6,1,10,1,2,1,0,1,1,2
D2DAP-128-trial,128,trial,D2DAP,D9,D8,True,,,c8e13b63d79ecb13,152|152,1,32,14.055,27.5268,0.0,1300000,1300043,2,304,2432,41.5818,5,1,9,1,1,1,0,1,1,2,8,1,12,1,4,1,0,1,1,2
D2DAP-128-trial,128,trial,D2DAP,D2,D7,True,,,f844192db0609fb6,152|152,1,32,14.7717,38.0418,0.0,1310000,1310055,2,304,2432,52.813500000000005,5,1,9,1,1,1,0,1,1,2,11,1,15,1,7,1,0,1,1,2
D2DAP-128-trial,128,trial,D2DAP,D6,D8,True,,,550867667189073a,152|152,1,32,15.0036,49.5822,0.0,1320000,1320066,2,304,2432,64.5858,5,1,9,1,1,1,0,1,1,2,13,1,17,1,9,1,0,1,1,2
D2DAP-128-trial,128,trial,D2DAP,D2,D1,True,,,7fab21d05dd7ab74,152|152,1,32,14.5717,44.4785,0.0,1330000,1330060,2,304,2432,59.0502,5,1,9,1,1,1,0,1,1,2,12,1,16,1,8,1,0,1,1,2
D2DAP-128-trial,128,trial,D2DAP,D3,D10,True,,,6137ac104e516dec,152|152,1,32,14.958400000000001,22.2329,0.0,1340000,1340039,2,304,2432,37.1913,5,1,9,1,1,1,0,1,1,2,7,1,11,1,3,1,0,1,1,2
D2DAP-128-trial,128,trial,D2DAP,D10,D3,True,,,9ee3945e83df9778,152|152,1,32,14.413,42.8132,0.0,1350000,1350058,2,304,2432,57.226200000000006,5,1,9,1,1,1,0,1,1,2,12,1,16,1,8,1,0,1,1,2
D2DAP-128-trial,128,trial,D2DAP,D10,D5,True,,,3c38b44c14ab8e5f,152|152,1,32,15.3289,36.9028,0.0,1360000,1360054,2,304,2432,52.231700000000004,5,1,9,1,1,1,0,1,1,2,10,1,14,1,6,1,0,1,1,2
D2DAP-128-trial,128,trial,D2DAP,D1,D9,True,,,f0e7186db81d3f55,152|152,1,32,15.267600000000002,30.7638,0.0,1370000,1370047,2,304,2432,46.031400000000005,5,1,9,1,1,1,0,1,1,2,9,1,13,1,5,1,0,1,1,2
D2DAP-128-trial,128,trial,D2DAP,D10,D3,True,,,31389af2ef850d39,152|152,1,32,15.457799999999999,22.7352,0.0,1380000,1380039,2,304,2432,38.193,5,1,9,1,1,1,0,1,1,2,7,1,11,1,3,1,0,1,1,2
D2DAP-128-trial,128,trial,D2DAP,D1,D7,True,,,4b624e1f25353c6a,152|152,1,32,15.7902,26.5998,0.0,1390000,1390044,2,304,2432,42.39,5,1,9,1,1,1,0,1,1,2,8,1,12,1,4,1,0,1,1,2
D2DAP-128-trial,128,trial,D2DAP,D2,D3,True,,,131ad76db7a59276,152|152,1,32,14.419699999999999,15.021,0.0,1400000,1400031,2,304,2432,29.4407,5,1,9,1,1,1,0,1,1,2,5,1,9,1,1,1,0,1,1,2
D2DAP-128-trial,128,trial,D2DAP,D9,D7,True,,,2ec81436db083c02,152|152,1,32,15.297999999999998,26.708,0.0,1410000,1410043,2,304,2432,42.006,5,1,9,1,1,1,0,1,1,2,8,1,12,1,4,1,0,1,1,2
D2DAP-128-trial,128,trial,D2DAP,D5,D6,True,,,656ab823d99e5db0,152|152,1,32,14.504999999999999,23.6427,0.0,1420000,1420039,2,304,2432,38.1477,5,1,9,1,1,1,0,1,1,2,7,1,11,1,3,1,0,1,1,2
D2DAP-128-trial,128,trial,D2DAP,D9,D8,True,,,dbb4dde20b77a2b6,152|152,1,32,14.1995,27.4193,0.0,1430000,1430043,2,304,2432,41.6188,5,1,9,1,1,1,0,1,1,2,8,1,12,1,4,1,0,1,1,2
D2DAP-128-trial,128,trial,D2DAP,D7,D1,True,,,f00cd98803f5e673,152|152,1,32,15.0398,30.6549,0.0,1440000,1440047,2,304,2432,45.6947,5,1,9,1,1,1,0,1,1,2,9,1,13,1,5,1,0,1,1,2
D2DAP-128-trial,128,trial,D2DAP,D2,D8,True,,,98eacd0e297111a5,152|152,1,32,15.1747,43.1197,0.0,1450000,1450060,2,304,2432,58.2944,5,1,9,1,1,1,0,1,1,2,12,1,16,1,8,1,0,1,1,2
D2DAP-128-trial,128,trial,D2DAP,D2,D6,True,,,ad0900606b4bf290,152|152,1,32,14.5649,18.8528,0.0,1460000,1460034,2,304,2432,33.417699999999996,5,1,9,1,1,1,0,1,1,2,6,1,10,1,2,1,0,1,1,2
D2DAP-128-trial,128,trial,D2DAP,D1,D4,True,,,9a3e50ab7a568fce,152|152,1,32,15.947700000000001,25.072,0.0,1470000,1470043,2,304,2432,41.0197,5,1,9,1,1,1,0,1,1,2,7,1,11,1,3,1,0,1,1,2
D2DAP-128-trial,128,trial,D2DAP,D2,D3,True,,,584ac289058c8083,152|152,1,32,15.244499999999999,39.8976,0.0,1480000,1480056,2,304,2432,55.1421,5,1,9,1,1,1,0,1,1,2,11,1,15,1,7,1,0,1,1,2
D2DAP-128-trial,128,trial,D2DAP,D7,D5,True,,,9f4d9dd385f823b0,152|152,1,32,15.0261,16.1892,0.0,1490000,1490033,2,304,2432,31.2153,5,1,9,1,1,1,0,1,1,2,5,1,9,1,1,1,0,1,1,2
D2DAP-128-trial,128,trial,D2DAP,D6,D9,True,,,4079b202db03a8bf,152|152,1,32,15.9688,47.8608,0.0,1500000,1500065,2,304,2432,63.8296,5,1,9,1,1,1,0,1,1,2,13,1,17,1,9,1,0,1,1,2
D2DAP-128-trial,128,trial,D2DAP,D10,D9,True,,,0bc7c42aa3733e68,152|152,1,32,14.846900000000002,19.9709,0.0,1510000,1510036,2,304,2432,34.817800000000005,5,1,9,1,1,1,0,1,1,2,6,1,10,1,2,1,0,1,1,2
D2DAP-128-trial,128,trial,D2DAP,D1,D6,True,,,0f1105c5517bd8ee,152|152,1,32,14.7698,22.6629,0.0,1520000,1520039,2,304,2432,37.4327,5,1,9,1,1,1,0,1,1,2,7,1,11,1,3,1,0,1,1,2
D2DAP-128-trial,128,trial,D2DAP,D2,D7,True,,,8021c99e6517438e,152|152,1,32,14.1737,42.4965,0.0,1530000,1530058,2,304,2432,56.670199999999994,5,1,9,1,1,1,0,1,1,2,12,1,16,1,8,1,0,1,1,2
D2DAP-128-trial,128,trial,D2DAP,D8,D1,True,,,8a6b16b3ca3a2f26,152|152,1,32,15.9967,42.1637,0.0,1540000,1540060,2,304,2432,58.160399999999996,5,1,9,1,1,1,0,1,1,2,12,1,16,1,8,1,0,1,1,2
D2DAP-128-trial,128,trial,D2DAP,D5,D7,True,,,03816bbe1e0db137,152|152,1,32,14.883199999999999,38.0965,0.0,1550000,1550055,2,304,2432,52.979699999999994,5,1,9,1,1,1,0,1,1,2,11,1,15,1,7,1,0,1,1,2
D2DAP-128-trial,128,trial,D2DAP,D9,D2,True,,,3e64f252edc69b89,152|152,1,32,14.7699,42.5107,0.0,1560000,1560059,2,304,2432,57.2806,5,1,9,1,1,1,0,1,1,2,11,1,15,1,7,1,0,1,1,2
D2DAP-128-trial,128,trial,D2DAP,D2,D10,True,,,b6f7f66b92728989,152|152,1,32,15.9051,24.5663,0.0,1570000,1570042,2,304,2432,40.471399999999996,5,1,9,1,1,1,0,1,1,2,7,1,11,1,3,1,0,1,1,2
D2DAP-128-trial,128,trial,D2DAP,D5,D8,True,,,e2841a3be402d27d,152|152,1,32,18.009,27.0573,0.0,1580000,1580047,2,304,2432,45.0663,5,1,9,1,1,1,0,1,1,2,7,1,11,1,3,1,0,1,1,2
D2DAP-128-trial,128,trial,D2DAP,D6,D8,True,,,3cd2391cd80c5cf7,152|152,1,32,15.9133,37.5421,0.0,1590000,1590055,2,304,2432,53.4554,5,1,9,1,1,1,0,1,1,2,10,1,14,1,6,1,0,1,1,2
D2DAP-128-trial,128,trial,D2DAP,D7,D1,True,,,a71251eb2fe33b82,152|152,1,32,15.6359,15.5824,0.0,1600000,1600032,2,304,2432,31.2183,5,1,9,1,1,1,0,1,1,2,5,1,9,1,1,1,0,1,1,2
D2DAP-128-trial,128,trial,D2DAP,D9,D3,True,,,cd5a3ee79ee61e4c,152|152,1,32,16.584600000000002,33.0817,0.0,1610000,1610051,2,304,2432,49.6663,5,1,9,1,1,1,0,1,1,2,9,1,13,1,5,1,0,1,1,2
D2DAP-128-trial,128,trial,D2DAP,D5,D8,True,,,954d0a7744df18b9,152|152,1,32,16.2758,32.8889,0.0,1620000,1620050,2,304,2432,49.164699999999996,5,1,9,1,1,1,0,1,1,2,9,1,13,1,5,1,0,1,1,2
D2DAP-128-trial,128,trial,D2DAP,D4,D6,True,,,ded3994ac8c3a0f6,152|152,1,32,18.353,33.95,0.0,1630000,1630053,2,304,2432,52.303000000000004,5,1,9,1,1,1,0,1,1,2,9,1,13,1,5,1,0,1,1,2
D2DAP-128-trial,128,trial,D2DAP,D6,D10,True,,,ff625f595b510754,152|152,1,32,15.971300000000001,32.3817,0.0,1640000,1640050,2,304,2432,48.353,5,1,9,1,1,1,0,1,1,2,9,1,13,1,5,1,0,1,1,2
D2DAP-128-trial,128,trial,D2DAP,D10,D7,True,,,d3985c002b1bc369,152|152,1,32,16.549,19.8301,0.0,1650000,1650038,2,304,2432,36.3791,5,1,9,1,1,1,0,1,1,2,6,1,10,1,2,1,0,1,1,2
D2DAP-128-trial,128,trial,D2DAP,D2,D4,True,,,eb34d4fd95c9ae15,152|152,1,32,16.1083,24.1873,0.0,1660000,1660043,2,304,2432,40.2956,5,1,9,1,1,1,0,1,1,2,7,1,11,1,3,1,0,1,1,2
D2DAP-128-trial,128,trial,D2DAP,D5,D9,True,,,7ad1b18c64de9ddd,152|152,1,32,16.1157,33.335,0.0,1670000,1670051,2,304,2432,49.4507,5,1,9,1,1,1,0,1,1,2,9,1,13,1,5,1,0,1,1,2
D2DAP-128-trial,128,trial,D2DAP,D6,D10,True,,,2168fca60949f64a,152|152,1,32,14.9759,19.3926,0.0,1680000,1680036,2,304,2432,34.3685,5,1,9,1,1,1,0,1,1,2,6,1,10,1,2,1,0,1,1,2
D2DAP-128-trial,128,trial,D2DAP,D3,D5,True,,,a2ea20247e96f8fa,152|152,1,32,15.586200000000002,51.08,0.0,1690000,1690068,2,304,2432,66.6662,5,1,9,1,1,1,0,1,1,2,13,1,17,1,9,1,0,1,1,2
D2DAP-128-trial,128,trial,D2DAP,D10,D3,True,,,d859e1a25b92e896,152|152,1,32,16.2457,33.19,0.0,1700000,1700051,2,304,2432,49.4357,5,1,9,1,1,1,0,1,1,2,9,1,13,1,5,1,0,1,1,2
D2DAP-128-trial,128,trial,D2DAP,D9,D8,True,,,776423654d80f0cb,152|152,1,32,14.899899999999999,19.0735,0.0,1710000,1710036,2,304,2432,33.9734,5,1,9,1,1,1,0,1,1,2,6,1,10,1,2,1,0,1,1,2
D2DAP-128-trial,128,trial,D2DAP,D10,D8,True,,,aa5a352e88ebdfc7,152|152,1,32,16.1356,51.3989,0.0,1720000,1720069,2,304,2432,67.5345,5,1,9,1,1,1,0,1,1,2,13,1,17,1,9,1,0,1,1,2
D2DAP-128-trial,128,trial,D2DAP,D1,D8,True,,,23a42ce06ee6d6ae,152|152,1,32,15.124400000000001,51.5284,0.0,1730000,1730068,2,304,2432,66.6528,5,1,9,1,1,1,0,1,1,2,13,1,17,1,9,1,0,1,1,2
D2DAP-128-trial,128,trial,D2DAP,D4,D6,True,,,905b065f99c722c4,152|152,1,32,16.3408,16.2272,0.0,1740000,1740034,2,304,2432,32.568,5,1,9,1,1,1,0,1,1,2,5,1,9,1,1,1,0,1,1,2
D2DAP-128-trial,128,trial,D2DAP,D9,D2,True,,,be61b560c917a053,152|152,1,32,16.8494,21.2348,0.0,1750000,1750040,2,304,2432,38.084199999999996,5,1,9,1,1,1,0,1,1,2,6,1,10,1,2,1,0,1,1,2
D2DAP-128-trial,128,trial,D2DAP,D10,D3,True,,,8d2a130df42bf33c,152|152,1,32,16.0162,23.5146,0.0,1760000,1760041,2,304,2432,39.5308,5,1,9,1,1,1,0,1,1,2,7,1,11,1,3,1,0,1,1,2
D2DAP-128-trial,128,trial,D2DAP,D9,D10,True,,,706970060ba288ad,152|152,1,32,14.5914,19.7641,0.0,1770000,1770036,2,304,2432,34.3555,5,1,9,1,1,1,0,1,1,2,6,1,10,1,2,1,0,1,1,2
D2DAP-128-trial,128,trial,D2DAP,D10,D2,True,,,a371be1af042ad25,152|152,1,32,16.29,38.9326,0.0,1780000,1780056,2,304,2432,55.2226,5,1,9,1,1,1,0,1,1,2,10,1,14,1,6,1,0,1,1,2
D2DAP-128-trial,128,trial,D2DAP,D2,D6,True,,,a6e87b3be681d82d,152|152,1,32,17.5043,23.3327,0.0,1790000,1790042,2,304,2432,40.837,5,1,9,1,1,1,0,1,1,2,6,1,10,1,2,1,0,1,1,2
D2DAP-128-trial,128,trial,D2DAP,D6,D2,True,,,ce3dc6c36e497d84,152|152,1,32,17.19,47.7268,0.0,1800000,1800066,2,304,2432,64.9168,5,1,9,1,1,1,0,1,1,2,12,1,16,1,8,1,0,1,1,2
D2DAP-128-trial,128,trial,D2DAP,D1,D7,True,,,837c5c1362032f11,152|152,1,32,17.5458,45.6537,0.0,1810000,1810065,2,304,2432,63.1995,5,1,9,1,1,1,0,1,1,2,12,1,16,1,8,1,0,1,1,2
D2DAP-128-trial,128,trial,D2DAP,D9,D2,True,,,632d7b0311348602,152|152,1,32,15.4146,19.9378,0.0,1820000,1820036,2,304,2432,35.3524,5,1,9,1,1,1,0,1,1,2,6,1,10,1,2,1,0,1,1,2
D2DAP-128-trial,128,trial,D2DAP,D4,D6,True,,,3d2298108f7fb4e1,152|152,1,32,16.5564,49.9814,0.0,1830000,1830067,2,304,2432,66.5378,5,1,9,1,1,1,0,1,1,2,13,1,17,1,9,1,0,1,1,2
D2DAP-128-trial,128,trial,D2DAP,D9,D7,True,,,7e0e10eabbf64dfc,152|152,1,32,15.2163,44.5255,0.0,1840000,1840061,2,304,2432,59.7418,5,1,9,1,1,1,0,1,1,2,12,1,16,1,8,1,0,1,1,2
D2DAP-128-trial,128,trial,D2DAP,D8,D4,True,,,c1f6292182a49358,152|152,1,32,15.655100000000001,43.3227,0.0,1850000,1850061,2,304,2432,58.9778,5,1,9,1,1,1,0,1,1,2,11,1,15,1,7,1,0,1,1,2
D2DAP-128-trial,128,trial,D2DAP,D5,D8,True,,,e7c4cb69d343d007,152|152,1,32,15.5521,44.2244,0.0,1860000,1860061,2,304,2432,59.7765,5,1,9,1,1,1,0,1,1,2,12,1,16,1,8,1,0,1,1,2
D2DAP-128-trial,128,trial,D2DAP,D8,D9,True,,,267dd52409277f44,152|152,1,32,15.9909,38.3769,0.0,1870000,1870056,2,304,2432,54.3678,5,1,9,1,1,1,0,1,1,2,10,1,14,1,6,1,0,1,1,2
D2DAP-128-trial,128,trial,D2DAP,D5,D1,True,,,fc11cd130e14496d,152|152,1,32,16.6994,28.703,0.0,1880000,1880047,2,304,2432,45.4024,5,1,9,1,1,1,0,1,1,2,8,1,12,1,4,1,0,1,1,2
D2DAP-128-trial,128,trial,D2DAP,D3,D9,True,,,7986d53c7bfd36e9,152|152,1,32,18.877299999999998,40.081,0.0,1890000,1890061,2,304,2432,58.9583,5,1,9,1,1,1,0,1,1,2,11,1,15,1,7,1,0,1,1,2
D2DAP-128-trial,128,trial,D2DAP,D3,D7,True,,,70c4d6e5adb4a578,152|152,1,32,15.035499999999999,38.0415,0.0,1900000,1900055,2,304,2432,53.077,5,1,9,1,1,1,0,1,1,2,11,1,15,1,7,1,0,1,1,2
D2DAP-128-trial,128,trial,D2DAP,D5,D9,True,,,7d5bca3fddf8d398,152|152,1,32,15.0029,43.2445,0.0,1910000,1910060,2,304,2432,58.2474,5,1,9,1,1,1,0,1,1,2,12,1,16,1,8,1,0,1,1,2
D2DAP-128-trial,128,trial,D2DAP,D10,D1,True,,,809205f675b8c659,152|152,1,32,15.145299999999999,44.0608,0.0,1920000,1920061,2,304,2432,59.2061,5,1,9,1,1,1,0,1,1,2,13,1,17,1,9,1,0,1,1,2
D2DAP-128-trial,128,trial,D2DAP,D9,D6,True,,,4bcff4939b59a44d,152|152,1,32,14.165,26.9559,0.0,1930000,1930042,2,304,2432,41.1209,5,1,9,1,1,1,0,1,1,2,8,1,12,1,4,1,0,1,1,2
D2DAP-128-trial,128,trial,D2DAP,D1,D10,True,,,f211f1ed41db7402,152|152,1,32,14.402899999999999,46.0546,0.0,1940000,1940062,2,304,2432,60.457499999999996,5,1,9,1,1,1,0,1,1,2,13,1,17,1,9,1,0,1,1,2
D2DAP-128-trial,128,trial,D2DAP,D10,D1,True,,,a7b6c076c228492e,152|152,1,32,14.4834,38.4181,0.0,1950000,1950054,2,304,2432,52.9015,5,1,9,1,1,1,0,1,1,2,11,1,15,1,7,1,0,1,1,2
D2DAP-128-trial,128,trial,D2DAP,D7,D9,True,,,e01419e81ebd57f2,152|152,1,32,14.31,26.2024,0.0,1960000,1960042,2,304,2432,40.5124,5,1,9,1,1,1,0,1,1,2,8,1,12,1,4,1,0,1,1,2
D2DAP-128-trial,128,trial,D2DAP,D8,D9,True,,,43a764d26e03d4c2,152|152,1,32,14.9725,35.2775,0.0,1970000,1970052,2,304,2432,50.25,5,1,9,1,1,1,0,1,1,2,10,1,14,1,6,1,0,1,1,2
D2DAP-128-trial,128,trial,D2DAP,D9,D3,True,,,5fcbcc20779274c6,152|152,1,32,14.7415,34.9954,0.0,1980000,1980051,2,304,2432,49.7369,5,1,9,1,1,1,0,1,1,2,10,1,14,1,6,1,0,1,1,2
D2DAP-128-trial,128,trial,D2DAP,D3,D9,True,,,e151f4d419ce9d96,152|152,1,32,14.329600000000001,43.2739,0.0,1990000,1990059,2,304,2432,57.6035,5,1,9,1,1,1,0,1,1,2,12,1,16,1,8,1,0,1,1,2
D2DAP-128-trial,128,trial,D2DAP,D8,D7,True,,,2cce1e4758a1ee25,152|152,1,32,15.1642,42.4667,0.0,2000000,2000059,2,304,2432,57.630900000000004,5,1,9,1,1,1,0,1,1,2,12,1,16,1,8,1,0,1,1,2
D2DAP-128-trial,128,trial,D2DAP,D6,D8,True,,,6a7e729cbefc1a36,152|152,1,32,16.0488,27.8004,0.0,2010000,2010045,2,304,2432,43.849199999999996,5,1,9,1,1,1,0,1,1,2,8,1,12,1,4,1,0,1,1,2
D2DAP-128-trial,128,trial,D2DAP,D2,D9,True,,,85ee205296be8990,152|152,1,32,18.8487,30.4421,0.0,2020000,2020051,2,304,2432,49.290800000000004,5,1,9,1,1,1,0,1,1,2,8,1,12,1,4,1,0,1,1,2
D2DAP-128-trial,128,trial,D2DAP,D3,D6,True,,,44a5233ed20bbc22,152|152,1,32,20.1868,47.4482,0.0,2030000,2030069,2,304,2432,67.635,5,1,9,1,1,1,0,1,1,2,10,1,14,1,6,1,0,1,1,2
D2DAP-128-trial,128,trial,D2DAP,D9,D8,True,,,3338737f0627659d,152|152,1,32,18.964399999999998,59.1189,0.0,2040000,2040080,2,304,2432,78.0833,5,1,9,1,1,1,0,1,1,2,13,1,17,1,9,1,0,1,1,2
D2DAP-128-trial,128,trial,D2DAP,D8,D4,True,,,b30c90a662b99abe,152|152,1,32,15.4236,19.4611,0.0,2050000,2050036,2,304,2432,34.884699999999995,5,1,9,1,1,1,0,1,1,2,6,1,10,1,2,1,0,1,1,2
D2DAP-128-trial,128,trial,D2DAP,D3,D6,True,,,f13a2af2ef0dde65,152|152,1,32,15.880300000000002,47.2878,0.0,2060000,2060065,2,304,2432,63.168099999999995,5,1,9,1,1,1,0,1,1,2,13,1,17,1,9,1,0,1,1,2
D2DAP-128-trial,128,trial,D2DAP,D2,D1,True,,,e4da9f58c02cc2c2,152|152,1,32,15.4055,14.9405,0.0,2070000,2070031,2,304,2432,30.346,5,1,9,1,1,1,0,1,1,2,5,1,9,1,1,1,0,1,1,2
D2DAP-128-trial,128,trial,D2DAP,D2,D5,True,,,a0106a702861cebe,152|152,1,32,15.3983,46.7259,0.0,2080000,2080064,2,304,2432,62.1242,5,1,9,1,1,1,0,1,1,2,13,1,17,1,9,1,0,1,1,2
D2DAP-128-trial,128,trial,D2DAP,D3,D6,True,,,6b4fc17a8a90f199,152|152,1,32,14.5244,14.7168,0.0,2090000,2090031,2,304,2432,29.2412,5,1,9,1,1,1,0,1,1,2,5,1,9,1,1,1,0,1,1,2
D2DAP-128-trial,128,trial,D2DAP,D6,D4,True,,,73863f4de094423e,152|152,1,32,15.269000000000002,14.5526,0.0,2100000,2100031,2,304,2432,29.821600000000004,5,1,9,1,1,1,0,1,1,2,5,1,9,1,1,1,0,1,1,2
