level,op,rep,time_us
128,point_mul,0,3969.7
128,point_mul,1,3545.7
128,point_mul,2,3894.0
128,point_mul,3,3445.2
128,point_mul,4,3859.5
128,point_mul,5,3432.9
128,point_mul,6,3659.3
128,point_mul,7,3795.7
128,point_mul,8,3598.8
128,point_mul,9,3969.8
128,point_mul,10,3521.8
128,point_mul,11,3925.2
128,point_mul,12,3539.9
128,point_mul,13,3844.6
128,point_mul,14,3413.9
128,point_mul,15,4105.6
128,point_mul,16,3522.4
128,point_mul,17,3872.2
128,point_mul,18,3876.1
128,point_mul,19,3842.9
128,point_mul,20,3681.9
128,point_mul,21,3982.5
128,point_mul,22,3499.4
128,point_mul,23,3849.8
128,point_mul,24,3869.0
128,point_mul,25,4864.1
128,point_mul,26,3741.0
128,point_mul,27,3847.7
128,point_mul,28,4147.1
128,point_mul,29,3867.6
128,point_mul,30,3755.1
128,point_mul,31,3908.5
128,point_mul,32,3792.8
128,point_mul,33,4024.4
128,point_mul,34,3456.0
128,point_mul,35,3876.2
128,point_mul,36,4175.8
128,point_mul,37,4378.9
128,point_mul,38,3499.4
128,point_mul,39,4146.2
128,point_mul,40,3863.6
128,point_mul,41,4120.4
128,point_mul,42,3488.4
128,point_mul,43,4487.8
128,point_mul,44,3705.6
128,point_mul,45,4178.8
128,point_mul,46,3823.5
128,point_mul,47,3863.4
128,point_mul,48,3483.3
128,point_mul,49,3966.3
128,point_mul,50,3477.9
128,point_mul,51,4032.7
128,point_mul,52,3855.4
128,point_mul,53,3881.3
128,point_mul,54,3714.0
128,point_mul,55,4362.8
128,point_mul,56,4802.2
128,point_mul,57,4757.6
128,point_mul,58,4654.4
128,point_mul,59,4748.0
128,point_mul,60,4001.9
128,point_mul,61,3472.7
128,point_mul,62,4429.5
128,point_mul,63,5236.6
128,point_mul,64,3626.7
128,point_mul,65,4060.8
128,point_mul,66,3378.2
128,point_mul,67,4120.5
128,point_mul,68,3950.1
128,point_mul,69,5147.3
128,point_mul,70,5000.8
128,point_mul,71,3756.3
128,point_mul,72,3438.2
128,point_mul,73,4315.8
128,point_mul,74,3759.8
128,point_mul,75,4498.3
128,point_mul,76,4094.1
128,point_mul,77,5278.0
128,point_mul,78,4477.4
128,point_mul,79,4137.5
128,point_mul,80,3893.6
128,point_mul,81,3566.7
128,point_mul,82,3866.4
128,point_mul,83,3503.3
128,point_mul,84,3866.2
128,point_mul,85,4790.9
128,point_mul,86,5984.2
128,point_mul,87,5100.0
128,point_mul,88,3413.6
128,point_mul,89,4105.1
128,point_mul,90,3465.2
128,point_mul,91,4114.7
128,point_mul,92,3500.8
128,point_mul,93,4596.7
128,point_mul,94,4126.5
128,point_mul,95,4053.8
128,point_mul,96,4069.2
128,point_mul,97,4962.7
128,point_mul,98,5463.8
128,point_mul,99,4108.5
128,point_mul,100,4174.3
128,point_mul,101,3394.5
128,point_mul,102,4260.7
128,point_mul,103,4209.2
128,point_mul,104,3748.7
128,point_mul,105,3845.9
128,point_mul,106,5473.8
128,point_mul,107,4685.4
128,point_mul,108,3453.9
128,point_mul,109,3784.5
128,point_mul,110,3486.3
128,point_mul,111,3921.5
128,point_mul,112,4529.6
128,point_mul,113,3831.1
128,point_mul,114,3410.5
128,point_mul,115,4206.2
128,point_mul,116,3991.1
128,point_mul,117,4971.0
128,point_mul,118,4209.7
128,point_mul,119,4536.6
128,point_mul,120,4609.1
128,point_mul,121,3647.3
128,point_mul,122,4272.3
128,point_mul,123,3830.8
128,point_mul,124,4032.8
128,point_mul,125,3578.8
128,point_mul,126,4141.2
128,point_mul,127,5000.5
128,point_mul,128,5345.7
128,point_mul,129,5931.4
128,point_mul,130,5119.0
128,point_mul,131,4097.0
128,point_mul,132,4034.3
128,point_mul,133,5686.7
128,point_mul,134,4282.7
128,point_mul,135,3463.4
128,point_mul,136,4232.8
128,point_mul,137,3519.3
128,point_mul,138,4017.7
128,point_mul,139,5301.7
128,point_mul,140,4168.3
128,point_mul,141,3917.2
128,point_mul,142,3831.4
128,point_mul,143,3843.0
128,point_mul,144,4033.3
128,point_mul,145,3547.6
128,point_mul,146,3753.6
128,point_mul,147,3552.5
128,point_mul,148,4050.3
128,point_mul,149,3662.5
128,point_mul,150,4076.5
128,point_mul,151,3773.7
128,point_mul,152,4382.2
128,point_mul,153,3666.8
128,point_mul,154,3696.1
128,point_mul,155,3410.8
128,point_mul,156,4269.5
128,point_mul,157,3731.4
128,point_mul,158,3944.0
128,point_mul,159,4193.9
128,point_mul,160,4530.7
128,point_mul,161,3851.8
128,point_mul,162,3487.8
128,point_mul,163,3738.9
128,point_mul,164,3875.0
128,point_mul,165,3834.5
128,point_mul,166,3498.2
128,point_mul,167,3920.7
128,point_mul,168,3811.8
128,point_mul,169,3635.1
128,point_mul,170,4774.9
128,point_mul,171,5421.4
128,point_mul,172,4821.5
128,point_mul,173,3491.2
128,point_mul,174,3874.7
128,point_mul,175,3524.2
128,point_mul,176,4055.7
128,point_mul,177,3493.7
128,point_mul,178,3742.4
128,point_mul,179,4251.6
128,point_mul,180,4608.7
128,point_mul,181,4496.6
128,point_mul,182,6340.0
128,point_mul,183,6699.5
128,point_mul,184,6046.3
128,point_mul,185,4518.7
128,point_mul,186,5762.9
128,point_mul,187,4256.1
128,point_mul,188,3669.9
128,point_mul,189,4539.3
128,point_mul,190,4005.2
128,point_mul,191,4209.4
128,point_mul,192,3985.4
128,point_mul,193,3948.6
128,point_mul,194,3414.4
128,point_mul,195,3996.8
128,point_mul,196,3872.8
128,point_mul,197,4077.0
128,point_mul,198,3574.6
128,point_mul,199,4178.4
128,point_mul,200,4696.3
128,point_mul,201,3988.9
128,point_mul,202,3422.6
128,point_mul,203,3784.8
128,point_mul,204,3658.0
128,point_mul,205,4259.0
128,point_mul,206,3884.1
128,point_mul,207,3937.8
128,point_mul,208,3607.2
128,point_mul,209,4966.7
128,point_mul,210,3788.3
128,point_mul,211,4465.0
128,point_mul,212,4027.9
128,point_mul,213,4012.9
128,point_mul,214,3914.1
128,point_mul,215,4239.6
128,point_mul,216,4761.7
128,point_mul,217,5092.1
128,point_mul,218,4470.8
128,point_mul,219,5082.2
128,point_mul,220,4508.7
128,point_mul,221,4418.3
128,point_mul,222,3993.4
128,point_mul,223,4355.9
128,point_mul,224,3599.1
128,point_mul,225,4134.5
128,point_mul,226,4609.9
128,point_mul,227,4552.7
128,point_mul,228,4341.8
128,point_mul,229,3795.9
128,point_mul,230,4438.8
128,point_mul,231,4242.9
128,point_mul,232,3974.1
128,point_mul,233,3856.1
128,point_mul,234,4084.8
128,point_mul,235,3692.2
128,point_mul,236,4441.7
128,point_mul,237,3818.6
128,point_mul,238,3595.0
128,point_mul,239,3627.8
128,point_mul,240,3812.8
128,point_mul,241,4714.0
128,point_mul,242,3417.3
128,point_mul,243,3865.7
128,point_mul,244,3544.5
128,point_mul,245,3830.8
128,point_mul,246,3422.3
128,point_mul,247,3728.1
128,point_mul,248,3727.8
128,point_mul,249,3795.5
128,point_mul,250,3855.9
128,point_mul,251,3827.4
128,point_mul,252,3465.6
128,point_mul,253,3630.2
128,point_mul,254,3912.8
128,point_mul,255,3579.6
128,point_mul,256,3635.9
128,point_mul,257,3554.7
128,point_mul,258,3757.0
128,point_mul,259,3472.4
128,point_mul,260,3795.7
128,point_mul,261,3849.9
128,point_mul,262,4323.5
128,point_mul,263,3682.2
128,point_mul,264,3766.0
128,point_mul,265,3581.6
128,point_mul,266,4260.6
128,point_mul,267,3775.6
128,point_mul,268,3538.9
128,point_mul,269,3448.6
128,point_mul,270,3692.8
128,point_mul,271,4780.2
128,point_mul,272,4136.1
128,point_mul,273,4111.3
128,point_mul,274,4716.8
128,point_mul,275,4070.1
128,point_mul,276,5992.5
128,point_mul,277,4424.7
128,point_mul,278,5595.9
128,point_mul,279,5762.0
128,point_mul,280,5905.8
128,point_mul,281,4979.8
128,point_mul,282,4560.4
128,point_mul,283,4809.1
128,point_mul,284,5315.0
128,point_mul,285,4401.4
128,point_mul,286,4143.3
128,point_mul,287,4014.2
128,point_mul,288,4804.6
128,point_mul,289,5535.3
128,point_mul,290,6245.9
128,point_mul,291,5804.1
128,point_mul,292,4260.0
128,point_mul,293,3808.7
128,point_mul,294,4042.5
128,point_mul,295,3759.1
128,point_mul,296,4638.9
128,point_mul,297,4280.8
128,point_mul,298,3975.4
128,point_mul,299,3569.6
128,point_mul_generator,0,1220.9
128,point_mul_generator,1,1275.2
128,point_mul_generator,2,1001.2
128,point_mul_generator,3,1323.2
128,point_mul_generator,4,1175.2
128,point_mul_generator,5,1410.2
128,point_mul_generator,6,1193.9
128,point_mul_generator,7,1103.3
128,point_mul_generator,8,1091.5
128,point_mul_generator,9,1261.3
128,point_mul_generator,10,975.4
128,point_mul_generator,11,1286.0
128,point_mul_generator,12,1350.8
128,point_mul_generator,13,1094.6
128,point_mul_generator,14,1245.9
128,point_mul_generator,15,1232.6
128,point_mul_generator,16,1471.1
128,point_mul_generator,17,1928.6
128,point_mul_generator,18,1067.8
128,point_mul_generator,19,1359.1
128,point_mul_generator,20,1640.4
128,point_mul_generator,21,1627.5
128,point_mul_generator,22,1373.4
128,point_mul_generator,23,1437.6
128,point_mul_generator,24,1253.1
128,point_mul_generator,25,1336.8
128,point_mul_generator,26,1061.4
128,point_mul_generator,27,1409.4
128,point_mul_generator,28,1545.3
128,point_mul_generator,29,987.1
128,point_mul_generator,30,1155.3
128,point_mul_generator,31,1197.9
128,point_mul_generator,32,1042.1
128,point_mul_generator,33,1136.3
128,point_mul_generator,34,1309.9
128,point_mul_generator,35,1509.8
128,point_mul_generator,36,1336.6
128,point_mul_generator,37,1338.4
128,point_mul_generator,38,1576.5
128,point_mul_generator,39,1669.5
128,point_mul_generator,40,1614.6
128,point_mul_generator,41,1608.7
128,point_mul_generator,42,1433.8
128,point_mul_generator,43,1101.7
128,point_mul_generator,44,1017.9
128,point_mul_generator,45,1449.8
128,point_mul_generator,46,1339.2
128,point_mul_generator,47,1555.4
128,point_mul_generator,48,1871.7
128,point_mul_generator,49,1619.3
128,point_mul_generator,50,1723.3
128,point_mul_generator,51,1480.2
128,point_mul_generator,52,1141.3
128,point_mul_generator,53,1189.1
128,point_mul_generator,54,1371.0
128,point_mul_generator,55,1691.1
128,point_mul_generator,56,1675.6
128,point_mul_generator,57,1515.8
128,point_mul_generator,58,1689.6
128,point_mul_generator,59,1612.0
128,point_mul_generator,60,1720.0
128,point_mul_generator,61,1297.6
128,point_mul_generator,62,1121.3
128,point_mul_generator,63,1236.9
128,point_mul_generator,64,1093.2
128,point_mul_generator,65,995.3
128,point_mul_generator,66,997.1
128,point_mul_generator,67,1430.1
128,point_mul_generator,68,1023.8
128,point_mul_generator,69,965.2
128,point_mul_generator,70,1166.8
128,point_mul_generator,71,1040.3
128,point_mul_generator,72,960.6
128,point_mul_generator,73,1105.8
128,point_mul_generator,74,1265.0
128,point_mul_generator,75,1418.3
128,point_mul_generator,76,1679.9
128,point_mul_generator,77,1669.6
128,point_mul_generator,78,1600.3
128,point_mul_generator,79,1419.7
128,point_mul_generator,80,1056.5
128,point_mul_generator,81,1199.6
128,point_mul_generator,82,1038.9
128,point_mul_generator,83,1669.7
128,point_mul_generator,84,1710.3
128,point_mul_generator,85,1683.8
128,point_mul_generator,86,1652.6
128,point_mul_generator,87,1508.0
128,point_mul_generator,88,1339.3
128,point_mul_generator,89,1395.7
128,point_mul_generator,90,1228.0
128,point_mul_generator,91,1088.1
128,point_mul_generator,92,1475.7
128,point_mul_generator,93,1213.8
128,point_mul_generator,94,1207.1
128,point_mul_generator,95,1026.2
128,point_mul_generator,96,1355.5
128,point_mul_generator,97,1123.1
128,point_mul_generator,98,1197.7
128,point_mul_generator,99,1213.6
128,point_mul_generator,100,1048.2
128,point_mul_generator,101,1048.8
128,point_mul_generator,102,1018.4
128,point_mul_generator,103,1472.1
128,point_mul_generator,104,1269.2
128,point_mul_generator,105,1278.9
128,point_mul_generator,106,1189.7
128,point_mul_generator,107,1418.4
128,point_mul_generator,108,1485.7
128,point_mul_generator,109,1530.2
128,point_mul_generator,110,1447.1
128,point_mul_generator,111,1203.1
128,point_mul_generator,112,1369.9
128,point_mul_generator,113,1255.0
128,point_mul_generator,114,1522.9
128,point_mul_generator,115,1216.9
128,point_mul_generator,116,1019.0
128,point_mul_generator,117,1016.2
128,point_mul_generator,118,1418.4
128,point_mul_generator,119,1005.9
128,point_mul_generator,120,1242.6
128,point_mul_generator,121,1332.2
128,point_mul_generator,122,1079.8
128,point_mul_generator,123,1336.9
128,point_mul_generator,124,1010.9
128,point_mul_generator,125,1020.6
128,point_mul_generator,126,1084.3
128,point_mul_generator,127,1071.9
128,point_mul_generator,128,1203.1
128,point_mul_generator,129,1037.5
128,point_mul_generator,130,1015.4
128,point_mul_generator,131,1038.2
128,point_mul_generator,132,1121.6
128,point_mul_generator,133,1230.6
128,point_mul_generator,134,1141.6
128,point_mul_generator,135,957.0
128,point_mul_generator,136,1339.9
128,point_mul_generator,137,999.5
128,point_mul_generator,138,964.3
128,point_mul_generator,139,960.8
128,point_mul_generator,140,987.5
128,point_mul_generator,141,959.6
128,point_mul_generator,142,1048.5
128,point_mul_generator,143,1408.6
128,point_mul_generator,144,1006.2
128,point_mul_generator,145,963.5
128,point_mul_generator,146,979.5
128,point_mul_generator,147,1015.7
128,point_mul_generator,148,974.7
128,point_mul_generator,149,1016.7
128,point_mul_generator,150,1682.6
128,point_mul_generator,151,1560.9
128,point_mul_generator,152,1612.9
128,point_mul_generator,153,1389.9
128,point_mul_generator,154,1136.8
128,point_mul_generator,155,1485.0
128,point_mul_generator,156,1029.1
128,point_mul_generator,157,953.5
128,point_mul_generator,158,949.4
128,point_mul_generator,159,1942.9
128,point_mul_generator,160,1082.6
128,point_mul_generator,161,1079.5
128,point_mul_generator,162,1427.0
128,point_mul_generator,163,993.2
128,point_mul_generator,164,985.5
128,point_mul_generator,165,950.4
128,point_mul_generator,166,954.5
128,point_mul_generator,167,942.4
128,point_mul_generator,168,1034.2
128,point_mul_generator,169,1273.6
128,point_mul_generator,170,1102.4
128,point_mul_generator,171,984.9
128,point_mul_generator,172,973.9
128,point_mul_generator,173,1350.3
128,point_mul_generator,174,1630.0
128,point_mul_generator,175,1357.9
128,point_mul_generator,176,1062.9
128,point_mul_generator,177,1215.4
128,point_mul_generator,178,1144.8
128,point_mul_generator,179,983.6
128,point_mul_generator,180,966.7
128,point_mul_generator,181,1028.5
128,point_mul_generator,182,1303.0
128,point_mul_generator,183,1007.0
128,point_mul_generator,184,974.0
128,point_mul_generator,185,957.3
128,point_mul_generator,186,1132.4
128,point_mul_generator,187,1282.1
128,point_mul_generator,188,1569.6
128,point_mul_generator,189,1149.6
128,point_mul_generator,190,985.5
128,point_mul_generator,191,970.9
128,point_mul_generator,192,949.7
128,point_mul_generator,193,958.3
128,point_mul_generator,194,1029.2
128,point_mul_generator,195,977.9
128,point_mul_generator,196,1458.6
128,point_mul_generator,197,1005.4
128,point_mul_generator,198,959.0
128,point_mul_generator,199,947.4
128,point_mul_generator,200,1239.7
128,point_mul_generator,201,1164.0
128,point_mul_generator,202,1585.6
128,point_mul_generator,203,1608.3
128,point_mul_generator,204,1608.2
128,point_mul_generator,205,1598.6
128,point_mul_generator,206,1602.3
128,point_mul_generator,207,1592.5
128,point_mul_generator,208,1619.3
128,point_mul_generator,209,1662.2
128,point_mul_generator,210,1650.0
128,point_mul_generator,211,1429.2
128,point_mul_generator,212,1410.5
128,point_mul_generator,213,1366.3
128,point_mul_generator,214,1054.0
128,point_mul_generator,215,1050.7
128,point_mul_generator,216,961.7
128,point_mul_generator,217,989.0
128,point_mul_generator,218,973.4
128,point_mul_generator,219,1254.8
128,point_mul_generator,220,1334.7
128,point_mul_generator,221,1014.0
128,point_mul_generator,222,984.1
128,point_mul_generator,223,1037.5
128,point_mul_generator,224,1069.7
128,point_mul_generator,225,1481.5
128,point_mul_generator,226,1685.6
128,point_mul_generator,227,1581.8
128,point_mul_generator,228,1210.5
128,point_mul_generator,229,1000.8
128,point_mul_generator,230,980.9
128,point_mul_generator,231,1012.8
128,point_mul_generator,232,1392.2
128,point_mul_generator,233,1115.4
128,point_mul_generator,234,1066.6
128,point_mul_generator,235,1078.0
128,point_mul_generator,236,1550.7
128,point_mul_generator,237,1506.6
128,point_mul_generator,238,1585.0
128,point_mul_generator,239,1163.3
128,point_mul_generator,240,988.2
128,point_mul_generator,241,959.6
128,point_mul_generator,242,943.4
128,point_mul_generator,243,946.8
128,point_mul_generator,244,945.0
128,point_mul_generator,245,1085.6
128,point_mul_generator,246,1261.1
128,point_mul_generator,247,987.5
128,point_mul_generator,248,962.0
128,point_mul_generator,249,956.2
128,point_mul_generator,250,1048.4
128,point_mul_generator,251,995.1
128,point_mul_generator,252,952.8
128,point_mul_generator,253,1133.1
128,point_mul_generator,254,1211.2
128,point_mul_generator,255,1036.1
128,point_mul_generator,256,1024.9
128,point_mul_generator,257,982.9
128,point_mul_generator,258,949.4
128,point_mul_generator,259,956.2
128,point_mul_generator,260,946.1
128,point_mul_generator,261,1351.1
128,point_mul_generator,262,1124.7
128,point_mul_generator,263,1121.3
128,point_mul_generator,264,1167.5
128,point_mul_generator,265,969.8
128,point_mul_generator,266,1017.4
128,point_mul_generator,267,1168.2
128,point_mul_generator,268,1186.1
128,point_mul_generator,269,994.6
128,point_mul_generator,270,1000.9
128,point_mul_generator,271,956.9
128,point_mul_generator,272,958.2
128,point_mul_generator,273,941.0
128,point_mul_generator,274,1014.7
128,point_mul_generator,275,1310.5
128,point_mul_generator,276,1061.5
128,point_mul_generator,277,990.5
128,point_mul_generator,278,969.5
128,point_mul_generator,279,986.7
128,point_mul_generator,280,1067.0
128,point_mul_generator,281,984.3
128,point_mul_generator,282,1412.3
128,point_mul_generator,283,1033.7
128,point_mul_generator,284,968.0
128,point_mul_generator,285,955.8
128,point_mul_generator,286,997.8
128,point_mul_generator,287,971.8
128,point_mul_generator,288,1037.5
128,point_mul_generator,289,1299.9
128,point_mul_generator,290,987.8
128,point_mul_generator,291,962.9
128,point_mul_generator,292,949.7
128,point_mul_generator,293,982.7
128,point_mul_generator,294,1014.2
128,point_mul_generator,295,1040.2
128,point_mul_generator,296,1248.9
128,point_mul_generator,297,1123.1
128,point_mul_generator,298,989.3
128,point_mul_generator,299,957.0
128,point_add,0,16.5
128,point_add,1,14.3
128,point_add,2,13.4
128,point_add,3,12.4
128,point_add,4,12.0
128,point_add,5,12.3
128,point_add,6,11.6
128,point_add,7,11.3
128,point_add,8,11.3
128,point_add,9,11.8
128,point_add,10,11.5
128,point_add,11,11.7
128,point_add,12,11.6
128,point_add,13,11.5
128,point_add,14,11.5
128,point_add,15,11.6
128,point_add,16,11.4
128,point_add,17,11.7
128,point_add,18,12.7
128,point_add,19,12.4
128,point_add,20,12.1
128,point_add,21,12.1
128,point_add,22,11.8
128,point_add,23,11.8
128,point_add,24,11.7
128,point_add,25,11.5
128,point_add,26,11.4
128,point_add,27,12.0
128,point_add,28,11.4
128,point_add,29,11.3
128,point_add,30,93.2
128,point_add,31,34.5
128,point_add,32,22.0
128,point_add,33,22.6
128,point_add,34,19.3
128,point_add,35,18.0
128,point_add,36,16.6
128,point_add,37,15.4
128,point_add,38,15.7
128,point_add,39,14.6
128,point_add,40,14.3
128,point_add,41,14.4
128,point_add,42,14.0
128,point_add,43,14.3
128,point_add,44,13.9
128,point_add,45,13.8
128,point_add,46,13.6
128,point_add,47,13.9
128,point_add,48,13.8
128,point_add,49,13.6
128,point_add,50,13.9
128,point_add,51,14.3
128,point_add,52,14.2
128,point_add,53,14.3
128,point_add,54,13.9
128,point_add,55,13.9
128,point_add,56,13.7
128,point_add,57,14.1
128,point_add,58,13.1
128,point_add,59,11.4
128,point_add,60,11.5
128,point_add,61,11.5
128,point_add,62,11.4
128,point_add,63,11.6
128,point_add,64,11.7
128,point_add,65,11.9
128,point_add,66,12.1
128,point_add,67,11.6
128,point_add,68,11.6
128,point_add,69,11.7
128,point_add,70,11.5
128,point_add,71,11.6
128,point_add,72,11.4
128,point_add,73,11.6
128,point_add,74,11.4
128,point_add,75,11.5
128,point_add,76,11.4
128,point_add,77,11.8
128,point_add,78,11.5
128,point_add,79,11.6
128,point_add,80,11.6
128,point_add,81,11.4
128,point_add,82,11.6
128,point_add,83,11.6
128,point_add,84,11.9
128,point_add,85,12.1
128,point_add,86,11.3
128,point_add,87,12.7
128,point_add,88,12.5
128,point_add,89,12.2
128,point_add,90,11.8
128,point_add,91,12.0
128,point_add,92,11.6
128,point_add,93,11.8
128,point_add,94,11.4
128,point_add,95,11.7
128,point_add,96,11.4
128,point_add,97,11.4
128,point_add,98,11.4
128,point_add,99,11.4
128,point_add,100,12.3
128,point_add,101,22.8
128,point_add,102,21.3
128,point_add,103,14.4
128,point_add,104,11.7
128,point_add,105,11.8
128,point_add,106,11.6
128,point_add,107,11.5
128,point_add,108,11.2
128,point_add,109,12.2
128,point_add,110,11.7
128,point_add,111,11.3
128,point_add,112,11.4
128,point_add,113,11.6
128,point_add,114,11.5
128,point_add,115,12.7
128,point_add,116,11.9
128,point_add,117,11.4
128,point_add,118,11.6
128,point_add,119,11.6
128,point_add,120,11.6
128,point_add,121,11.6
128,point_add,122,11.2
128,point_add,123,11.6
128,point_add,124,11.4
128,point_add,125,11.6
128,point_add,126,11.6
128,point_add,127,11.5
128,point_add,128,11.3
128,point_add,129,11.9
128,point_add,130,11.5
128,point_add,131,11.6
128,point_add,132,11.5
128,point_add,133,11.8
128,point_add,134,11.4
128,point_add,135,11.6
128,point_add,136,13.1
128,point_add,137,13.0
128,point_add,138,13.0
128,point_add,139,12.1
128,point_add,140,11.7
128,point_add,141,11.7
128,point_add,142,11.3
128,point_add,143,11.2
128,point_add,144,11.4
128,point_add,145,11.2
128,point_add,146,11.3
128,point_add,147,11.2
128,point_add,148,11.3
128,point_add,149,11.5
128,point_add,150,11.3
128,point_add,151,11.5
128,point_add,152,11.2
128,point_add,153,11.3
128,point_add,154,11.0
128,point_add,155,11.4
128,point_add,156,43.4
128,point_add,157,12.1
128,point_add,158,11.5
128,point_add,159,11.4
128,point_add,160,11.4
128,point_add,161,11.2
128,point_add,162,11.1
128,point_add,163,11.4
128,point_add,164,11.5
128,point_add,165,12.2
128,point_add,166,11.2
128,point_add,167,11.2
128,point_add,168,11.4
128,point_add,169,11.5
128,point_add,170,11.2
128,point_add,171,11.5
128,point_add,172,11.3
128,point_add,173,11.5
128,point_add,174,11.3
128,point_add,175,11.2
128,point_add,176,11.2
128,point_add,177,11.4
128,point_add,178,11.3
128,point_add,179,11.4
128,point_add,180,11.3
128,point_add,181,11.2
128,point_add,182,18.3
128,point_add,183,21.2
128,point_add,184,16.7
128,point_add,185,12.2
128,point_add,186,11.6
128,point_add,187,11.5
128,point_add,188,11.4
128,point_add,189,11.4
128,point_add,190,11.2
128,point_add,191,11.2
128,point_add,192,11.3
128,point_add,193,11.2
128,point_add,194,11.6
128,point_add,195,11.4
128,point_add,196,11.6
128,point_add,197,11.3
128,point_add,198,11.5
128,point_add,199,11.4
128,point_add,200,11.3
128,point_add,201,11.6
128,point_add,202,11.3
128,point_add,203,11.1
128,point_add,204,11.4
128,point_add,205,11.3
128,point_add,206,11.4
128,point_add,207,11.5
128,point_add,208,11.4
128,point_add,209,18.8
128,point_add,210,18.1
128,point_add,211,11.9
128,point_add,212,11.4
128,point_add,213,11.6
128,point_add,214,11.2
128,point_add,215,11.3
128,point_add,216,11.6
128,point_add,217,11.2
128,point_add,218,11.6
128,point_add,219,11.6
128,point_add,220,11.4
128,point_add,221,11.2
128,point_add,222,11.9
128,point_add,223,11.6
128,point_add,224,11.6
128,point_add,225,11.3
128,point_add,226,11.4
128,point_add,227,11.3
128,point_add,228,11.3
128,point_add,229,11.8
128,point_add,230,11.8
128,point_add,231,11.6
128,point_add,232,11.3
128,point_add,233,11.7
128,point_add,234,11.4
128,point_add,235,11.4
128,point_add,236,11.3
128,point_add,237,11.6
128,point_add,238,11.4
128,point_add,239,11.5
128,point_add,240,11.4
128,point_add,241,11.3
128,point_add,242,11.1
128,point_add,243,11.6
128,point_add,244,11.5
128,point_add,245,11.5
128,point_add,246,11.4
128,point_add,247,11.3
128,point_add,248,11.4
128,point_add,249,11.6
128,point_add,250,11.6
128,point_add,251,11.3
128,point_add,252,11.4
128,point_add,253,11.5
128,point_add,254,11.1
128,point_add,255,11.4
128,point_add,256,11.6
128,point_add,257,11.4
128,point_add,258,11.3
128,point_add,259,11.3
128,point_add,260,11.3
128,point_add,261,11.4
128,point_add,262,11.4
128,point_add,263,11.4
128,point_add,264,11.2
128,point_add,265,11.4
128,point_add,266,11.3
128,point_add,267,11.2
128,point_add,268,11.1
128,point_add,269,11.2
128,point_add,270,11.4
128,point_add,271,11.2
128,point_add,272,11.3
128,point_add,273,11.3
128,point_add,274,11.4
128,point_add,275,11.5
128,point_add,276,11.3
128,point_add,277,11.5
128,point_add,278,11.2
128,point_add,279,11.2
128,point_add,280,11.2
128,point_add,281,11.3
128,point_add,282,11.4
128,point_add,283,11.3
128,point_add,284,11.4
128,point_add,285,11.7
128,point_add,286,11.4
128,point_add,287,11.3
128,point_add,288,11.4
128,point_add,289,11.4
128,point_add,290,11.4
128,point_add,291,11.4
128,point_add,292,11.2
128,point_add,293,14.3
128,point_add,294,19.7
128,point_add,295,19.5
128,point_add,296,13.1
128,point_add,297,11.6
128,point_add,298,11.5
128,point_add,299,11.6
128,hash,0,8.4
128,hash,1,5.4
128,hash,2,4.4
128,hash,3,4.0
128,hash,4,4.0
128,hash,5,3.9
128,hash,6,4.3
128,hash,7,3.8
128,hash,8,4.3
128,hash,9,4.0
128,hash,10,3.8
128,hash,11,3.8
128,hash,12,3.8
128,hash,13,3.8
128,hash,14,3.8
128,hash,15,3.8
128,hash,16,3.8
128,hash,17,3.9
128,hash,18,3.8
128,hash,19,3.8
128,hash,20,3.8
128,hash,21,3.7
128,hash,22,3.8
128,hash,23,3.7
128,hash,24,3.7
128,hash,25,3.9
128,hash,26,3.9
128,hash,27,3.9
128,hash,28,3.8
128,hash,29,3.8
128,hash,30,3.7
128,hash,31,3.8
128,hash,32,4.0
128,hash,33,3.8
128,hash,34,3.7
128,hash,35,3.7
128,hash,36,3.8
128,hash,37,3.7
128,hash,38,3.7
128,hash,39,3.7
128,hash,40,3.8
128,hash,41,3.9
128,hash,42,4.1
128,hash,43,3.9
128,hash,44,3.7
128,hash,45,3.7
128,hash,46,3.8
128,hash,47,3.7
128,hash,48,3.7
128,hash,49,3.8
128,hash,50,3.7
128,hash,51,3.7
128,hash,52,3.7
128,hash,53,3.8
128,hash,54,3.7
128,hash,55,3.7
128,hash,56,3.7
128,hash,57,3.7
128,hash,58,3.8
128,hash,59,3.7
128,hash,60,3.8
128,hash,61,3.7
128,hash,62,3.8
128,hash,63,3.8
128,hash,64,3.7
128,hash,65,3.8
128,hash,66,3.8
128,hash,67,3.8
128,hash,68,3.8
128,hash,69,3.9
128,hash,70,3.8
128,hash,71,3.8
128,hash,72,3.7
128,hash,73,3.7
128,hash,74,3.7
128,hash,75,3.7
128,hash,76,3.8
128,hash,77,3.9
128,hash,78,3.7
128,hash,79,3.7
128,hash,80,3.8
128,hash,81,3.7
128,hash,82,3.8
128,hash,83,3.7
128,hash,84,3.9
128,hash,85,3.8
128,hash,86,3.8
128,hash,87,3.8
128,hash,88,3.7
128,hash,89,3.7
128,hash,90,3.8
128,hash,91,3.6
128,hash,92,3.7
128,hash,93,3.8
128,hash,94,3.7
128,hash,95,3.7
128,hash,96,3.7
128,hash,97,3.8
128,hash,98,3.8
128,hash,99,3.8
128,hash,100,3.7
128,hash,101,3.7
128,hash,102,3.6
128,hash,103,3.7
128,hash,104,3.7
128,hash,105,3.8
128,hash,106,3.8
128,hash,107,3.8
128,hash,108,3.8
128,hash,109,3.9
128,hash,110,5.3
128,hash,111,9.7
128,hash,112,8.8
128,hash,113,8.5
128,hash,114,6.6
128,hash,115,6.4
128,hash,116,6.3
128,hash,117,6.2
128,hash,118,6.1
128,hash,119,8.0
128,hash,120,5.8
128,hash,121,3.9
128,hash,122,3.8
128,hash,123,3.8
128,hash,124,3.8
128,hash,125,3.8
128,hash,126,3.8
128,hash,127,3.6
128,hash,128,3.7
128,hash,129,3.9
128,hash,130,3.7
128,hash,131,3.7
128,hash,132,3.7
128,hash,133,3.7
128,hash,134,3.8
128,hash,135,3.7
128,hash,136,3.8
128,hash,137,3.7
128,hash,138,3.8
128,hash,139,3.7
128,hash,140,3.7
128,hash,141,3.6
128,hash,142,3.6
128,hash,143,3.6
128,hash,144,3.7
128,hash,145,3.8
128,hash,146,3.8
128,hash,147,3.7
128,hash,148,3.7
128,hash,149,3.8
128,hash,150,3.7
128,hash,151,3.8
128,hash,152,3.7
128,hash,153,3.7
128,hash,154,3.8
128,hash,155,3.7
128,hash,156,3.7
128,hash,157,3.7
128,hash,158,3.7
128,hash,159,4.0
128,hash,160,3.8
128,hash,161,3.7
128,hash,162,3.8
128,hash,163,3.6
128,hash,164,3.7
128,hash,165,3.7
128,hash,166,3.7
128,hash,167,3.7
128,hash,168,3.8
128,hash,169,3.8
128,hash,170,3.6
128,hash,171,3.7
128,hash,172,3.8
128,hash,173,3.8
128,hash,174,3.7
128,hash,175,3.7
128,hash,176,3.6
128,hash,177,3.7
128,hash,178,3.7
128,hash,179,3.7
128,hash,180,3.6
128,hash,181,3.7
128,hash,182,3.7
128,hash,183,3.7
128,hash,184,3.6
128,hash,185,3.7
128,hash,186,3.7
128,hash,187,3.7
128,hash,188,5.0
128,hash,189,5.5
128,hash,190,4.1
128,hash,191,3.8
128,hash,192,3.6
128,hash,193,3.7
128,hash,194,3.6
128,hash,195,3.7
128,hash,196,3.7
128,hash,197,3.8
128,hash,198,3.7
128,hash,199,3.8
128,hash,200,3.8
128,hash,201,4.1
128,hash,202,3.8
128,hash,203,3.8
128,hash,204,3.7
128,hash,205,3.7
128,hash,206,3.7
128,hash,207,3.7
128,hash,208,3.7
128,hash,209,3.7
128,hash,210,3.7
128,hash,211,3.7
128,hash,212,3.8
128,hash,213,3.7
128,hash,214,3.7
128,hash,215,3.7
128,hash,216,3.6
128,hash,217,3.7
128,hash,218,3.7
128,hash,219,3.8
128,hash,220,3.7
128,hash,221,3.7
128,hash,222,3.6
128,hash,223,3.6
128,hash,224,3.8
128,hash,225,3.7
128,hash,226,3.8
128,hash,227,3.7
128,hash,228,3.7
128,hash,229,3.7
128,hash,230,3.6
128,hash,231,3.7
128,hash,232,3.7
128,hash,233,3.9
128,hash,234,3.8
128,hash,235,3.8
128,hash,236,3.7
128,hash,237,3.8
128,hash,238,3.9
128,hash,239,3.8
128,hash,240,3.7
128,hash,241,3.8
128,hash,242,3.7
128,hash,243,3.7
128,hash,244,3.7
128,hash,245,3.8
128,hash,246,3.7
128,hash,247,3.8
128,hash,248,3.8
128,hash,249,3.7
128,hash,250,3.7
128,hash,251,3.7
128,hash,252,3.7
128,hash,253,3.7
128,hash,254,3.8
128,hash,255,3.8
128,hash,256,4.0
128,hash,257,3.8
128,hash,258,3.8
128,hash,259,3.6
128,hash,260,3.7
128,hash,261,3.8
128,hash,262,3.8
128,hash,263,3.8
128,hash,264,3.7
128,hash,265,3.7
128,hash,266,3.8
128,hash,267,3.7
128,hash,268,3.7
128,hash,269,3.9
128,hash,270,3.7
128,hash,271,3.7
128,hash,272,3.7
128,hash,273,3.8
128,hash,274,3.7
128,hash,275,3.7
128,hash,276,3.7
128,hash,277,3.7
128,hash,278,3.7
128,hash,279,3.6
128,hash,280,3.6
128,hash,281,3.7
128,hash,282,3.7
128,hash,283,3.8
128,hash,284,3.7
128,hash,285,3.8
128,hash,286,3.7
128,hash,287,3.7
128,hash,288,3.7
128,hash,289,3.6
128,hash,290,3.7
128,hash,291,3.8
128,hash,292,3.7
128,hash,293,3.8
128,hash,294,3.7
128,hash,295,3.7
128,hash,296,3.8
128,hash,297,3.8
128,hash,298,3.7
128,hash,299,3.7
128,sym_enc,0,34.9
128,sym_enc,1,62.6
128,sym_enc,2,47.2
128,sym_enc,3,29.6
128,sym_enc,4,24.3
128,sym_enc,5,20.5
128,sym_enc,6,20.3
128,sym_enc,7,20.1
128,sym_enc,8,19.9
128,sym_enc,9,20.2
128,sym_enc,10,19.9
128,sym_enc,11,19.7
128,sym_enc,12,20.1
128,sym_enc,13,19.7
128,sym_enc,14,20.1
128,sym_enc,15,19.9
128,sym_enc,16,19.9
128,sym_enc,17,20.0
128,sym_enc,18,20.6
128,sym_enc,19,20.1
128,sym_enc,20,20.4
128,sym_enc,21,20.0
128,sym_enc,22,20.0
128,sym_enc,23,19.9
128,sym_enc,24,19.8
128,sym_enc,25,20.0
128,sym_enc,26,19.9
128,sym_enc,27,19.7
128,sym_enc,28,19.7
128,sym_enc,29,19.7
128,sym_enc,30,19.6
128,sym_enc,31,29.6
128,sym_enc,32,38.2
128,sym_enc,33,21.7
128,sym_enc,34,20.3
128,sym_enc,35,20.0
128,sym_enc,36,31.6
128,sym_enc,37,38.6
128,sym_enc,38,24.8
128,sym_enc,39,20.1
128,sym_enc,40,20.1
128,sym_enc,41,20.2
128,sym_enc,42,20.3
128,sym_enc,43,19.9
128,sym_enc,44,19.8
128,sym_enc,45,19.7
128,sym_enc,46,20.1
128,sym_enc,47,19.8
128,sym_enc,48,19.7
128,sym_enc,49,19.8
128,sym_enc,50,19.8
128,sym_enc,51,19.8
128,sym_enc,52,19.9
128,sym_enc,53,19.8
128,sym_enc,54,19.9
128,sym_enc,55,19.9
128,sym_enc,56,20.1
128,sym_enc,57,19.9
128,sym_enc,58,19.9
128,sym_enc,59,19.9
128,sym_enc,60,19.8
128,sym_enc,61,19.9
128,sym_enc,62,20.0
128,sym_enc,63,20.3
128,sym_enc,64,20.2
128,sym_enc,65,20.2
128,sym_enc,66,20.2
128,sym_enc,67,20.1
128,sym_enc,68,20.3
128,sym_enc,69,20.3
128,sym_enc,70,20.4
128,sym_enc,71,20.4
128,sym_enc,72,20.1
128,sym_enc,73,20.2
128,sym_enc,74,19.9
128,sym_enc,75,19.7
128,sym_enc,76,20.0
128,sym_enc,77,35.8
128,sym_enc,78,22.3
128,sym_enc,79,20.0
128,sym_enc,80,20.0
128,sym_enc,81,19.8
128,sym_enc,82,20.0
128,sym_enc,83,20.0
128,sym_enc,84,20.1
128,sym_enc,85,26.6
128,sym_enc,86,29.1
128,sym_enc,87,19.8
128,sym_enc,88,19.9
128,sym_enc,89,19.8
128,sym_enc,90,49.3
128,sym_enc,91,28.8
128,sym_enc,92,20.8
128,sym_enc,93,20.7
128,sym_enc,94,35.6
128,sym_enc,95,20.7
128,sym_enc,96,20.3
128,sym_enc,97,19.9
128,sym_enc,98,19.9
128,sym_enc,99,19.8
128,sym_enc,100,19.9
128,sym_enc,101,19.9
128,sym_enc,102,20.0
128,sym_enc,103,19.9
128,sym_enc,104,19.7
128,sym_enc,105,20.2
128,sym_enc,106,19.8
128,sym_enc,107,19.8
128,sym_enc,108,19.9
128,sym_enc,109,20.1
128,sym_enc,110,19.7
128,sym_enc,111,19.7
128,sym_enc,112,20.0
128,sym_enc,113,19.9
128,sym_enc,114,20.2
128,sym_enc,115,20.3
128,sym_enc,116,19.9
128,sym_enc,117,19.7
128,sym_enc,118,20.0
128,sym_enc,119,19.9
128,sym_enc,120,20.2
128,sym_enc,121,25.0
128,sym_enc,122,39.5
128,sym_enc,123,22.2
128,sym_enc,124,20.0
128,sym_enc,125,19.8
128,sym_enc,126,19.6
128,sym_enc,127,20.0
128,sym_enc,128,19.9
128,sym_enc,129,20.3
128,sym_enc,130,19.8
128,sym_enc,131,19.9
128,sym_enc,132,19.9
128,sym_enc,133,20.2
128,sym_enc,134,19.9
128,sym_enc,135,20.1
128,sym_enc,136,20.0
128,sym_enc,137,19.6
128,sym_enc,138,19.7
128,sym_enc,139,19.8
128,sym_enc,140,19.8
128,sym_enc,141,19.5
128,sym_enc,142,19.8
128,sym_enc,143,19.8
128,sym_enc,144,19.9
128,sym_enc,145,19.8
128,sym_enc,146,19.8
128,sym_enc,147,19.8
128,sym_enc,148,20.1
128,sym_enc,149,27.1
128,sym_enc,150,36.9
128,sym_enc,151,21.6
128,sym_enc,152,19.9
128,sym_enc,153,19.9
128,sym_enc,154,19.6
128,sym_enc,155,19.6
128,sym_enc,156,19.9
128,sym_enc,157,20.0
128,sym_enc,158,19.7
128,sym_enc,159,20.2
128,sym_enc,160,19.9
128,sym_enc,161,20.1
128,sym_enc,162,19.9
128,sym_enc,163,20.0
128,sym_enc,164,19.8
128,sym_enc,165,19.9
128,sym_enc,166,19.6
128,sym_enc,167,20.0
128,sym_enc,168,35.6
128,sym_enc,169,42.6
128,sym_enc,170,48.2
128,sym_enc,171,24.7
128,sym_enc,172,23.8
128,sym_enc,173,41.0
128,sym_enc,174,39.7
128,sym_enc,175,35.9
128,sym_enc,176,48.9
128,sym_enc,177,29.5
128,sym_enc,178,20.5
128,sym_enc,179,20.1
128,sym_enc,180,36.1
128,sym_enc,181,20.3
128,sym_enc,182,20.0
128,sym_enc,183,19.9
128,sym_enc,184,19.7
128,sym_enc,185,20.2
128,sym_enc,186,20.0
128,sym_enc,187,19.8
128,sym_enc,188,19.9
128,sym_enc,189,19.9
128,sym_enc,190,19.9
128,sym_enc,191,19.8
128,sym_enc,192,20.0
128,sym_enc,193,20.0
128,sym_enc,194,19.8
128,sym_enc,195,19.8
128,sym_enc,196,19.9
128,sym_enc,197,19.9
128,sym_enc,198,19.9
128,sym_enc,199,19.8
128,sym_enc,200,19.8
128,sym_enc,201,20.0
128,sym_enc,202,19.7
128,sym_enc,203,19.8
128,sym_enc,204,19.6
128,sym_enc,205,20.0
128,sym_enc,206,19.8
128,sym_enc,207,29.0
128,sym_enc,208,40.1
128,sym_enc,209,21.6
128,sym_enc,210,20.5
128,sym_enc,211,20.2
128,sym_enc,212,19.7
128,sym_enc,213,34.3
128,sym_enc,214,34.6
128,sym_enc,215,20.1
128,sym_enc,216,20.1
128,sym_enc,217,20.0
128,sym_enc,218,19.7
128,sym_enc,219,19.8
128,sym_enc,220,19.7
128,sym_enc,221,20.1
128,sym_enc,222,20.0
128,sym_enc,223,19.9
128,sym_enc,224,19.7
128,sym_enc,225,19.8
128,sym_enc,226,19.7
128,sym_enc,227,19.8
128,sym_enc,228,19.9
128,sym_enc,229,20.0
128,sym_enc,230,19.8
128,sym_enc,231,19.9
128,sym_enc,232,20.1
128,sym_enc,233,20.4
128,sym_enc,234,20.0
128,sym_enc,235,19.9
128,sym_enc,236,19.8
128,sym_enc,237,20.0
128,sym_enc,238,19.7
128,sym_enc,239,19.9
128,sym_enc,240,19.8
128,sym_enc,241,20.0
128,sym_enc,242,20.5
128,sym_enc,243,20.2
128,sym_enc,244,20.3
128,sym_enc,245,20.2
128,sym_enc,246,20.1
128,sym_enc,247,20.1
128,sym_enc,248,20.0
128,sym_enc,249,20.0
128,sym_enc,250,20.3
128,sym_enc,251,19.9
128,sym_enc,252,19.9
128,sym_enc,253,20.0
128,sym_enc,254,35.9
128,sym_enc,255,29.4
128,sym_enc,256,20.8
128,sym_enc,257,20.4
128,sym_enc,258,20.1
128,sym_enc,259,38.4
128,sym_enc,260,20.0
128,sym_enc,261,19.9
128,sym_enc,262,20.3
128,sym_enc,263,20.1
128,sym_enc,264,20.0
128,sym_enc,265,20.0
128,sym_enc,266,20.0
128,sym_enc,267,85.3
128,sym_enc,268,24.0
128,sym_enc,269,20.8
128,sym_enc,270,20.1
128,sym_enc,271,19.9
128,sym_enc,272,30.5
128,sym_enc,273,36.1
128,sym_enc,274,20.2
128,sym_enc,275,19.9
128,sym_enc,276,20.3
128,sym_enc,277,20.0
128,sym_enc,278,19.9
128,sym_enc,279,20.0
128,sym_enc,280,19.8
128,sym_enc,281,19.7
128,sym_enc,282,20.0
128,sym_enc,283,20.1
128,sym_enc,284,19.8
128,sym_enc,285,19.8
128,sym_enc,286,19.9
128,sym_enc,287,19.9
128,sym_enc,288,20.0
128,sym_enc,289,20.0
128,sym_enc,290,29.0
128,sym_enc,291,28.3
128,sym_enc,292,20.0
128,sym_enc,293,19.9
128,sym_enc,294,19.9
128,sym_enc,295,62.0
128,sym_enc,296,35.2
128,sym_enc,297,21.5
128,sym_enc,298,20.0
128,sym_enc,299,19.9
128,sym_dec,0,18.6
128,sym_dec,1,16.3
128,sym_dec,2,15.9
128,sym_dec,3,15.2
128,sym_dec,4,15.0
128,sym_dec,5,15.4
128,sym_dec,6,15.4
128,sym_dec,7,15.3
128,sym_dec,8,15.5
128,sym_dec,9,15.3
128,sym_dec,10,15.5
128,sym_dec,11,15.4
128,sym_dec,12,22.3
128,sym_dec,13,28.6
128,sym_dec,14,31.5
128,sym_dec,15,18.5
128,sym_dec,16,15.0
128,sym_dec,17,15.4
128,sym_dec,18,15.2
128,sym_dec,19,15.3
128,sym_dec,20,15.4
128,sym_dec,21,15.2
128,sym_dec,22,15.2
128,sym_dec,23,22.8
128,sym_dec,24,19.2
128,sym_dec,25,15.2
128,sym_dec,26,15.2
128,sym_dec,27,15.3
128,sym_dec,28,22.3
128,sym_dec,29,26.9
128,sym_dec,30,16.1
128,sym_dec,31,15.6
128,sym_dec,32,15.3
128,sym_dec,33,15.4
128,sym_dec,34,15.5
128,sym_dec,35,15.0
128,sym_dec,36,15.2
128,sym_dec,37,15.2
128,sym_dec,38,15.2
128,sym_dec,39,15.2
128,sym_dec,40,15.3
128,sym_dec,41,20.5
128,sym_dec,42,27.0
128,sym_dec,43,24.9
128,sym_dec,44,18.4
128,sym_dec,45,45.0
128,sym_dec,46,21.1
128,sym_dec,47,15.8
128,sym_dec,48,15.2
128,sym_dec,49,15.2
128,sym_dec,50,27.8
128,sym_dec,51,15.6
128,sym_dec,52,15.4
128,sym_dec,53,15.2
128,sym_dec,54,15.5
128,sym_dec,55,15.4
128,sym_dec,56,15.1
128,sym_dec,57,15.3
128,sym_dec,58,15.3
128,sym_dec,59,15.0
128,sym_dec,60,15.2
128,sym_dec,61,15.1
128,sym_dec,62,15.2
128,sym_dec,63,15.2
128,sym_dec,64,15.2
128,sym_dec,65,15.4
128,sym_dec,66,15.5
128,sym_dec,67,15.2
128,sym_dec,68,15.2
128,sym_dec,69,15.0
128,sym_dec,70,15.3
128,sym_dec,71,15.0
128,sym_dec,72,15.1
128,sym_dec,73,15.5
128,sym_dec,74,15.2
128,sym_dec,75,15.2
128,sym_dec,76,15.3
128,sym_dec,77,15.4
128,sym_dec,78,15.1
128,sym_dec,79,14.9
128,sym_dec,80,15.2
128,sym_dec,81,15.1
128,sym_dec,82,15.3
128,sym_dec,83,15.3
128,sym_dec,84,15.1
128,sym_dec,85,15.2
128,sym_dec,86,33.6
128,sym_dec,87,22.3
128,sym_dec,88,16.0
128,sym_dec,89,15.2
128,sym_dec,90,15.2
128,sym_dec,91,15.0
128,sym_dec,92,25.4
128,sym_dec,93,28.0
128,sym_dec,94,24.9
128,sym_dec,95,21.4
128,sym_dec,96,15.1
128,sym_dec,97,15.3
128,sym_dec,98,15.0
128,sym_dec,99,15.3
128,sym_dec,100,14.8
128,sym_dec,101,15.2
128,sym_dec,102,15.2
128,sym_dec,103,15.4
128,sym_dec,104,15.4
128,sym_dec,105,15.4
128,sym_dec,106,15.3
128,sym_dec,107,15.4
128,sym_dec,108,15.1
128,sym_dec,109,15.1
128,sym_dec,110,15.4
128,sym_dec,111,15.5
128,sym_dec,112,15.3
128,sym_dec,113,15.3
128,sym_dec,114,15.3
128,sym_dec,115,15.2
128,sym_dec,116,15.1
128,sym_dec,117,15.3
128,sym_dec,118,15.1
128,sym_dec,119,15.1
128,sym_dec,120,15.4
128,sym_dec,121,15.4
128,sym_dec,122,14.9
128,sym_dec,123,15.2
128,sym_dec,124,15.3
128,sym_dec,125,15.2
128,sym_dec,126,15.1
128,sym_dec,127,15.3
128,sym_dec,128,15.3
128,sym_dec,129,15.2
128,sym_dec,130,15.1
128,sym_dec,131,15.1
128,sym_dec,132,15.1
128,sym_dec,133,15.2
128,sym_dec,134,14.9
128,sym_dec,135,15.1
128,sym_dec,136,15.3
128,sym_dec,137,15.1
128,sym_dec,138,15.1
128,sym_dec,139,15.2
128,sym_dec,140,15.4
128,sym_dec,141,15.3
128,sym_dec,142,15.3
128,sym_dec,143,15.2
128,sym_dec,144,15.1
128,sym_dec,145,25.6
128,sym_dec,146,28.4
128,sym_dec,147,16.3
128,sym_dec,148,15.7
128,sym_dec,149,26.3
128,sym_dec,150,26.3
128,sym_dec,151,16.4
128,sym_dec,152,22.8
128,sym_dec,153,28.5
128,sym_dec,154,27.7
128,sym_dec,155,20.6
128,sym_dec,156,15.3
128,sym_dec,157,15.4
128,sym_dec,158,15.4
128,sym_dec,159,15.3
128,sym_dec,160,43.8
128,sym_dec,161,20.2
128,sym_dec,162,15.6
128,sym_dec,163,15.3
128,sym_dec,164,21.0
128,sym_dec,165,24.0
128,sym_dec,166,15.1
128,sym_dec,167,15.1
128,sym_dec,168,15.4
128,sym_dec,169,15.2
128,sym_dec,170,15.2
128,sym_dec,171,15.3
128,sym_dec,172,15.4
128,sym_dec,173,15.7
128,sym_dec,174,15.4
128,sym_dec,175,15.1
128,sym_dec,176,15.2
128,sym_dec,177,15.1
128,sym_dec,178,15.0
128,sym_dec,179,15.2
128,sym_dec,180,15.1
128,sym_dec,181,15.4
128,sym_dec,182,15.3
128,sym_dec,183,15.4
128,sym_dec,184,15.1
128,sym_dec,185,15.2
128,sym_dec,186,15.4
128,sym_dec,187,15.4
128,sym_dec,188,15.2
128,sym_dec,189,15.4
128,sym_dec,190,15.2
128,sym_dec,191,15.2
128,sym_dec,192,15.4
128,sym_dec,193,15.2
128,sym_dec,194,15.1
128,sym_dec,195,15.3
128,sym_dec,196,15.3
128,sym_dec,197,14.9
128,sym_dec,198,15.2
128,sym_dec,199,15.2
128,sym_dec,200,26.3
128,sym_dec,201,27.3
128,sym_dec,202,16.2
128,sym_dec,203,15.4
128,sym_dec,204,15.4
128,sym_dec,205,15.2
128,sym_dec,206,26.1
128,sym_dec,207,28.0
128,sym_dec,208,29.8
128,sym_dec,209,15.8
128,sym_dec,210,15.1
128,sym_dec,211,15.1
128,sym_dec,212,15.1
128,sym_dec,213,15.3
128,sym_dec,214,15.0
128,sym_dec,215,14.9
128,sym_dec,216,14.9
128,sym_dec,217,15.0
128,sym_dec,218,15.1
128,sym_dec,219,15.0
128,sym_dec,220,15.1
128,sym_dec,221,15.1
128,sym_dec,222,15.1
128,sym_dec,223,14.8
128,sym_dec,224,14.8
128,sym_dec,225,15.0
128,sym_dec,226,14.9
128,sym_dec,227,14.9
128,sym_dec,228,15.0
128,sym_dec,229,15.2
128,sym_dec,230,15.0
128,sym_dec,231,14.8
128,sym_dec,232,15.1
128,sym_dec,233,15.0
128,sym_dec,234,15.0
128,sym_dec,235,15.2
128,sym_dec,236,14.8
128,sym_dec,237,15.1
128,sym_dec,238,15.4
128,sym_dec,239,15.1
128,sym_dec,240,14.9
128,sym_dec,241,14.9
128,sym_dec,242,14.9
128,sym_dec,243,15.2
128,sym_dec,244,15.1
128,sym_dec,245,15.0
128,sym_dec,246,15.1
128,sym_dec,247,15.0
128,sym_dec,248,15.1
128,sym_dec,249,15.0
128,sym_dec,250,14.9
128,sym_dec,251,14.9
128,sym_dec,252,15.0
128,sym_dec,253,14.9
128,sym_dec,254,14.8
128,sym_dec,255,15.1
128,sym_dec,256,15.5
128,sym_dec,257,15.2
128,sym_dec,258,15.1
128,sym_dec,259,15.1
128,sym_dec,260,23.1
128,sym_dec,261,22.5
128,sym_dec,262,16.0
128,sym_dec,263,15.1
128,sym_dec,264,14.9
128,sym_dec,265,15.1
128,sym_dec,266,15.3
128,sym_dec,267,14.9
128,sym_dec,268,15.1
128,sym_dec,269,14.9
128,sym_dec,270,15.1
128,sym_dec,271,20.9
128,sym_dec,272,23.1
128,sym_dec,273,15.0
128,sym_dec,274,14.9
128,sym_dec,275,14.9
128,sym_dec,276,14.9
128,sym_dec,277,16.0
128,sym_dec,278,16.3
128,sym_dec,279,40.5
128,sym_dec,280,22.4
128,sym_dec,281,15.5
128,sym_dec,282,15.3
128,sym_dec,283,14.9
128,sym_dec,284,16.3
128,sym_dec,285,28.0
128,sym_dec,286,15.1
128,sym_dec,287,15.0
128,sym_dec,288,14.7
128,sym_dec,289,14.7
128,sym_dec,290,15.3
128,sym_dec,291,15.1
128,sym_dec,292,15.0
128,sym_dec,293,15.2
128,sym_dec,294,14.9
128,sym_dec,295,15.2
128,sym_dec,296,15.2
128,sym_dec,297,15.1
128,sym_dec,298,15.1
128,sym_dec,299,15.0
128,puf,0,323.7
128,puf,1,266.8
128,puf,2,312.8
128,puf,3,381.2
128,puf,4,414.9
128,puf,5,458.7
128,puf,6,335.4
128,puf,7,369.2
128,puf,8,328.7
128,puf,9,253.5
128,puf,10,315.9
128,puf,11,294.3
128,puf,12,247.4
128,puf,13,246.0
128,puf,14,258.5
128,puf,15,324.2
128,puf,16,257.8
128,puf,17,265.3
128,puf,18,448.5
128,puf,19,284.4
128,puf,20,315.6
128,puf,21,385.1
128,puf,22,261.8
128,puf,23,251.8
128,puf,24,252.4
128,puf,25,429.4
128,puf,26,498.1
128,puf,27,470.9
128,puf,28,422.3
128,puf,29,396.0
128,puf,30,282.2
128,puf,31,279.9
128,puf,32,286.6
128,puf,33,263.1
128,puf,34,253.3
128,puf,35,250.4
128,puf,36,399.3
128,puf,37,273.0
128,puf,38,260.3
128,puf,39,263.3
128,puf,40,288.8
128,puf,41,249.5
128,puf,42,247.5
128,puf,43,266.2
128,puf,44,291.9
128,puf,45,246.2
128,puf,46,244.1
128,puf,47,244.5
128,puf,48,272.6
128,puf,49,250.4
128,puf,50,243.9
128,puf,51,266.9
128,puf,52,282.6
128,puf,53,405.9
128,puf,54,402.2
128,puf,55,459.1
128,puf,56,365.9
128,puf,57,284.5
128,puf,58,272.5
128,puf,59,319.0
128,puf,60,267.7
128,puf,61,275.9
128,puf,62,245.3
128,puf,63,288.3
128,puf,64,254.9
128,puf,65,267.8
128,puf,66,268.0
128,puf,67,246.1
128,puf,68,245.0
128,puf,69,243.5
128,puf,70,377.1
128,puf,71,412.4
128,puf,72,271.0
128,puf,73,295.6
128,puf,74,277.8
128,puf,75,264.0
128,puf,76,322.0
128,puf,77,251.6
128,puf,78,248.2
128,puf,79,245.8
128,puf,80,244.6
128,puf,81,339.0
128,puf,82,321.5
128,puf,83,454.3
128,puf,84,289.3
128,puf,85,266.3
128,puf,86,376.1
128,puf,87,262.8
128,puf,88,251.0
128,puf,89,344.4
128,puf,90,315.9
128,puf,91,256.9
128,puf,92,250.9
128,puf,93,389.5
128,puf,94,260.4
128,puf,95,255.6
128,puf,96,265.2
128,puf,97,265.7
128,puf,98,244.3
128,puf,99,247.7
128,puf,100,331.4
128,puf,101,247.5
128,puf,102,247.5
128,puf,103,269.0
128,puf,104,478.1
128,puf,105,452.2
128,puf,106,1619.3
128,puf,107,296.4
128,puf,108,264.8
128,puf,109,308.6
128,puf,110,253.4
128,puf,111,248.7
128,puf,112,497.8
128,puf,113,257.2
128,puf,114,246.8
128,puf,115,244.5
128,puf,116,340.5
128,puf,117,519.6
128,puf,118,418.7
128,puf,119,493.4
128,puf,120,356.1
128,puf,121,347.0
128,puf,122,283.7
128,puf,123,454.9
128,puf,124,429.5
128,puf,125,733.5
128,puf,126,400.3
128,puf,127,306.2
128,puf,128,314.3
128,puf,129,320.5
128,puf,130,338.5
128,puf,131,253.3
128,puf,132,247.3
128,puf,133,288.5
128,puf,134,327.8
128,puf,135,247.3
128,puf,136,245.2
128,puf,137,403.3
128,puf,138,271.4
128,puf,139,249.5
128,puf,140,393.5
128,puf,141,401.1
128,puf,142,345.2
128,puf,143,346.1
128,puf,144,269.2
128,puf,145,252.2
128,puf,146,271.6
128,puf,147,448.3
128,puf,148,489.5
128,puf,149,397.7
128,puf,150,396.5
128,puf,151,323.7
128,puf,152,291.7
128,puf,153,277.7
128,puf,154,257.1
128,puf,155,291.9
128,puf,156,274.4
128,puf,157,249.4
128,puf,158,246.8
128,puf,159,305.2
128,puf,160,247.2
128,puf,161,245.3
128,puf,162,244.9
128,puf,163,318.5
128,puf,164,255.9
128,puf,165,262.1
128,puf,166,264.5
128,puf,167,249.7
128,puf,168,245.2
128,puf,169,345.5
128,puf,170,258.8
128,puf,171,250.0
128,puf,172,282.0
128,puf,173,478.3
128,puf,174,432.0
128,puf,175,314.6
128,puf,176,395.2
128,puf,177,262.3
128,puf,178,340.1
128,puf,179,317.1
128,puf,180,254.7
128,puf,181,254.5
128,puf,182,378.5
128,puf,183,267.3
128,puf,184,253.9
128,puf,185,249.5
128,puf,186,402.5
128,puf,187,255.6
128,puf,188,249.2
128,puf,189,252.2
128,puf,190,311.9
128,puf,191,251.3
128,puf,192,249.4
128,puf,193,277.4
128,puf,194,561.1
128,puf,195,265.5
128,puf,196,356.2
128,puf,197,623.1
128,puf,198,428.1
128,puf,199,419.8
128,puf,200,389.5
128,puf,201,269.7
128,puf,202,267.4
128,puf,203,251.6
128,puf,204,250.1
128,puf,205,248.7
128,puf,206,284.7
128,puf,207,284.3
128,puf,208,289.2
128,puf,209,249.5
128,puf,210,280.5
128,puf,211,245.7
128,puf,212,245.4
128,puf,213,244.8
128,puf,214,323.6
128,puf,215,397.9
128,puf,216,273.4
128,puf,217,284.4
128,puf,218,250.4
128,puf,219,345.3
128,puf,220,324.7
128,puf,221,288.1
128,puf,222,294.1
128,puf,223,256.3
128,puf,224,310.5
128,puf,225,382.3
128,puf,226,430.8
128,puf,227,286.1
128,puf,228,259.0
128,puf,229,297.8
128,puf,230,251.0
128,puf,231,249.8
128,puf,232,247.6
128,puf,233,278.2
128,puf,234,246.8
128,puf,235,246.5
128,puf,236,262.5
128,puf,237,247.2
128,puf,238,295.6
128,puf,239,244.7
128,puf,240,249.7
128,puf,241,266.9
128,puf,242,278.0
128,puf,243,245.5
128,puf,244,302.4
128,puf,245,283.3
128,puf,246,244.4
128,puf,247,245.5
128,puf,248,261.3
128,puf,249,446.6
128,puf,250,385.5
128,puf,251,440.0
128,puf,252,341.4
128,puf,253,253.2
128,puf,254,293.7
128,puf,255,363.2
128,puf,256,280.4
128,puf,257,258.9
128,puf,258,412.1
128,puf,259,291.5
128,puf,260,259.9
128,puf,261,253.2
128,puf,262,317.2
128,puf,263,278.7
128,puf,264,251.3
128,puf,265,247.3
128,puf,266,360.9
128,puf,267,379.9
128,puf,268,285.3
128,puf,269,462.2
128,puf,270,410.5
128,puf,271,344.4
128,puf,272,2752.6
128,puf,273,368.9
128,puf,274,1387.5
128,puf,275,379.1
128,puf,276,359.8
128,puf,277,355.6
128,puf,278,345.1
128,puf,279,363.4
128,puf,280,395.8
128,puf,281,355.0
128,puf,282,380.0
128,puf,283,360.2
128,puf,284,355.8
128,puf,285,1030.6
128,puf,286,1660.1
128,puf,287,376.8
128,puf,288,358.4
128,puf,289,382.2
128,puf,290,385.9
128,puf,291,446.0
128,puf,292,581.0
128,puf,293,379.2
128,puf,294,363.2
128,puf,295,350.2
128,puf,296,422.2
128,puf,297,372.0
128,puf,298,354.6
128,puf,299,357.4
128,ss_gen,0,6.6
128,ss_gen,1,7.5
128,ss_gen,2,171.4
128,ss_gen,3,11.3
128,ss_gen,4,4.9
128,ss_gen,5,3.7
128,ss_gen,6,3.3
128,ss_gen,7,2.6
128,ss_gen,8,2.7
128,ss_gen,9,3.0
128,ss_gen,10,2.8
128,ss_gen,11,2.9
128,ss_gen,12,3.0
128,ss_gen,13,2.8
128,ss_gen,14,2.9
128,ss_gen,15,2.8
128,ss_gen,16,2.9
128,ss_gen,17,2.8
128,ss_gen,18,2.8
128,ss_gen,19,2.8
128,ss_gen,20,2.7
128,ss_gen,21,2.7
128,ss_gen,22,2.6
128,ss_gen,23,2.6
128,ss_gen,24,2.7
128,ss_gen,25,2.8
128,ss_gen,26,2.6
128,ss_gen,27,2.8
128,ss_gen,28,2.9
128,ss_gen,29,2.8
128,ss_gen,30,2.9
128,ss_gen,31,2.9
128,ss_gen,32,3.0
128,ss_gen,33,3.0
128,ss_gen,34,3.0
128,ss_gen,35,2.8
128,ss_gen,36,3.7
128,ss_gen,37,2.8
128,ss_gen,38,2.8
128,ss_gen,39,3.0
128,ss_gen,40,3.0
128,ss_gen,41,3.1
128,ss_gen,42,2.9
128,ss_gen,43,2.9
128,ss_gen,44,3.0
128,ss_gen,45,2.7
128,ss_gen,46,2.9
128,ss_gen,47,2.8
128,ss_gen,48,2.7
128,ss_gen,49,2.8
128,ss_gen,50,2.8
128,ss_gen,51,2.9
128,ss_gen,52,2.8
128,ss_gen,53,2.9
128,ss_gen,54,3.0
128,ss_gen,55,2.9
128,ss_gen,56,2.7
128,ss_gen,57,2.8
128,ss_gen,58,2.9
128,ss_gen,59,2.7
128,ss_gen,60,2.7
128,ss_gen,61,2.9
128,ss_gen,62,2.8
128,ss_gen,63,2.7
128,ss_gen,64,2.8
128,ss_gen,65,2.9
128,ss_gen,66,3.0
128,ss_gen,67,2.8
128,ss_gen,68,2.7
128,ss_gen,69,2.7
128,ss_gen,70,2.8
128,ss_gen,71,2.6
128,ss_gen,72,2.7
128,ss_gen,73,2.7
128,ss_gen,74,2.8
128,ss_gen,75,3.0
128,ss_gen,76,3.4
128,ss_gen,77,3.9
128,ss_gen,78,3.7
128,ss_gen,79,2.8
128,ss_gen,80,2.8
128,ss_gen,81,2.7
128,ss_gen,82,2.7
128,ss_gen,83,2.7
128,ss_gen,84,2.7
128,ss_gen,85,2.8
128,ss_gen,86,2.8
128,ss_gen,87,3.1
128,ss_gen,88,3.0
128,ss_gen,89,2.9
128,ss_gen,90,2.8
128,ss_gen,91,2.7
128,ss_gen,92,2.8
128,ss_gen,93,3.1
128,ss_gen,94,2.8
128,ss_gen,95,2.7
128,ss_gen,96,2.8
128,ss_gen,97,2.6
128,ss_gen,98,2.7
128,ss_gen,99,2.9
128,ss_gen,100,2.7
128,ss_gen,101,2.8
128,ss_gen,102,2.8
128,ss_gen,103,2.8
128,ss_gen,104,2.8
128,ss_gen,105,3.0
128,ss_gen,106,2.9
128,ss_gen,107,3.0
128,ss_gen,108,2.8
128,ss_gen,109,3.3
128,ss_gen,110,2.9
128,ss_gen,111,2.9
128,ss_gen,112,2.7
128,ss_gen,113,2.7
128,ss_gen,114,2.8
128,ss_gen,115,2.8
128,ss_gen,116,2.9
128,ss_gen,117,2.9
128,ss_gen,118,3.1
128,ss_gen,119,2.8
128,ss_gen,120,2.8
128,ss_gen,121,2.7
128,ss_gen,122,2.8
128,ss_gen,123,2.7
128,ss_gen,124,2.6
128,ss_gen,125,2.7
128,ss_gen,126,2.7
128,ss_gen,127,2.9
128,ss_gen,128,2.7
128,ss_gen,129,3.1
128,ss_gen,130,2.8
128,ss_gen,131,2.8
128,ss_gen,132,2.8
128,ss_gen,133,2.8
128,ss_gen,134,3.0
128,ss_gen,135,2.8
128,ss_gen,136,2.9
128,ss_gen,137,2.8
128,ss_gen,138,2.7
128,ss_gen,139,2.9
128,ss_gen,140,2.8
128,ss_gen,141,2.9
128,ss_gen,142,2.7
128,ss_gen,143,2.7
128,ss_gen,144,2.9
128,ss_gen,145,2.9
128,ss_gen,146,2.9
128,ss_gen,147,3.0
128,ss_gen,148,2.7
128,ss_gen,149,3.4
128,ss_gen,150,2.9
128,ss_gen,151,2.8
128,ss_gen,152,2.8
128,ss_gen,153,2.8
128,ss_gen,154,2.6
128,ss_gen,155,2.7
128,ss_gen,156,2.7
128,ss_gen,157,2.8
128,ss_gen,158,2.9
128,ss_gen,159,2.8
128,ss_gen,160,2.9
128,ss_gen,161,2.7
128,ss_gen,162,2.9
128,ss_gen,163,2.7
128,ss_gen,164,2.8
128,ss_gen,165,2.7
128,ss_gen,166,3.0
128,ss_gen,167,3.5
128,ss_gen,168,3.1
128,ss_gen,169,3.2
128,ss_gen,170,2.8
128,ss_gen,171,2.8
128,ss_gen,172,2.7
128,ss_gen,173,2.8
128,ss_gen,174,2.9
128,ss_gen,175,2.8
128,ss_gen,176,2.6
128,ss_gen,177,2.7
128,ss_gen,178,2.9
128,ss_gen,179,2.8
128,ss_gen,180,2.7
128,ss_gen,181,2.9
128,ss_gen,182,2.8
128,ss_gen,183,2.8
128,ss_gen,184,3.0
128,ss_gen,185,2.9
128,ss_gen,186,2.9
128,ss_gen,187,2.9
128,ss_gen,188,2.9
128,ss_gen,189,2.8
128,ss_gen,190,2.7
128,ss_gen,191,2.7
128,ss_gen,192,2.8
128,ss_gen,193,2.7
128,ss_gen,194,2.9
128,ss_gen,195,2.9
128,ss_gen,196,3.0
128,ss_gen,197,2.9
128,ss_gen,198,2.7
128,ss_gen,199,2.6
128,ss_gen,200,2.7
128,ss_gen,201,3.1
128,ss_gen,202,2.9
128,ss_gen,203,2.7
128,ss_gen,204,2.5
128,ss_gen,205,2.7
128,ss_gen,206,2.8
128,ss_gen,207,2.8
128,ss_gen,208,2.8
128,ss_gen,209,2.7
128,ss_gen,210,3.0
128,ss_gen,211,2.8
128,ss_gen,212,2.7
128,ss_gen,213,2.9
128,ss_gen,214,2.7
128,ss_gen,215,2.6
128,ss_gen,216,2.9
128,ss_gen,217,3.4
128,ss_gen,218,2.8
128,ss_gen,219,3.0
128,ss_gen,220,2.7
128,ss_gen,221,2.8
128,ss_gen,222,2.8
128,ss_gen,223,2.7
128,ss_gen,224,2.7
128,ss_gen,225,2.8
128,ss_gen,226,2.8
128,ss_gen,227,2.9
128,ss_gen,228,2.8
128,ss_gen,229,2.9
128,ss_gen,230,2.8
128,ss_gen,231,2.9
128,ss_gen,232,2.7
128,ss_gen,233,3.0
128,ss_gen,234,2.7
128,ss_gen,235,2.8
128,ss_gen,236,2.7
128,ss_gen,237,2.8
128,ss_gen,238,2.7
128,ss_gen,239,2.7
128,ss_gen,240,3.0
128,ss_gen,241,2.6
128,ss_gen,242,2.7
128,ss_gen,243,2.9
128,ss_gen,244,2.8
128,ss_gen,245,2.8
128,ss_gen,246,3.1
128,ss_gen,247,3.0
128,ss_gen,248,2.9
128,ss_gen,249,2.7
128,ss_gen,250,2.7
128,ss_gen,251,2.8
128,ss_gen,252,2.8
128,ss_gen,253,2.9
128,ss_gen,254,2.9
128,ss_gen,255,2.9
128,ss_gen,256,2.9
128,ss_gen,257,2.9
128,ss_gen,258,2.8
128,ss_gen,259,2.8
128,ss_gen,260,2.8
128,ss_gen,261,2.7
128,ss_gen,262,2.6
128,ss_gen,263,2.9
128,ss_gen,264,2.7
128,ss_gen,265,3.0
128,ss_gen,266,2.8
128,ss_gen,267,2.9
128,ss_gen,268,2.9
128,ss_gen,269,3.1
128,ss_gen,270,2.8
128,ss_gen,271,2.8
128,ss_gen,272,2.7
128,ss_gen,273,2.7
128,ss_gen,274,2.9
128,ss_gen,275,2.8
128,ss_gen,276,2.7
128,ss_gen,277,2.7
128,ss_gen,278,2.7
128,ss_gen,279,2.8
128,ss_gen,280,2.8
128,ss_gen,281,2.8
128,ss_gen,282,2.8
128,ss_gen,283,2.9
128,ss_gen,284,2.9
128,ss_gen,285,2.8
128,ss_gen,286,2.7
128,ss_gen,287,2.7
128,ss_gen,288,2.7
128,ss_gen,289,2.9
128,ss_gen,290,2.9
128,ss_gen,291,2.8
128,ss_gen,292,2.7
128,ss_gen,293,2.9
128,ss_gen,294,3.0
128,ss_gen,295,2.8
128,ss_gen,296,2.8
128,ss_gen,297,2.9
128,ss_gen,298,2.8
128,ss_gen,299,2.8
128,ss_rec,0,21.5
128,ss_rec,1,16.9
128,ss_rec,2,15.5
128,ss_rec,3,15.8
128,ss_rec,4,15.5
128,ss_rec,5,15.5
128,ss_rec,6,15.7
128,ss_rec,7,15.4
128,ss_rec,8,16.3
128,ss_rec,9,15.3
128,ss_rec,10,15.4
128,ss_rec,11,14.6
128,ss_rec,12,14.2
128,ss_rec,13,15.8
128,ss_rec,14,15.1
128,ss_rec,15,14.4
128,ss_rec,16,20.3
128,ss_rec,17,15.5
128,ss_rec,18,15.3
128,ss_rec,19,15.0
128,ss_rec,20,14.6
128,ss_rec,21,14.9
128,ss_rec,22,14.6
128,ss_rec,23,14.9
128,ss_rec,24,14.7
128,ss_rec,25,14.6
128,ss_rec,26,14.6
128,ss_rec,27,14.8
128,ss_rec,28,14.7
128,ss_rec,29,14.9
128,ss_rec,30,15.4
128,ss_rec,31,15.1
128,ss_rec,32,15.2
128,ss_rec,33,15.3
128,ss_rec,34,15.0
128,ss_rec,35,16.8
128,ss_rec,36,14.7
128,ss_rec,37,14.9
128,ss_rec,38,15.0
128,ss_rec,39,14.9
128,ss_rec,40,15.0
128,ss_rec,41,14.8
128,ss_rec,42,594.1
128,ss_rec,43,26.4
128,ss_rec,44,18.7
128,ss_rec,45,16.2
128,ss_rec,46,15.2
128,ss_rec,47,16.5
128,ss_rec,48,15.7
128,ss_rec,49,15.2
128,ss_rec,50,14.5
128,ss_rec,51,14.6
128,ss_rec,52,14.5
128,ss_rec,53,15.1
128,ss_rec,54,14.5
128,ss_rec,55,14.8
128,ss_rec,56,15.2
128,ss_rec,57,15.0
128,ss_rec,58,15.4
128,ss_rec,59,15.6
128,ss_rec,60,15.2
128,ss_rec,61,15.3
128,ss_rec,62,14.9
128,ss_rec,63,15.4
128,ss_rec,64,14.9
128,ss_rec,65,15.8
128,ss_rec,66,15.2
128,ss_rec,67,15.2
128,ss_rec,68,15.0
128,ss_rec,69,15.3
128,ss_rec,70,15.0
128,ss_rec,71,15.4
128,ss_rec,72,15.2
128,ss_rec,73,15.0
128,ss_rec,74,16.4
128,ss_rec,75,14.9
128,ss_rec,76,14.7
128,ss_rec,77,15.0
128,ss_rec,78,15.1
128,ss_rec,79,15.0
128,ss_rec,80,15.1
128,ss_rec,81,15.5
128,ss_rec,82,15.6
128,ss_rec,83,14.8
128,ss_rec,84,14.6
128,ss_rec,85,14.8
128,ss_rec,86,14.9
128,ss_rec,87,15.3
128,ss_rec,88,15.3
128,ss_rec,89,14.4
128,ss_rec,90,14.6
128,ss_rec,91,14.7
128,ss_rec,92,14.9
128,ss_rec,93,14.9
128,ss_rec,94,15.1
128,ss_rec,95,15.2
128,ss_rec,96,15.4
128,ss_rec,97,14.2
128,ss_rec,98,14.5
128,ss_rec,99,14.6
128,ss_rec,100,14.7
128,ss_rec,101,14.7
128,ss_rec,102,14.5
128,ss_rec,103,14.6
128,ss_rec,104,14.1
128,ss_rec,105,14.5
128,ss_rec,106,14.7
128,ss_rec,107,15.2
128,ss_rec,108,14.8
128,ss_rec,109,15.3
128,ss_rec,110,15.4
128,ss_rec,111,15.0
128,ss_rec,112,14.8
128,ss_rec,113,15.0
128,ss_rec,114,15.0
128,ss_rec,115,16.5
128,ss_rec,116,15.0
128,ss_rec,117,15.3
128,ss_rec,118,14.7
128,ss_rec,119,15.0
128,ss_rec,120,15.4
128,ss_rec,121,15.0
128,ss_rec,122,15.1
128,ss_rec,123,15.4
128,ss_rec,124,14.9
128,ss_rec,125,15.0
128,ss_rec,126,15.2
128,ss_rec,127,15.0
128,ss_rec,128,14.7
128,ss_rec,129,15.4
128,ss_rec,130,14.9
128,ss_rec,131,15.3
128,ss_rec,132,16.7
128,ss_rec,133,22.2
128,ss_rec,134,21.1
128,ss_rec,135,16.8
128,ss_rec,136,15.4
128,ss_rec,137,15.7
128,ss_rec,138,14.1
128,ss_rec,139,14.8
128,ss_rec,140,15.8
128,ss_rec,141,14.2
128,ss_rec,142,14.3
128,ss_rec,143,14.8
128,ss_rec,144,15.1
128,ss_rec,145,15.2
128,ss_rec,146,15.5
128,ss_rec,147,15.2
128,ss_rec,148,15.9
128,ss_rec,149,15.7
128,ss_rec,150,16.3
128,ss_rec,151,14.9
128,ss_rec,152,16.3
128,ss_rec,153,14.7
128,ss_rec,154,15.0
128,ss_rec,155,14.9
128,ss_rec,156,14.8
128,ss_rec,157,14.5
128,ss_rec,158,15.3
128,ss_rec,159,14.7
128,ss_rec,160,34.8
128,ss_rec,161,15.0
128,ss_rec,162,13.5
128,ss_rec,163,14.9
128,ss_rec,164,14.5
128,ss_rec,165,14.7
128,ss_rec,166,14.5
128,ss_rec,167,14.5
128,ss_rec,168,14.9
128,ss_rec,169,14.7
128,ss_rec,170,14.9
128,ss_rec,171,14.6
128,ss_rec,172,15.0
128,ss_rec,173,14.9
128,ss_rec,174,14.3
128,ss_rec,175,14.3
128,ss_rec,176,14.6
128,ss_rec,177,14.5
128,ss_rec,178,14.2
128,ss_rec,179,14.2
128,ss_rec,180,14.4
128,ss_rec,181,14.3
128,ss_rec,182,14.4
128,ss_rec,183,13.9
128,ss_rec,184,14.1
128,ss_rec,185,15.2
128,ss_rec,186,15.1
128,ss_rec,187,14.7
128,ss_rec,188,14.8
128,ss_rec,189,14.9
128,ss_rec,190,14.8
128,ss_rec,191,15.0
128,ss_rec,192,15.1
128,ss_rec,193,15.3
128,ss_rec,194,15.0
128,ss_rec,195,14.6
128,ss_rec,196,14.9
128,ss_rec,197,14.4
128,ss_rec,198,14.5
128,ss_rec,199,14.4
128,ss_rec,200,13.9
128,ss_rec,201,14.8
128,ss_rec,202,15.2
128,ss_rec,203,15.4
128,ss_rec,204,14.5
128,ss_rec,205,14.6
128,ss_rec,206,14.7
128,ss_rec,207,15.1
128,ss_rec,208,14.7
128,ss_rec,209,14.9
128,ss_rec,210,15.1
128,ss_rec,211,14.7
128,ss_rec,212,14.6
128,ss_rec,213,14.5
128,ss_rec,214,14.5
128,ss_rec,215,14.4
128,ss_rec,216,14.5
128,ss_rec,217,14.6
128,ss_rec,218,15.0
128,ss_rec,219,14.9
128,ss_rec,220,14.6
128,ss_rec,221,14.2
128,ss_rec,222,14.5
128,ss_rec,223,14.6
128,ss_rec,224,15.0
128,ss_rec,225,15.1
128,ss_rec,226,14.7
128,ss_rec,227,15.0
128,ss_rec,228,15.0
128,ss_rec,229,15.4
128,ss_rec,230,15.7
128,ss_rec,231,15.2
128,ss_rec,232,14.9
128,ss_rec,233,14.4
128,ss_rec,234,14.8
128,ss_rec,235,14.8
128,ss_rec,236,15.1
128,ss_rec,237,15.1
128,ss_rec,238,15.0
128,ss_rec,239,15.1
128,ss_rec,240,15.2
128,ss_rec,241,15.1
128,ss_rec,242,14.7
128,ss_rec,243,14.3
128,ss_rec,244,14.8
128,ss_rec,245,15.2
128,ss_rec,246,15.4
128,ss_rec,247,14.9
128,ss_rec,248,14.9
128,ss_rec,249,14.9
128,ss_rec,250,15.1
128,ss_rec,251,173.7
128,ss_rec,252,24.9
128,ss_rec,253,18.5
128,ss_rec,254,17.3
128,ss_rec,255,16.2
128,ss_rec,256,15.3
128,ss_rec,257,15.7
128,ss_rec,258,15.0
128,ss_rec,259,15.3
128,ss_rec,260,16.6
128,ss_rec,261,15.6
128,ss_rec,262,15.8
128,ss_rec,263,17.3
128,ss_rec,264,17.9
128,ss_rec,265,15.3
128,ss_rec,266,17.8
128,ss_rec,267,16.6
128,ss_rec,268,15.7
128,ss_rec,269,16.3
128,ss_rec,270,16.2
128,ss_rec,271,17.4
128,ss_rec,272,15.8
128,ss_rec,273,16.2
128,ss_rec,274,16.1
128,ss_rec,275,17.2
128,ss_rec,276,16.9
128,ss_rec,277,16.2
128,ss_rec,278,15.3
128,ss_rec,279,15.8
128,ss_rec,280,15.6
128,ss_rec,281,14.8
128,ss_rec,282,14.1
128,ss_rec,283,14.5
128,ss_rec,284,15.4
128,ss_rec,285,14.1
128,ss_rec,286,121.3
128,ss_rec,287,33.2
128,ss_rec,288,20.7
128,ss_rec,289,18.0
128,ss_rec,290,16.7
128,ss_rec,291,15.9
128,ss_rec,292,15.4
128,ss_rec,293,15.8
128,ss_rec,294,15.7
128,ss_rec,295,16.8
128,ss_rec,296,15.7
128,ss_rec,297,15.2
128,ss_rec,298,15.6
128,ss_rec,299,15.3
128,rand,0,29.1
128,rand,1,19.0
128,rand,2,19.7
128,rand,3,17.7
128,rand,4,15.1
128,rand,5,26.3
128,rand,6,23.3
128,rand,7,17.7
128,rand,8,15.1
128,rand,9,15.5
128,rand,10,15.3
128,rand,11,14.8
128,rand,12,15.3
128,rand,13,15.4
128,rand,14,15.0
128,rand,15,14.4
128,rand,16,14.8
128,rand,17,15.1
128,rand,18,15.1
128,rand,19,15.5
128,rand,20,15.5
128,rand,21,15.3
128,rand,22,14.4
128,rand,23,15.1
128,rand,24,16.3
128,rand,25,15.0
128,rand,26,15.0
128,rand,27,15.5
128,rand,28,15.3
128,rand,29,15.7
128,rand,30,17.4
128,rand,31,15.7
128,rand,32,14.5
128,rand,33,15.2
128,rand,34,14.5
128,rand,35,15.0
128,rand,36,14.6
128,rand,37,14.8
128,rand,38,14.4
128,rand,39,14.7
128,rand,40,14.9
128,rand,41,14.9
128,rand,42,14.3
128,rand,43,15.0
128,rand,44,14.8
128,rand,45,14.6
128,rand,46,14.7
128,rand,47,14.6
128,rand,48,15.2
128,rand,49,14.9
128,rand,50,14.5
128,rand,51,14.2
128,rand,52,14.3
128,rand,53,14.8
128,rand,54,14.4
128,rand,55,14.5
128,rand,56,14.6
128,rand,57,14.2
128,rand,58,14.7
128,rand,59,15.1
128,rand,60,14.9
128,rand,61,14.6
128,rand,62,14.6
128,rand,63,15.0
128,rand,64,14.7
128,rand,65,15.1
128,rand,66,15.2
128,rand,67,15.0
128,rand,68,15.4
128,rand,69,15.2
128,rand,70,15.1
128,rand,71,15.1
128,rand,72,15.3
128,rand,73,15.1
128,rand,74,15.0
128,rand,75,14.7
128,rand,76,14.9
128,rand,77,15.3
128,rand,78,14.9
128,rand,79,14.8
128,rand,80,14.5
128,rand,81,14.7
128,rand,82,15.0
128,rand,83,14.5
128,rand,84,15.3
128,rand,85,15.0
128,rand,86,14.5
128,rand,87,14.8
128,rand,88,14.6
128,rand,89,14.7
128,rand,90,15.3
128,rand,91,15.0
128,rand,92,15.0
128,rand,93,15.5
128,rand,94,14.9
128,rand,95,15.1
128,rand,96,14.7
128,rand,97,15.3
128,rand,98,14.7
128,rand,99,15.1
128,rand,100,15.3
128,rand,101,15.0
128,rand,102,14.7
128,rand,103,14.8
128,rand,104,14.8
128,rand,105,14.8
128,rand,106,14.8
128,rand,107,14.7
128,rand,108,15.2
128,rand,109,15.5
128,rand,110,15.8
128,rand,111,15.2
128,rand,112,14.8
128,rand,113,15.0
128,rand,114,15.1
128,rand,115,14.5
128,rand,116,15.4
128,rand,117,15.0
128,rand,118,15.2
128,rand,119,34.4
128,rand,120,15.4
128,rand,121,15.7
128,rand,122,15.0
128,rand,123,15.2
128,rand,124,15.3
128,rand,125,15.2
128,rand,126,15.7
128,rand,127,17.6
128,rand,128,16.6
128,rand,129,27.0
128,rand,130,22.9
128,rand,131,16.3
128,rand,132,67.6
128,rand,133,30.1
128,rand,134,17.9
128,rand,135,15.1
128,rand,136,15.0
128,rand,137,15.3
128,rand,138,14.9
128,rand,139,14.9
128,rand,140,15.0
128,rand,141,14.9
128,rand,142,14.7
128,rand,143,15.3
128,rand,144,15.5
128,rand,145,14.7
128,rand,146,14.9
128,rand,147,15.5
128,rand,148,15.3
128,rand,149,15.8
128,rand,150,15.0
128,rand,151,15.2
128,rand,152,14.7
128,rand,153,14.5
128,rand,154,15.2
128,rand,155,14.2
128,rand,156,14.5
128,rand,157,15.0
128,rand,158,14.6
128,rand,159,14.9
128,rand,160,14.6
128,rand,161,15.2
128,rand,162,15.3
128,rand,163,15.9
128,rand,164,14.6
128,rand,165,15.1
128,rand,166,14.9
128,rand,167,14.8
128,rand,168,15.2
128,rand,169,14.9
128,rand,170,15.2
128,rand,171,15.0
128,rand,172,14.9
128,rand,173,15.3
128,rand,174,15.1
128,rand,175,15.0
128,rand,176,14.5
128,rand,177,14.4
128,rand,178,15.2
128,rand,179,15.1
128,rand,180,15.0
128,rand,181,14.5
128,rand,182,14.8
128,rand,183,15.1
128,rand,184,14.9
128,rand,185,14.9
128,rand,186,14.8
128,rand,187,15.3
128,rand,188,15.1
128,rand,189,14.7
128,rand,190,15.0
128,rand,191,15.9
128,rand,192,15.0
128,rand,193,15.2
128,rand,194,15.0
128,rand,195,15.3
128,rand,196,15.4
128,rand,197,15.4
128,rand,198,15.3
128,rand,199,14.6
128,rand,200,14.3
128,rand,201,15.0
128,rand,202,14.9
128,rand,203,15.4
128,rand,204,15.3
128,rand,205,15.2
128,rand,206,15.0
128,rand,207,14.8
128,rand,208,15.3
128,rand,209,15.3
128,rand,210,15.3
128,rand,211,165.5
128,rand,212,18.9
128,rand,213,15.7
128,rand,214,15.7
128,rand,215,15.2
128,rand,216,14.8
128,rand,217,15.3
128,rand,218,15.6
128,rand,219,15.6
128,rand,220,14.9
128,rand,221,14.8
128,rand,222,15.0
128,rand,223,15.5
128,rand,224,15.4
128,rand,225,15.3
128,rand,226,15.3
128,rand,227,14.9
128,rand,228,14.7
128,rand,229,16.1
128,rand,230,18.6
128,rand,231,15.2
128,rand,232,15.2
128,rand,233,15.8
128,rand,234,15.1
128,rand,235,15.0
128,rand,236,15.5
128,rand,237,27.1
128,rand,238,62.4
128,rand,239,27.6
128,rand,240,21.4
128,rand,241,20.2
128,rand,242,17.8
128,rand,243,18.1
128,rand,244,19.1
128,rand,245,18.7
128,rand,246,1469.1
128,rand,247,33.6
128,rand,248,20.1
128,rand,249,17.7
128,rand,250,16.8
128,rand,251,17.1
128,rand,252,16.5
128,rand,253,17.4
128,rand,254,18.0
128,rand,255,18.6
128,rand,256,17.6
128,rand,257,17.5
128,rand,258,19.7
128,rand,259,17.2
128,rand,260,16.4
128,rand,261,17.9
128,rand,262,17.0
128,rand,263,38.4
128,rand,264,136.3
128,rand,265,23.7
128,rand,266,18.3
128,rand,267,17.1
128,rand,268,16.2
128,rand,269,16.6
128,rand,270,15.8
128,rand,271,15.5
128,rand,272,15.8
128,rand,273,15.8
128,rand,274,15.5
128,rand,275,15.3
128,rand,276,15.3
128,rand,277,14.6
128,rand,278,15.3
128,rand,279,16.8
128,rand,280,14.7
128,rand,281,15.3
128,rand,282,16.0
128,rand,283,15.3
128,rand,284,15.0
128,rand,285,18.7
128,rand,286,18.1
128,rand,287,17.6
128,rand,288,15.4
128,rand,289,15.2
128,rand,290,15.5
128,rand,291,15.2
128,rand,292,15.1
128,rand,293,15.3
128,rand,294,14.9
128,rand,295,15.3
128,rand,296,15.2
128,rand,297,15.2
128,rand,298,15.6
128,rand,299,15.0
128,mod_inv,0,63.4
128,mod_inv,1,59.4
128,mod_inv,2,58.1
128,mod_inv,3,53.9
128,mod_inv,4,54.3
128,mod_inv,5,60.6
128,mod_inv,6,57.4
128,mod_inv,7,54.4
128,mod_inv,8,54.3
128,mod_inv,9,56.8
128,mod_inv,10,54.6
128,mod_inv,11,54.1
128,mod_inv,12,55.0
128,mod_inv,13,70.0
128,mod_inv,14,55.3
128,mod_inv,15,56.1
128,mod_inv,16,55.1
128,mod_inv,17,54.5
128,mod_inv,18,54.2
128,mod_inv,19,54.1
128,mod_inv,20,54.2
128,mod_inv,21,53.9
128,mod_inv,22,54.5
128,mod_inv,23,55.5
128,mod_inv,24,54.4
128,mod_inv,25,54.0
128,mod_inv,26,53.6
128,mod_inv,27,57.0
128,mod_inv,28,56.6
128,mod_inv,29,53.2
128,mod_inv,30,52.4
128,mod_inv,31,50.9
128,mod_inv,32,53.0
128,mod_inv,33,53.6
128,mod_inv,34,55.7
128,mod_inv,35,54.6
128,mod_inv,36,53.4
128,mod_inv,37,53.9
128,mod_inv,38,55.9
128,mod_inv,39,54.9
128,mod_inv,40,54.4
128,mod_inv,41,55.0
128,mod_inv,42,53.8
128,mod_inv,43,54.7
128,mod_inv,44,55.9
128,mod_inv,45,60.5
128,mod_inv,46,58.5
128,mod_inv,47,56.5
128,mod_inv,48,56.1
128,mod_inv,49,86.7
128,mod_inv,50,56.4
128,mod_inv,51,55.7
128,mod_inv,52,56.2
128,mod_inv,53,55.3
128,mod_inv,54,56.6
128,mod_inv,55,55.5
128,mod_inv,56,56.5
128,mod_inv,57,54.8
128,mod_inv,58,55.9
128,mod_inv,59,56.9
128,mod_inv,60,56.0
128,mod_inv,61,56.2
128,mod_inv,62,55.6
128,mod_inv,63,54.8
128,mod_inv,64,56.1
128,mod_inv,65,57.8
128,mod_inv,66,55.6
128,mod_inv,67,56.5
128,mod_inv,68,57.5
128,mod_inv,69,56.1
128,mod_inv,70,55.9
128,mod_inv,71,56.6
128,mod_inv,72,58.4
128,mod_inv,73,56.7
128,mod_inv,74,56.8
128,mod_inv,75,56.4
128,mod_inv,76,56.7
128,mod_inv,77,56.1
128,mod_inv,78,55.7
128,mod_inv,79,57.4
128,mod_inv,80,56.3
128,mod_inv,81,56.3
128,mod_inv,82,57.2
128,mod_inv,83,72.7
128,mod_inv,84,57.3
128,mod_inv,85,56.9
128,mod_inv,86,55.3
128,mod_inv,87,56.2
128,mod_inv,88,56.6
128,mod_inv,89,55.7
128,mod_inv,90,55.7
128,mod_inv,91,55.7
128,mod_inv,92,55.9
128,mod_inv,93,57.2
128,mod_inv,94,56.4
128,mod_inv,95,56.2
128,mod_inv,96,56.6
128,mod_inv,97,56.5
128,mod_inv,98,59.4
128,mod_inv,99,59.8
128,mod_inv,100,56.3
128,mod_inv,101,55.2
128,mod_inv,102,57.0
128,mod_inv,103,56.9
128,mod_inv,104,56.5
128,mod_inv,105,57.3
128,mod_inv,106,57.3
128,mod_inv,107,56.2
128,mod_inv,108,55.9
128,mod_inv,109,55.9
128,mod_inv,110,56.8
128,mod_inv,111,56.9
128,mod_inv,112,455.5
128,mod_inv,113,70.1
128,mod_inv,114,62.1
128,mod_inv,115,60.8
128,mod_inv,116,56.8
128,mod_inv,117,57.3
128,mod_inv,118,57.8
128,mod_inv,119,56.9
128,mod_inv,120,57.7
128,mod_inv,121,171.1
128,mod_inv,122,59.0
128,mod_inv,123,56.9
128,mod_inv,124,55.9
128,mod_inv,125,97.5
128,mod_inv,126,67.0
128,mod_inv,127,57.4
128,mod_inv,128,56.3
128,mod_inv,129,56.9
128,mod_inv,130,56.9
128,mod_inv,131,56.7
128,mod_inv,132,56.5
128,mod_inv,133,57.0
128,mod_inv,134,56.9
128,mod_inv,135,56.3
128,mod_inv,136,57.4
128,mod_inv,137,92.7
128,mod_inv,138,53.1
128,mod_inv,139,53.2
128,mod_inv,140,56.1
128,mod_inv,141,135.6
128,mod_inv,142,67.3
128,mod_inv,143,58.0
128,mod_inv,144,51.0
128,mod_inv,145,50.8
128,mod_inv,146,48.4
128,mod_inv,147,48.2
128,mod_inv,148,47.9
128,mod_inv,149,48.3
128,mod_inv,150,47.5
128,mod_inv,151,51.7
128,mod_inv,152,56.2
128,mod_inv,153,57.1
128,mod_inv,154,57.8
128,mod_inv,155,57.9
128,mod_inv,156,56.7
128,mod_inv,157,57.9
128,mod_inv,158,53.1
128,mod_inv,159,57.4
128,mod_inv,160,56.0
128,mod_inv,161,51.9
128,mod_inv,162,56.0
128,mod_inv,163,55.3
128,mod_inv,164,54.6
128,mod_inv,165,56.1
128,mod_inv,166,51.7
128,mod_inv,167,55.2
128,mod_inv,168,56.3
128,mod_inv,169,51.0
128,mod_inv,170,56.2
128,mod_inv,171,56.1
128,mod_inv,172,56.0
128,mod_inv,173,56.6
128,mod_inv,174,57.1
128,mod_inv,175,56.3
128,mod_inv,176,127.0
128,mod_inv,177,64.3
128,mod_inv,178,61.1
128,mod_inv,179,57.1
128,mod_inv,180,56.3
128,mod_inv,181,56.6
128,mod_inv,182,55.6
128,mod_inv,183,54.7
128,mod_inv,184,55.1
128,mod_inv,185,54.7
128,mod_inv,186,55.7
128,mod_inv,187,55.4
128,mod_inv,188,56.1
128,mod_inv,189,54.1
128,mod_inv,190,56.1
128,mod_inv,191,55.0
128,mod_inv,192,95.2
128,mod_inv,193,63.8
128,mod_inv,194,61.5
128,mod_inv,195,55.9
128,mod_inv,196,54.8
128,mod_inv,197,54.5
128,mod_inv,198,55.7
128,mod_inv,199,52.9
128,mod_inv,200,55.7
128,mod_inv,201,56.2
128,mod_inv,202,54.9
128,mod_inv,203,54.2
128,mod_inv,204,56.9
128,mod_inv,205,58.1
128,mod_inv,206,55.4
128,mod_inv,207,54.9
128,mod_inv,208,58.8
128,mod_inv,209,60.1
128,mod_inv,210,77.0
128,mod_inv,211,59.0
128,mod_inv,212,56.6
128,mod_inv,213,56.2
128,mod_inv,214,54.8
128,mod_inv,215,55.4
128,mod_inv,216,55.9
128,mod_inv,217,54.6
128,mod_inv,218,54.5
128,mod_inv,219,55.9
128,mod_inv,220,54.3
128,mod_inv,221,54.2
128,mod_inv,222,55.4
128,mod_inv,223,55.3
128,mod_inv,224,54.6
128,mod_inv,225,53.3
128,mod_inv,226,54.8
128,mod_inv,227,101.4
128,mod_inv,228,66.6
128,mod_inv,229,60.8
128,mod_inv,230,62.8
128,mod_inv,231,57.8
128,mod_inv,232,56.0
128,mod_inv,233,56.1
128,mod_inv,234,56.4
128,mod_inv,235,56.3
128,mod_inv,236,55.7
128,mod_inv,237,56.4
128,mod_inv,238,57.5
128,mod_inv,239,56.8
128,mod_inv,240,54.5
128,mod_inv,241,56.1
128,mod_inv,242,57.5
128,mod_inv,243,55.2
128,mod_inv,244,67.9
128,mod_inv,245,55.5
128,mod_inv,246,55.4
128,mod_inv,247,55.0
128,mod_inv,248,55.3
128,mod_inv,249,57.2
128,mod_inv,250,56.4
128,mod_inv,251,56.1
128,mod_inv,252,58.9
128,mod_inv,253,90.4
128,mod_inv,254,58.5
128,mod_inv,255,57.6
128,mod_inv,256,58.1
128,mod_inv,257,58.0
128,mod_inv,258,57.4
128,mod_inv,259,94.2
128,mod_inv,260,66.6
128,mod_inv,261,59.6
128,mod_inv,262,57.1
128,mod_inv,263,57.5
128,mod_inv,264,57.1
128,mod_inv,265,57.1
128,mod_inv,266,54.7
128,mod_inv,267,56.1
128,mod_inv,268,56.4
128,mod_inv,269,56.7
128,mod_inv,270,55.9
128,mod_inv,271,55.9
128,mod_inv,272,54.2
128,mod_inv,273,57.1
128,mod_inv,274,56.2
128,mod_inv,275,57.9
128,mod_inv,276,56.6
128,mod_inv,277,66.4
128,mod_inv,278,56.1
128,mod_inv,279,55.6
128,mod_inv,280,55.2
128,mod_inv,281,56.2
128,mod_inv,282,55.2
128,mod_inv,283,55.1
128,mod_inv,284,55.3
128,mod_inv,285,56.8
128,mod_inv,286,57.1
128,mod_inv,287,55.3
128,mod_inv,288,55.2
128,mod_inv,289,56.7
128,mod_inv,290,56.7
128,mod_inv,291,56.2
128,mod_inv,292,56.3
128,mod_inv,293,95.6
128,mod_inv,294,64.5
128,mod_inv,295,61.5
128,mod_inv,296,60.4
128,mod_inv,297,60.5
128,mod_inv,298,57.1
128,mod_inv,299,54.3
192,point_mul,0,9961.8
192,point_mul,1,7847.0
192,point_mul,2,8728.7
192,point_mul,3,8503.6
192,point_mul,4,9970.9
192,point_mul,5,10958.5
192,point_mul,6,9493.5
192,point_mul,7,8315.6
192,point_mul,8,7810.6
192,point_mul,9,7690.6
192,point_mul,10,7889.2
192,point_mul,11,7603.9
192,point_mul,12,8335.3
192,point_mul,13,9214.3
192,point_mul,14,7628.7
192,point_mul,15,7817.2
192,point_mul,16,8054.6
192,point_mul,17,7550.3
192,point_mul,18,7733.0
192,point_mul,19,7537.6
192,point_mul,20,7955.4
192,point_mul,21,7242.9
192,point_mul,22,8199.5
192,point_mul,23,7652.2
192,point_mul,24,7974.0
192,point_mul,25,7239.8
192,point_mul,26,7304.6
192,point_mul,27,7172.1
192,point_mul,28,8160.8
192,point_mul,29,7837.8
192,point_mul,30,7876.4
192,point_mul,31,7793.4
192,point_mul,32,7798.7
192,point_mul,33,7786.7
192,point_mul,34,8308.0
192,point_mul,35,7700.5
192,point_mul,36,8487.3
192,point_mul,37,7827.4
192,point_mul,38,8080.9
192,point_mul,39,7762.5
192,point_mul,40,7690.5
192,point_mul,41,9456.7
192,point_mul,42,8347.1
192,point_mul,43,8126.1
192,point_mul,44,8244.7
192,point_mul,45,8071.4
192,point_mul,46,8072.4
192,point_mul,47,7826.4
192,point_mul,48,7951.4
192,point_mul,49,7952.0
192,point_mul,50,8474.1
192,point_mul,51,8474.1
192,point_mul,52,8537.8
192,point_mul,53,8040.5
192,point_mul,54,7815.5
192,point_mul,55,7993.4
192,point_mul,56,7935.1
192,point_mul,57,7938.5
192,point_mul,58,8531.7
192,point_mul,59,8343.0
192,point_mul,60,7814.6
192,point_mul,61,8083.7
192,point_mul,62,7238.6
192,point_mul,63,7885.3
192,point_mul,64,7508.2
192,point_mul,65,7847.0
192,point_mul,66,7926.4
192,point_mul,67,9098.9
192,point_mul,68,8195.2
192,point_mul,69,8887.6
192,point_mul,70,7477.9
192,point_mul,71,7868.3
192,point_mul,72,8154.6
192,point_mul,73,8444.7
192,point_mul,74,7830.3
192,point_mul,75,7630.8
192,point_mul,76,8695.3
192,point_mul,77,8380.9
192,point_mul,78,8314.9
192,point_mul,79,8157.5
192,point_mul,80,8302.5
192,point_mul,81,7843.9
192,point_mul,82,8763.8
192,point_mul,83,8998.9
192,point_mul,84,8460.2
192,point_mul,85,8634.9
192,point_mul,86,7757.9
192,point_mul,87,7578.1
192,point_mul,88,7924.2
192,point_mul,89,7581.6
192,point_mul,90,8013.3
192,point_mul,91,7877.1
192,point_mul,92,8301.0
192,point_mul,93,8158.1
192,point_mul,94,7872.3
192,point_mul,95,8160.3
192,point_mul,96,8080.6
192,point_mul,97,7740.4
192,point_mul,98,7571.5
192,point_mul,99,7661.6
192,point_mul,100,9019.3
192,point_mul,101,7603.4
192,point_mul,102,8118.4
192,point_mul,103,8737.2
192,point_mul,104,8231.6
192,point_mul,105,7861.0
192,point_mul,106,7842.8
192,point_mul,107,8077.8
192,point_mul,108,8107.1
192,point_mul,109,7926.4
192,point_mul,110,7686.7
192,point_mul,111,8030.8
192,point_mul,112,7656.9
192,point_mul,113,8699.4
192,point_mul,114,8078.8
192,point_mul,115,8156.8
192,point_mul,116,8185.0
192,point_mul,117,8102.4
192,point_mul,118,8419.6
192,point_mul,119,7814.5
192,point_mul,120,7874.9
192,point_mul,121,8947.0
192,point_mul,122,8095.4
192,point_mul,123,8197.7
192,point_mul,124,7698.0
192,point_mul,125,8360.0
192,point_mul,126,8018.3
192,point_mul,127,8482.1
192,point_mul,128,7773.6
192,point_mul,129,8669.7
192,point_mul,130,8185.6
192,point_mul,131,7855.6
192,point_mul,132,8432.4
192,point_mul,133,8307.1
192,point_mul,134,7979.0
192,point_mul,135,7703.5
192,point_mul,136,7871.2
192,point_mul,137,7665.5
192,point_mul,138,8203.1
192,point_mul,139,8396.6
192,point_mul,140,8064.6
192,point_mul,141,8003.8
192,point_mul,142,8275.8
192,point_mul,143,7608.0
192,point_mul,144,8184.7
192,point_mul,145,8127.1
192,point_mul,146,8007.8
192,point_mul,147,7577.4
192,point_mul,148,7749.4
192,point_mul,149,7595.2
192,point_mul,150,7606.5
192,point_mul,151,7531.9
192,point_mul,152,7818.7
192,point_mul,153,7684.0
192,point_mul,154,7710.0
192,point_mul,155,7841.0
192,point_mul,156,8013.9
192,point_mul,157,7951.4
192,point_mul,158,8052.5
192,point_mul,159,7410.0
192,point_mul,160,8239.0
192,point_mul,161,7750.1
192,point_mul,162,7580.0
192,point_mul,163,7814.6
192,point_mul,164,7919.9
192,point_mul,165,7680.0
192,point_mul,166,8346.2
192,point_mul,167,8097.3
192,point_mul,168,7839.1
192,point_mul,169,7763.0
192,point_mul,170,8074.4
192,point_mul,171,8067.6
192,point_mul,172,7695.8
192,point_mul,173,7707.2
192,point_mul,174,7816.3
192,point_mul,175,7963.3
192,point_mul,176,7949.1
192,point_mul,177,7473.4
192,point_mul,178,8487.8
192,point_mul,179,10428.4
192,point_mul,180,11140.6
192,point_mul,181,9345.7
192,point_mul,182,8427.5
192,point_mul,183,7887.5
192,point_mul,184,7915.8
192,point_mul,185,8102.6
192,point_mul,186,8040.2
192,point_mul,187,7548.0
192,point_mul,188,7590.9
192,point_mul,189,7790.4
192,point_mul,190,7711.6
192,point_mul,191,8449.2
192,point_mul,192,7793.6
192,point_mul,193,7666.1
192,point_mul,194,8085.7
192,point_mul,195,8153.6
192,point_mul,196,7601.7
192,point_mul,197,7749.4
192,point_mul,198,7987.5
192,point_mul,199,9308.5
192,point_mul,200,7662.1
192,point_mul,201,8627.3
192,point_mul,202,8032.8
192,point_mul,203,7924.9
192,point_mul,204,8147.1
192,point_mul,205,7624.7
192,point_mul,206,7992.0
192,point_mul,207,7637.0
192,point_mul,208,7905.7
192,point_mul,209,8264.0
192,point_mul,210,7844.3
192,point_mul,211,8377.8
192,point_mul,212,7889.1
192,point_mul,213,7692.3
192,point_mul,214,7745.6
192,point_mul,215,7518.5
192,point_mul,216,7812.0
192,point_mul,217,7682.0
192,point_mul,218,7873.6
192,point_mul,219,7619.5
192,point_mul,220,8519.1
192,point_mul,221,8355.4
192,point_mul,222,8344.3
192,point_mul,223,8472.4
192,point_mul,224,7901.9
192,point_mul,225,8221.7
192,point_mul,226,8637.9
192,point_mul,227,8408.5
192,point_mul,228,8060.5
192,point_mul,229,8351.0
192,point_mul,230,8272.8
192,point_mul,231,8806.7
192,point_mul,232,8106.2
192,point_mul,233,9646.2
192,point_mul,234,8147.7
192,point_mul,235,12011.3
192,point_mul,236,21449.0
192,point_mul,237,11614.2
192,point_mul,238,11691.5
192,point_mul,239,13841.0
192,point_mul,240,14193.4
192,point_mul,241,17026.8
192,point_mul,242,14074.2
192,point_mul,243,11234.0
192,point_mul,244,11344.3
192,point_mul,245,11398.2
192,point_mul,246,12777.4
192,point_mul,247,19620.4
192,point_mul,248,11495.2
192,point_mul,249,9134.2
192,point_mul,250,9130.8
192,point_mul,251,9836.8
192,point_mul,252,11635.5
192,point_mul,253,11543.9
192,point_mul,254,10137.5
192,point_mul,255,8771.0
192,point_mul,256,8369.8
192,point_mul,257,10509.5
192,point_mul,258,10389.5
192,point_mul,259,10533.1
192,point_mul,260,9678.8
192,point_mul,261,10371.7
192,point_mul,262,8084.8
192,point_mul,263,9861.5
192,point_mul,264,10188.6
192,point_mul,265,8968.9
192,point_mul,266,8645.4
192,point_mul,267,10263.1
192,point_mul,268,10330.5
192,point_mul,269,9476.9
192,point_mul,270,10363.5
192,point_mul,271,10776.3
192,point_mul,272,9630.7
192,point_mul,273,10899.6
192,point_mul,274,11803.1
192,point_mul,275,10954.9
192,point_mul,276,10469.5
192,point_mul,277,12881.8
192,point_mul,278,10918.3
192,point_mul,279,10717.3
192,point_mul,280,11424.3
192,point_mul,281,10603.7
192,point_mul,282,11366.8
192,point_mul,283,12461.2
192,point_mul,284,16513.3
192,point_mul,285,15244.9
192,point_mul,286,13806.2
192,point_mul,287,15970.0
192,point_mul,288,13953.5
192,point_mul,289,17004.5
192,point_mul,290,14978.5
192,point_mul,291,13686.4
192,point_mul,292,12572.4
192,point_mul,293,12288.3
192,point_mul,294,12031.8
192,point_mul,295,11616.0
192,point_mul,296,11970.7
192,point_mul,297,11409.7
192,point_mul,298,12064.1
192,point_mul,299,11897.5
192,point_mul_generator,0,3396.3
192,point_mul_generator,1,3022.8
192,point_mul_generator,2,3142.7
192,point_mul_generator,3,2854.6
192,point_mul_generator,4,2603.3
192,point_mul_generator,5,3465.4
192,point_mul_generator,6,2982.3
192,point_mul_generator,7,2625.1
192,point_mul_generator,8,2489.4
192,point_mul_generator,9,2361.8
192,point_mul_generator,10,2788.0
192,point_mul_generator,11,2467.9
192,point_mul_generator,12,2710.1
192,point_mul_generator,13,2966.4
192,point_mul_generator,14,2752.1
192,point_mul_generator,15,3198.9
192,point_mul_generator,16,2784.6
192,point_mul_generator,17,3103.4
192,point_mul_generator,18,3262.7
192,point_mul_generator,19,3409.1
192,point_mul_generator,20,3319.1
192,point_mul_generator,21,3207.6
192,point_mul_generator,22,3006.5
192,point_mul_generator,23,2401.1
192,point_mul_generator,24,2259.5
192,point_mul_generator,25,2777.8
192,point_mul_generator,26,3049.7
192,point_mul_generator,27,2146.2
192,point_mul_generator,28,2166.7
192,point_mul_generator,29,2406.8
192,point_mul_generator,30,2151.9
192,point_mul_generator,31,2077.9
192,point_mul_generator,32,2429.3
192,point_mul_generator,33,2187.1
192,point_mul_generator,34,2189.0
192,point_mul_generator,35,2086.9
192,point_mul_generator,36,2416.3
192,point_mul_generator,37,2209.9
192,point_mul_generator,38,2510.8
192,point_mul_generator,39,2509.6
192,point_mul_generator,40,2508.2
192,point_mul_generator,41,2295.9
192,point_mul_generator,42,2306.7
192,point_mul_generator,43,2363.3
192,point_mul_generator,44,2211.8
192,point_mul_generator,45,2662.9
192,point_mul_generator,46,2275.6
192,point_mul_generator,47,2129.8
192,point_mul_generator,48,2083.8
192,point_mul_generator,49,2513.7
192,point_mul_generator,50,2116.3
192,point_mul_generator,51,2146.1
192,point_mul_generator,52,2501.4
192,point_mul_generator,53,2301.3
192,point_mul_generator,54,2124.0
192,point_mul_generator,55,2507.5
192,point_mul_generator,56,2498.0
192,point_mul_generator,57,2124.4
192,point_mul_generator,58,2183.2
192,point_mul_generator,59,2745.2
192,point_mul_generator,60,3217.3
192,point_mul_generator,61,3412.1
192,point_mul_generator,62,2628.6
192,point_mul_generator,63,3095.8
192,point_mul_generator,64,3088.1
192,point_mul_generator,65,3246.8
192,point_mul_generator,66,2922.1
192,point_mul_generator,67,2848.1
192,point_mul_generator,68,2706.3
192,point_mul_generator,69,2762.3
192,point_mul_generator,70,3056.1
192,point_mul_generator,71,2828.2
192,point_mul_generator,72,3664.6
192,point_mul_generator,73,3388.9
192,point_mul_generator,74,3858.8
192,point_mul_generator,75,3289.7
192,point_mul_generator,76,3393.9
192,point_mul_generator,77,3644.7
192,point_mul_generator,78,3543.4
192,point_mul_generator,79,3903.4
192,point_mul_generator,80,4706.9
192,point_mul_generator,81,3356.4
192,point_mul_generator,82,3242.1
192,point_mul_generator,83,3015.8
192,point_mul_generator,84,3463.3
192,point_mul_generator,85,3450.4
192,point_mul_generator,86,3343.4
192,point_mul_generator,87,3445.0
192,point_mul_generator,88,3367.7
192,point_mul_generator,89,3375.3
192,point_mul_generator,90,3573.1
192,point_mul_generator,91,3932.7
192,point_mul_generator,92,3566.0
192,point_mul_generator,93,5684.4
192,point_mul_generator,94,2815.2
192,point_mul_generator,95,3699.4
192,point_mul_generator,96,3322.1
192,point_mul_generator,97,3537.9
192,point_mul_generator,98,3747.1
192,point_mul_generator,99,3199.3
192,point_mul_generator,100,2832.9
192,point_mul_generator,101,3389.2
192,point_mul_generator,102,3222.8
192,point_mul_generator,103,2753.8
192,point_mul_generator,104,2550.9
192,point_mul_generator,105,2778.3
192,point_mul_generator,106,3010.7
192,point_mul_generator,107,3677.8
192,point_mul_generator,108,2842.1
192,point_mul_generator,109,3329.7
192,point_mul_generator,110,2817.2
192,point_mul_generator,111,3391.9
192,point_mul_generator,112,3338.1
192,point_mul_generator,113,3048.1
192,point_mul_generator,114,3228.8
192,point_mul_generator,115,3335.0
192,point_mul_generator,116,4233.3
192,point_mul_generator,117,3995.0
192,point_mul_generator,118,3221.6
192,point_mul_generator,119,3295.6
192,point_mul_generator,120,3239.5
192,point_mul_generator,121,3152.7
192,point_mul_generator,122,3018.9
192,point_mul_generator,123,2820.0
192,point_mul_generator,124,2799.8
192,point_mul_generator,125,2214.1
192,point_mul_generator,126,2702.8
192,point_mul_generator,127,3258.3
192,point_mul_generator,128,3201.8
192,point_mul_generator,129,3200.5
192,point_mul_generator,130,3182.4
192,point_mul_generator,131,3182.5
192,point_mul_generator,132,2903.6
192,point_mul_generator,133,2350.2
192,point_mul_generator,134,2836.1
192,point_mul_generator,135,3090.7
192,point_mul_generator,136,3176.3
192,point_mul_generator,137,3083.8
192,point_mul_generator,138,3221.3
192,point_mul_generator,139,2975.3
192,point_mul_generator,140,3073.3
192,point_mul_generator,141,2656.5
192,point_mul_generator,142,2897.1
192,point_mul_generator,143,2749.5
192,point_mul_generator,144,2478.4
192,point_mul_generator,145,2831.7
192,point_mul_generator,146,2852.3
192,point_mul_generator,147,3039.5
192,point_mul_generator,148,2896.9
192,point_mul_generator,149,2348.7
192,point_mul_generator,150,2256.2
192,point_mul_generator,151,2464.2
192,point_mul_generator,152,2114.9
192,point_mul_generator,153,2308.1
192,point_mul_generator,154,3005.3
192,point_mul_generator,155,2483.5
192,point_mul_generator,156,3063.7
192,point_mul_generator,157,3242.5
192,point_mul_generator,158,3360.8
192,point_mul_generator,159,3147.5
192,point_mul_generator,160,3120.0
192,point_mul_generator,161,3330.3
192,point_mul_generator,162,3026.5
192,point_mul_generator,163,2380.2
192,point_mul_generator,164,3276.6
192,point_mul_generator,165,2512.5
192,point_mul_generator,166,2268.2
192,point_mul_generator,167,2851.4
192,point_mul_generator,168,2600.9
192,point_mul_generator,169,2710.9
192,point_mul_generator,170,3112.3
192,point_mul_generator,171,2876.8
192,point_mul_generator,172,2693.1
192,point_mul_generator,173,2513.0
192,point_mul_generator,174,3043.2
192,point_mul_generator,175,3122.0
192,point_mul_generator,176,2648.4
192,point_mul_generator,177,2553.5
192,point_mul_generator,178,2662.8
192,point_mul_generator,179,2208.7
192,point_mul_generator,180,2359.2
192,point_mul_generator,181,2660.5
192,point_mul_generator,182,2184.6
192,point_mul_generator,183,2133.0
192,point_mul_generator,184,2261.1
192,point_mul_generator,185,3150.5
192,point_mul_generator,186,3281.5
192,point_mul_generator,187,3302.5
192,point_mul_generator,188,2829.1
192,point_mul_generator,189,2094.8
192,point_mul_generator,190,2531.2
192,point_mul_generator,191,2207.4
192,point_mul_generator,192,2126.6
192,point_mul_generator,193,2711.1
192,point_mul_generator,194,2351.2
192,point_mul_generator,195,2213.4
192,point_mul_generator,196,2453.0
192,point_mul_generator,197,2294.5
192,point_mul_generator,198,2090.0
192,point_mul_generator,199,2652.4
192,point_mul_generator,200,2971.9
192,point_mul_generator,201,2148.6
192,point_mul_generator,202,2202.4
192,point_mul_generator,203,2168.9
192,point_mul_generator,204,2213.0
192,point_mul_generator,205,2121.2
192,point_mul_generator,206,2310.0
192,point_mul_generator,207,2848.2
192,point_mul_generator,208,3296.5
192,point_mul_generator,209,3205.5
192,point_mul_generator,210,2323.0
192,point_mul_generator,211,2497.1
192,point_mul_generator,212,2668.6
192,point_mul_generator,213,2513.9
192,point_mul_generator,214,2233.2
192,point_mul_generator,215,2746.7
192,point_mul_generator,216,2986.3
192,point_mul_generator,217,3140.5
192,point_mul_generator,218,4687.0
192,point_mul_generator,219,2718.5
192,point_mul_generator,220,2942.4
192,point_mul_generator,221,3214.6
192,point_mul_generator,222,2821.8
192,point_mul_generator,223,3109.5
192,point_mul_generator,224,2779.8
192,point_mul_generator,225,2785.6
192,point_mul_generator,226,2515.1
192,point_mul_generator,227,2651.2
192,point_mul_generator,228,2658.1
192,point_mul_generator,229,2806.6
192,point_mul_generator,230,2876.6
192,point_mul_generator,231,2825.2
192,point_mul_generator,232,3265.3
192,point_mul_generator,233,2573.6
192,point_mul_generator,234,2616.0
192,point_mul_generator,235,2794.2
192,point_mul_generator,236,2312.7
192,point_mul_generator,237,2710.8
192,point_mul_generator,238,3058.6
192,point_mul_generator,239,3291.3
192,point_mul_generator,240,2949.3
192,point_mul_generator,241,3097.5
192,point_mul_generator,242,2580.0
192,point_mul_generator,243,3142.0
192,point_mul_generator,244,2937.3
192,point_mul_generator,245,2736.8
192,point_mul_generator,246,2684.1
192,point_mul_generator,247,2270.4
192,point_mul_generator,248,2101.6
192,point_mul_generator,249,2085.2
192,point_mul_generator,250,2882.1
192,point_mul_generator,251,2153.7
192,point_mul_generator,252,2287.8
192,point_mul_generator,253,2450.0
192,point_mul_generator,254,2183.2
192,point_mul_generator,255,2186.5
192,point_mul_generator,256,2502.7
192,point_mul_generator,257,2117.1
192,point_mul_generator,258,2303.1
192,point_mul_generator,259,2500.7
192,point_mul_generator,260,2536.9
192,point_mul_generator,261,2249.3
192,point_mul_generator,262,2214.4
192,point_mul_generator,263,2526.3
192,point_mul_generator,264,2202.4
192,point_mul_generator,265,2265.5
192,point_mul_generator,266,2536.8
192,point_mul_generator,267,2207.7
192,point_mul_generator,268,2166.6
192,point_mul_generator,269,2546.7
192,point_mul_generator,270,2575.7
192,point_mul_generator,271,2603.0
192,point_mul_generator,272,2178.0
192,point_mul_generator,273,2304.1
192,point_mul_generator,274,2272.1
192,point_mul_generator,275,2252.3
192,point_mul_generator,276,2459.8
192,point_mul_generator,277,2151.1
192,point_mul_generator,278,2221.7
192,point_mul_generator,279,2201.6
192,point_mul_generator,280,2621.1
192,point_mul_generator,281,2323.4
192,point_mul_generator,282,2295.7
192,point_mul_generator,283,2537.0
192,point_mul_generator,284,2326.8
192,point_mul_generator,285,2682.2
192,point_mul_generator,286,2510.6
192,point_mul_generator,287,2102.0
192,point_mul_generator,288,2131.6
192,point_mul_generator,289,2331.0
192,point_mul_generator,290,2354.0
192,point_mul_generator,291,2094.8
192,point_mul_generator,292,2336.9
192,point_mul_generator,293,2167.9
192,point_mul_generator,294,2159.1
192,point_mul_generator,295,2093.5
192,point_mul_generator,296,2087.8
192,point_mul_generator,297,2140.6
192,point_mul_generator,298,2085.3
192,point_mul_generator,299,2087.5
192,point_add,0,19.0
192,point_add,1,16.0
192,point_add,2,15.1
192,point_add,3,15.0
192,point_add,4,14.8
192,point_add,5,14.8
192,point_add,6,21.5
192,point_add,7,22.1
192,point_add,8,24.0
192,point_add,9,23.2
192,point_add,10,25.0
192,point_add,11,23.1
192,point_add,12,24.1
192,point_add,13,34.0
192,point_add,14,26.5
192,point_add,15,20.4
192,point_add,16,23.5
192,point_add,17,24.3
192,point_add,18,22.9
192,point_add,19,22.9
192,point_add,20,22.6
192,point_add,21,23.0
192,point_add,22,22.9
192,point_add,23,22.9
192,point_add,24,22.8
192,point_add,25,22.8
192,point_add,26,22.5
192,point_add,27,23.5
192,point_add,28,24.4
192,point_add,29,23.6
192,point_add,30,22.6
192,point_add,31,22.4
192,point_add,32,22.6
192,point_add,33,22.6
192,point_add,34,22.7
192,point_add,35,22.9
192,point_add,36,22.7
192,point_add,37,22.1
192,point_add,38,23.0
192,point_add,39,23.8
192,point_add,40,22.8
192,point_add,41,22.6
192,point_add,42,22.6
192,point_add,43,23.2
192,point_add,44,86.1
192,point_add,45,27.8
192,point_add,46,21.2
192,point_add,47,14.7
192,point_add,48,13.9
192,point_add,49,13.9
192,point_add,50,14.3
192,point_add,51,14.1
192,point_add,52,14.0
192,point_add,53,22.9
192,point_add,54,14.5
192,point_add,55,14.1
192,point_add,56,13.9
192,point_add,57,14.1
192,point_add,58,13.9
192,point_add,59,13.9
192,point_add,60,13.8
192,point_add,61,13.8
192,point_add,62,13.9
192,point_add,63,14.0
192,point_add,64,13.8
192,point_add,65,14.4
192,point_add,66,13.9
192,point_add,67,14.0
192,point_add,68,14.0
192,point_add,69,14.0
192,point_add,70,13.8
192,point_add,71,14.0
192,point_add,72,14.0
192,point_add,73,13.9
192,point_add,74,13.9
192,point_add,75,13.8
192,point_add,76,13.8
192,point_add,77,16.5
192,point_add,78,13.8
192,point_add,79,13.7
192,point_add,80,13.8
192,point_add,81,14.2
192,point_add,82,14.1
192,point_add,83,14.1
192,point_add,84,14.0
192,point_add,85,13.9
192,point_add,86,13.9
192,point_add,87,14.0
192,point_add,88,13.8
192,point_add,89,14.0
192,point_add,90,13.7
192,point_add,91,13.8
192,point_add,92,14.0
192,point_add,93,13.9
192,point_add,94,14.1
192,point_add,95,14.2
192,point_add,96,13.9
192,point_add,97,13.9
192,point_add,98,13.8
192,point_add,99,13.9
192,point_add,100,13.9
192,point_add,101,13.8
192,point_add,102,14.0
192,point_add,103,14.0
192,point_add,104,14.1
192,point_add,105,13.7
192,point_add,106,13.8
192,point_add,107,14.0
192,point_add,108,13.8
192,point_add,109,14.0
192,point_add,110,14.1
192,point_add,111,13.9
192,point_add,112,14.0
192,point_add,113,13.8
192,point_add,114,13.8
192,point_add,115,13.9
192,point_add,116,14.0
192,point_add,117,15.1
192,point_add,118,14.3
192,point_add,119,13.7
192,point_add,120,13.7
192,point_add,121,13.7
192,point_add,122,13.7
192,point_add,123,13.7
192,point_add,124,14.1
192,point_add,125,14.2
192,point_add,126,13.9
192,point_add,127,14.0
192,point_add,128,14.0
192,point_add,129,14.1
192,point_add,130,13.9
192,point_add,131,14.0
192,point_add,132,13.9
192,point_add,133,13.7
192,point_add,134,14.0
192,point_add,135,13.7
192,point_add,136,13.7
192,point_add,137,14.0
192,point_add,138,13.9
192,point_add,139,14.0
192,point_add,140,13.8
192,point_add,141,14.1
192,point_add,142,13.9
192,point_add,143,13.9
192,point_add,144,14.2
192,point_add,145,14.0
192,point_add,146,13.8
192,point_add,147,13.9
192,point_add,148,14.0
192,point_add,149,14.1
192,point_add,150,13.9
192,point_add,151,13.9
192,point_add,152,13.8
192,point_add,153,13.9
192,point_add,154,13.8
192,point_add,155,13.8
192,point_add,156,13.7
192,point_add,157,13.8
192,point_add,158,13.8
192,point_add,159,13.9
192,point_add,160,13.7
192,point_add,161,13.7
192,point_add,162,13.7
192,point_add,163,13.8
192,point_add,164,13.9
192,point_add,165,13.7
192,point_add,166,13.9
192,point_add,167,13.9
192,point_add,168,13.9
192,point_add,169,13.7
192,point_add,170,13.9
192,point_add,171,14.1
192,point_add,172,13.8
192,point_add,173,13.9
192,point_add,174,13.8
192,point_add,175,13.9
192,point_add,176,36.5
192,point_add,177,16.3
192,point_add,178,14.1
192,point_add,179,14.2
192,point_add,180,13.9
192,point_add,181,14.1
192,point_add,182,14.2
192,point_add,183,14.1
192,point_add,184,14.2
192,point_add,185,13.9
192,point_add,186,14.0
192,point_add,187,14.9
192,point_add,188,14.4
192,point_add,189,14.1
192,point_add,190,13.9
192,point_add,191,14.0
192,point_add,192,14.0
192,point_add,193,13.8
192,point_add,194,13.9
192,point_add,195,13.9
192,point_add,196,13.9
192,point_add,197,14.0
192,point_add,198,14.1
192,point_add,199,13.7
192,point_add,200,14.1
192,point_add,201,14.3
192,point_add,202,14.0
192,point_add,203,13.9
192,point_add,204,13.9
192,point_add,205,13.7
192,point_add,206,13.8
192,point_add,207,14.1
192,point_add,208,14.1
192,point_add,209,16.4
192,point_add,210,15.1
192,point_add,211,14.2
192,point_add,212,13.9
192,point_add,213,14.0
192,point_add,214,14.0
192,point_add,215,14.1
192,point_add,216,14.1
192,point_add,217,14.0
192,point_add,218,13.9
192,point_add,219,13.7
192,point_add,220,14.0
192,point_add,221,13.8
192,point_add,222,13.8
192,point_add,223,13.9
192,point_add,224,14.0
192,point_add,225,13.9
192,point_add,226,14.0
192,point_add,227,14.2
192,point_add,228,13.8
192,point_add,229,13.9
192,point_add,230,13.9
192,point_add,231,14.1
192,point_add,232,13.7
192,point_add,233,14.0
192,point_add,234,14.0
192,point_add,235,13.9
192,point_add,236,14.1
192,point_add,237,15.7
192,point_add,238,14.1
192,point_add,239,13.7
192,point_add,240,13.8
192,point_add,241,14.0
192,point_add,242,13.8
192,point_add,243,13.7
192,point_add,244,13.8
192,point_add,245,13.8
192,point_add,246,13.8
192,point_add,247,14.1
192,point_add,248,14.0
192,point_add,249,14.0
192,point_add,250,14.2
192,point_add,251,14.0
192,point_add,252,13.9
192,point_add,253,13.8
192,point_add,254,13.8
192,point_add,255,13.9
192,point_add,256,14.0
192,point_add,257,14.1
192,point_add,258,13.9
192,point_add,259,14.0
192,point_add,260,13.9
192,point_add,261,13.9
192,point_add,262,14.0
192,point_add,263,13.9
192,point_add,264,14.0
192,point_add,265,13.9
192,point_add,266,13.9
192,point_add,267,14.1
192,point_add,268,14.1
192,point_add,269,14.1
192,point_add,270,13.9
192,point_add,271,13.9
192,point_add,272,13.9
192,point_add,273,14.7
192,point_add,274,14.4
192,point_add,275,14.2
192,point_add,276,13.9
192,point_add,277,14.2
192,point_add,278,13.9
192,point_add,279,13.9
192,point_add,280,14.1
192,point_add,281,14.1
192,point_add,282,13.8
192,point_add,283,13.9
192,point_add,284,14.0
192,point_add,285,13.9
192,point_add,286,13.6
192,point_add,287,13.9
192,point_add,288,14.1
192,point_add,289,14.0
192,point_add,290,14.0
192,point_add,291,14.0
192,point_add,292,13.8
192,point_add,293,14.1
192,point_add,294,14.0
192,point_add,295,14.0
192,point_add,296,14.2
192,point_add,297,14.1
192,point_add,298,14.0
192,point_add,299,14.0
192,hash,0,7.8
192,hash,1,5.3
192,hash,2,4.7
192,hash,3,4.3
192,hash,4,4.8
192,hash,5,4.4
192,hash,6,4.3
192,hash,7,4.4
192,hash,8,4.2
192,hash,9,4.3
192,hash,10,4.3
192,hash,11,4.2
192,hash,12,4.3
192,hash,13,4.2
192,hash,14,4.3
192,hash,15,4.4
192,hash,16,4.3
192,hash,17,4.3
192,hash,18,4.4
192,hash,19,4.3
192,hash,20,4.2
192,hash,21,4.2
192,hash,22,4.3
192,hash,23,4.2
192,hash,24,4.2
192,hash,25,4.2
192,hash,26,4.2
192,hash,27,4.4
192,hash,28,4.4
192,hash,29,4.3
192,hash,30,4.3
192,hash,31,4.3
192,hash,32,4.3
192,hash,33,4.4
192,hash,34,4.3
192,hash,35,4.2
192,hash,36,4.3
192,hash,37,4.2
192,hash,38,4.2
192,hash,39,4.3
192,hash,40,4.2
192,hash,41,4.3
192,hash,42,4.3
192,hash,43,4.2
192,hash,44,4.2
192,hash,45,4.4
192,hash,46,4.3
192,hash,47,4.2
192,hash,48,4.2
192,hash,49,4.2
192,hash,50,4.2
192,hash,51,4.3
192,hash,52,4.2
192,hash,53,4.3
192,hash,54,4.4
192,hash,55,4.2
192,hash,56,4.2
192,hash,57,4.2
192,hash,58,4.2
192,hash,59,4.3
192,hash,60,4.3
192,hash,61,4.3
192,hash,62,4.3
192,hash,63,4.3
192,hash,64,4.2
192,hash,65,4.3
192,hash,66,4.2
192,hash,67,4.2
192,hash,68,4.3
192,hash,69,4.5
192,hash,70,4.2
192,hash,71,4.2
192,hash,72,4.3
192,hash,73,4.3
192,hash,74,4.3
192,hash,75,4.2
192,hash,76,4.3
192,hash,77,4.4
192,hash,78,4.4
192,hash,79,4.2
192,hash,80,4.1
192,hash,81,4.2
192,hash,82,4.2
192,hash,83,4.4
192,hash,84,4.3
192,hash,85,4.2
192,hash,86,4.2
192,hash,87,4.3
192,hash,88,4.2
192,hash,89,4.2
192,hash,90,4.3
192,hash,91,4.4
192,hash,92,4.3
192,hash,93,4.4
192,hash,94,4.3
192,hash,95,4.3
192,hash,96,4.3
192,hash,97,4.1
192,hash,98,4.2
192,hash,99,4.2
192,hash,100,4.2
192,hash,101,4.2
192,hash,102,4.2
192,hash,103,4.2
192,hash,104,4.2
192,hash,105,4.3
192,hash,106,4.5
192,hash,107,4.4
192,hash,108,4.3
192,hash,109,4.4
192,hash,110,4.4
192,hash,111,4.3
192,hash,112,4.3
192,hash,113,4.4
192,hash,114,4.2
192,hash,115,4.2
192,hash,116,4.2
192,hash,117,4.2
192,hash,118,4.2
192,hash,119,4.3
192,hash,120,4.2
192,hash,121,4.2
192,hash,122,4.3
192,hash,123,4.2
192,hash,124,4.2
192,hash,125,4.2
192,hash,126,4.3
192,hash,127,4.2
192,hash,128,4.2
192,hash,129,4.4
192,hash,130,4.4
192,hash,131,4.3
192,hash,132,4.4
192,hash,133,4.1
192,hash,134,4.2
192,hash,135,4.3
192,hash,136,4.3
192,hash,137,4.4
192,hash,138,4.3
192,hash,139,4.3
192,hash,140,4.3
192,hash,141,4.3
192,hash,142,4.2
192,hash,143,4.2
192,hash,144,4.3
192,hash,145,4.2
192,hash,146,4.1
192,hash,147,4.3
192,hash,148,4.3
192,hash,149,4.4
192,hash,150,4.3
192,hash,151,4.2
192,hash,152,4.2
192,hash,153,4.1
192,hash,154,4.2
192,hash,155,4.2
192,hash,156,4.2
192,hash,157,4.3
192,hash,158,4.2
192,hash,159,4.2
192,hash,160,4.3
192,hash,161,4.2
192,hash,162,4.2
192,hash,163,4.1
192,hash,164,4.2
192,hash,165,4.3
192,hash,166,4.2
192,hash,167,4.3
192,hash,168,4.3
192,hash,169,4.2
192,hash,170,4.3
192,hash,171,4.2
192,hash,172,4.2
192,hash,173,4.4
192,hash,174,4.2
192,hash,175,4.3
192,hash,176,4.3
192,hash,177,4.3
192,hash,178,4.3
192,hash,179,4.3
192,hash,180,4.3
192,hash,181,4.2
192,hash,182,4.3
192,hash,183,4.2
192,hash,184,4.3
192,hash,185,4.2
192,hash,186,4.3
192,hash,187,4.2
192,hash,188,4.2
192,hash,189,4.3
192,hash,190,4.2
192,hash,191,4.3
192,hash,192,4.2
192,hash,193,4.3
192,hash,194,4.3
192,hash,195,4.2
192,hash,196,4.2
192,hash,197,4.3
192,hash,198,4.2
192,hash,199,4.3
192,hash,200,19.7
192,hash,201,4.8
192,hash,202,4.3
192,hash,203,4.3
192,hash,204,4.4
192,hash,205,4.3
192,hash,206,4.2
192,hash,207,4.3
192,hash,208,4.2
192,hash,209,4.2
192,hash,210,4.4
192,hash,211,4.3
192,hash,212,4.3
192,hash,213,4.6
192,hash,214,4.4
192,hash,215,4.3
192,hash,216,4.2
192,hash,217,4.4
192,hash,218,4.3
192,hash,219,4.2
192,hash,220,4.3
192,hash,221,4.3
192,hash,222,4.2
192,hash,223,4.2
192,hash,224,4.2
192,hash,225,4.2
192,hash,226,4.2
192,hash,227,4.3
192,hash,228,4.2
192,hash,229,4.2
192,hash,230,4.4
192,hash,231,4.3
192,hash,232,4.2
192,hash,233,4.4
192,hash,234,4.3
192,hash,235,4.3
192,hash,236,4.4
192,hash,237,4.2
192,hash,238,4.2
192,hash,239,4.3
192,hash,240,4.3
192,hash,241,4.4
192,hash,242,4.2
192,hash,243,4.2
192,hash,244,4.2
192,hash,245,4.3
192,hash,246,4.2
192,hash,247,4.2
192,hash,248,4.2
192,hash,249,4.2
192,hash,250,4.2
192,hash,251,4.2
192,hash,252,4.3
192,hash,253,4.2
192,hash,254,4.3
192,hash,255,4.3
192,hash,256,4.4
192,hash,257,4.3
192,hash,258,4.3
192,hash,259,4.2
192,hash,260,4.3
192,hash,261,4.2
192,hash,262,4.2
192,hash,263,4.2
192,hash,264,4.3
192,hash,265,4.3
192,hash,266,4.2
192,hash,267,4.3
192,hash,268,4.2
192,hash,269,4.4
192,hash,270,4.3
192,hash,271,4.3
192,hash,272,4.4
192,hash,273,4.3
192,hash,274,4.3
192,hash,275,4.4
192,hash,276,4.3
192,hash,277,4.2
192,hash,278,4.2
192,hash,279,4.2
192,hash,280,4.2
192,hash,281,4.2
192,hash,282,4.3
192,hash,283,4.3
192,hash,284,4.2
192,hash,285,4.3
192,hash,286,4.3
192,hash,287,4.3
192,hash,288,4.4
192,hash,289,4.3
192,hash,290,4.2
192,hash,291,4.1
192,hash,292,4.2
192,hash,293,4.4
192,hash,294,4.2
192,hash,295,4.2
192,hash,296,4.2
192,hash,297,4.3
192,hash,298,4.3
192,hash,299,4.3
192,sym_enc,0,34.9
192,sym_enc,1,25.7
192,sym_enc,2,22.0
192,sym_enc,3,21.1
192,sym_enc,4,20.3
192,sym_enc,5,20.7
192,sym_enc,6,20.2
192,sym_enc,7,20.1
192,sym_enc,8,57.9
192,sym_enc,9,25.5
192,sym_enc,10,21.8
192,sym_enc,11,20.9
192,sym_enc,12,20.8
192,sym_enc,13,20.6
192,sym_enc,14,39.6
192,sym_enc,15,37.7
192,sym_enc,16,20.0
192,sym_enc,17,20.5
192,sym_enc,18,20.5
192,sym_enc,19,38.3
192,sym_enc,20,27.2
192,sym_enc,21,20.3
192,sym_enc,22,20.0
192,sym_enc,23,20.4
192,sym_enc,24,19.7
192,sym_enc,25,20.3
192,sym_enc,26,20.5
192,sym_enc,27,20.2
192,sym_enc,28,20.7
192,sym_enc,29,20.6
192,sym_enc,30,20.1
192,sym_enc,31,20.1
192,sym_enc,32,20.2
192,sym_enc,33,20.3
192,sym_enc,34,20.0
192,sym_enc,35,20.3
192,sym_enc,36,20.6
192,sym_enc,37,20.5
192,sym_enc,38,20.2
192,sym_enc,39,20.5
192,sym_enc,40,19.8
192,sym_enc,41,20.4
192,sym_enc,42,20.2
192,sym_enc,43,20.2
192,sym_enc,44,20.3
192,sym_enc,45,20.5
192,sym_enc,46,20.3
192,sym_enc,47,20.4
192,sym_enc,48,20.1
192,sym_enc,49,20.2
192,sym_enc,50,20.1
192,sym_enc,51,20.6
192,sym_enc,52,20.1
192,sym_enc,53,20.0
192,sym_enc,54,20.0
192,sym_enc,55,20.1
192,sym_enc,56,20.2
192,sym_enc,57,20.3
192,sym_enc,58,20.1
192,sym_enc,59,20.0
192,sym_enc,60,20.2
192,sym_enc,61,20.4
192,sym_enc,62,20.4
192,sym_enc,63,20.3
192,sym_enc,64,20.1
192,sym_enc,65,20.3
192,sym_enc,66,20.1
192,sym_enc,67,20.1
192,sym_enc,68,20.3
192,sym_enc,69,20.0
192,sym_enc,70,20.1
192,sym_enc,71,38.7
192,sym_enc,72,46.2
192,sym_enc,73,35.1
192,sym_enc,74,20.1
192,sym_enc,75,20.0
192,sym_enc,76,20.4
192,sym_enc,77,20.4
192,sym_enc,78,20.1
192,sym_enc,79,20.0
192,sym_enc,80,20.3
192,sym_enc,81,19.9
192,sym_enc,82,19.8
192,sym_enc,83,20.3
192,sym_enc,84,20.1
192,sym_enc,85,20.0
192,sym_enc,86,20.0
192,sym_enc,87,19.9
192,sym_enc,88,20.2
192,sym_enc,89,20.2
192,sym_enc,90,20.0
192,sym_enc,91,20.1
192,sym_enc,92,20.3
192,sym_enc,93,20.7
192,sym_enc,94,20.3
192,sym_enc,95,20.2
192,sym_enc,96,42.2
192,sym_enc,97,31.8
192,sym_enc,98,22.8
192,sym_enc,99,21.2
192,sym_enc,100,40.2
192,sym_enc,101,20.8
192,sym_enc,102,20.3
192,sym_enc,103,20.4
192,sym_enc,104,19.9
192,sym_enc,105,20.5
192,sym_enc,106,20.2
192,sym_enc,107,19.9
192,sym_enc,108,20.3
192,sym_enc,109,20.4
192,sym_enc,110,20.1
192,sym_enc,111,20.2
192,sym_enc,112,20.4
192,sym_enc,113,20.7
192,sym_enc,114,20.4
192,sym_enc,115,20.3
192,sym_enc,116,21.7
192,sym_enc,117,21.4
192,sym_enc,118,21.2
192,sym_enc,119,20.8
192,sym_enc,120,20.3
192,sym_enc,121,29.7
192,sym_enc,122,40.5
192,sym_enc,123,24.4
192,sym_enc,124,19.9
192,sym_enc,125,20.4
192,sym_enc,126,20.1
192,sym_enc,127,19.9
192,sym_enc,128,20.1
192,sym_enc,129,20.2
192,sym_enc,130,20.0
192,sym_enc,131,20.4
192,sym_enc,132,19.9
192,sym_enc,133,20.1
192,sym_enc,134,19.9
192,sym_enc,135,20.3
192,sym_enc,136,20.4
192,sym_enc,137,20.0
192,sym_enc,138,20.2
192,sym_enc,139,20.2
192,sym_enc,140,20.1
192,sym_enc,141,19.8
192,sym_enc,142,20.1
192,sym_enc,143,20.4
192,sym_enc,144,19.8
192,sym_enc,145,20.2
192,sym_enc,146,19.9
192,sym_enc,147,31.1
192,sym_enc,148,27.9
192,sym_enc,149,20.1
192,sym_enc,150,37.1
192,sym_enc,151,21.8
192,sym_enc,152,20.5
192,sym_enc,153,20.2
192,sym_enc,154,20.3
192,sym_enc,155,20.1
192,sym_enc,156,20.4
192,sym_enc,157,20.6
192,sym_enc,158,20.0
192,sym_enc,159,19.9
192,sym_enc,160,20.2
192,sym_enc,161,20.0
192,sym_enc,162,20.1
192,sym_enc,163,34.1
192,sym_enc,164,24.3
192,sym_enc,165,20.2
192,sym_enc,166,19.9
192,sym_enc,167,19.9
192,sym_enc,168,20.0
192,sym_enc,169,20.1
192,sym_enc,170,20.5
192,sym_enc,171,38.1
192,sym_enc,172,25.3
192,sym_enc,173,31.8
192,sym_enc,174,39.3
192,sym_enc,175,32.5
192,sym_enc,176,19.9
192,sym_enc,177,20.2
192,sym_enc,178,20.4
192,sym_enc,179,20.1
192,sym_enc,180,20.1
192,sym_enc,181,20.1
192,sym_enc,182,20.3
192,sym_enc,183,51.0
192,sym_enc,184,25.5
192,sym_enc,185,21.2
192,sym_enc,186,20.5
192,sym_enc,187,49.2
192,sym_enc,188,42.6
192,sym_enc,189,23.1
192,sym_enc,190,20.2
192,sym_enc,191,20.1
192,sym_enc,192,20.1
192,sym_enc,193,20.4
192,sym_enc,194,19.9
192,sym_enc,195,20.3
192,sym_enc,196,20.1
192,sym_enc,197,20.4
192,sym_enc,198,20.1
192,sym_enc,199,20.1
192,sym_enc,200,20.0
192,sym_enc,201,20.5
192,sym_enc,202,20.5
192,sym_enc,203,20.1
192,sym_enc,204,20.2
192,sym_enc,205,20.7
192,sym_enc,206,19.8
192,sym_enc,207,20.0
192,sym_enc,208,20.2
192,sym_enc,209,20.0
192,sym_enc,210,19.5
192,sym_enc,211,19.8
192,sym_enc,212,19.8
192,sym_enc,213,29.0
192,sym_enc,214,24.2
192,sym_enc,215,20.1
192,sym_enc,216,31.2
192,sym_enc,217,32.4
192,sym_enc,218,20.0
192,sym_enc,219,19.7
192,sym_enc,220,19.7
192,sym_enc,221,19.9
192,sym_enc,222,19.9
192,sym_enc,223,19.8
192,sym_enc,224,19.9
192,sym_enc,225,20.0
192,sym_enc,226,19.9
192,sym_enc,227,20.0
192,sym_enc,228,19.7
192,sym_enc,229,19.6
192,sym_enc,230,19.8
192,sym_enc,231,19.9
192,sym_enc,232,19.5
192,sym_enc,233,20.4
192,sym_enc,234,20.3
192,sym_enc,235,19.8
192,sym_enc,236,20.1
192,sym_enc,237,20.0
192,sym_enc,238,19.8
192,sym_enc,239,19.9
192,sym_enc,240,19.7
192,sym_enc,241,20.0
192,sym_enc,242,19.9
192,sym_enc,243,19.9
192,sym_enc,244,19.9
192,sym_enc,245,19.8
192,sym_enc,246,19.7
192,sym_enc,247,19.8
192,sym_enc,248,20.1
192,sym_enc,249,19.8
192,sym_enc,250,20.0
192,sym_enc,251,19.8
192,sym_enc,252,20.0
192,sym_enc,253,20.1
192,sym_enc,254,19.9
192,sym_enc,255,19.8
192,sym_enc,256,19.9
192,sym_enc,257,20.0
192,sym_enc,258,19.9
192,sym_enc,259,20.1
192,sym_enc,260,19.8
192,sym_enc,261,20.0
192,sym_enc,262,19.8
192,sym_enc,263,37.2
192,sym_enc,264,23.6
192,sym_enc,265,20.0
192,sym_enc,266,19.7
192,sym_enc,267,20.0
192,sym_enc,268,21.6
192,sym_enc,269,20.0
192,sym_enc,270,20.0
192,sym_enc,271,20.0
192,sym_enc,272,20.0
192,sym_enc,273,84.9
192,sym_enc,274,46.3
192,sym_enc,275,28.2
192,sym_enc,276,33.7
192,sym_enc,277,20.2
192,sym_enc,278,19.9
192,sym_enc,279,20.0
192,sym_enc,280,19.9
192,sym_enc,281,19.8
192,sym_enc,282,20.0
192,sym_enc,283,19.8
192,sym_enc,284,20.1
192,sym_enc,285,20.0
192,sym_enc,286,20.0
192,sym_enc,287,20.0
192,sym_enc,288,19.9
192,sym_enc,289,19.9
192,sym_enc,290,19.6
192,sym_enc,291,19.9
192,sym_enc,292,19.5
192,sym_enc,293,19.4
192,sym_enc,294,19.7
192,sym_enc,295,19.6
192,sym_enc,296,19.7
192,sym_enc,297,19.9
192,sym_enc,298,19.7
192,sym_enc,299,19.8
192,sym_dec,0,17.1
192,sym_dec,1,19.4
192,sym_dec,2,26.4
192,sym_dec,3,16.1
192,sym_dec,4,15.1
192,sym_dec,5,15.1
192,sym_dec,6,15.2
192,sym_dec,7,14.8
192,sym_dec,8,15.2
192,sym_dec,9,15.2
192,sym_dec,10,15.5
192,sym_dec,11,15.0
192,sym_dec,12,15.1
192,sym_dec,13,14.8
192,sym_dec,14,15.2
192,sym_dec,15,15.2
192,sym_dec,16,15.1
192,sym_dec,17,15.0
192,sym_dec,18,15.2
192,sym_dec,19,14.9
192,sym_dec,20,15.2
192,sym_dec,21,14.8
192,sym_dec,22,14.8
192,sym_dec,23,14.9
192,sym_dec,24,15.1
192,sym_dec,25,15.3
192,sym_dec,26,14.9
192,sym_dec,27,14.9
192,sym_dec,28,14.9
192,sym_dec,29,15.1
192,sym_dec,30,15.1
192,sym_dec,31,15.2
192,sym_dec,32,15.0
192,sym_dec,33,15.3
192,sym_dec,34,15.1
192,sym_dec,35,14.9
192,sym_dec,36,15.0
192,sym_dec,37,15.2
192,sym_dec,38,14.9
192,sym_dec,39,15.1
192,sym_dec,40,15.1
192,sym_dec,41,15.2
192,sym_dec,42,14.8
192,sym_dec,43,15.5
192,sym_dec,44,15.0
192,sym_dec,45,14.8
192,sym_dec,46,15.0
192,sym_dec,47,15.2
192,sym_dec,48,14.9
192,sym_dec,49,14.9
192,sym_dec,50,14.9
192,sym_dec,51,15.3
192,sym_dec,52,15.0
192,sym_dec,53,14.8
192,sym_dec,54,15.1
192,sym_dec,55,14.7
192,sym_dec,56,15.2
192,sym_dec,57,14.9
192,sym_dec,58,14.9
192,sym_dec,59,14.9
192,sym_dec,60,15.0
192,sym_dec,61,14.9
192,sym_dec,62,15.0
192,sym_dec,63,31.0
192,sym_dec,64,33.4
192,sym_dec,65,48.5
192,sym_dec,66,28.6
192,sym_dec,67,27.3
192,sym_dec,68,25.1
192,sym_dec,69,46.2
192,sym_dec,70,32.4
192,sym_dec,71,16.9
192,sym_dec,72,15.8
192,sym_dec,73,15.2
192,sym_dec,74,15.2
192,sym_dec,75,14.8
192,sym_dec,76,20.3
192,sym_dec,77,26.0
192,sym_dec,78,15.4
192,sym_dec,79,15.0
192,sym_dec,80,15.4
192,sym_dec,81,14.9
192,sym_dec,82,14.9
192,sym_dec,83,15.0
192,sym_dec,84,14.9
192,sym_dec,85,15.0
192,sym_dec,86,14.8
192,sym_dec,87,15.3
192,sym_dec,88,15.3
192,sym_dec,89,15.1
192,sym_dec,90,15.0
192,sym_dec,91,15.0
192,sym_dec,92,14.9
192,sym_dec,93,15.2
192,sym_dec,94,14.8
192,sym_dec,95,15.1
192,sym_dec,96,15.0
192,sym_dec,97,14.9
192,sym_dec,98,15.2
192,sym_dec,99,15.0
192,sym_dec,100,15.1
192,sym_dec,101,15.0
192,sym_dec,102,14.8
192,sym_dec,103,15.0
192,sym_dec,104,15.1
192,sym_dec,105,15.3
192,sym_dec,106,15.0
192,sym_dec,107,15.2
192,sym_dec,108,15.0
192,sym_dec,109,14.8
192,sym_dec,110,15.0
192,sym_dec,111,14.9
192,sym_dec,112,15.2
192,sym_dec,113,15.2
192,sym_dec,114,15.3
192,sym_dec,115,15.1
192,sym_dec,116,16.8
192,sym_dec,117,30.2
192,sym_dec,118,30.5
192,sym_dec,119,29.8
192,sym_dec,120,30.3
192,sym_dec,121,34.3
192,sym_dec,122,49.3
192,sym_dec,123,35.8
192,sym_dec,124,28.9
192,sym_dec,125,26.4
192,sym_dec,126,25.6
192,sym_dec,127,27.1
192,sym_dec,128,28.6
192,sym_dec,129,32.2
192,sym_dec,130,25.4
192,sym_dec,131,41.0
192,sym_dec,132,34.9
192,sym_dec,133,15.8
192,sym_dec,134,15.6
192,sym_dec,135,15.2
192,sym_dec,136,14.9
192,sym_dec,137,14.6
192,sym_dec,138,22.3
192,sym_dec,139,21.6
192,sym_dec,140,14.8
192,sym_dec,141,14.9
192,sym_dec,142,14.9
192,sym_dec,143,14.9
192,sym_dec,144,15.0
192,sym_dec,145,14.8
192,sym_dec,146,14.5
192,sym_dec,147,14.8
192,sym_dec,148,14.7
192,sym_dec,149,14.7
192,sym_dec,150,14.6
192,sym_dec,151,14.6
192,sym_dec,152,14.4
192,sym_dec,153,14.6
192,sym_dec,154,14.6
192,sym_dec,155,14.6
192,sym_dec,156,15.0
192,sym_dec,157,14.6
192,sym_dec,158,14.8
192,sym_dec,159,14.5
192,sym_dec,160,14.6
192,sym_dec,161,14.7
192,sym_dec,162,14.5
192,sym_dec,163,14.6
192,sym_dec,164,14.6
192,sym_dec,165,14.7
192,sym_dec,166,14.7
192,sym_dec,167,118.4
192,sym_dec,168,122.8
192,sym_dec,169,40.5
192,sym_dec,170,33.7
192,sym_dec,171,34.5
192,sym_dec,172,36.7
192,sym_dec,173,41.5
192,sym_dec,174,61.7
192,sym_dec,175,36.0
192,sym_dec,176,37.8
192,sym_dec,177,38.9
192,sym_dec,178,40.2
192,sym_dec,179,38.5
192,sym_dec,180,35.4
192,sym_dec,181,36.1
192,sym_dec,182,38.7
192,sym_dec,183,39.4
192,sym_dec,184,36.8
192,sym_dec,185,35.4
192,sym_dec,186,32.0
192,sym_dec,187,38.7
192,sym_dec,188,45.2
192,sym_dec,189,55.7
192,sym_dec,190,34.4
192,sym_dec,191,34.4
192,sym_dec,192,33.6
192,sym_dec,193,32.4
192,sym_dec,194,43.1
192,sym_dec,195,34.1
192,sym_dec,196,32.0
192,sym_dec,197,33.7
192,sym_dec,198,32.8
192,sym_dec,199,30.6
192,sym_dec,200,29.7
192,sym_dec,201,31.4
192,sym_dec,202,32.4
192,sym_dec,203,58.4
192,sym_dec,204,30.0
192,sym_dec,205,28.7
192,sym_dec,206,50.2
192,sym_dec,207,32.6
192,sym_dec,208,29.4
192,sym_dec,209,29.8
192,sym_dec,210,30.2
192,sym_dec,211,30.8
192,sym_dec,212,31.1
192,sym_dec,213,34.4
192,sym_dec,214,31.0
192,sym_dec,215,31.5
192,sym_dec,216,34.8
192,sym_dec,217,74.0
192,sym_dec,218,78.6
192,sym_dec,219,37.1
192,sym_dec,220,32.8
192,sym_dec,221,29.9
192,sym_dec,222,32.0
192,sym_dec,223,33.4
192,sym_dec,224,34.9
192,sym_dec,225,33.2
192,sym_dec,226,34.8
192,sym_dec,227,33.4
192,sym_dec,228,33.1
192,sym_dec,229,27.8
192,sym_dec,230,33.4
192,sym_dec,231,62.7
192,sym_dec,232,33.2
192,sym_dec,233,55.3
192,sym_dec,234,32.9
192,sym_dec,235,31.5
192,sym_dec,236,32.2
192,sym_dec,237,30.1
192,sym_dec,238,15.8
192,sym_dec,239,14.6
192,sym_dec,240,14.7
192,sym_dec,241,14.6
192,sym_dec,242,14.5
192,sym_dec,243,14.4
192,sym_dec,244,15.1
192,sym_dec,245,15.1
192,sym_dec,246,15.0
192,sym_dec,247,14.7
192,sym_dec,248,14.7
192,sym_dec,249,15.0
192,sym_dec,250,16.0
192,sym_dec,251,14.8
192,sym_dec,252,15.4
192,sym_dec,253,14.9
192,sym_dec,254,14.8
192,sym_dec,255,14.9
192,sym_dec,256,15.3
192,sym_dec,257,14.7
192,sym_dec,258,15.0
192,sym_dec,259,15.0
192,sym_dec,260,14.6
192,sym_dec,261,14.8
192,sym_dec,262,14.5
192,sym_dec,263,14.4
192,sym_dec,264,14.7
192,sym_dec,265,15.0
192,sym_dec,266,14.5
192,sym_dec,267,14.7
192,sym_dec,268,14.7
192,sym_dec,269,15.0
192,sym_dec,270,14.7
192,sym_dec,271,14.9
192,sym_dec,272,14.9
192,sym_dec,273,14.7
192,sym_dec,274,14.6
192,sym_dec,275,14.6
192,sym_dec,276,14.6
192,sym_dec,277,14.6
192,sym_dec,278,14.4
192,sym_dec,279,14.8
192,sym_dec,280,14.5
192,sym_dec,281,14.3
192,sym_dec,282,14.6
192,sym_dec,283,14.7
192,sym_dec,284,15.4
192,sym_dec,285,26.9
192,sym_dec,286,34.3
192,sym_dec,287,31.1
192,sym_dec,288,20.8
192,sym_dec,289,25.0
192,sym_dec,290,19.7
192,sym_dec,291,14.9
192,sym_dec,292,14.5
192,sym_dec,293,14.9
192,sym_dec,294,14.4
192,sym_dec,295,14.6
192,sym_dec,296,14.5
192,sym_dec,297,14.5
192,sym_dec,298,14.6
192,sym_dec,299,14.5
192,puf,0,337.6
192,puf,1,265.6
192,puf,2,254.7
192,puf,3,252.2
192,puf,4,294.6
192,puf,5,268.3
192,puf,6,248.3
192,puf,7,245.8
192,puf,8,259.2
192,puf,9,246.6
192,puf,10,271.2
192,puf,11,412.5
192,puf,12,466.7
192,puf,13,501.7
192,puf,14,462.2
192,puf,15,362.9
192,puf,16,257.0
192,puf,17,492.0
192,puf,18,327.5
192,puf,19,270.5
192,puf,20,250.8
192,puf,21,249.2
192,puf,22,249.0
192,puf,23,318.3
192,puf,24,252.6
192,puf,25,385.3
192,puf,26,324.3
192,puf,27,262.0
192,puf,28,491.6
192,puf,29,523.8
192,puf,30,460.8
192,puf,31,619.0
192,puf,32,380.1
192,puf,33,423.1
192,puf,34,490.4
192,puf,35,444.5
192,puf,36,553.3
192,puf,37,405.7
192,puf,38,432.8
192,puf,39,304.8
192,puf,40,537.3
192,puf,41,381.9
192,puf,42,312.4
192,puf,43,340.4
192,puf,44,297.6
192,puf,45,358.1
192,puf,46,433.7
192,puf,47,262.9
192,puf,48,251.0
192,puf,49,351.8
192,puf,50,259.1
192,puf,51,246.1
192,puf,52,246.9
192,puf,53,387.0
192,puf,54,261.6
192,puf,55,247.4
192,puf,56,471.2
192,puf,57,488.1
192,puf,58,563.2
192,puf,59,557.0
192,puf,60,562.3
192,puf,61,327.2
192,puf,62,453.0
192,puf,63,493.3
192,puf,64,427.9
192,puf,65,520.7
192,puf,66,471.6
192,puf,67,491.0
192,puf,68,423.1
192,puf,69,432.5
192,puf,70,473.3
192,puf,71,398.3
192,puf,72,458.2
192,puf,73,481.5
192,puf,74,437.3
192,puf,75,431.2
192,puf,76,443.2
192,puf,77,439.8
192,puf,78,435.4
192,puf,79,450.1
192,puf,80,397.4
192,puf,81,397.8
192,puf,82,430.8
192,puf,83,443.1
192,puf,84,447.3
192,puf,85,368.8
192,puf,86,430.8
192,puf,87,476.2
192,puf,88,444.9
192,puf,89,462.8
192,puf,90,481.9
192,puf,91,432.7
192,puf,92,407.6
192,puf,93,445.9
192,puf,94,465.2
192,puf,95,417.2
192,puf,96,466.1
192,puf,97,403.2
192,puf,98,407.6
192,puf,99,460.2
192,puf,100,540.0
192,puf,101,339.4
192,puf,102,427.6
192,puf,103,514.2
192,puf,104,473.7
192,puf,105,473.3
192,puf,106,456.4
192,puf,107,437.0
192,puf,108,449.5
192,puf,109,461.0
192,puf,110,490.4
192,puf,111,453.1
192,puf,112,488.2
192,puf,113,438.7
192,puf,114,404.7
192,puf,115,473.6
192,puf,116,438.5
192,puf,117,512.7
192,puf,118,483.8
192,puf,119,437.5
192,puf,120,383.2
192,puf,121,415.3
192,puf,122,435.8
192,puf,123,680.8
192,puf,124,443.8
192,puf,125,483.8
192,puf,126,456.9
192,puf,127,464.1
192,puf,128,425.5
192,puf,129,404.6
192,puf,130,407.3
192,puf,131,407.6
192,puf,132,367.0
192,puf,133,338.4
192,puf,134,399.1
192,puf,135,428.9
192,puf,136,418.5
192,puf,137,418.4
192,puf,138,472.2
192,puf,139,443.6
192,puf,140,478.9
192,puf,141,531.8
192,puf,142,608.5
192,puf,143,491.8
192,puf,144,383.3
192,puf,145,519.7
192,puf,146,517.7
192,puf,147,457.2
192,puf,148,493.4
192,puf,149,528.5
192,puf,150,665.5
192,puf,151,488.6
192,puf,152,350.1
192,puf,153,295.2
192,puf,154,497.1
192,puf,155,379.7
192,puf,156,394.5
192,puf,157,440.1
192,puf,158,486.6
192,puf,159,430.0
192,puf,160,525.4
192,puf,161,480.5
192,puf,162,503.8
192,puf,163,400.7
192,puf,164,400.8
192,puf,165,441.0
192,puf,166,489.3
192,puf,167,454.8
192,puf,168,476.9
192,puf,169,437.7
192,puf,170,430.6
192,puf,171,376.5
192,puf,172,375.2
192,puf,173,345.5
192,puf,174,353.0
192,puf,175,343.4
192,puf,176,517.4
192,puf,177,505.1
192,puf,178,480.2
192,puf,179,505.3
192,puf,180,433.9
192,puf,181,356.4
192,puf,182,316.9
192,puf,183,257.4
192,puf,184,544.1
192,puf,185,538.2
192,puf,186,402.7
192,puf,187,470.7
192,puf,188,489.6
192,puf,189,414.5
192,puf,190,492.0
192,puf,191,551.5
192,puf,192,518.0
192,puf,193,566.2
192,puf,194,568.2
192,puf,195,423.5
192,puf,196,359.4
192,puf,197,515.4
192,puf,198,474.2
192,puf,199,552.4
192,puf,200,514.8
192,puf,201,541.8
192,puf,202,434.9
192,puf,203,473.4
192,puf,204,404.4
192,puf,205,406.9
192,puf,206,464.2
192,puf,207,493.0
192,puf,208,459.8
192,puf,209,433.4
192,puf,210,438.0
192,puf,211,454.0
192,puf,212,420.7
192,puf,213,389.1
192,puf,214,409.3
192,puf,215,307.4
192,puf,216,283.4
192,puf,217,383.9
192,puf,218,290.2
192,puf,219,361.1
192,puf,220,305.2
192,puf,221,282.6
192,puf,222,290.7
192,puf,223,249.0
192,puf,224,248.3
192,puf,225,371.1
192,puf,226,266.0
192,puf,227,250.1
192,puf,228,265.3
192,puf,229,270.5
192,puf,230,250.4
192,puf,231,244.7
192,puf,232,387.9
192,puf,233,418.3
192,puf,234,359.7
192,puf,235,506.3
192,puf,236,441.5
192,puf,237,432.9
192,puf,238,461.8
192,puf,239,426.0
192,puf,240,272.3
192,puf,241,301.6
192,puf,242,281.5
192,puf,243,330.3
192,puf,244,389.3
192,puf,245,378.5
192,puf,246,293.6
192,puf,247,318.3
192,puf,248,520.2
192,puf,249,514.1
192,puf,250,389.2
192,puf,251,564.9
192,puf,252,478.1
192,puf,253,438.8
192,puf,254,412.3
192,puf,255,459.0
192,puf,256,358.2
192,puf,257,408.6
192,puf,258,271.2
192,puf,259,296.3
192,puf,260,411.4
192,puf,261,524.2
192,puf,262,497.9
192,puf,263,404.4
192,puf,264,539.7
192,puf,265,441.6
192,puf,266,475.9
192,puf,267,435.9
192,puf,268,473.4
192,puf,269,499.4
192,puf,270,477.4
192,puf,271,506.4
192,puf,272,469.9
192,puf,273,601.7
192,puf,274,456.3
192,puf,275,394.9
192,puf,276,438.9
192,puf,277,490.2
192,puf,278,497.3
192,puf,279,422.5
192,puf,280,488.0
192,puf,281,492.0
192,puf,282,481.5
192,puf,283,345.8
192,puf,284,347.6
192,puf,285,282.0
192,puf,286,284.0
192,puf,287,537.0
192,puf,288,523.4
192,puf,289,520.1
192,puf,290,483.4
192,puf,291,390.9
192,puf,292,312.0
192,puf,293,255.9
192,puf,294,315.8
192,puf,295,409.7
192,puf,296,431.1
192,puf,297,446.3
192,puf,298,287.6
192,puf,299,392.1
192,ss_gen,0,4.2
192,ss_gen,1,2.5
192,ss_gen,2,1.9
192,ss_gen,3,1.7
192,ss_gen,4,1.9
192,ss_gen,5,1.8
192,ss_gen,6,1.6
192,ss_gen,7,1.6
192,ss_gen,8,1.7
192,ss_gen,9,1.6
192,ss_gen,10,1.6
192,ss_gen,11,1.7
192,ss_gen,12,1.7
192,ss_gen,13,1.6
192,ss_gen,14,1.7
192,ss_gen,15,1.7
192,ss_gen,16,1.7
192,ss_gen,17,1.8
192,ss_gen,18,1.6
192,ss_gen,19,1.6
192,ss_gen,20,1.7
192,ss_gen,21,1.6
192,ss_gen,22,1.6
192,ss_gen,23,1.7
192,ss_gen,24,1.7
192,ss_gen,25,1.7
192,ss_gen,26,1.6
192,ss_gen,27,1.7
192,ss_gen,28,1.6
192,ss_gen,29,1.6
192,ss_gen,30,1.6
192,ss_gen,31,1.7
192,ss_gen,32,1.7
192,ss_gen,33,1.6
192,ss_gen,34,1.7
192,ss_gen,35,1.6
192,ss_gen,36,1.6
192,ss_gen,37,1.6
192,ss_gen,38,1.6
192,ss_gen,39,1.6
192,ss_gen,40,1.7
192,ss_gen,41,1.7
192,ss_gen,42,1.6
192,ss_gen,43,1.7
192,ss_gen,44,1.7
192,ss_gen,45,1.6
192,ss_gen,46,1.7
192,ss_gen,47,1.6
192,ss_gen,48,1.7
192,ss_gen,49,1.6
192,ss_gen,50,1.6
192,ss_gen,51,1.6
192,ss_gen,52,1.7
192,ss_gen,53,1.6
192,ss_gen,54,1.7
192,ss_gen,55,1.6
192,ss_gen,56,1.6
192,ss_gen,57,1.6
192,ss_gen,58,1.7
192,ss_gen,59,1.6
192,ss_gen,60,1.6
192,ss_gen,61,1.5
192,ss_gen,62,1.6
192,ss_gen,63,1.7
192,ss_gen,64,1.6
192,ss_gen,65,1.7
192,ss_gen,66,1.6
192,ss_gen,67,1.7
192,ss_gen,68,1.6
192,ss_gen,69,1.6
192,ss_gen,70,1.7
192,ss_gen,71,1.6
192,ss_gen,72,1.6
192,ss_gen,73,1.6
192,ss_gen,74,1.7
192,ss_gen,75,1.6
192,ss_gen,76,1.7
192,ss_gen,77,1.9
192,ss_gen,78,1.7
192,ss_gen,79,1.6
192,ss_gen,80,1.6
192,ss_gen,81,1.6
192,ss_gen,82,1.7
192,ss_gen,83,1.6
192,ss_gen,84,1.6
192,ss_gen,85,1.7
192,ss_gen,86,1.6
192,ss_gen,87,1.6
192,ss_gen,88,1.6
192,ss_gen,89,1.7
192,ss_gen,90,1.6
192,ss_gen,91,1.7
192,ss_gen,92,1.7
192,ss_gen,93,1.8
192,ss_gen,94,1.6
192,ss_gen,95,1.6
192,ss_gen,96,1.6
192,ss_gen,97,1.6
192,ss_gen,98,1.7
192,ss_gen,99,1.6
192,ss_gen,100,1.7
192,ss_gen,101,1.7
192,ss_gen,102,1.7
192,ss_gen,103,1.6
192,ss_gen,104,1.7
192,ss_gen,105,1.7
192,ss_gen,106,1.7
192,ss_gen,107,1.6
192,ss_gen,108,1.7
192,ss_gen,109,1.8
192,ss_gen,110,1.7
192,ss_gen,111,1.7
192,ss_gen,112,1.7
192,ss_gen,113,1.7
192,ss_gen,114,1.7
192,ss_gen,115,1.6
192,ss_gen,116,1.6
192,ss_gen,117,2.1
192,ss_gen,118,1.7
192,ss_gen,119,1.7
192,ss_gen,120,1.7
192,ss_gen,121,1.7
192,ss_gen,122,1.7
192,ss_gen,123,1.7
192,ss_gen,124,1.7
192,ss_gen,125,1.6
192,ss_gen,126,1.7
192,ss_gen,127,1.6
192,ss_gen,128,1.7
192,ss_gen,129,1.8
192,ss_gen,130,1.6
192,ss_gen,131,1.6
192,ss_gen,132,1.6
192,ss_gen,133,1.6
192,ss_gen,134,1.6
192,ss_gen,135,1.7
192,ss_gen,136,1.7
192,ss_gen,137,1.6
192,ss_gen,138,1.6
192,ss_gen,139,1.7
192,ss_gen,140,1.7
192,ss_gen,141,1.6
192,ss_gen,142,1.6
192,ss_gen,143,1.6
192,ss_gen,144,1.6
192,ss_gen,145,1.6
192,ss_gen,146,1.6
192,ss_gen,147,1.6
192,ss_gen,148,1.6
192,ss_gen,149,1.7
192,ss_gen,150,1.7
192,ss_gen,151,1.7
192,ss_gen,152,1.7
192,ss_gen,153,1.7
192,ss_gen,154,1.7
192,ss_gen,155,1.6
192,ss_gen,156,1.6
192,ss_gen,157,1.6
192,ss_gen,158,1.7
192,ss_gen,159,1.6
192,ss_gen,160,1.6
192,ss_gen,161,1.6
192,ss_gen,162,1.6
192,ss_gen,163,1.7
192,ss_gen,164,1.6
192,ss_gen,165,1.6
192,ss_gen,166,1.6
192,ss_gen,167,1.6
192,ss_gen,168,1.6
192,ss_gen,169,1.6
192,ss_gen,170,1.6
192,ss_gen,171,1.6
192,ss_gen,172,1.7
192,ss_gen,173,1.7
192,ss_gen,174,1.6
192,ss_gen,175,1.6
192,ss_gen,176,1.6
192,ss_gen,177,1.6
192,ss_gen,178,1.6
192,ss_gen,179,1.6
192,ss_gen,180,1.6
192,ss_gen,181,1.7
192,ss_gen,182,1.6
192,ss_gen,183,1.6
192,ss_gen,184,1.7
192,ss_gen,185,1.6
192,ss_gen,186,1.7
192,ss_gen,187,1.7
192,ss_gen,188,1.6
192,ss_gen,189,1.6
192,ss_gen,190,1.6
192,ss_gen,191,1.7
192,ss_gen,192,1.6
192,ss_gen,193,1.6
192,ss_gen,194,1.6
192,ss_gen,195,1.6
192,ss_gen,196,1.7
192,ss_gen,197,1.7
192,ss_gen,198,1.6
192,ss_gen,199,1.6
192,ss_gen,200,1.6
192,ss_gen,201,1.8
192,ss_gen,202,1.6
192,ss_gen,203,1.7
192,ss_gen,204,1.6
192,ss_gen,205,1.6
192,ss_gen,206,1.7
192,ss_gen,207,1.6
192,ss_gen,208,1.6
192,ss_gen,209,1.7
192,ss_gen,210,1.7
192,ss_gen,211,1.6
192,ss_gen,212,1.6
192,ss_gen,213,1.6
192,ss_gen,214,1.6
192,ss_gen,215,1.6
192,ss_gen,216,1.6
192,ss_gen,217,1.7
192,ss_gen,218,1.6
192,ss_gen,219,1.6
192,ss_gen,220,1.6
192,ss_gen,221,1.6
192,ss_gen,222,1.7
192,ss_gen,223,1.6
192,ss_gen,224,1.6
192,ss_gen,225,1.6
192,ss_gen,226,1.6
192,ss_gen,227,1.6
192,ss_gen,228,1.6
192,ss_gen,229,1.6
192,ss_gen,230,1.6
192,ss_gen,231,1.5
192,ss_gen,232,1.6
192,ss_gen,233,1.8
192,ss_gen,234,1.6
192,ss_gen,235,1.6
192,ss_gen,236,1.7
192,ss_gen,237,1.6
192,ss_gen,238,1.6
192,ss_gen,239,1.7
192,ss_gen,240,1.6
192,ss_gen,241,1.6
192,ss_gen,242,1.6
192,ss_gen,243,1.7
192,ss_gen,244,1.6
192,ss_gen,245,1.7
192,ss_gen,246,1.6
192,ss_gen,247,1.7
192,ss_gen,248,1.6
192,ss_gen,249,1.6
192,ss_gen,250,1.6
192,ss_gen,251,1.7
192,ss_gen,252,1.6
192,ss_gen,253,1.8
192,ss_gen,254,1.8
192,ss_gen,255,1.6
192,ss_gen,256,1.7
192,ss_gen,257,1.7
192,ss_gen,258,1.7
192,ss_gen,259,1.7
192,ss_gen,260,1.7
192,ss_gen,261,1.7
192,ss_gen,262,1.7
192,ss_gen,263,1.6
192,ss_gen,264,1.6
192,ss_gen,265,1.6
192,ss_gen,266,1.7
192,ss_gen,267,1.6
192,ss_gen,268,1.6
192,ss_gen,269,1.8
192,ss_gen,270,1.7
192,ss_gen,271,1.6
192,ss_gen,272,1.6
192,ss_gen,273,1.6
192,ss_gen,274,1.6
192,ss_gen,275,1.6
192,ss_gen,276,1.7
192,ss_gen,277,1.6
192,ss_gen,278,1.7
192,ss_gen,279,1.6
192,ss_gen,280,1.7
192,ss_gen,281,1.7
192,ss_gen,282,1.6
192,ss_gen,283,1.7
192,ss_gen,284,1.6
192,ss_gen,285,1.7
192,ss_gen,286,1.6
192,ss_gen,287,1.6
192,ss_gen,288,1.7
192,ss_gen,289,1.6
192,ss_gen,290,1.6
192,ss_gen,291,1.6
192,ss_gen,292,1.7
192,ss_gen,293,1.6
192,ss_gen,294,1.7
192,ss_gen,295,1.6
192,ss_gen,296,1.6
192,ss_gen,297,1.6
192,ss_gen,298,1.6
192,ss_gen,299,1.6
192,ss_rec,0,16.3
192,ss_rec,1,12.9
192,ss_rec,2,11.4
192,ss_rec,3,11.1
192,ss_rec,4,10.9
192,ss_rec,5,11.4
192,ss_rec,6,11.3
192,ss_rec,7,11.2
192,ss_rec,8,11.0
192,ss_rec,9,11.7
192,ss_rec,10,11.0
192,ss_rec,11,11.2
192,ss_rec,12,11.1
192,ss_rec,13,11.0
192,ss_rec,14,11.0
192,ss_rec,15,10.9
192,ss_rec,16,10.9
192,ss_rec,17,11.0
192,ss_rec,18,10.8
192,ss_rec,19,11.0
192,ss_rec,20,10.8
192,ss_rec,21,10.8
192,ss_rec,22,10.9
192,ss_rec,23,10.9
192,ss_rec,24,10.9
192,ss_rec,25,10.9
192,ss_rec,26,10.8
192,ss_rec,27,11.1
192,ss_rec,28,12.5
192,ss_rec,29,12.9
192,ss_rec,30,11.9
192,ss_rec,31,11.7
192,ss_rec,32,11.2
192,ss_rec,33,11.0
192,ss_rec,34,10.7
192,ss_rec,35,10.9
192,ss_rec,36,10.9
192,ss_rec,37,11.0
192,ss_rec,38,11.8
192,ss_rec,39,12.3
192,ss_rec,40,11.5
192,ss_rec,41,11.3
192,ss_rec,42,11.0
192,ss_rec,43,10.8
192,ss_rec,44,11.0
192,ss_rec,45,11.0
192,ss_rec,46,10.8
192,ss_rec,47,10.8
192,ss_rec,48,10.8
192,ss_rec,49,10.8
192,ss_rec,50,10.9
192,ss_rec,51,11.0
192,ss_rec,52,10.9
192,ss_rec,53,10.8
192,ss_rec,54,10.9
192,ss_rec,55,10.9
192,ss_rec,56,10.8
192,ss_rec,57,10.8
192,ss_rec,58,10.8
192,ss_rec,59,10.8
192,ss_rec,60,10.8
192,ss_rec,61,10.9
192,ss_rec,62,10.8
192,ss_rec,63,10.8
192,ss_rec,64,11.0
192,ss_rec,65,11.0
192,ss_rec,66,10.7
192,ss_rec,67,10.9
192,ss_rec,68,10.7
192,ss_rec,69,10.9
192,ss_rec,70,11.1
192,ss_rec,71,10.9
192,ss_rec,72,10.8
192,ss_rec,73,10.7
192,ss_rec,74,10.8
192,ss_rec,75,10.8
192,ss_rec,76,10.8
192,ss_rec,77,11.1
192,ss_rec,78,11.1
192,ss_rec,79,11.0
192,ss_rec,80,10.9
192,ss_rec,81,10.8
192,ss_rec,82,10.9
192,ss_rec,83,10.9
192,ss_rec,84,17.9
192,ss_rec,85,10.9
192,ss_rec,86,11.0
192,ss_rec,87,11.0
192,ss_rec,88,10.9
192,ss_rec,89,10.8
192,ss_rec,90,10.9
192,ss_rec,91,10.8
192,ss_rec,92,10.6
192,ss_rec,93,11.1
192,ss_rec,94,11.0
192,ss_rec,95,10.9
192,ss_rec,96,10.9
192,ss_rec,97,11.0
192,ss_rec,98,10.8
192,ss_rec,99,10.8
192,ss_rec,100,10.9
192,ss_rec,101,11.6
192,ss_rec,102,10.9
192,ss_rec,103,10.9
192,ss_rec,104,11.0
192,ss_rec,105,10.9
192,ss_rec,106,10.9
192,ss_rec,107,11.0
192,ss_rec,108,11.0
192,ss_rec,109,11.0
192,ss_rec,110,11.0
192,ss_rec,111,11.0
192,ss_rec,112,11.0
192,ss_rec,113,10.9
192,ss_rec,114,10.9
192,ss_rec,115,11.0
192,ss_rec,116,11.0
192,ss_rec,117,10.9
192,ss_rec,118,10.9
192,ss_rec,119,10.7
192,ss_rec,120,10.8
192,ss_rec,121,10.9
192,ss_rec,122,10.8
192,ss_rec,123,10.9
192,ss_rec,124,10.9
192,ss_rec,125,10.8
192,ss_rec,126,10.8
192,ss_rec,127,10.7
192,ss_rec,128,10.8
192,ss_rec,129,11.1
192,ss_rec,130,11.0
192,ss_rec,131,10.9
192,ss_rec,132,10.8
192,ss_rec,133,10.7
192,ss_rec,134,10.7
192,ss_rec,135,10.8
192,ss_rec,136,10.8
192,ss_rec,137,10.8
192,ss_rec,138,10.9
192,ss_rec,139,10.6
192,ss_rec,140,10.7
192,ss_rec,141,10.9
192,ss_rec,142,11.0
192,ss_rec,143,10.8
192,ss_rec,144,10.9
192,ss_rec,145,10.7
192,ss_rec,146,10.8
192,ss_rec,147,10.8
192,ss_rec,148,10.8
192,ss_rec,149,11.1
192,ss_rec,150,11.0
192,ss_rec,151,10.9
192,ss_rec,152,10.9
192,ss_rec,153,11.0
192,ss_rec,154,10.9
192,ss_rec,155,10.9
192,ss_rec,156,11.0
192,ss_rec,157,11.0
192,ss_rec,158,11.0
192,ss_rec,159,11.0
192,ss_rec,160,10.9
192,ss_rec,161,11.0
192,ss_rec,162,10.8
192,ss_rec,163,10.8
192,ss_rec,164,10.7
192,ss_rec,165,10.8
192,ss_rec,166,10.9
192,ss_rec,167,10.8
192,ss_rec,168,10.8
192,ss_rec,169,10.9
192,ss_rec,170,10.8
192,ss_rec,171,11.0
192,ss_rec,172,35.8
192,ss_rec,173,18.6
192,ss_rec,174,20.7
192,ss_rec,175,19.7
192,ss_rec,176,20.3
192,ss_rec,177,19.3
192,ss_rec,178,19.2
192,ss_rec,179,19.0
192,ss_rec,180,20.5
192,ss_rec,181,19.6
192,ss_rec,182,22.8
192,ss_rec,183,30.2
192,ss_rec,184,21.8
192,ss_rec,185,19.5
192,ss_rec,186,21.4
192,ss_rec,187,21.1
192,ss_rec,188,19.5
192,ss_rec,189,19.3
192,ss_rec,190,19.9
192,ss_rec,191,19.9
192,ss_rec,192,19.6
192,ss_rec,193,20.7
192,ss_rec,194,17.4
192,ss_rec,195,16.5
192,ss_rec,196,17.1
192,ss_rec,197,17.8
192,ss_rec,198,17.4
192,ss_rec,199,16.7
192,ss_rec,200,18.1
192,ss_rec,201,19.2
192,ss_rec,202,17.8
192,ss_rec,203,18.6
192,ss_rec,204,19.3
192,ss_rec,205,20.4
192,ss_rec,206,19.8
192,ss_rec,207,18.6
192,ss_rec,208,18.2
192,ss_rec,209,19.0
192,ss_rec,210,21.4
192,ss_rec,211,19.4
192,ss_rec,212,11.7
192,ss_rec,213,11.2
192,ss_rec,214,11.2
192,ss_rec,215,11.0
192,ss_rec,216,10.9
192,ss_rec,217,11.0
192,ss_rec,218,11.2
192,ss_rec,219,11.0
192,ss_rec,220,10.9
192,ss_rec,221,11.0
192,ss_rec,222,11.0
192,ss_rec,223,11.0
192,ss_rec,224,11.8
192,ss_rec,225,82.2
192,ss_rec,226,23.6
192,ss_rec,227,21.1
192,ss_rec,228,15.7
192,ss_rec,229,16.4
192,ss_rec,230,18.0
192,ss_rec,231,20.7
192,ss_rec,232,15.1
192,ss_rec,233,17.3
192,ss_rec,234,19.0
192,ss_rec,235,17.4
192,ss_rec,236,19.0
192,ss_rec,237,19.9
192,ss_rec,238,17.0
192,ss_rec,239,15.9
192,ss_rec,240,16.0
192,ss_rec,241,18.8
192,ss_rec,242,19.5
192,ss_rec,243,20.5
192,ss_rec,244,19.0
192,ss_rec,245,16.9
192,ss_rec,246,20.7
192,ss_rec,247,21.6
192,ss_rec,248,19.3
192,ss_rec,249,19.0
192,ss_rec,250,17.0
192,ss_rec,251,20.4
192,ss_rec,252,13.0
192,ss_rec,253,10.9
192,ss_rec,254,11.0
192,ss_rec,255,11.4
192,ss_rec,256,11.4
192,ss_rec,257,11.3
192,ss_rec,258,11.4
192,ss_rec,259,11.0
192,ss_rec,260,10.9
192,ss_rec,261,10.9
192,ss_rec,262,10.8
192,ss_rec,263,10.9
192,ss_rec,264,11.0
192,ss_rec,265,11.0
192,ss_rec,266,10.8
192,ss_rec,267,10.8
192,ss_rec,268,10.9
192,ss_rec,269,11.2
192,ss_rec,270,10.9
192,ss_rec,271,10.7
192,ss_rec,272,10.8
192,ss_rec,273,11.2
192,ss_rec,274,11.3
192,ss_rec,275,11.0
192,ss_rec,276,10.7
192,ss_rec,277,10.8
192,ss_rec,278,11.0
192,ss_rec,279,11.1
192,ss_rec,280,10.9
192,ss_rec,281,11.0
192,ss_rec,282,10.8
192,ss_rec,283,10.9
192,ss_rec,284,10.8
192,ss_rec,285,10.9
192,ss_rec,286,10.7
192,ss_rec,287,10.9
192,ss_rec,288,25.0
192,ss_rec,289,11.6
192,ss_rec,290,10.9
192,ss_rec,291,11.1
192,ss_rec,292,10.7
192,ss_rec,293,10.6
192,ss_rec,294,10.9
192,ss_rec,295,10.7
192,ss_rec,296,11.0
192,ss_rec,297,11.0
192,ss_rec,298,10.9
192,ss_rec,299,10.9
192,rand,0,15.2
192,rand,1,10.6
192,rand,2,10.0
192,rand,3,9.4
192,rand,4,9.2
192,rand,5,9.9
192,rand,6,9.6
192,rand,7,9.2
192,rand,8,9.2
192,rand,9,9.4
192,rand,10,9.2
192,rand,11,9.1
192,rand,12,9.2
192,rand,13,9.1
192,rand,14,9.0
192,rand,15,9.2
192,rand,16,9.1
192,rand,17,9.2
192,rand,18,9.1
192,rand,19,9.1
192,rand,20,9.0
192,rand,21,9.0
192,rand,22,9.4
192,rand,23,9.2
192,rand,24,9.1
192,rand,25,9.2
192,rand,26,9.2
192,rand,27,9.1
192,rand,28,9.1
192,rand,29,9.1
192,rand,30,9.1
192,rand,31,9.0
192,rand,32,9.1
192,rand,33,9.1
192,rand,34,9.0
192,rand,35,9.0
192,rand,36,9.1
192,rand,37,9.1
192,rand,38,9.0
192,rand,39,9.0
192,rand,40,9.2
192,rand,41,9.2
192,rand,42,9.2
192,rand,43,9.1
192,rand,44,9.1
192,rand,45,9.1
192,rand,46,9.0
192,rand,47,9.2
192,rand,48,9.1
192,rand,49,9.0
192,rand,50,9.0
192,rand,51,9.0
192,rand,52,9.2
192,rand,53,9.1
192,rand,54,9.1
192,rand,55,9.3
192,rand,56,9.0
192,rand,57,9.1
192,rand,58,9.1
192,rand,59,9.0
192,rand,60,9.1
192,rand,61,28.9
192,rand,62,9.4
192,rand,63,9.2
192,rand,64,9.3
192,rand,65,9.4
192,rand,66,9.2
192,rand,67,9.1
192,rand,68,9.0
192,rand,69,9.0
192,rand,70,9.1
192,rand,71,8.9
192,rand,72,9.1
192,rand,73,9.4
192,rand,74,9.1
192,rand,75,9.4
192,rand,76,9.1
192,rand,77,9.2
192,rand,78,9.0
192,rand,79,9.0
192,rand,80,9.0
192,rand,81,9.1
192,rand,82,9.2
192,rand,83,9.1
192,rand,84,9.1
192,rand,85,9.0
192,rand,86,8.9
192,rand,87,9.2
192,rand,88,9.2
192,rand,89,9.1
192,rand,90,9.1
192,rand,91,9.1
192,rand,92,8.9
192,rand,93,9.1
192,rand,94,9.1
192,rand,95,9.0
192,rand,96,9.2
192,rand,97,9.0
192,rand,98,9.0
192,rand,99,9.1
192,rand,100,9.0
192,rand,101,9.1
192,rand,102,8.9
192,rand,103,9.1
192,rand,104,9.0
192,rand,105,11.7
192,rand,106,10.0
192,rand,107,9.3
192,rand,108,9.1
192,rand,109,9.0
192,rand,110,9.0
192,rand,111,9.0
192,rand,112,8.9
192,rand,113,8.9
192,rand,114,8.7
192,rand,115,8.9
192,rand,116,8.8
192,rand,117,8.9
192,rand,118,8.8
192,rand,119,9.0
192,rand,120,8.9
192,rand,121,8.9
192,rand,122,8.9
192,rand,123,9.0
192,rand,124,9.1
192,rand,125,8.9
192,rand,126,8.8
192,rand,127,8.9
192,rand,128,8.9
192,rand,129,8.9
192,rand,130,8.9
192,rand,131,8.9
192,rand,132,8.8
192,rand,133,8.8
192,rand,134,9.0
192,rand,135,8.8
192,rand,136,9.0
192,rand,137,8.9
192,rand,138,8.9
192,rand,139,9.0
192,rand,140,8.9
192,rand,141,8.8
192,rand,142,8.8
192,rand,143,9.0
192,rand,144,8.9
192,rand,145,8.9
192,rand,146,9.0
192,rand,147,8.9
192,rand,148,8.8
192,rand,149,9.0
192,rand,150,8.9
192,rand,151,8.8
192,rand,152,9.0
192,rand,153,9.1
192,rand,154,9.1
192,rand,155,9.1
192,rand,156,8.9
192,rand,157,9.0
192,rand,158,8.9
192,rand,159,8.8
192,rand,160,8.9
192,rand,161,9.0
192,rand,162,8.9
192,rand,163,9.0
192,rand,164,16.1
192,rand,165,9.2
192,rand,166,8.9
192,rand,167,9.0
192,rand,168,9.0
192,rand,169,8.8
192,rand,170,8.8
192,rand,171,8.9
192,rand,172,8.8
192,rand,173,8.9
192,rand,174,8.9
192,rand,175,8.9
192,rand,176,8.8
192,rand,177,8.9
192,rand,178,8.8
192,rand,179,8.9
192,rand,180,8.8
192,rand,181,9.0
192,rand,182,8.9
192,rand,183,8.9
192,rand,184,9.0
192,rand,185,9.0
192,rand,186,8.7
192,rand,187,8.9
192,rand,188,8.9
192,rand,189,8.9
192,rand,190,9.0
192,rand,191,9.0
192,rand,192,8.9
192,rand,193,8.9
192,rand,194,9.2
192,rand,195,10.8
192,rand,196,9.6
192,rand,197,9.9
192,rand,198,9.4
192,rand,199,9.1
192,rand,200,9.0
192,rand,201,9.3
192,rand,202,9.0
192,rand,203,8.9
192,rand,204,8.9
192,rand,205,8.9
192,rand,206,8.9
192,rand,207,8.8
192,rand,208,9.0
192,rand,209,8.9
192,rand,210,8.8
192,rand,211,8.7
192,rand,212,8.9
192,rand,213,9.0
192,rand,214,8.9
192,rand,215,8.8
192,rand,216,8.8
192,rand,217,8.8
192,rand,218,8.9
192,rand,219,8.9
192,rand,220,8.8
192,rand,221,8.8
192,rand,222,8.9
192,rand,223,9.0
192,rand,224,8.8
192,rand,225,8.8
192,rand,226,8.9
192,rand,227,8.8
192,rand,228,8.8
192,rand,229,8.9
192,rand,230,8.9
192,rand,231,8.9
192,rand,232,8.9
192,rand,233,9.1
192,rand,234,9.0
192,rand,235,8.9
192,rand,236,8.8
192,rand,237,8.8
192,rand,238,8.8
192,rand,239,9.0
192,rand,240,9.1
192,rand,241,9.0
192,rand,242,8.9
192,rand,243,8.8
192,rand,244,8.9
192,rand,245,8.9
192,rand,246,8.8
192,rand,247,8.8
192,rand,248,8.7
192,rand,249,8.8
192,rand,250,8.7
192,rand,251,9.1
192,rand,252,8.9
192,rand,253,9.0
192,rand,254,8.8
192,rand,255,9.1
192,rand,256,9.1
192,rand,257,9.1
192,rand,258,8.9
192,rand,259,8.8
192,rand,260,8.9
192,rand,261,9.0
192,rand,262,8.9
192,rand,263,9.0
192,rand,264,9.0
192,rand,265,8.9
192,rand,266,8.9
192,rand,267,8.9
192,rand,268,8.9
192,rand,269,9.1
192,rand,270,55.6
192,rand,271,10.1
192,rand,272,9.2
192,rand,273,8.9
192,rand,274,8.9
192,rand,275,9.5
192,rand,276,9.1
192,rand,277,8.9
192,rand,278,9.0
192,rand,279,9.0
192,rand,280,8.8
192,rand,281,8.8
192,rand,282,8.9
192,rand,283,8.9
192,rand,284,8.8
192,rand,285,8.9
192,rand,286,8.9
192,rand,287,9.3
192,rand,288,9.0
192,rand,289,9.0
192,rand,290,8.8
192,rand,291,9.0
192,rand,292,9.0
192,rand,293,8.8
192,rand,294,8.8
192,rand,295,8.9
192,rand,296,9.0
192,rand,297,9.0
192,rand,298,8.7
192,rand,299,9.0
192,mod_inv,0,63.2
192,mod_inv,1,57.9
192,mod_inv,2,54.4
192,mod_inv,3,53.7
192,mod_inv,4,53.5
192,mod_inv,5,56.6
192,mod_inv,6,54.5
192,mod_inv,7,146.5
192,mod_inv,8,96.0
192,mod_inv,9,88.5
192,mod_inv,10,91.2
192,mod_inv,11,98.2
192,mod_inv,12,97.7
192,mod_inv,13,100.9
192,mod_inv,14,102.2
192,mod_inv,15,101.8
192,mod_inv,16,136.3
192,mod_inv,17,108.1
192,mod_inv,18,104.0
192,mod_inv,19,101.8
192,mod_inv,20,106.3
192,mod_inv,21,104.0
192,mod_inv,22,102.9
192,mod_inv,23,102.5
192,mod_inv,24,100.8
192,mod_inv,25,100.9
192,mod_inv,26,139.0
192,mod_inv,27,102.9
192,mod_inv,28,102.6
192,mod_inv,29,101.6
192,mod_inv,30,129.0
192,mod_inv,31,101.6
192,mod_inv,32,100.1
192,mod_inv,33,100.9
192,mod_inv,34,101.6
192,mod_inv,35,98.8
192,mod_inv,36,94.8
192,mod_inv,37,89.6
192,mod_inv,38,94.1
192,mod_inv,39,102.6
192,mod_inv,40,130.7
192,mod_inv,41,92.9
192,mod_inv,42,92.1
192,mod_inv,43,90.3
192,mod_inv,44,92.7
192,mod_inv,45,100.4
192,mod_inv,46,103.7
192,mod_inv,47,108.7
192,mod_inv,48,103.3
192,mod_inv,49,98.3
192,mod_inv,50,130.1
192,mod_inv,51,99.0
192,mod_inv,52,99.0
192,mod_inv,53,104.9
192,mod_inv,54,106.4
192,mod_inv,55,97.6
192,mod_inv,56,99.1
192,mod_inv,57,99.6
192,mod_inv,58,104.8
192,mod_inv,59,122.3
192,mod_inv,60,104.3
192,mod_inv,61,103.6
192,mod_inv,62,99.8
192,mod_inv,63,97.6
192,mod_inv,64,99.8
192,mod_inv,65,99.7
192,mod_inv,66,101.8
192,mod_inv,67,105.8
192,mod_inv,68,106.0
192,mod_inv,69,145.5
192,mod_inv,70,99.1
192,mod_inv,71,103.0
192,mod_inv,72,101.4
192,mod_inv,73,98.0
192,mod_inv,74,103.5
192,mod_inv,75,105.5
192,mod_inv,76,100.4
192,mod_inv,77,102.4
192,mod_inv,78,135.4
192,mod_inv,79,101.4
192,mod_inv,80,102.8
192,mod_inv,81,99.8
192,mod_inv,82,101.7
192,mod_inv,83,101.6
192,mod_inv,84,102.3
192,mod_inv,85,99.8
192,mod_inv,86,101.8
192,mod_inv,87,129.7
192,mod_inv,88,102.3
192,mod_inv,89,90.1
192,mod_inv,90,98.1
192,mod_inv,91,101.4
192,mod_inv,92,102.2
192,mod_inv,93,105.9
192,mod_inv,94,100.9
192,mod_inv,95,103.0
192,mod_inv,96,102.1
192,mod_inv,97,136.9
192,mod_inv,98,103.4
192,mod_inv,99,102.0
192,mod_inv,100,93.3
192,mod_inv,101,96.9
192,mod_inv,102,101.1
192,mod_inv,103,99.4
192,mod_inv,104,107.1
192,mod_inv,105,106.0
192,mod_inv,106,132.0
192,mod_inv,107,100.2
192,mod_inv,108,102.3
192,mod_inv,109,100.8
192,mod_inv,110,102.5
192,mod_inv,111,108.5
192,mod_inv,112,104.6
192,mod_inv,113,98.5
192,mod_inv,114,101.2
192,mod_inv,115,100.7
192,mod_inv,116,132.7
192,mod_inv,117,103.1
192,mod_inv,118,108.2
192,mod_inv,119,98.3
192,mod_inv,120,101.8
192,mod_inv,121,102.0
192,mod_inv,122,101.7
192,mod_inv,123,102.1
192,mod_inv,124,98.3
192,mod_inv,125,142.5
192,mod_inv,126,98.3
192,mod_inv,127,97.7
192,mod_inv,128,102.0
192,mod_inv,129,100.8
192,mod_inv,130,101.7
192,mod_inv,131,100.9
192,mod_inv,132,98.9
192,mod_inv,133,100.6
192,mod_inv,134,101.4
192,mod_inv,135,139.2
192,mod_inv,136,108.1
192,mod_inv,137,114.6
192,mod_inv,138,103.1
192,mod_inv,139,100.3
192,mod_inv,140,99.0
192,mod_inv,141,101.9
192,mod_inv,142,98.7
192,mod_inv,143,102.4
192,mod_inv,144,132.8
192,mod_inv,145,106.3
192,mod_inv,146,99.6
192,mod_inv,147,99.2
192,mod_inv,148,101.9
192,mod_inv,149,101.6
192,mod_inv,150,99.7
192,mod_inv,151,97.8
192,mod_inv,152,97.7
192,mod_inv,153,176.9
192,mod_inv,154,124.8
192,mod_inv,155,92.0
192,mod_inv,156,96.7
192,mod_inv,157,98.4
192,mod_inv,158,95.1
192,mod_inv,159,138.8
192,mod_inv,160,96.9
192,mod_inv,161,107.2
192,mod_inv,162,106.1
192,mod_inv,163,101.8
192,mod_inv,164,103.5
192,mod_inv,165,102.9
192,mod_inv,166,102.1
192,mod_inv,167,98.1
192,mod_inv,168,132.0
192,mod_inv,169,105.6
192,mod_inv,170,101.9
192,mod_inv,171,104.3
192,mod_inv,172,103.6
192,mod_inv,173,102.5
192,mod_inv,174,107.3
192,mod_inv,175,100.4
192,mod_inv,176,97.8
192,mod_inv,177,89.8
192,mod_inv,178,109.5
192,mod_inv,179,94.9
192,mod_inv,180,98.6
192,mod_inv,181,99.5
192,mod_inv,182,91.9
192,mod_inv,183,93.4
192,mod_inv,184,96.3
192,mod_inv,185,99.9
192,mod_inv,186,102.4
192,mod_inv,187,107.3
192,mod_inv,188,153.3
192,mod_inv,189,97.9
192,mod_inv,190,99.3
192,mod_inv,191,98.0
192,mod_inv,192,102.2
192,mod_inv,193,101.5
192,mod_inv,194,103.0
192,mod_inv,195,101.6
192,mod_inv,196,104.1
192,mod_inv,197,129.9
192,mod_inv,198,102.9
192,mod_inv,199,96.5
192,mod_inv,200,93.8
192,mod_inv,201,94.0
192,mod_inv,202,97.2
192,mod_inv,203,90.1
192,mod_inv,204,98.9
192,mod_inv,205,100.0
192,mod_inv,206,97.4
192,mod_inv,207,151.0
192,mod_inv,208,90.1
192,mod_inv,209,102.3
192,mod_inv,210,102.8
192,mod_inv,211,102.7
192,mod_inv,212,102.6
192,mod_inv,213,100.3
192,mod_inv,214,99.3
192,mod_inv,215,97.3
192,mod_inv,216,136.0
192,mod_inv,217,106.2
192,mod_inv,218,106.6
192,mod_inv,219,103.3
192,mod_inv,220,97.0
192,mod_inv,221,95.5
192,mod_inv,222,97.4
192,mod_inv,223,99.1
192,mod_inv,224,98.0
192,mod_inv,225,98.0
192,mod_inv,226,156.6
192,mod_inv,227,95.9
192,mod_inv,228,97.0
192,mod_inv,229,102.8
192,mod_inv,230,102.2
192,mod_inv,231,103.1
192,mod_inv,232,111.8
192,mod_inv,233,100.0
192,mod_inv,234,96.1
192,mod_inv,235,114.0
192,mod_inv,236,98.3
192,mod_inv,237,98.1
192,mod_inv,238,96.2
192,mod_inv,239,99.3
192,mod_inv,240,97.0
192,mod_inv,241,100.6
192,mod_inv,242,107.3
192,mod_inv,243,102.1
192,mod_inv,244,162.1
192,mod_inv,245,105.5
192,mod_inv,246,98.6
192,mod_inv,247,96.6
192,mod_inv,248,131.2
192,mod_inv,249,107.5
192,mod_inv,250,175.0
192,mod_inv,251,75.5
192,mod_inv,252,59.4
192,mod_inv,253,55.5
192,mod_inv,254,69.7
192,mod_inv,255,95.0
192,mod_inv,256,55.5
192,mod_inv,257,72.2
192,mod_inv,258,80.3
192,mod_inv,259,202.1
192,mod_inv,260,94.8
192,mod_inv,261,96.0
192,mod_inv,262,90.4
192,mod_inv,263,69.5
192,mod_inv,264,53.4
192,mod_inv,265,53.0
192,mod_inv,266,52.6
192,mod_inv,267,64.7
192,mod_inv,268,82.7
192,mod_inv,269,93.9
192,mod_inv,270,133.9
192,mod_inv,271,91.7
192,mod_inv,272,88.2
192,mod_inv,273,80.2
192,mod_inv,274,55.9
192,mod_inv,275,72.9
192,mod_inv,276,62.6
192,mod_inv,277,53.8
192,mod_inv,278,53.0
192,mod_inv,279,53.7
192,mod_inv,280,56.8
192,mod_inv,281,54.8
192,mod_inv,282,52.9
192,mod_inv,283,52.9
192,mod_inv,284,52.8
192,mod_inv,285,52.3
192,mod_inv,286,67.6
192,mod_inv,287,58.1
192,mod_inv,288,85.1
192,mod_inv,289,97.1
192,mod_inv,290,72.4
192,mod_inv,291,71.9
192,mod_inv,292,54.5
192,mod_inv,293,52.6
192,mod_inv,294,53.2
192,mod_inv,295,148.4
192,mod_inv,296,108.5
192,mod_inv,297,105.0
192,mod_inv,298,101.9
192,mod_inv,299,100.5
256,point_mul,0,16852.8
256,point_mul,1,20064.6
256,point_mul,2,18974.6
256,point_mul,3,19241.7
256,point_mul,4,20206.5
256,point_mul,5,17281.8
256,point_mul,6,17783.3
256,point_mul,7,16674.7
256,point_mul,8,19045.7
256,point_mul,9,21387.1
256,point_mul,10,21274.3
256,point_mul,11,22684.7
256,point_mul,12,21685.0
256,point_mul,13,20197.8
256,point_mul,14,18163.2
256,point_mul,15,16376.3
256,point_mul,16,18426.9
256,point_mul,17,20142.1
256,point_mul,18,17490.1
256,point_mul,19,17007.6
256,point_mul,20,16120.4
256,point_mul,21,15521.9
256,point_mul,22,15867.9
256,point_mul,23,16118.6
256,point_mul,24,16028.9
256,point_mul,25,16646.9
256,point_mul,26,15822.9
256,point_mul,27,16287.6
256,point_mul,28,15465.8
256,point_mul,29,15598.0
256,point_mul,30,16212.4
256,point_mul,31,16130.9
256,point_mul,32,16577.8
256,point_mul,33,16390.0
256,point_mul,34,17114.1
256,point_mul,35,15841.0
256,point_mul,36,15696.5
256,point_mul,37,15485.7
256,point_mul,38,16995.6
256,point_mul,39,15978.7
256,point_mul,40,16900.1
256,point_mul,41,15988.0
256,point_mul,42,16701.9
256,point_mul,43,20969.7
256,point_mul,44,22778.4
256,point_mul,45,19423.7
256,point_mul,46,19949.8
256,point_mul,47,18557.4
256,point_mul,48,18228.3
256,point_mul,49,22157.8
256,point_mul,50,19703.7
256,point_mul,51,18489.8
256,point_mul,52,20659.5
256,point_mul,53,19574.0
256,point_mul,54,16833.4
256,point_mul,55,19506.0
256,point_mul,56,19086.5
256,point_mul,57,18559.9
256,point_mul,58,16080.8
256,point_mul,59,17321.3
256,point_mul,60,15775.6
256,point_mul,61,15289.7
256,point_mul,62,16115.3
256,point_mul,63,15764.7
256,point_mul,64,17000.9
256,point_mul,65,15850.1
256,point_mul,66,16187.3
256,point_mul,67,16093.2
256,point_mul,68,17402.7
256,point_mul,69,16030.0
256,point_mul,70,16666.1
256,point_mul,71,16120.6
256,point_mul,72,17127.6
256,point_mul,73,17715.9
256,point_mul,74,15814.4
256,point_mul,75,17110.2
256,point_mul,76,18454.3
256,point_mul,77,16875.3
256,point_mul,78,16518.6
256,point_mul,79,15943.9
256,point_mul,80,15609.8
256,point_mul,81,15974.2
256,point_mul,82,16456.7
256,point_mul,83,15962.4
256,point_mul,84,15768.7
256,point_mul,85,15992.6
256,point_mul,86,16761.5
256,point_mul,87,17506.5
256,point_mul,88,17980.6
256,point_mul,89,18183.6
256,point_mul,90,17451.9
256,point_mul,91,17109.9
256,point_mul,92,16407.4
256,point_mul,93,17451.8
256,point_mul,94,17177.7
256,point_mul,95,17230.3
256,point_mul,96,17714.4
256,point_mul,97,17348.7
256,point_mul,98,18039.2
256,point_mul,99,17179.6
256,point_mul,100,17051.7
256,point_mul,101,16720.3
256,point_mul,102,17485.9
256,point_mul,103,20728.1
256,point_mul,104,17651.3
256,point_mul,105,17597.3
256,point_mul,106,17159.6
256,point_mul,107,17630.0
256,point_mul,108,16571.2
256,point_mul,109,17285.5
256,point_mul,110,17009.3
256,point_mul,111,17452.6
256,point_mul,112,17851.2
256,point_mul,113,16877.3
256,point_mul,114,18416.5
256,point_mul,115,17365.6
256,point_mul,116,17136.9
256,point_mul,117,16729.2
256,point_mul,118,18384.6
256,point_mul,119,16963.7
256,point_mul,120,16499.1
256,point_mul,121,17349.7
256,point_mul,122,17581.3
256,point_mul,123,16922.4
256,point_mul,124,16534.6
256,point_mul,125,17182.7
256,point_mul,126,16616.7
256,point_mul,127,17989.5
256,point_mul,128,16731.1
256,point_mul,129,16666.1
256,point_mul,130,16987.2
256,point_mul,131,18256.4
256,point_mul,132,18714.8
256,point_mul,133,18758.8
256,point_mul,134,18080.5
256,point_mul,135,17902.8
256,point_mul,136,16890.0
256,point_mul,137,17266.4
256,point_mul,138,17109.3
256,point_mul,139,17745.9
256,point_mul,140,16882.0
256,point_mul,141,19137.8
256,point_mul,142,17077.2
256,point_mul,143,17261.7
256,point_mul,144,16774.9
256,point_mul,145,17213.0
256,point_mul,146,17429.3
256,point_mul,147,17821.6
256,point_mul,148,17700.4
256,point_mul,149,16636.1
256,point_mul,150,17695.1
256,point_mul,151,16978.7
256,point_mul,152,17080.9
256,point_mul,153,16587.6
256,point_mul,154,16768.1
256,point_mul,155,17686.0
256,point_mul,156,16799.5
256,point_mul,157,17009.5
256,point_mul,158,16946.1
256,point_mul,159,18409.9
256,point_mul,160,17061.6
256,point_mul,161,18456.1
256,point_mul,162,17904.6
256,point_mul,163,17221.8
256,point_mul,164,16572.8
256,point_mul,165,17829.6
256,point_mul,166,17261.2
256,point_mul,167,16724.4
256,point_mul,168,16823.6
256,point_mul,169,16764.1
256,point_mul,170,18458.5
256,point_mul,171,18041.4
256,point_mul,172,17199.9
256,point_mul,173,16798.6
256,point_mul,174,16971.4
256,point_mul,175,17774.1
256,point_mul,176,17018.2
256,point_mul,177,17450.2
256,point_mul,178,17183.1
256,point_mul,179,17357.4
256,point_mul,180,17189.4
256,point_mul,181,16936.7
256,point_mul,182,16856.8
256,point_mul,183,18174.4
256,point_mul,184,17285.3
256,point_mul,185,17133.7
256,point_mul,186,16776.2
256,point_mul,187,16849.4
256,point_mul,188,17488.0
256,point_mul,189,17405.3
256,point_mul,190,17740.7
256,point_mul,191,20210.1
256,point_mul,192,17672.8
256,point_mul,193,17722.6
256,point_mul,194,16864.2
256,point_mul,195,16879.7
256,point_mul,196,17337.8
256,point_mul,197,17361.9
256,point_mul,198,17357.9
256,point_mul,199,17291.9
256,point_mul,200,17330.2
256,point_mul,201,16858.3
256,point_mul,202,17007.7
256,point_mul,203,16872.9
256,point_mul,204,17062.3
256,point_mul,205,17042.7
256,point_mul,206,17492.0
256,point_mul,207,17386.6
256,point_mul,208,17352.2
256,point_mul,209,16962.5
256,point_mul,210,17375.5
256,point_mul,211,17574.9
256,point_mul,212,17071.4
256,point_mul,213,17487.4
256,point_mul,214,18006.5
256,point_mul,215,17379.4
256,point_mul,216,17006.7
256,point_mul,217,17133.9
256,point_mul,218,19278.0
256,point_mul,219,17377.3
256,point_mul,220,17657.7
256,point_mul,221,18087.8
256,point_mul,222,16770.5
256,point_mul,223,18777.5
256,point_mul,224,16625.6
256,point_mul,225,17204.6
256,point_mul,226,16471.2
256,point_mul,227,16917.7
256,point_mul,228,17291.8
256,point_mul,229,18440.9
256,point_mul,230,17589.9
256,point_mul,231,17943.7
256,point_mul,232,17503.4
256,point_mul,233,17557.1
256,point_mul,234,17770.9
256,point_mul,235,16802.4
256,point_mul,236,16832.1
256,point_mul,237,17873.6
256,point_mul,238,17608.2
256,point_mul,239,17274.6
256,point_mul,240,18655.4
256,point_mul,241,17457.1
256,point_mul,242,17169.5
256,point_mul,243,17157.6
256,point_mul,244,17506.0
256,point_mul,245,17326.7
256,point_mul,246,17045.6
256,point_mul,247,17679.9
256,point_mul,248,18618.0
256,point_mul,249,18538.1
256,point_mul,250,17662.5
256,point_mul,251,19130.6
256,point_mul,252,20332.1
256,point_mul,253,20589.7
256,point_mul,254,18684.6
256,point_mul,255,16699.9
256,point_mul,256,16801.5
256,point_mul,257,17433.5
256,point_mul,258,17670.6
256,point_mul,259,17996.5
256,point_mul,260,16872.4
256,point_mul,261,17053.8
256,point_mul,262,18145.9
256,point_mul,263,17983.9
256,point_mul,264,17088.8
256,point_mul,265,17807.1
256,point_mul,266,17201.1
256,point_mul,267,17169.7
256,point_mul,268,17519.4
256,point_mul,269,18475.4
256,point_mul,270,17189.0
256,point_mul,271,16990.7
256,point_mul,272,16817.1
256,point_mul,273,20061.2
256,point_mul,274,19808.6
256,point_mul,275,18712.6
256,point_mul,276,16351.5
256,point_mul,277,16348.4
256,point_mul,278,15975.1
256,point_mul,279,17581.0
256,point_mul,280,16248.3
256,point_mul,281,16903.3
256,point_mul,282,16642.6
256,point_mul,283,16047.6
256,point_mul,284,15830.8
256,point_mul,285,16713.5
256,point_mul,286,17972.2
256,point_mul,287,16099.0
256,point_mul,288,15830.7
256,point_mul,289,16231.8
256,point_mul,290,16474.3
256,point_mul,291,15954.3
256,point_mul,292,17346.2
256,point_mul,293,16428.1
256,point_mul,294,17651.1
256,point_mul,295,16457.9
256,point_mul,296,17415.6
256,point_mul,297,17386.9
256,point_mul,298,17797.0
256,point_mul,299,16985.3
256,point_mul_generator,0,4714.7
256,point_mul_generator,1,5473.1
256,point_mul_generator,2,5415.2
256,point_mul_generator,3,4288.6
256,point_mul_generator,4,5196.5
256,point_mul_generator,5,5212.2
256,point_mul_generator,6,4868.6
256,point_mul_generator,7,5130.1
256,point_mul_generator,8,5796.4
256,point_mul_generator,9,5221.4
256,point_mul_generator,10,5389.7
256,point_mul_generator,11,5217.5
256,point_mul_generator,12,5162.6
256,point_mul_generator,13,4338.4
256,point_mul_generator,14,5132.4
256,point_mul_generator,15,4918.5
256,point_mul_generator,16,5409.4
256,point_mul_generator,17,5776.2
256,point_mul_generator,18,4810.3
256,point_mul_generator,19,4689.5
256,point_mul_generator,20,5278.9
256,point_mul_generator,21,4373.7
256,point_mul_generator,22,5135.5
256,point_mul_generator,23,5703.1
256,point_mul_generator,24,5893.7
256,point_mul_generator,25,4424.1
256,point_mul_generator,26,5465.6
256,point_mul_generator,27,4926.5
256,point_mul_generator,28,4528.3
256,point_mul_generator,29,5210.1
256,point_mul_generator,30,5799.0
256,point_mul_generator,31,4382.0
256,point_mul_generator,32,5274.1
256,point_mul_generator,33,5040.0
256,point_mul_generator,34,4708.7
256,point_mul_generator,35,4945.7
256,point_mul_generator,36,4800.6
256,point_mul_generator,37,5145.6
256,point_mul_generator,38,5181.0
256,point_mul_generator,39,4790.2
256,point_mul_generator,40,4779.8
256,point_mul_generator,41,5201.6
256,point_mul_generator,42,4545.8
256,point_mul_generator,43,5177.6
256,point_mul_generator,44,5148.3
256,point_mul_generator,45,4434.2
256,point_mul_generator,46,5040.1
256,point_mul_generator,47,5141.2
256,point_mul_generator,48,5086.6
256,point_mul_generator,49,5123.6
256,point_mul_generator,50,5381.8
256,point_mul_generator,51,4545.6
256,point_mul_generator,52,5342.6
256,point_mul_generator,53,5217.4
256,point_mul_generator,54,4683.1
256,point_mul_generator,55,5244.6
256,point_mul_generator,56,5004.1
256,point_mul_generator,57,4909.7
256,point_mul_generator,58,4825.0
256,point_mul_generator,59,4829.9
256,point_mul_generator,60,4526.3
256,point_mul_generator,61,5120.1
256,point_mul_generator,62,5162.5
256,point_mul_generator,63,4458.9
256,point_mul_generator,64,5043.9
256,point_mul_generator,65,4286.1
256,point_mul_generator,66,5197.4
256,point_mul_generator,67,5439.0
256,point_mul_generator,68,4511.5
256,point_mul_generator,69,5245.0
256,point_mul_generator,70,5197.8
256,point_mul_generator,71,4845.5
256,point_mul_generator,72,4998.8
256,point_mul_generator,73,5167.5
256,point_mul_generator,74,4779.3
256,point_mul_generator,75,5063.2
256,point_mul_generator,76,5258.9
256,point_mul_generator,77,4846.1
256,point_mul_generator,78,4976.5
256,point_mul_generator,79,5170.2
256,point_mul_generator,80,4414.4
256,point_mul_generator,81,4946.2
256,point_mul_generator,82,4742.6
256,point_mul_generator,83,4951.4
256,point_mul_generator,84,5248.8
256,point_mul_generator,85,4802.7
256,point_mul_generator,86,4693.3
256,point_mul_generator,87,4939.1
256,point_mul_generator,88,4702.9
256,point_mul_generator,89,5149.1
256,point_mul_generator,90,4942.7
256,point_mul_generator,91,4527.3
256,point_mul_generator,92,5122.2
256,point_mul_generator,93,4833.4
256,point_mul_generator,94,4692.3
256,point_mul_generator,95,5063.5
256,point_mul_generator,96,4849.5
256,point_mul_generator,97,4864.1
256,point_mul_generator,98,5453.2
256,point_mul_generator,99,4355.4
256,point_mul_generator,100,4816.5
256,point_mul_generator,101,4982.4
256,point_mul_generator,102,4604.1
256,point_mul_generator,103,5122.6
256,point_mul_generator,104,4926.6
256,point_mul_generator,105,4803.8
256,point_mul_generator,106,4920.5
256,point_mul_generator,107,4920.8
256,point_mul_generator,108,4912.5
256,point_mul_generator,109,5035.8
256,point_mul_generator,110,4768.0
256,point_mul_generator,111,4846.6
256,point_mul_generator,112,4894.2
256,point_mul_generator,113,4898.2
256,point_mul_generator,114,4733.6
256,point_mul_generator,115,7021.6
256,point_mul_generator,116,5064.8
256,point_mul_generator,117,5547.4
256,point_mul_generator,118,4291.9
256,point_mul_generator,119,5126.6
256,point_mul_generator,120,4714.2
256,point_mul_generator,121,4945.2
256,point_mul_generator,122,5244.2
256,point_mul_generator,123,4325.6
256,point_mul_generator,124,5122.2
256,point_mul_generator,125,5278.4
256,point_mul_generator,126,4385.7
256,point_mul_generator,127,4974.3
256,point_mul_generator,128,5363.9
256,point_mul_generator,129,4525.4
256,point_mul_generator,130,5306.3
256,point_mul_generator,131,6076.8
256,point_mul_generator,132,4620.8
256,point_mul_generator,133,4992.2
256,point_mul_generator,134,4560.9
256,point_mul_generator,135,5317.5
256,point_mul_generator,136,5173.7
256,point_mul_generator,137,5398.2
256,point_mul_generator,138,4714.4
256,point_mul_generator,139,5607.6
256,point_mul_generator,140,4275.3
256,point_mul_generator,141,5254.1
256,point_mul_generator,142,5083.6
256,point_mul_generator,143,4700.5
256,point_mul_generator,144,5361.4
256,point_mul_generator,145,5095.1
256,point_mul_generator,146,4701.8
256,point_mul_generator,147,4891.8
256,point_mul_generator,148,4922.4
256,point_mul_generator,149,5030.1
256,point_mul_generator,150,5055.2
256,point_mul_generator,151,5318.1
256,point_mul_generator,152,4683.2
256,point_mul_generator,153,4917.0
256,point_mul_generator,154,5534.8
256,point_mul_generator,155,4900.4
256,point_mul_generator,156,4931.0
256,point_mul_generator,157,4971.8
256,point_mul_generator,158,5082.1
256,point_mul_generator,159,5110.9
256,point_mul_generator,160,5218.4
256,point_mul_generator,161,4834.8
256,point_mul_generator,162,5043.2
256,point_mul_generator,163,4924.5
256,point_mul_generator,164,4663.1
256,point_mul_generator,165,4814.7
256,point_mul_generator,166,4618.8
256,point_mul_generator,167,5286.1
256,point_mul_generator,168,4872.0
256,point_mul_generator,169,4540.3
256,point_mul_generator,170,4685.5
256,point_mul_generator,171,5231.9
256,point_mul_generator,172,4341.5
256,point_mul_generator,173,4911.7
256,point_mul_generator,174,5021.8
256,point_mul_generator,175,4285.9
256,point_mul_generator,176,5191.1
256,point_mul_generator,177,5337.0
256,point_mul_generator,178,4493.0
256,point_mul_generator,179,5107.9
256,point_mul_generator,180,4687.6
256,point_mul_generator,181,4740.1
256,point_mul_generator,182,5108.4
256,point_mul_generator,183,4547.1
256,point_mul_generator,184,5291.2
256,point_mul_generator,185,5234.0
256,point_mul_generator,186,4705.0
256,point_mul_generator,187,5073.3
256,point_mul_generator,188,5519.9
256,point_mul_generator,189,4317.0
256,point_mul_generator,190,5849.3
256,point_mul_generator,191,5775.3
256,point_mul_generator,192,4698.6
256,point_mul_generator,193,5518.4
256,point_mul_generator,194,5025.8
256,point_mul_generator,195,4660.1
256,point_mul_generator,196,5419.8
256,point_mul_generator,197,4957.2
256,point_mul_generator,198,4357.3
256,point_mul_generator,199,6914.7
256,point_mul_generator,200,5503.7
256,point_mul_generator,201,5255.8
256,point_mul_generator,202,4559.7
256,point_mul_generator,203,5314.0
256,point_mul_generator,204,4832.3
256,point_mul_generator,205,4987.6
256,point_mul_generator,206,5374.7
256,point_mul_generator,207,4457.8
256,point_mul_generator,208,5426.6
256,point_mul_generator,209,4996.7
256,point_mul_generator,210,4788.0
256,point_mul_generator,211,5256.4
256,point_mul_generator,212,5387.4
256,point_mul_generator,213,4258.1
256,point_mul_generator,214,5134.1
256,point_mul_generator,215,5283.8
256,point_mul_generator,216,4390.0
256,point_mul_generator,217,4876.9
256,point_mul_generator,218,4359.5
256,point_mul_generator,219,5264.9
256,point_mul_generator,220,5285.7
256,point_mul_generator,221,5296.9
256,point_mul_generator,222,4435.1
256,point_mul_generator,223,5023.4
256,point_mul_generator,224,5575.4
256,point_mul_generator,225,5082.9
256,point_mul_generator,226,5323.5
256,point_mul_generator,227,5069.2
256,point_mul_generator,228,4655.5
256,point_mul_generator,229,5939.6
256,point_mul_generator,230,5076.0
256,point_mul_generator,231,4841.9
256,point_mul_generator,232,5051.6
256,point_mul_generator,233,4515.0
256,point_mul_generator,234,4877.9
256,point_mul_generator,235,4797.6
256,point_mul_generator,236,4646.6
256,point_mul_generator,237,5071.4
256,point_mul_generator,238,4279.5
256,point_mul_generator,239,5502.5
256,point_mul_generator,240,5243.2
256,point_mul_generator,241,4301.1
256,point_mul_generator,242,5554.2
256,point_mul_generator,243,5364.0
256,point_mul_generator,244,4767.8
256,point_mul_generator,245,4879.9
256,point_mul_generator,246,5116.2
256,point_mul_generator,247,4848.0
256,point_mul_generator,248,5044.9
256,point_mul_generator,249,4895.5
256,point_mul_generator,250,4406.7
256,point_mul_generator,251,5090.0
256,point_mul_generator,252,4497.2
256,point_mul_generator,253,5138.9
256,point_mul_generator,254,5594.1
256,point_mul_generator,255,5152.0
256,point_mul_generator,256,4890.4
256,point_mul_generator,257,5125.3
256,point_mul_generator,258,4443.2
256,point_mul_generator,259,5211.4
256,point_mul_generator,260,4503.1
256,point_mul_generator,261,5392.3
256,point_mul_generator,262,4956.4
256,point_mul_generator,263,4458.4
256,point_mul_generator,264,5625.2
256,point_mul_generator,265,5024.2
256,point_mul_generator,266,4405.4
256,point_mul_generator,267,5106.3
256,point_mul_generator,268,5124.3
256,point_mul_generator,269,4433.7
256,point_mul_generator,270,5291.4
256,point_mul_generator,271,4805.1
256,point_mul_generator,272,4846.4
256,point_mul_generator,273,5228.8
256,point_mul_generator,274,4792.6
256,point_mul_generator,275,5256.6
256,point_mul_generator,276,5062.6
256,point_mul_generator,277,4419.9
256,point_mul_generator,278,5438.7
256,point_mul_generator,279,5755.7
256,point_mul_generator,280,4577.3
256,point_mul_generator,281,4903.0
256,point_mul_generator,282,5327.1
256,point_mul_generator,283,5076.9
256,point_mul_generator,284,4762.2
256,point_mul_generator,285,4807.2
256,point_mul_generator,286,4809.5
256,point_mul_generator,287,5077.8
256,point_mul_generator,288,4388.0
256,point_mul_generator,289,5521.6
256,point_mul_generator,290,5102.2
256,point_mul_generator,291,4479.7
256,point_mul_generator,292,5761.6
256,point_mul_generator,293,5411.0
256,point_mul_generator,294,4521.8
256,point_mul_generator,295,5165.6
256,point_mul_generator,296,5159.1
256,point_mul_generator,297,4333.6
256,point_mul_generator,298,5015.9
256,point_mul_generator,299,5099.5
256,point_add,0,23.6
256,point_add,1,23.7
256,point_add,2,30.3
256,point_add,3,19.2
256,point_add,4,19.3
256,point_add,5,18.7
256,point_add,6,18.9
256,point_add,7,18.8
256,point_add,8,19.6
256,point_add,9,19.1
256,point_add,10,18.8
256,point_add,11,18.9
256,point_add,12,19.0
256,point_add,13,18.7
256,point_add,14,18.5
256,point_add,15,18.5
256,point_add,16,18.7
256,point_add,17,18.5
256,point_add,18,18.8
256,point_add,19,18.6
256,point_add,20,18.5
256,point_add,21,18.9
256,point_add,22,19.0
256,point_add,23,18.5
256,point_add,24,18.5
256,point_add,25,18.7
256,point_add,26,18.6
256,point_add,27,18.5
256,point_add,28,18.4
256,point_add,29,19.5
256,point_add,30,19.5
256,point_add,31,28.7
256,point_add,32,18.7
256,point_add,33,18.7
256,point_add,34,18.5
256,point_add,35,18.6
256,point_add,36,18.7
256,point_add,37,18.7
256,point_add,38,18.5
256,point_add,39,18.5
256,point_add,40,18.5
256,point_add,41,18.6
256,point_add,42,18.7
256,point_add,43,18.6
256,point_add,44,18.7
256,point_add,45,18.4
256,point_add,46,18.7
256,point_add,47,18.6
256,point_add,48,18.6
256,point_add,49,18.7
256,point_add,50,18.6
256,point_add,51,18.5
256,point_add,52,18.7
256,point_add,53,18.7
256,point_add,54,18.4
256,point_add,55,18.6
256,point_add,56,18.5
256,point_add,57,18.5
256,point_add,58,18.9
256,point_add,59,18.8
256,point_add,60,18.4
256,point_add,61,18.6
256,point_add,62,18.4
256,point_add,63,18.3
256,point_add,64,18.5
256,point_add,65,18.5
256,point_add,66,18.5
256,point_add,67,18.9
256,point_add,68,18.4
256,point_add,69,18.5
256,point_add,70,18.5
256,point_add,71,18.6
256,point_add,72,18.3
256,point_add,73,18.5
256,point_add,74,18.7
256,point_add,75,18.6
256,point_add,76,18.4
256,point_add,77,18.9
256,point_add,78,18.5
256,point_add,79,18.7
256,point_add,80,18.5
256,point_add,81,18.4
256,point_add,82,18.8
256,point_add,83,40.0
256,point_add,84,38.0
256,point_add,85,31.8
256,point_add,86,22.4
256,point_add,87,19.9
256,point_add,88,19.2
256,point_add,89,19.8
256,point_add,90,19.3
256,point_add,91,20.5
256,point_add,92,21.2
256,point_add,93,20.2
256,point_add,94,19.7
256,point_add,95,19.5
256,point_add,96,19.1
256,point_add,97,19.1
256,point_add,98,19.0
256,point_add,99,18.8
256,point_add,100,18.9
256,point_add,101,18.8
256,point_add,102,18.8
256,point_add,103,18.8
256,point_add,104,18.9
256,point_add,105,18.6
256,point_add,106,19.0
256,point_add,107,19.0
256,point_add,108,19.0
256,point_add,109,19.0
256,point_add,110,18.8
256,point_add,111,18.8
256,point_add,112,18.7
256,point_add,113,18.9
256,point_add,114,18.7
256,point_add,115,18.8
256,point_add,116,18.6
256,point_add,117,18.9
256,point_add,118,18.9
256,point_add,119,18.9
256,point_add,120,18.9
256,point_add,121,18.8
256,point_add,122,18.9
256,point_add,123,18.6
256,point_add,124,18.8
256,point_add,125,18.8
256,point_add,126,18.8
256,point_add,127,18.5
256,point_add,128,18.7
256,point_add,129,19.1
256,point_add,130,18.8
256,point_add,131,75.4
256,point_add,132,23.4
256,point_add,133,19.1
256,point_add,134,19.0
256,point_add,135,18.9
256,point_add,136,18.8
256,point_add,137,18.8
256,point_add,138,18.8
256,point_add,139,18.8
256,point_add,140,18.9
256,point_add,141,20.0
256,point_add,142,19.1
256,point_add,143,19.0
256,point_add,144,18.8
256,point_add,145,18.7
256,point_add,146,18.7
256,point_add,147,18.6
256,point_add,148,18.8
256,point_add,149,19.2
256,point_add,150,18.8
256,point_add,151,19.1
256,point_add,152,18.8
256,point_add,153,18.9
256,point_add,154,18.7
256,point_add,155,18.8
256,point_add,156,18.7
256,point_add,157,18.7
256,point_add,158,18.9
256,point_add,159,18.8
256,point_add,160,18.9
256,point_add,161,18.6
256,point_add,162,18.7
256,point_add,163,18.7
256,point_add,164,18.9
256,point_add,165,18.7
256,point_add,166,19.1
256,point_add,167,18.7
256,point_add,168,18.7
256,point_add,169,18.9
256,point_add,170,18.7
256,point_add,171,18.5
256,point_add,172,19.0
256,point_add,173,19.0
256,point_add,174,18.9
256,point_add,175,19.0
256,point_add,176,18.9
256,point_add,177,18.8
256,point_add,178,18.6
256,point_add,179,18.7
256,point_add,180,35.2
256,point_add,181,19.0
256,point_add,182,18.6
256,point_add,183,18.9
256,point_add,184,19.2
256,point_add,185,18.9
256,point_add,186,18.7
256,point_add,187,18.6
256,point_add,188,18.8
256,point_add,189,19.9
256,point_add,190,19.0
256,point_add,191,18.6
256,point_add,192,18.6
256,point_add,193,18.6
256,point_add,194,18.8
256,point_add,195,18.7
256,point_add,196,18.8
256,point_add,197,19.0
256,point_add,198,18.8
256,point_add,199,18.8
256,point_add,200,18.8
256,point_add,201,19.0
256,point_add,202,18.8
256,point_add,203,18.7
256,point_add,204,18.8
256,point_add,205,18.8
256,point_add,206,18.8
256,point_add,207,18.7
256,point_add,208,18.9
256,point_add,209,18.9
256,point_add,210,18.7
256,point_add,211,18.8
256,point_add,212,18.8
256,point_add,213,18.9
256,point_add,214,18.9
256,point_add,215,18.9
256,point_add,216,18.8
256,point_add,217,18.9
256,point_add,218,18.7
256,point_add,219,18.9
256,point_add,220,18.8
256,point_add,221,18.8
256,point_add,222,18.8
256,point_add,223,18.8
256,point_add,224,19.0
256,point_add,225,18.8
256,point_add,226,18.6
256,point_add,227,18.8
256,point_add,228,18.6
256,point_add,229,18.8
256,point_add,230,18.7
256,point_add,231,38.6
256,point_add,232,79.0
256,point_add,233,86.8
256,point_add,234,44.8
256,point_add,235,35.5
256,point_add,236,24.1
256,point_add,237,21.4
256,point_add,238,21.5
256,point_add,239,20.7
256,point_add,240,20.1
256,point_add,241,19.7
256,point_add,242,22.4
256,point_add,243,36.6
256,point_add,244,38.1
256,point_add,245,35.4
256,point_add,246,34.5
256,point_add,247,124.2
256,point_add,248,43.6
256,point_add,249,34.9
256,point_add,250,34.8
256,point_add,251,32.4
256,point_add,252,29.5
256,point_add,253,33.4
256,point_add,254,31.7
256,point_add,255,30.8
256,point_add,256,30.0
256,point_add,257,19.6
256,point_add,258,20.8
256,point_add,259,19.0
256,point_add,260,19.7
256,point_add,261,35.3
256,point_add,262,19.6
256,point_add,263,26.9
256,point_add,264,24.9
256,point_add,265,19.2
256,point_add,266,18.7
256,point_add,267,18.8
256,point_add,268,20.2
256,point_add,269,52.8
256,point_add,270,28.7
256,point_add,271,22.4
256,point_add,272,21.2
256,point_add,273,20.3
256,point_add,274,20.3
256,point_add,275,20.0
256,point_add,276,19.3
256,point_add,277,19.1
256,point_add,278,19.1
256,point_add,279,19.1
256,point_add,280,19.2
256,point_add,281,19.9
256,point_add,282,21.5
256,point_add,283,21.0
256,point_add,284,19.4
256,point_add,285,19.2
256,point_add,286,19.1
256,point_add,287,19.2
256,point_add,288,19.2
256,point_add,289,19.5
256,point_add,290,20.1
256,point_add,291,20.4
256,point_add,292,20.1
256,point_add,293,19.7
256,point_add,294,19.3
256,point_add,295,19.1
256,point_add,296,18.8
256,point_add,297,18.9
256,point_add,298,18.7
256,point_add,299,18.8
256,hash,0,14.6
256,hash,1,11.4
256,hash,2,7.9
256,hash,3,4.5
256,hash,4,4.4
256,hash,5,4.3
256,hash,6,4.2
256,hash,7,4.3
256,hash,8,4.2
256,hash,9,4.3
256,hash,10,4.2
256,hash,11,4.2
256,hash,12,4.8
256,hash,13,4.3
256,hash,14,4.2
256,hash,15,4.1
256,hash,16,4.2
256,hash,17,4.4
256,hash,18,4.1
256,hash,19,4.5
256,hash,20,4.3
256,hash,21,4.2
256,hash,22,4.5
256,hash,23,4.3
256,hash,24,4.4
256,hash,25,4.5
256,hash,26,4.3
256,hash,27,4.3
256,hash,28,4.3
256,hash,29,4.4
256,hash,30,4.3
256,hash,31,4.2
256,hash,32,4.4
256,hash,33,4.4
256,hash,34,4.2
256,hash,35,4.3
256,hash,36,4.3
256,hash,37,4.2
256,hash,38,4.2
256,hash,39,4.1
256,hash,40,4.2
256,hash,41,4.3
256,hash,42,4.2
256,hash,43,4.2
256,hash,44,4.2
256,hash,45,4.2
256,hash,46,4.2
256,hash,47,4.3
256,hash,48,4.2
256,hash,49,4.3
256,hash,50,4.2
256,hash,51,4.2
256,hash,52,4.1
256,hash,53,4.3
256,hash,54,4.2
256,hash,55,4.3
256,hash,56,4.1
256,hash,57,4.2
256,hash,58,4.2
256,hash,59,4.2
256,hash,60,4.2
256,hash,61,4.2
256,hash,62,4.5
256,hash,63,4.3
256,hash,64,4.2
256,hash,65,4.3
256,hash,66,4.2
256,hash,67,4.1
256,hash,68,4.2
256,hash,69,4.1
256,hash,70,4.2
256,hash,71,4.2
256,hash,72,4.3
256,hash,73,4.3
256,hash,74,4.2
256,hash,75,4.2
256,hash,76,4.2
256,hash,77,4.4
256,hash,78,4.2
256,hash,79,4.2
256,hash,80,4.2
256,hash,81,4.1
256,hash,82,4.2
256,hash,83,4.2
256,hash,84,4.2
256,hash,85,4.3
256,hash,86,4.3
256,hash,87,4.1
256,hash,88,4.2
256,hash,89,4.2
256,hash,90,4.4
256,hash,91,4.3
256,hash,92,4.2
256,hash,93,4.4
256,hash,94,4.3
256,hash,95,4.1
256,hash,96,4.2
256,hash,97,4.2
256,hash,98,4.2
256,hash,99,4.2
256,hash,100,4.1
256,hash,101,4.2
256,hash,102,4.2
256,hash,103,4.3
256,hash,104,4.4
256,hash,105,4.2
256,hash,106,4.3
256,hash,107,4.3
256,hash,108,4.3
256,hash,109,4.4
256,hash,110,4.4
256,hash,111,4.2
256,hash,112,4.2
256,hash,113,4.2
256,hash,114,4.3
256,hash,115,4.2
256,hash,116,4.1
256,hash,117,4.2
256,hash,118,4.2
256,hash,119,4.1
256,hash,120,4.3
256,hash,121,4.2
256,hash,122,4.2
256,hash,123,4.1
256,hash,124,4.2
256,hash,125,4.2
256,hash,126,4.2
256,hash,127,4.4
256,hash,128,4.3
256,hash,129,4.3
256,hash,130,4.2
256,hash,131,4.3
256,hash,132,4.1
256,hash,133,4.3
256,hash,134,4.2
256,hash,135,4.2
256,hash,136,4.2
256,hash,137,4.2
256,hash,138,4.2
256,hash,139,4.2
256,hash,140,4.1
256,hash,141,4.2
256,hash,142,4.2
256,hash,143,4.2
256,hash,144,4.3
256,hash,145,4.2
256,hash,146,4.4
256,hash,147,4.1
256,hash,148,4.2
256,hash,149,4.3
256,hash,150,4.3
256,hash,151,4.3
256,hash,152,4.3
256,hash,153,4.2
256,hash,154,4.3
256,hash,155,4.3
256,hash,156,4.2
256,hash,157,4.1
256,hash,158,4.2
256,hash,159,4.2
256,hash,160,4.1
256,hash,161,4.1
256,hash,162,4.2
256,hash,163,4.2
256,hash,164,4.2
256,hash,165,4.2
256,hash,166,4.2
256,hash,167,4.2
256,hash,168,4.3
256,hash,169,4.2
256,hash,170,4.2
256,hash,171,4.2
256,hash,172,4.4
256,hash,173,4.3
256,hash,174,4.1
256,hash,175,4.2
256,hash,176,4.2
256,hash,177,4.2
256,hash,178,4.2
256,hash,179,4.2
256,hash,180,4.3
256,hash,181,4.2
256,hash,182,4.2
256,hash,183,4.1
256,hash,184,4.3
256,hash,185,4.2
256,hash,186,4.2
256,hash,187,4.3
256,hash,188,4.3
256,hash,189,4.1
256,hash,190,4.2
256,hash,191,4.2
256,hash,192,4.2
256,hash,193,4.2
256,hash,194,4.2
256,hash,195,31.7
256,hash,196,10.2
256,hash,197,15.8
256,hash,198,10.6
256,hash,199,9.3
256,hash,200,8.2
256,hash,201,5.4
256,hash,202,4.4
256,hash,203,4.4
256,hash,204,4.4
256,hash,205,4.2
256,hash,206,4.2
256,hash,207,4.3
256,hash,208,4.4
256,hash,209,4.1
256,hash,210,4.2
256,hash,211,4.3
256,hash,212,4.1
256,hash,213,4.4
256,hash,214,4.4
256,hash,215,4.2
256,hash,216,4.2
256,hash,217,4.1
256,hash,218,4.2
256,hash,219,4.1
256,hash,220,4.2
256,hash,221,4.8
256,hash,222,4.1
256,hash,223,4.2
256,hash,224,4.2
256,hash,225,4.2
256,hash,226,4.2
256,hash,227,4.2
256,hash,228,4.1
256,hash,229,4.2
256,hash,230,4.1
256,hash,231,4.1
256,hash,232,4.2
256,hash,233,4.5
256,hash,234,4.3
256,hash,235,4.2
256,hash,236,4.2
256,hash,237,4.2
256,hash,238,4.1
256,hash,239,4.2
256,hash,240,4.2
256,hash,241,4.1
256,hash,242,4.1
256,hash,243,4.2
256,hash,244,4.3
256,hash,245,4.2
256,hash,246,4.4
256,hash,247,4.2
256,hash,248,4.2
256,hash,249,4.3
256,hash,250,4.2
256,hash,251,4.2
256,hash,252,4.1
256,hash,253,4.1
256,hash,254,4.1
256,hash,255,4.3
256,hash,256,4.4
256,hash,257,4.3
256,hash,258,4.2
256,hash,259,4.2
256,hash,260,4.2
256,hash,261,4.2
256,hash,262,4.2
256,hash,263,4.2
256,hash,264,4.2
256,hash,265,4.2
256,hash,266,4.2
256,hash,267,4.2
256,hash,268,4.2
256,hash,269,4.4
256,hash,270,4.2
256,hash,271,4.2
256,hash,272,4.2
256,hash,273,4.3
256,hash,274,4.3
256,hash,275,4.2
256,hash,276,4.2
256,hash,277,4.2
256,hash,278,4.4
256,hash,279,4.3
256,hash,280,4.2
256,hash,281,4.2
256,hash,282,4.2
256,hash,283,4.2
256,hash,284,4.2
256,hash,285,4.3
256,hash,286,4.1
256,hash,287,4.2
256,hash,288,4.1
256,hash,289,4.1
256,hash,290,4.2
256,hash,291,4.2
256,hash,292,4.2
256,hash,293,4.2
256,hash,294,4.2
256,hash,295,4.1
256,hash,296,4.2
256,hash,297,4.1
256,hash,298,4.2
256,hash,299,4.2
256,sym_enc,0,33.4
256,sym_enc,1,23.5
256,sym_enc,2,22.0
256,sym_enc,3,21.1
256,sym_enc,4,19.9
256,sym_enc,5,49.0
256,sym_enc,6,24.3
256,sym_enc,7,20.5
256,sym_enc,8,19.6
256,sym_enc,9,19.7
256,sym_enc,10,24.1
256,sym_enc,11,30.1
256,sym_enc,12,19.4
256,sym_enc,13,19.6
256,sym_enc,14,19.5
256,sym_enc,15,19.3
256,sym_enc,16,19.3
256,sym_enc,17,19.6
256,sym_enc,18,19.4
256,sym_enc,19,19.4
256,sym_enc,20,19.2
256,sym_enc,21,19.1
256,sym_enc,22,19.6
256,sym_enc,23,19.3
256,sym_enc,24,19.3
256,sym_enc,25,19.5
256,sym_enc,26,19.5
256,sym_enc,27,19.2
256,sym_enc,28,19.4
256,sym_enc,29,19.2
256,sym_enc,30,19.3
256,sym_enc,31,19.3
256,sym_enc,32,20.4
256,sym_enc,33,19.8
256,sym_enc,34,19.6
256,sym_enc,35,19.1
256,sym_enc,36,19.2
256,sym_enc,37,19.4
256,sym_enc,38,19.8
256,sym_enc,39,19.7
256,sym_enc,40,19.5
256,sym_enc,41,19.7
256,sym_enc,42,19.5
256,sym_enc,43,19.4
256,sym_enc,44,19.5
256,sym_enc,45,19.5
256,sym_enc,46,19.4
256,sym_enc,47,19.5
256,sym_enc,48,19.0
256,sym_enc,49,19.4
256,sym_enc,50,19.5
256,sym_enc,51,19.3
256,sym_enc,52,19.4
256,sym_enc,53,275.2
256,sym_enc,54,90.8
256,sym_enc,55,42.2
256,sym_enc,56,28.8
256,sym_enc,57,24.6
256,sym_enc,58,24.3
256,sym_enc,59,24.0
256,sym_enc,60,23.2
256,sym_enc,61,23.5
256,sym_enc,62,24.4
256,sym_enc,63,43.5
256,sym_enc,64,25.5
256,sym_enc,65,24.3
256,sym_enc,66,23.5
256,sym_enc,67,23.3
256,sym_enc,68,23.1
256,sym_enc,69,23.3
256,sym_enc,70,23.1
256,sym_enc,71,27.0
256,sym_enc,72,49.7
256,sym_enc,73,51.3
256,sym_enc,74,294.5
256,sym_enc,75,143.1
256,sym_enc,76,100.5
256,sym_enc,77,65.9
256,sym_enc,78,54.3
256,sym_enc,79,25.0
256,sym_enc,80,46.8
256,sym_enc,81,28.7
256,sym_enc,82,20.7
256,sym_enc,83,19.8
256,sym_enc,84,99.0
256,sym_enc,85,83.9
256,sym_enc,86,31.2
256,sym_enc,87,43.3
256,sym_enc,88,21.2
256,sym_enc,89,19.7
256,sym_enc,90,19.8
256,sym_enc,91,19.8
256,sym_enc,92,19.7
256,sym_enc,93,20.5
256,sym_enc,94,20.4
256,sym_enc,95,20.6
256,sym_enc,96,19.6
256,sym_enc,97,19.5
256,sym_enc,98,19.1
256,sym_enc,99,19.1
256,sym_enc,100,19.1
256,sym_enc,101,20.1
256,sym_enc,102,51.7
256,sym_enc,103,27.0
256,sym_enc,104,23.9
256,sym_enc,105,20.1
256,sym_enc,106,19.7
256,sym_enc,107,19.3
256,sym_enc,108,19.7
256,sym_enc,109,19.4
256,sym_enc,110,22.7
256,sym_enc,111,19.5
256,sym_enc,112,19.9
256,sym_enc,113,22.9
256,sym_enc,114,126.6
256,sym_enc,115,96.2
256,sym_enc,116,116.4
256,sym_enc,117,31.7
256,sym_enc,118,24.7
256,sym_enc,119,61.9
256,sym_enc,120,176.2
256,sym_enc,121,57.6
256,sym_enc,122,29.9
256,sym_enc,123,22.1
256,sym_enc,124,21.7
256,sym_enc,125,20.6
256,sym_enc,126,19.8
256,sym_enc,127,29.9
256,sym_enc,128,66.8
256,sym_enc,129,48.4
256,sym_enc,130,96.1
256,sym_enc,131,55.3
256,sym_enc,132,34.8
256,sym_enc,133,23.4
256,sym_enc,134,21.4
256,sym_enc,135,20.0
256,sym_enc,136,19.6
256,sym_enc,137,19.4
256,sym_enc,138,122.7
256,sym_enc,139,42.2
256,sym_enc,140,26.6
256,sym_enc,141,67.5
256,sym_enc,142,55.6
256,sym_enc,143,30.7
256,sym_enc,144,20.8
256,sym_enc,145,22.3
256,sym_enc,146,21.4
256,sym_enc,147,20.0
256,sym_enc,148,19.7
256,sym_enc,149,20.3
256,sym_enc,150,19.5
256,sym_enc,151,19.5
256,sym_enc,152,19.8
256,sym_enc,153,19.9
256,sym_enc,154,19.5
256,sym_enc,155,19.2
256,sym_enc,156,19.2
256,sym_enc,157,19.3
256,sym_enc,158,19.1
256,sym_enc,159,19.1
256,sym_enc,160,19.4
256,sym_enc,161,20.0
256,sym_enc,162,37.7
256,sym_enc,163,21.5
256,sym_enc,164,19.4
256,sym_enc,165,19.2
256,sym_enc,166,19.1
256,sym_enc,167,19.9
256,sym_enc,168,19.4
256,sym_enc,169,19.4
256,sym_enc,170,19.4
256,sym_enc,171,19.3
256,sym_enc,172,19.3
256,sym_enc,173,19.7
256,sym_enc,174,19.9
256,sym_enc,175,19.2
256,sym_enc,176,19.1
256,sym_enc,177,19.1
256,sym_enc,178,18.8
256,sym_enc,179,19.2
256,sym_enc,180,19.4
256,sym_enc,181,19.5
256,sym_enc,182,19.8
256,sym_enc,183,19.9
256,sym_enc,184,19.5
256,sym_enc,185,29.1
256,sym_enc,186,41.3
256,sym_enc,187,22.5
256,sym_enc,188,35.3
256,sym_enc,189,19.7
256,sym_enc,190,20.1
256,sym_enc,191,20.2
256,sym_enc,192,19.3
256,sym_enc,193,19.2
256,sym_enc,194,19.3
256,sym_enc,195,19.4
256,sym_enc,196,19.1
256,sym_enc,197,19.4
256,sym_enc,198,19.1
256,sym_enc,199,19.2
256,sym_enc,200,19.0
256,sym_enc,201,19.8
256,sym_enc,202,19.2
256,sym_enc,203,19.4
256,sym_enc,204,19.0
256,sym_enc,205,19.2
256,sym_enc,206,19.1
256,sym_enc,207,19.4
256,sym_enc,208,19.4
256,sym_enc,209,19.4
256,sym_enc,210,19.1
256,sym_enc,211,19.6
256,sym_enc,212,19.2
256,sym_enc,213,19.2
256,sym_enc,214,19.2
256,sym_enc,215,19.3
256,sym_enc,216,19.3
256,sym_enc,217,19.3
256,sym_enc,218,19.5
256,sym_enc,219,19.4
256,sym_enc,220,19.0
256,sym_enc,221,19.2
256,sym_enc,222,19.3
256,sym_enc,223,19.2
256,sym_enc,224,19.9
256,sym_enc,225,19.9
256,sym_enc,226,19.4
256,sym_enc,227,19.2
256,sym_enc,228,19.4
256,sym_enc,229,19.5
256,sym_enc,230,19.8
256,sym_enc,231,19.7
256,sym_enc,232,19.2
256,sym_enc,233,19.7
256,sym_enc,234,18.9
256,sym_enc,235,34.5
256,sym_enc,236,61.2
256,sym_enc,237,60.6
256,sym_enc,238,57.5
256,sym_enc,239,23.0
256,sym_enc,240,19.6
256,sym_enc,241,19.5
256,sym_enc,242,19.2
256,sym_enc,243,19.3
256,sym_enc,244,19.3
256,sym_enc,245,19.0
256,sym_enc,246,19.3
256,sym_enc,247,19.5
256,sym_enc,248,19.1
256,sym_enc,249,19.4
256,sym_enc,250,19.3
256,sym_enc,251,19.2
256,sym_enc,252,31.9
256,sym_enc,253,21.9
256,sym_enc,254,19.7
256,sym_enc,255,19.5
256,sym_enc,256,19.1
256,sym_enc,257,19.4
256,sym_enc,258,19.7
256,sym_enc,259,19.6
256,sym_enc,260,19.1
256,sym_enc,261,19.3
256,sym_enc,262,19.1
256,sym_enc,263,19.3
256,sym_enc,264,19.3
256,sym_enc,265,19.3
256,sym_enc,266,19.2
256,sym_enc,267,19.6
256,sym_enc,268,19.7
256,sym_enc,269,19.9
256,sym_enc,270,19.3
256,sym_enc,271,19.3
256,sym_enc,272,19.2
256,sym_enc,273,19.4
256,sym_enc,274,19.2
256,sym_enc,275,19.2
256,sym_enc,276,19.3
256,sym_enc,277,19.4
256,sym_enc,278,19.1
256,sym_enc,279,19.4
256,sym_enc,280,19.3
256,sym_enc,281,19.4
256,sym_enc,282,19.4
256,sym_enc,283,19.5
256,sym_enc,284,19.2
256,sym_enc,285,121.0
256,sym_enc,286,51.0
256,sym_enc,287,31.8
256,sym_enc,288,40.0
256,sym_enc,289,25.4
256,sym_enc,290,25.7
256,sym_enc,291,24.4
256,sym_enc,292,24.6
256,sym_enc,293,23.7
256,sym_enc,294,23.9
256,sym_enc,295,23.6
256,sym_enc,296,23.8
256,sym_enc,297,22.9
256,sym_enc,298,161.3
256,sym_enc,299,43.2
256,sym_dec,0,19.7
256,sym_dec,1,16.9
256,sym_dec,2,15.5
256,sym_dec,3,15.4
256,sym_dec,4,15.0
256,sym_dec,5,15.3
256,sym_dec,6,15.2
256,sym_dec,7,14.9
256,sym_dec,8,14.9
256,sym_dec,9,15.0
256,sym_dec,10,14.8
256,sym_dec,11,14.7
256,sym_dec,12,14.9
256,sym_dec,13,14.8
256,sym_dec,14,14.6
256,sym_dec,15,32.9
256,sym_dec,16,16.7
256,sym_dec,17,15.0
256,sym_dec,18,15.1
256,sym_dec,19,14.8
256,sym_dec,20,15.0
256,sym_dec,21,14.7
256,sym_dec,22,14.6
256,sym_dec,23,14.5
256,sym_dec,24,15.0
256,sym_dec,25,14.9
256,sym_dec,26,14.9
256,sym_dec,27,14.6
256,sym_dec,28,14.8
256,sym_dec,29,14.5
256,sym_dec,30,14.6
256,sym_dec,31,14.7
256,sym_dec,32,14.8
256,sym_dec,33,15.0
256,sym_dec,34,14.8
256,sym_dec,35,14.8
256,sym_dec,36,14.8
256,sym_dec,37,14.8
256,sym_dec,38,21.4
256,sym_dec,39,36.9
256,sym_dec,40,36.5
256,sym_dec,41,30.9
256,sym_dec,42,15.0
256,sym_dec,43,15.1
256,sym_dec,44,14.9
256,sym_dec,45,14.5
256,sym_dec,46,14.9
256,sym_dec,47,14.7
256,sym_dec,48,15.0
256,sym_dec,49,14.9
256,sym_dec,50,14.7
256,sym_dec,51,14.8
256,sym_dec,52,15.0
256,sym_dec,53,15.1
256,sym_dec,54,14.9
256,sym_dec,55,14.7
256,sym_dec,56,14.9
256,sym_dec,57,14.8
256,sym_dec,58,14.9
256,sym_dec,59,14.9
256,sym_dec,60,14.8
256,sym_dec,61,14.4
256,sym_dec,62,14.7
256,sym_dec,63,14.7
256,sym_dec,64,14.3
256,sym_dec,65,14.9
256,sym_dec,66,14.7
256,sym_dec,67,14.7
256,sym_dec,68,14.6
256,sym_dec,69,14.8
256,sym_dec,70,14.6
256,sym_dec,71,14.7
256,sym_dec,72,14.9
256,sym_dec,73,14.9
256,sym_dec,74,14.8
256,sym_dec,75,14.5
256,sym_dec,76,14.9
256,sym_dec,77,14.9
256,sym_dec,78,14.9
256,sym_dec,79,14.9
256,sym_dec,80,15.2
256,sym_dec,81,14.8
256,sym_dec,82,14.8
256,sym_dec,83,14.5
256,sym_dec,84,14.7
256,sym_dec,85,14.8
256,sym_dec,86,14.8
256,sym_dec,87,14.8
256,sym_dec,88,14.7
256,sym_dec,89,15.0
256,sym_dec,90,14.7
256,sym_dec,91,14.5
256,sym_dec,92,14.7
256,sym_dec,93,15.3
256,sym_dec,94,14.7
256,sym_dec,95,14.6
256,sym_dec,96,14.5
256,sym_dec,97,14.6
256,sym_dec,98,14.6
256,sym_dec,99,14.5
256,sym_dec,100,14.8
256,sym_dec,101,14.8
256,sym_dec,102,19.3
256,sym_dec,103,95.6
256,sym_dec,104,68.7
256,sym_dec,105,63.6
256,sym_dec,106,46.9
256,sym_dec,107,21.2
256,sym_dec,108,18.7
256,sym_dec,109,19.4
256,sym_dec,110,19.3
256,sym_dec,111,18.5
256,sym_dec,112,17.8
256,sym_dec,113,52.5
256,sym_dec,114,58.7
256,sym_dec,115,48.8
256,sym_dec,116,46.1
256,sym_dec,117,49.5
256,sym_dec,118,46.4
256,sym_dec,119,43.4
256,sym_dec,120,40.8
256,sym_dec,121,19.9
256,sym_dec,122,17.8
256,sym_dec,123,17.3
256,sym_dec,124,43.1
256,sym_dec,125,28.7
256,sym_dec,126,21.9
256,sym_dec,127,42.9
256,sym_dec,128,36.6
256,sym_dec,129,19.7
256,sym_dec,130,17.7
256,sym_dec,131,17.2
256,sym_dec,132,17.8
256,sym_dec,133,37.3
256,sym_dec,134,40.4
256,sym_dec,135,19.1
256,sym_dec,136,14.9
256,sym_dec,137,14.8
256,sym_dec,138,14.9
256,sym_dec,139,17.5
256,sym_dec,140,25.9
256,sym_dec,141,14.8
256,sym_dec,142,14.7
256,sym_dec,143,14.7
256,sym_dec,144,14.7
256,sym_dec,145,27.1
256,sym_dec,146,39.8
256,sym_dec,147,42.5
256,sym_dec,148,15.3
256,sym_dec,149,15.6
256,sym_dec,150,17.8
256,sym_dec,151,15.9
256,sym_dec,152,15.3
256,sym_dec,153,14.7
256,sym_dec,154,14.9
256,sym_dec,155,15.0
256,sym_dec,156,14.7
256,sym_dec,157,14.9
256,sym_dec,158,14.7
256,sym_dec,159,15.0
256,sym_dec,160,15.0
256,sym_dec,161,15.6
256,sym_dec,162,15.5
256,sym_dec,163,14.8
256,sym_dec,164,14.6
256,sym_dec,165,14.9
256,sym_dec,166,124.5
256,sym_dec,167,37.1
256,sym_dec,168,20.4
256,sym_dec,169,16.2
256,sym_dec,170,15.2
256,sym_dec,171,15.1
256,sym_dec,172,15.0
256,sym_dec,173,15.1
256,sym_dec,174,15.3
256,sym_dec,175,15.2
256,sym_dec,176,14.6
256,sym_dec,177,33.3
256,sym_dec,178,16.8
256,sym_dec,179,14.7
256,sym_dec,180,14.6
256,sym_dec,181,14.8
256,sym_dec,182,15.1
256,sym_dec,183,15.1
256,sym_dec,184,14.7
256,sym_dec,185,14.6
256,sym_dec,186,14.7
256,sym_dec,187,14.6
256,sym_dec,188,14.8
256,sym_dec,189,14.9
256,sym_dec,190,14.8
256,sym_dec,191,15.1
256,sym_dec,192,14.8
256,sym_dec,193,14.3
256,sym_dec,194,14.6
256,sym_dec,195,14.5
256,sym_dec,196,14.5
256,sym_dec,197,14.7
256,sym_dec,198,14.8
256,sym_dec,199,14.8
256,sym_dec,200,14.8
256,sym_dec,201,22.4
256,sym_dec,202,31.4
256,sym_dec,203,16.2
256,sym_dec,204,14.8
256,sym_dec,205,18.6
256,sym_dec,206,21.6
256,sym_dec,207,18.2
256,sym_dec,208,14.6
256,sym_dec,209,14.6
256,sym_dec,210,14.4
256,sym_dec,211,14.4
256,sym_dec,212,14.7
256,sym_dec,213,14.4
256,sym_dec,214,14.6
256,sym_dec,215,14.8
256,sym_dec,216,14.5
256,sym_dec,217,14.6
256,sym_dec,218,14.5
256,sym_dec,219,14.3
256,sym_dec,220,14.6
256,sym_dec,221,14.5
256,sym_dec,222,14.6
256,sym_dec,223,14.6
256,sym_dec,224,14.3
256,sym_dec,225,14.6
256,sym_dec,226,14.7
256,sym_dec,227,14.4
256,sym_dec,228,14.5
256,sym_dec,229,14.5
256,sym_dec,230,14.4
256,sym_dec,231,14.5
256,sym_dec,232,14.3
256,sym_dec,233,14.8
256,sym_dec,234,14.5
256,sym_dec,235,14.5
256,sym_dec,236,14.6
256,sym_dec,237,14.7
256,sym_dec,238,14.5
256,sym_dec,239,14.5
256,sym_dec,240,14.5
256,sym_dec,241,14.5
256,sym_dec,242,14.4
256,sym_dec,243,14.6
256,sym_dec,244,14.6
256,sym_dec,245,14.7
256,sym_dec,246,14.8
256,sym_dec,247,15.6
256,sym_dec,248,15.8
256,sym_dec,249,15.2
256,sym_dec,250,14.9
256,sym_dec,251,15.1
256,sym_dec,252,14.4
256,sym_dec,253,14.6
256,sym_dec,254,14.7
256,sym_dec,255,15.0
256,sym_dec,256,15.1
256,sym_dec,257,14.7
256,sym_dec,258,14.7
256,sym_dec,259,14.6
256,sym_dec,260,14.8
256,sym_dec,261,14.5
256,sym_dec,262,14.5
256,sym_dec,263,14.6
256,sym_dec,264,14.9
256,sym_dec,265,14.6
256,sym_dec,266,14.4
256,sym_dec,267,14.7
256,sym_dec,268,14.8
256,sym_dec,269,14.9
256,sym_dec,270,14.6
256,sym_dec,271,15.5
256,sym_dec,272,47.7
256,sym_dec,273,35.1
256,sym_dec,274,22.8
256,sym_dec,275,27.3
256,sym_dec,276,16.9
256,sym_dec,277,15.4
256,sym_dec,278,15.2
256,sym_dec,279,15.3
256,sym_dec,280,15.0
256,sym_dec,281,14.9
256,sym_dec,282,14.9
256,sym_dec,283,14.5
256,sym_dec,284,14.7
256,sym_dec,285,14.6
256,sym_dec,286,14.8
256,sym_dec,287,14.9
256,sym_dec,288,14.7
256,sym_dec,289,14.3
256,sym_dec,290,14.4
256,sym_dec,291,14.8
256,sym_dec,292,14.5
256,sym_dec,293,14.7
256,sym_dec,294,14.4
256,sym_dec,295,14.7
256,sym_dec,296,14.9
256,sym_dec,297,15.0
256,sym_dec,298,14.6
256,sym_dec,299,14.8
256,puf,0,299.4
256,puf,1,263.9
256,puf,2,254.5
256,puf,3,445.3
256,puf,4,370.4
256,puf,5,474.4
256,puf,6,332.5
256,puf,7,269.9
256,puf,8,263.0
256,puf,9,762.9
256,puf,10,534.7
256,puf,11,433.4
256,puf,12,289.8
256,puf,13,280.7
256,puf,14,314.4
256,puf,15,253.7
256,puf,16,249.0
256,puf,17,248.9
256,puf,18,303.4
256,puf,19,252.3
256,puf,20,247.6
256,puf,21,282.4
256,puf,22,308.9
256,puf,23,249.0
256,puf,24,243.3
256,puf,25,244.7
256,puf,26,300.9
256,puf,27,249.0
256,puf,28,245.0
256,puf,29,315.9
256,puf,30,339.0
256,puf,31,268.3
256,puf,32,254.5
256,puf,33,251.5
256,puf,34,443.7
256,puf,35,639.1
256,puf,36,503.0
256,puf,37,367.2
256,puf,38,269.4
256,puf,39,258.2
256,puf,40,385.8
256,puf,41,266.0
256,puf,42,254.5
256,puf,43,308.6
256,puf,44,254.0
256,puf,45,249.7
256,puf,46,247.0
256,puf,47,276.8
256,puf,48,247.3
256,puf,49,245.4
256,puf,50,245.3
256,puf,51,511.8
256,puf,52,315.8
256,puf,53,257.8
256,puf,54,254.2
256,puf,55,310.1
256,puf,56,451.4
256,puf,57,366.3
256,puf,58,572.1
256,puf,59,556.7
256,puf,60,435.8
256,puf,61,295.6
256,puf,62,258.5
256,puf,63,282.4
256,puf,64,379.1
256,puf,65,267.3
256,puf,66,255.9
256,puf,67,286.7
256,puf,68,310.4
256,puf,69,257.1
256,puf,70,249.6
256,puf,71,379.6
256,puf,72,375.8
256,puf,73,323.0
256,puf,74,355.2
256,puf,75,259.1
256,puf,76,249.6
256,puf,77,248.1
256,puf,78,294.4
256,puf,79,250.5
256,puf,80,248.1
256,puf,81,246.2
256,puf,82,799.5
256,puf,83,536.4
256,puf,84,369.4
256,puf,85,288.7
256,puf,86,257.4
256,puf,87,367.2
256,puf,88,269.7
256,puf,89,259.4
256,puf,90,250.6
256,puf,91,360.4
256,puf,92,457.4
256,puf,93,447.0
256,puf,94,312.3
256,puf,95,511.1
256,puf,96,364.1
256,puf,97,370.9
256,puf,98,310.5
256,puf,99,299.4
256,puf,100,328.3
256,puf,101,288.0
256,puf,102,324.6
256,puf,103,258.8
256,puf,104,465.4
256,puf,105,687.4
256,puf,106,537.1
256,puf,107,302.3
256,puf,108,255.8
256,puf,109,256.4
256,puf,110,274.1
256,puf,111,247.2
256,puf,112,291.0
256,puf,113,278.7
256,puf,114,337.6
256,puf,115,268.1
256,puf,116,253.2
256,puf,117,249.7
256,puf,118,296.1
256,puf,119,294.9
256,puf,120,279.2
256,puf,121,245.2
256,puf,122,243.0
256,puf,123,243.0
256,puf,124,273.0
256,puf,125,270.1
256,puf,126,243.4
256,puf,127,264.3
256,puf,128,245.5
256,puf,129,505.7
256,puf,130,703.9
256,puf,131,383.1
256,puf,132,412.9
256,puf,133,273.1
256,puf,134,258.5
256,puf,135,293.8
256,puf,136,275.3
256,puf,137,250.6
256,puf,138,286.5
256,puf,139,464.0
256,puf,140,329.0
256,puf,141,381.1
256,puf,142,322.8
256,puf,143,1408.8
256,puf,144,429.1
256,puf,145,398.7
256,puf,146,925.0
256,puf,147,666.2
256,puf,148,371.0
256,puf,149,271.8
256,puf,150,264.1
256,puf,151,266.7
256,puf,152,425.4
256,puf,153,264.8
256,puf,154,254.7
256,puf,155,295.9
256,puf,156,254.5
256,puf,157,250.2
256,puf,158,247.8
256,puf,159,440.1
256,puf,160,353.6
256,puf,161,324.3
256,puf,162,392.9
256,puf,163,261.4
256,puf,164,252.4
256,puf,165,249.6
256,puf,166,272.6
256,puf,167,249.2
256,puf,168,244.4
256,puf,169,263.9
256,puf,170,613.0
256,puf,171,548.9
256,puf,172,470.0
256,puf,173,273.0
256,puf,174,275.0
256,puf,175,250.5
256,puf,176,408.8
256,puf,177,276.2
256,puf,178,257.8
256,puf,179,255.9
256,puf,180,291.0
256,puf,181,249.4
256,puf,182,660.0
256,puf,183,436.8
256,puf,184,313.5
256,puf,185,429.3
256,puf,186,282.3
256,puf,187,264.2
256,puf,188,303.6
256,puf,189,254.4
256,puf,190,249.7
256,puf,191,520.2
256,puf,192,725.7
256,puf,193,430.7
256,puf,194,369.5
256,puf,195,276.5
256,puf,196,269.7
256,puf,197,324.9
256,puf,198,261.9
256,puf,199,249.1
256,puf,200,247.4
256,puf,201,328.9
256,puf,202,254.3
256,puf,203,244.3
256,puf,204,244.9
256,puf,205,251.2
256,puf,206,242.8
256,puf,207,244.2
256,puf,208,245.3
256,puf,209,324.7
256,puf,210,257.3
256,puf,211,244.4
256,puf,212,244.8
256,puf,213,309.3
256,puf,214,254.1
256,puf,215,245.0
256,puf,216,244.7
256,puf,217,489.2
256,puf,218,506.6
256,puf,219,584.9
256,puf,220,344.4
256,puf,221,328.2
256,puf,222,322.6
256,puf,223,262.8
256,puf,224,246.2
256,puf,225,377.6
256,puf,226,277.6
256,puf,227,254.8
256,puf,228,284.7
256,puf,229,304.0
256,puf,230,254.9
256,puf,231,248.2
256,puf,232,421.8
256,puf,233,280.4
256,puf,234,254.8
256,puf,235,346.5
256,puf,236,326.2
256,puf,237,255.1
256,puf,238,273.7
256,puf,239,437.1
256,puf,240,515.8
256,puf,241,606.5
256,puf,242,321.9
256,puf,243,267.6
256,puf,244,285.3
256,puf,245,262.2
256,puf,246,270.0
256,puf,247,246.9
256,puf,248,286.7
256,puf,249,247.5
256,puf,250,247.5
256,puf,251,256.0
256,puf,252,269.9
256,puf,253,245.2
256,puf,254,243.1
256,puf,255,265.8
256,puf,256,261.2
256,puf,257,246.2
256,puf,258,244.2
256,puf,259,333.0
256,puf,260,317.2
256,puf,261,253.2
256,puf,262,248.8
256,puf,263,707.0
256,puf,264,453.4
256,puf,265,406.0
256,puf,266,327.2
256,puf,267,256.4
256,puf,268,250.4
256,puf,269,342.1
256,puf,270,263.5
256,puf,271,266.5
256,puf,272,249.0
256,puf,273,318.2
256,puf,274,258.7
256,puf,275,246.1
256,puf,276,243.9
256,puf,277,312.0
256,puf,278,255.5
256,puf,279,265.3
256,puf,280,247.1
256,puf,281,245.6
256,puf,282,243.8
256,puf,283,571.1
256,puf,284,433.7
256,puf,285,394.8
256,puf,286,508.5
256,puf,287,687.7
256,puf,288,370.1
256,puf,289,279.4
256,puf,290,347.4
256,puf,291,310.8
256,puf,292,257.5
256,puf,293,252.5
256,puf,294,269.3
256,puf,295,251.5
256,puf,296,249.7
256,puf,297,248.1
256,puf,298,285.6
256,puf,299,250.2
256,ss_gen,0,4.0
256,ss_gen,1,2.5
256,ss_gen,2,1.9
256,ss_gen,3,1.8
256,ss_gen,4,1.7
256,ss_gen,5,1.8
256,ss_gen,6,1.6
256,ss_gen,7,1.7
256,ss_gen,8,1.7
256,ss_gen,9,1.7
256,ss_gen,10,1.9
256,ss_gen,11,2.0
256,ss_gen,12,1.9
256,ss_gen,13,1.7
256,ss_gen,14,1.7
256,ss_gen,15,1.7
256,ss_gen,16,1.7
256,ss_gen,17,1.8
256,ss_gen,18,1.8
256,ss_gen,19,1.7
256,ss_gen,20,1.7
256,ss_gen,21,1.7
256,ss_gen,22,1.7
256,ss_gen,23,1.7
256,ss_gen,24,1.7
256,ss_gen,25,1.7
256,ss_gen,26,1.7
256,ss_gen,27,1.7
256,ss_gen,28,1.7
256,ss_gen,29,1.7
256,ss_gen,30,1.8
256,ss_gen,31,1.6
256,ss_gen,32,1.7
256,ss_gen,33,1.7
256,ss_gen,34,1.7
256,ss_gen,35,1.7
256,ss_gen,36,1.7
256,ss_gen,37,1.7
256,ss_gen,38,1.7
256,ss_gen,39,1.7
256,ss_gen,40,1.7
256,ss_gen,41,1.7
256,ss_gen,42,1.8
256,ss_gen,43,1.7
256,ss_gen,44,1.7
256,ss_gen,45,1.7
256,ss_gen,46,1.7
256,ss_gen,47,1.9
256,ss_gen,48,2.0
256,ss_gen,49,1.8
256,ss_gen,50,1.7
256,ss_gen,51,1.8
256,ss_gen,52,1.7
256,ss_gen,53,1.8
256,ss_gen,54,1.7
256,ss_gen,55,1.7
256,ss_gen,56,1.7
256,ss_gen,57,1.7
256,ss_gen,58,1.8
256,ss_gen,59,1.7
256,ss_gen,60,1.7
256,ss_gen,61,2.3
256,ss_gen,62,1.9
256,ss_gen,63,1.9
256,ss_gen,64,1.8
256,ss_gen,65,1.9
256,ss_gen,66,1.8
256,ss_gen,67,1.8
256,ss_gen,68,1.7
256,ss_gen,69,1.8
256,ss_gen,70,1.8
256,ss_gen,71,1.7
256,ss_gen,72,1.7
256,ss_gen,73,1.7
256,ss_gen,74,1.8
256,ss_gen,75,1.7
256,ss_gen,76,1.7
256,ss_gen,77,1.8
256,ss_gen,78,1.7
256,ss_gen,79,1.7
256,ss_gen,80,1.6
256,ss_gen,81,1.7
256,ss_gen,82,1.7
256,ss_gen,83,1.7
256,ss_gen,84,1.8
256,ss_gen,85,1.7
256,ss_gen,86,1.7
256,ss_gen,87,1.7
256,ss_gen,88,2.2
256,ss_gen,89,1.8
256,ss_gen,90,1.7
256,ss_gen,91,1.9
256,ss_gen,92,1.7
256,ss_gen,93,2.0
256,ss_gen,94,1.8
256,ss_gen,95,1.6
256,ss_gen,96,1.8
256,ss_gen,97,1.6
256,ss_gen,98,1.7
256,ss_gen,99,1.8
256,ss_gen,100,1.8
256,ss_gen,101,1.7
256,ss_gen,102,1.7
256,ss_gen,103,1.8
256,ss_gen,104,1.9
256,ss_gen,105,1.8
256,ss_gen,106,1.9
256,ss_gen,107,1.8
256,ss_gen,108,1.8
256,ss_gen,109,1.9
256,ss_gen,110,1.8
256,ss_gen,111,1.7
256,ss_gen,112,1.8
256,ss_gen,113,1.7
256,ss_gen,114,1.7
256,ss_gen,115,1.7
256,ss_gen,116,1.7
256,ss_gen,117,1.8
256,ss_gen,118,21.5
256,ss_gen,119,2.4
256,ss_gen,120,1.7
256,ss_gen,121,1.8
256,ss_gen,122,1.7
256,ss_gen,123,1.6
256,ss_gen,124,1.7
256,ss_gen,125,1.8
256,ss_gen,126,1.7
256,ss_gen,127,1.7
256,ss_gen,128,1.7
256,ss_gen,129,1.8
256,ss_gen,130,1.8
256,ss_gen,131,1.8
256,ss_gen,132,1.8
256,ss_gen,133,1.7
256,ss_gen,134,1.7
256,ss_gen,135,1.8
256,ss_gen,136,1.7
256,ss_gen,137,1.8
256,ss_gen,138,1.6
256,ss_gen,139,1.7
256,ss_gen,140,1.7
256,ss_gen,141,1.7
256,ss_gen,142,1.7
256,ss_gen,143,1.8
256,ss_gen,144,1.7
256,ss_gen,145,1.6
256,ss_gen,146,1.7
256,ss_gen,147,1.7
256,ss_gen,148,1.7
256,ss_gen,149,1.9
256,ss_gen,150,1.8
256,ss_gen,151,1.7
256,ss_gen,152,1.7
256,ss_gen,153,1.7
256,ss_gen,154,1.7
256,ss_gen,155,1.7
256,ss_gen,156,1.6
256,ss_gen,157,1.7
256,ss_gen,158,1.7
256,ss_gen,159,1.7
256,ss_gen,160,1.7
256,ss_gen,161,1.7
256,ss_gen,162,1.7
256,ss_gen,163,1.7
256,ss_gen,164,1.7
256,ss_gen,165,1.8
256,ss_gen,166,1.6
256,ss_gen,167,1.7
256,ss_gen,168,1.7
256,ss_gen,169,1.7
256,ss_gen,170,1.6
256,ss_gen,171,1.9
256,ss_gen,172,1.6
256,ss_gen,173,1.8
256,ss_gen,174,1.7
256,ss_gen,175,1.7
256,ss_gen,176,1.7
256,ss_gen,177,1.7
256,ss_gen,178,1.7
256,ss_gen,179,1.7
256,ss_gen,180,1.7
256,ss_gen,181,1.7
256,ss_gen,182,1.6
256,ss_gen,183,1.6
256,ss_gen,184,1.8
256,ss_gen,185,1.8
256,ss_gen,186,1.8
256,ss_gen,187,1.7
256,ss_gen,188,1.8
256,ss_gen,189,1.7
256,ss_gen,190,1.7
256,ss_gen,191,1.8
256,ss_gen,192,1.7
256,ss_gen,193,1.8
256,ss_gen,194,1.7
256,ss_gen,195,1.7
256,ss_gen,196,1.7
256,ss_gen,197,1.6
256,ss_gen,198,1.6
256,ss_gen,199,1.7
256,ss_gen,200,1.7
256,ss_gen,201,1.8
256,ss_gen,202,1.7
256,ss_gen,203,1.7
256,ss_gen,204,1.7
256,ss_gen,205,1.7
256,ss_gen,206,1.6
256,ss_gen,207,1.7
256,ss_gen,208,1.7
256,ss_gen,209,1.7
256,ss_gen,210,1.7
256,ss_gen,211,1.7
256,ss_gen,212,1.7
256,ss_gen,213,1.7
256,ss_gen,214,1.7
256,ss_gen,215,1.7
256,ss_gen,216,1.8
256,ss_gen,217,1.7
256,ss_gen,218,1.7
256,ss_gen,219,1.8
256,ss_gen,220,1.7
256,ss_gen,221,1.7
256,ss_gen,222,1.7
256,ss_gen,223,1.6
256,ss_gen,224,1.6
256,ss_gen,225,1.8
256,ss_gen,226,1.6
256,ss_gen,227,1.7
256,ss_gen,228,1.7
256,ss_gen,229,1.8
256,ss_gen,230,1.7
256,ss_gen,231,1.6
256,ss_gen,232,1.7
256,ss_gen,233,1.8
256,ss_gen,234,1.7
256,ss_gen,235,1.7
256,ss_gen,236,1.8
256,ss_gen,237,1.7
256,ss_gen,238,1.7
256,ss_gen,239,1.7
256,ss_gen,240,1.7
256,ss_gen,241,1.7
256,ss_gen,242,1.6
256,ss_gen,243,1.6
256,ss_gen,244,1.7
256,ss_gen,245,1.6
256,ss_gen,246,1.7
256,ss_gen,247,1.7
256,ss_gen,248,1.6
256,ss_gen,249,1.7
256,ss_gen,250,1.7
256,ss_gen,251,1.7
256,ss_gen,252,1.7
256,ss_gen,253,1.8
256,ss_gen,254,1.8
256,ss_gen,255,1.7
256,ss_gen,256,1.7
256,ss_gen,257,1.8
256,ss_gen,258,1.7
256,ss_gen,259,1.7
256,ss_gen,260,1.7
256,ss_gen,261,1.7
256,ss_gen,262,1.7
256,ss_gen,263,1.8
256,ss_gen,264,1.7
256,ss_gen,265,1.7
256,ss_gen,266,1.6
256,ss_gen,267,1.7
256,ss_gen,268,1.7
256,ss_gen,269,1.8
256,ss_gen,270,1.7
256,ss_gen,271,1.7
256,ss_gen,272,1.7
256,ss_gen,273,1.8
256,ss_gen,274,1.7
256,ss_gen,275,1.8
256,ss_gen,276,1.7
256,ss_gen,277,1.7
256,ss_gen,278,1.7
256,ss_gen,279,1.7
256,ss_gen,280,1.8
256,ss_gen,281,1.7
256,ss_gen,282,1.8
256,ss_gen,283,1.8
256,ss_gen,284,1.7
256,ss_gen,285,1.7
256,ss_gen,286,1.8
256,ss_gen,287,1.8
256,ss_gen,288,1.7
256,ss_gen,289,1.7
256,ss_gen,290,1.8
256,ss_gen,291,1.7
256,ss_gen,292,1.8
256,ss_gen,293,1.8
256,ss_gen,294,1.7
256,ss_gen,295,1.7
256,ss_gen,296,1.8
256,ss_gen,297,1.7
256,ss_gen,298,1.7
256,ss_gen,299,1.7
256,ss_rec,0,17.6
256,ss_rec,1,14.6
256,ss_rec,2,14.0
256,ss_rec,3,13.9
256,ss_rec,4,13.3
256,ss_rec,5,14.1
256,ss_rec,6,13.7
256,ss_rec,7,13.3
256,ss_rec,8,13.3
256,ss_rec,9,13.3
256,ss_rec,10,13.0
256,ss_rec,11,13.1
256,ss_rec,12,13.2
256,ss_rec,13,13.2
256,ss_rec,14,13.4
256,ss_rec,15,13.3
256,ss_rec,16,12.9
256,ss_rec,17,13.3
256,ss_rec,18,13.2
256,ss_rec,19,13.0
256,ss_rec,20,13.4
256,ss_rec,21,13.3
256,ss_rec,22,13.2
256,ss_rec,23,13.1
256,ss_rec,24,13.2
256,ss_rec,25,13.3
256,ss_rec,26,13.3
256,ss_rec,27,21.1
256,ss_rec,28,13.6
256,ss_rec,29,13.3
256,ss_rec,30,13.2
256,ss_rec,31,13.3
256,ss_rec,32,13.1
256,ss_rec,33,13.1
256,ss_rec,34,13.1
256,ss_rec,35,13.2
256,ss_rec,36,13.0
256,ss_rec,37,13.3
256,ss_rec,38,13.2
256,ss_rec,39,13.3
256,ss_rec,40,13.1
256,ss_rec,41,13.0
256,ss_rec,42,13.0
256,ss_rec,43,13.2
256,ss_rec,44,13.2
256,ss_rec,45,13.2
256,ss_rec,46,13.0
256,ss_rec,47,13.4
256,ss_rec,48,13.1
256,ss_rec,49,13.2
256,ss_rec,50,13.4
256,ss_rec,51,13.2
256,ss_rec,52,13.3
256,ss_rec,53,13.3
256,ss_rec,54,13.1
256,ss_rec,55,13.0
256,ss_rec,56,13.2
256,ss_rec,57,13.1
256,ss_rec,58,13.2
256,ss_rec,59,13.2
256,ss_rec,60,13.2
256,ss_rec,61,13.1
256,ss_rec,62,13.1
256,ss_rec,63,13.1
256,ss_rec,64,13.1
256,ss_rec,65,13.4
256,ss_rec,66,13.0
256,ss_rec,67,12.9
256,ss_rec,68,13.2
256,ss_rec,69,13.0
256,ss_rec,70,13.1
256,ss_rec,71,13.2
256,ss_rec,72,13.0
256,ss_rec,73,13.0
256,ss_rec,74,13.0
256,ss_rec,75,13.1
256,ss_rec,76,13.1
256,ss_rec,77,13.2
256,ss_rec,78,13.1
256,ss_rec,79,13.1
256,ss_rec,80,13.2
256,ss_rec,81,13.3
256,ss_rec,82,13.2
256,ss_rec,83,13.1
256,ss_rec,84,12.9
256,ss_rec,85,13.2
256,ss_rec,86,13.1
256,ss_rec,87,13.1
256,ss_rec,88,13.0
256,ss_rec,89,13.3
256,ss_rec,90,13.0
256,ss_rec,91,13.2
256,ss_rec,92,13.3
256,ss_rec,93,13.2
256,ss_rec,94,13.2
256,ss_rec,95,13.1
256,ss_rec,96,13.0
256,ss_rec,97,13.1
256,ss_rec,98,13.2
256,ss_rec,99,13.0
256,ss_rec,100,25.3
256,ss_rec,101,14.5
256,ss_rec,102,13.5
256,ss_rec,103,13.3
256,ss_rec,104,13.4
256,ss_rec,105,13.3
256,ss_rec,106,13.2
256,ss_rec,107,13.3
256,ss_rec,108,13.2
256,ss_rec,109,13.5
256,ss_rec,110,13.3
256,ss_rec,111,13.0
256,ss_rec,112,13.3
256,ss_rec,113,13.2
256,ss_rec,114,13.1
256,ss_rec,115,13.2
256,ss_rec,116,13.2
256,ss_rec,117,13.2
256,ss_rec,118,13.2
256,ss_rec,119,13.1
256,ss_rec,120,13.3
256,ss_rec,121,13.2
256,ss_rec,122,13.5
256,ss_rec,123,13.1
256,ss_rec,124,13.3
256,ss_rec,125,13.8
256,ss_rec,126,13.8
256,ss_rec,127,13.6
256,ss_rec,128,13.4
256,ss_rec,129,13.6
256,ss_rec,130,13.2
256,ss_rec,131,13.3
256,ss_rec,132,13.2
256,ss_rec,133,13.3
256,ss_rec,134,13.0
256,ss_rec,135,13.2
256,ss_rec,136,13.1
256,ss_rec,137,13.2
256,ss_rec,138,13.3
256,ss_rec,139,13.1
256,ss_rec,140,13.2
256,ss_rec,141,13.3
256,ss_rec,142,13.3
256,ss_rec,143,13.1
256,ss_rec,144,13.0
256,ss_rec,145,13.3
256,ss_rec,146,13.2
256,ss_rec,147,13.1
256,ss_rec,148,13.1
256,ss_rec,149,13.4
256,ss_rec,150,13.1
256,ss_rec,151,13.2
256,ss_rec,152,13.2
256,ss_rec,153,13.1
256,ss_rec,154,13.1
256,ss_rec,155,13.2
256,ss_rec,156,13.3
256,ss_rec,157,13.2
256,ss_rec,158,13.2
256,ss_rec,159,13.1
256,ss_rec,160,13.2
256,ss_rec,161,13.4
256,ss_rec,162,13.1
256,ss_rec,163,13.1
256,ss_rec,164,13.1
256,ss_rec,165,13.1
256,ss_rec,166,12.9
256,ss_rec,167,13.0
256,ss_rec,168,12.9
256,ss_rec,169,13.1
256,ss_rec,170,13.1
256,ss_rec,171,13.0
256,ss_rec,172,13.2
256,ss_rec,173,24.5
256,ss_rec,174,66.6
256,ss_rec,175,49.8
256,ss_rec,176,37.0
256,ss_rec,177,31.8
256,ss_rec,178,75.6
256,ss_rec,179,44.8
256,ss_rec,180,31.8
256,ss_rec,181,29.8
256,ss_rec,182,30.5
256,ss_rec,183,29.1
256,ss_rec,184,137.9
256,ss_rec,185,40.5
256,ss_rec,186,19.5
256,ss_rec,187,17.8
256,ss_rec,188,17.5
256,ss_rec,189,16.5
256,ss_rec,190,16.0
256,ss_rec,191,15.8
256,ss_rec,192,16.1
256,ss_rec,193,15.7
256,ss_rec,194,16.0
256,ss_rec,195,15.9
256,ss_rec,196,27.0
256,ss_rec,197,32.3
256,ss_rec,198,61.2
256,ss_rec,199,42.0
256,ss_rec,200,34.1
256,ss_rec,201,38.0
256,ss_rec,202,26.3
256,ss_rec,203,22.2
256,ss_rec,204,130.2
256,ss_rec,205,33.0
256,ss_rec,206,18.6
256,ss_rec,207,15.1
256,ss_rec,208,14.2
256,ss_rec,209,13.4
256,ss_rec,210,13.4
256,ss_rec,211,13.4
256,ss_rec,212,13.4
256,ss_rec,213,18.2
256,ss_rec,214,24.4
256,ss_rec,215,23.9
256,ss_rec,216,14.7
256,ss_rec,217,13.4
256,ss_rec,218,13.4
256,ss_rec,219,13.0
256,ss_rec,220,13.0
256,ss_rec,221,13.2
256,ss_rec,222,13.2
256,ss_rec,223,13.1
256,ss_rec,224,13.0
256,ss_rec,225,12.9
256,ss_rec,226,13.1
256,ss_rec,227,13.6
256,ss_rec,228,13.1
256,ss_rec,229,13.1
256,ss_rec,230,13.8
256,ss_rec,231,13.2
256,ss_rec,232,13.6
256,ss_rec,233,13.7
256,ss_rec,234,13.1
256,ss_rec,235,13.2
256,ss_rec,236,13.0
256,ss_rec,237,12.9
256,ss_rec,238,13.0
256,ss_rec,239,13.0
256,ss_rec,240,12.9
256,ss_rec,241,13.0
256,ss_rec,242,13.2
256,ss_rec,243,13.1
256,ss_rec,244,12.9
256,ss_rec,245,13.0
256,ss_rec,246,12.9
256,ss_rec,247,13.0
256,ss_rec,248,13.3
256,ss_rec,249,13.0
256,ss_rec,250,12.9
256,ss_rec,251,13.0
256,ss_rec,252,13.1
256,ss_rec,253,13.0
256,ss_rec,254,13.3
256,ss_rec,255,13.3
256,ss_rec,256,13.3
256,ss_rec,257,13.4
256,ss_rec,258,13.0
256,ss_rec,259,13.1
256,ss_rec,260,13.2
256,ss_rec,261,13.1
256,ss_rec,262,12.9
256,ss_rec,263,13.1
256,ss_rec,264,13.2
256,ss_rec,265,13.1
256,ss_rec,266,74.5
256,ss_rec,267,57.4
256,ss_rec,268,24.4
256,ss_rec,269,20.1
256,ss_rec,270,17.1
256,ss_rec,271,15.8
256,ss_rec,272,15.6
256,ss_rec,273,15.5
256,ss_rec,274,15.4
256,ss_rec,275,15.6
256,ss_rec,276,36.8
256,ss_rec,277,16.0
256,ss_rec,278,15.6
256,ss_rec,279,15.5
256,ss_rec,280,15.5
256,ss_rec,281,15.5
256,ss_rec,282,15.6
256,ss_rec,283,13.8
256,ss_rec,284,14.0
256,ss_rec,285,13.2
256,ss_rec,286,13.2
256,ss_rec,287,13.1
256,ss_rec,288,13.0
256,ss_rec,289,12.8
256,ss_rec,290,13.0
256,ss_rec,291,12.8
256,ss_rec,292,13.0
256,ss_rec,293,13.0
256,ss_rec,294,12.9
256,ss_rec,295,12.9
256,ss_rec,296,13.0
256,ss_rec,297,12.9
256,ss_rec,298,12.8
256,ss_rec,299,12.8
256,rand,0,16.3
256,rand,1,13.1
256,rand,2,12.3
256,rand,3,11.8
256,rand,4,11.6
256,rand,5,12.0
256,rand,6,11.8
256,rand,7,11.5
256,rand,8,11.5
256,rand,9,11.7
256,rand,10,11.6
256,rand,11,11.8
256,rand,12,11.7
256,rand,13,11.5
256,rand,14,11.5
256,rand,15,15.8
256,rand,16,25.1
256,rand,17,19.6
256,rand,18,11.9
256,rand,19,11.7
256,rand,20,11.8
256,rand,21,11.8
256,rand,22,12.2
256,rand,23,12.3
256,rand,24,11.6
256,rand,25,12.7
256,rand,26,11.9
256,rand,27,11.7
256,rand,28,11.4
256,rand,29,11.6
256,rand,30,11.7
256,rand,31,11.5
256,rand,32,11.6
256,rand,33,11.8
256,rand,34,11.8
256,rand,35,11.4
256,rand,36,11.4
256,rand,37,11.7
256,rand,38,11.5
256,rand,39,11.6
256,rand,40,11.5
256,rand,41,11.6
256,rand,42,11.4
256,rand,43,11.5
256,rand,44,11.5
256,rand,45,11.4
256,rand,46,11.4
256,rand,47,11.9
256,rand,48,11.7
256,rand,49,11.6
256,rand,50,11.4
256,rand,51,11.5
256,rand,52,11.6
256,rand,53,11.6
256,rand,54,11.5
256,rand,55,11.4
256,rand,56,11.5
256,rand,57,11.6
256,rand,58,11.4
256,rand,59,11.5
256,rand,60,11.6
256,rand,61,11.5
256,rand,62,11.5
256,rand,63,11.6
256,rand,64,11.5
256,rand,65,11.6
256,rand,66,11.5
256,rand,67,11.4
256,rand,68,11.6
256,rand,69,11.6
256,rand,70,11.6
256,rand,71,11.3
256,rand,72,11.6
256,rand,73,11.3
256,rand,74,11.8
256,rand,75,11.5
256,rand,76,11.5
256,rand,77,11.8
256,rand,78,11.7
256,rand,79,11.6
256,rand,80,11.4
256,rand,81,11.5
256,rand,82,11.6
256,rand,83,11.5
256,rand,84,11.6
256,rand,85,11.4
256,rand,86,11.8
256,rand,87,11.7
256,rand,88,11.4
256,rand,89,11.5
256,rand,90,11.5
256,rand,91,11.5
256,rand,92,11.7
256,rand,93,11.6
256,rand,94,12.0
256,rand,95,11.6
256,rand,96,11.6
256,rand,97,11.7
256,rand,98,11.7
256,rand,99,11.4
256,rand,100,11.3
256,rand,101,11.7
256,rand,102,11.6
256,rand,103,11.5
256,rand,104,11.6
256,rand,105,20.3
256,rand,106,25.7
256,rand,107,25.0
256,rand,108,24.9
256,rand,109,13.6
256,rand,110,22.9
256,rand,111,13.2
256,rand,112,11.8
256,rand,113,11.6
256,rand,114,12.5
256,rand,115,11.6
256,rand,116,11.6
256,rand,117,11.6
256,rand,118,11.8
256,rand,119,11.4
256,rand,120,11.5
256,rand,121,11.5
256,rand,122,11.7
256,rand,123,11.4
256,rand,124,11.4
256,rand,125,11.2
256,rand,126,11.7
256,rand,127,11.5
256,rand,128,11.6
256,rand,129,11.8
256,rand,130,11.6
256,rand,131,11.6
256,rand,132,11.6
256,rand,133,11.5
256,rand,134,11.5
256,rand,135,11.5
256,rand,136,11.6
256,rand,137,11.6
256,rand,138,11.4
256,rand,139,11.6
256,rand,140,11.6
256,rand,141,11.3
256,rand,142,11.5
256,rand,143,11.3
256,rand,144,11.5
256,rand,145,11.3
256,rand,146,11.3
256,rand,147,11.5
256,rand,148,11.4
256,rand,149,11.6
256,rand,150,11.5
256,rand,151,11.5
256,rand,152,11.7
256,rand,153,11.6
256,rand,154,11.5
256,rand,155,11.5
256,rand,156,11.6
256,rand,157,11.5
256,rand,158,11.3
256,rand,159,11.5
256,rand,160,11.5
256,rand,161,11.5
256,rand,162,11.5
256,rand,163,11.4
256,rand,164,11.6
256,rand,165,11.4
256,rand,166,11.5
256,rand,167,11.7
256,rand,168,11.5
256,rand,169,11.5
256,rand,170,11.6
256,rand,171,11.4
256,rand,172,11.6
256,rand,173,11.5
256,rand,174,11.6
256,rand,175,11.5
256,rand,176,11.7
256,rand,177,11.6
256,rand,178,11.5
256,rand,179,11.5
256,rand,180,11.6
256,rand,181,11.5
256,rand,182,11.9
256,rand,183,11.7
256,rand,184,11.6
256,rand,185,11.6
256,rand,186,11.4
256,rand,187,11.3
256,rand,188,11.6
256,rand,189,14.2
256,rand,190,12.6
256,rand,191,13.0
256,rand,192,12.3
256,rand,193,20.8
256,rand,194,25.4
256,rand,195,15.0
256,rand,196,11.7
256,rand,197,12.0
256,rand,198,11.8
256,rand,199,11.6
256,rand,200,11.7
256,rand,201,11.9
256,rand,202,11.6
256,rand,203,11.7
256,rand,204,11.6
256,rand,205,11.6
256,rand,206,11.5
256,rand,207,11.6
256,rand,208,11.4
256,rand,209,11.4
256,rand,210,11.7
256,rand,211,11.6
256,rand,212,11.6
256,rand,213,11.5
256,rand,214,11.7
256,rand,215,11.5
256,rand,216,11.5
256,rand,217,11.6
256,rand,218,11.5
256,rand,219,11.6
256,rand,220,11.6
256,rand,221,11.5
256,rand,222,11.4
256,rand,223,11.5
256,rand,224,11.6
256,rand,225,11.9
256,rand,226,11.5
256,rand,227,11.7
256,rand,228,11.5
256,rand,229,11.6
256,rand,230,11.7
256,rand,231,11.5
256,rand,232,11.5
256,rand,233,11.9
256,rand,234,11.5
256,rand,235,11.6
256,rand,236,11.3
256,rand,237,11.5
256,rand,238,11.6
256,rand,239,11.5
256,rand,240,11.7
256,rand,241,11.7
256,rand,242,11.4
256,rand,243,11.5
256,rand,244,11.4
256,rand,245,11.4
256,rand,246,11.6
256,rand,247,11.8
256,rand,248,11.4
256,rand,249,11.4
256,rand,250,11.5
256,rand,251,11.7
256,rand,252,11.6
256,rand,253,11.5
256,rand,254,11.6
256,rand,255,11.4
256,rand,256,11.6
256,rand,257,11.9
256,rand,258,11.6
256,rand,259,11.8
256,rand,260,11.6
256,rand,261,11.6
256,rand,262,11.6
256,rand,263,11.5
256,rand,264,11.5
256,rand,265,11.6
256,rand,266,11.6
256,rand,267,11.4
256,rand,268,11.6
256,rand,269,11.6
256,rand,270,11.5
256,rand,271,11.6
256,rand,272,11.6
256,rand,273,11.6
256,rand,274,42.3
256,rand,275,25.1
256,rand,276,24.5
256,rand,277,102.4
256,rand,278,54.1
256,rand,279,37.4
256,rand,280,32.2
256,rand,281,30.5
256,rand,282,30.6
256,rand,283,30.6
256,rand,284,31.2
256,rand,285,29.0
256,rand,286,30.7
256,rand,287,20.3
256,rand,288,14.8
256,rand,289,14.0
256,rand,290,13.9
256,rand,291,13.8
256,rand,292,13.8
256,rand,293,13.7
256,rand,294,13.8
256,rand,295,14.4
256,rand,296,14.5
256,rand,297,14.1
256,rand,298,14.0
256,rand,299,13.7
256,mod_inv,0,111.1
256,mod_inv,1,102.1
256,mod_inv,2,97.6
256,mod_inv,3,95.6
256,mod_inv,4,318.3
256,mod_inv,5,197.3
256,mod_inv,6,221.5
256,mod_inv,7,224.9
256,mod_inv,8,146.3
256,mod_inv,9,95.1
256,mod_inv,10,105.5
256,mod_inv,11,92.2
256,mod_inv,12,80.8
256,mod_inv,13,111.8
256,mod_inv,14,122.9
256,mod_inv,15,118.7
256,mod_inv,16,123.8
256,mod_inv,17,120.3
256,mod_inv,18,98.5
256,mod_inv,19,81.8
256,mod_inv,20,95.0
256,mod_inv,21,78.9
256,mod_inv,22,79.6
256,mod_inv,23,110.1
256,mod_inv,24,86.9
256,mod_inv,25,79.7
256,mod_inv,26,79.2
256,mod_inv,27,84.3
256,mod_inv,28,81.1
256,mod_inv,29,79.5
256,mod_inv,30,79.3
256,mod_inv,31,79.0
256,mod_inv,32,78.7
256,mod_inv,33,78.7
256,mod_inv,34,85.8
256,mod_inv,35,84.4
256,mod_inv,36,78.5
256,mod_inv,37,78.7
256,mod_inv,38,78.6
256,mod_inv,39,78.6
256,mod_inv,40,78.4
256,mod_inv,41,79.0
256,mod_inv,42,78.7
256,mod_inv,43,78.3
256,mod_inv,44,78.3
256,mod_inv,45,88.7
256,mod_inv,46,79.0
256,mod_inv,47,116.6
256,mod_inv,48,88.0
256,mod_inv,49,82.1
256,mod_inv,50,79.5
256,mod_inv,51,78.8
256,mod_inv,52,78.9
256,mod_inv,53,81.5
256,mod_inv,54,82.6
256,mod_inv,55,83.7
256,mod_inv,56,80.5
256,mod_inv,57,78.7
256,mod_inv,58,78.6
256,mod_inv,59,102.1
256,mod_inv,60,97.0
256,mod_inv,61,84.8
256,mod_inv,62,80.8
256,mod_inv,63,79.9
256,mod_inv,64,79.3
256,mod_inv,65,83.5
256,mod_inv,66,85.0
256,mod_inv,67,85.9
256,mod_inv,68,166.5
256,mod_inv,69,112.6
256,mod_inv,70,119.6
256,mod_inv,71,147.8
256,mod_inv,72,101.3
256,mod_inv,73,99.4
256,mod_inv,74,99.9
256,mod_inv,75,99.5
256,mod_inv,76,99.6
256,mod_inv,77,99.8
256,mod_inv,78,99.3
256,mod_inv,79,99.0
256,mod_inv,80,97.2
256,mod_inv,81,155.2
256,mod_inv,82,255.3
256,mod_inv,83,113.6
256,mod_inv,84,108.1
256,mod_inv,85,172.2
256,mod_inv,86,181.1
256,mod_inv,87,120.2
256,mod_inv,88,111.0
256,mod_inv,89,98.6
256,mod_inv,90,81.9
256,mod_inv,91,94.0
256,mod_inv,92,79.0
256,mod_inv,93,78.7
256,mod_inv,94,79.0
256,mod_inv,95,80.5
256,mod_inv,96,84.0
256,mod_inv,97,80.7
256,mod_inv,98,79.6
256,mod_inv,99,79.3
256,mod_inv,100,78.8
256,mod_inv,101,84.9
256,mod_inv,102,124.9
256,mod_inv,103,95.4
256,mod_inv,104,82.1
256,mod_inv,105,79.7
256,mod_inv,106,84.1
256,mod_inv,107,83.4
256,mod_inv,108,79.8
256,mod_inv,109,79.2
256,mod_inv,110,81.1
256,mod_inv,111,84.2
256,mod_inv,112,81.9
256,mod_inv,113,79.4
256,mod_inv,114,159.0
256,mod_inv,115,122.7
256,mod_inv,116,107.9
256,mod_inv,117,99.5
256,mod_inv,118,95.3
256,mod_inv,119,99.8
256,mod_inv,120,100.4
256,mod_inv,121,101.2
256,mod_inv,122,96.9
256,mod_inv,123,97.5
256,mod_inv,124,115.6
256,mod_inv,125,97.3
256,mod_inv,126,94.5
256,mod_inv,127,94.9
256,mod_inv,128,80.0
256,mod_inv,129,79.0
256,mod_inv,130,78.8
256,mod_inv,131,78.3
256,mod_inv,132,90.9
256,mod_inv,133,78.5
256,mod_inv,134,78.5
256,mod_inv,135,78.6
256,mod_inv,136,82.6
256,mod_inv,137,115.7
256,mod_inv,138,84.8
256,mod_inv,139,80.7
256,mod_inv,140,79.2
256,mod_inv,141,79.3
256,mod_inv,142,79.2
256,mod_inv,143,78.7
256,mod_inv,144,79.0
256,mod_inv,145,78.5
256,mod_inv,146,79.0
256,mod_inv,147,79.0
256,mod_inv,148,78.9
256,mod_inv,149,78.8
256,mod_inv,150,173.1
256,mod_inv,151,112.2
256,mod_inv,152,103.5
256,mod_inv,153,114.7
256,mod_inv,154,95.7
256,mod_inv,155,94.8
256,mod_inv,156,96.0
256,mod_inv,157,100.7
256,mod_inv,158,97.6
256,mod_inv,159,95.1
256,mod_inv,160,95.1
256,mod_inv,161,95.0
256,mod_inv,162,94.6
256,mod_inv,163,98.5
256,mod_inv,164,364.6
256,mod_inv,165,243.9
256,mod_inv,166,305.3
256,mod_inv,167,252.1
256,mod_inv,168,153.7
256,mod_inv,169,88.3
256,mod_inv,170,86.4
256,mod_inv,171,85.2
256,mod_inv,172,87.8
256,mod_inv,173,83.1
256,mod_inv,174,91.4
256,mod_inv,175,79.0
256,mod_inv,176,79.3
256,mod_inv,177,433.3
256,mod_inv,178,137.5
256,mod_inv,179,83.9
256,mod_inv,180,81.3
256,mod_inv,181,81.0
256,mod_inv,182,81.0
256,mod_inv,183,79.9
256,mod_inv,184,79.4
256,mod_inv,185,80.0
256,mod_inv,186,80.3
256,mod_inv,187,79.9
256,mod_inv,188,79.9
256,mod_inv,189,91.7
256,mod_inv,190,82.5
256,mod_inv,191,112.2
256,mod_inv,192,89.3
256,mod_inv,193,94.0
256,mod_inv,194,78.9
256,mod_inv,195,80.7
256,mod_inv,196,79.6
256,mod_inv,197,78.9
256,mod_inv,198,80.5
256,mod_inv,199,83.4
256,mod_inv,200,80.5
256,mod_inv,201,79.6
256,mod_inv,202,78.6
256,mod_inv,203,95.7
256,mod_inv,204,82.8
256,mod_inv,205,80.4
256,mod_inv,206,79.0
256,mod_inv,207,78.7
256,mod_inv,208,78.4
256,mod_inv,209,78.4
256,mod_inv,210,96.9
256,mod_inv,211,120.5
256,mod_inv,212,162.7
256,mod_inv,213,130.1
256,mod_inv,214,130.6
256,mod_inv,215,131.8
256,mod_inv,216,149.4
256,mod_inv,217,120.8
256,mod_inv,218,169.4
256,mod_inv,219,139.5
256,mod_inv,220,140.0
256,mod_inv,221,140.3
256,mod_inv,222,204.3
256,mod_inv,223,112.3
256,mod_inv,224,104.5
256,mod_inv,225,190.1
256,mod_inv,226,270.7
256,mod_inv,227,167.5
256,mod_inv,228,246.5
256,mod_inv,229,159.8
256,mod_inv,230,220.4
256,mod_inv,231,106.1
256,mod_inv,232,187.6
256,mod_inv,233,91.4
256,mod_inv,234,87.4
256,mod_inv,235,83.6
256,mod_inv,236,84.1
256,mod_inv,237,81.3
256,mod_inv,238,79.9
256,mod_inv,239,78.9
256,mod_inv,240,90.6
256,mod_inv,241,79.2
256,mod_inv,242,79.0
256,mod_inv,243,79.0
256,mod_inv,244,78.5
256,mod_inv,245,104.2
256,mod_inv,246,93.4
256,mod_inv,247,85.5
256,mod_inv,248,80.9
256,mod_inv,249,79.2
256,mod_inv,250,78.7
256,mod_inv,251,80.3
256,mod_inv,252,83.1
256,mod_inv,253,80.1
256,mod_inv,254,79.0
256,mod_inv,255,79.1
256,mod_inv,256,78.7
256,mod_inv,257,78.8
256,mod_inv,258,118.1
256,mod_inv,259,90.9
256,mod_inv,260,81.6
256,mod_inv,261,79.9
256,mod_inv,262,78.9
256,mod_inv,263,78.5
256,mod_inv,264,90.3
256,mod_inv,265,78.9
256,mod_inv,266,78.6
256,mod_inv,267,78.3
256,mod_inv,268,78.7
256,mod_inv,269,79.1
256,mod_inv,270,95.1
256,mod_inv,271,121.5
256,mod_inv,272,80.3
256,mod_inv,273,83.5
256,mod_inv,274,81.9
256,mod_inv,275,78.9
256,mod_inv,276,78.7
256,mod_inv,277,79.1
256,mod_inv,278,78.3
256,mod_inv,279,78.5
256,mod_inv,280,78.5
256,mod_inv,281,78.5
256,mod_inv,282,78.2
256,mod_inv,283,77.9
256,mod_inv,284,108.2
256,mod_inv,285,81.3
256,mod_inv,286,78.5
256,mod_inv,287,78.8
256,mod_inv,288,87.5
256,mod_inv,289,78.9
256,mod_inv,290,78.2
256,mod_inv,291,77.9
256,mod_inv,292,78.2
256,mod_inv,293,78.3
256,mod_inv,294,78.4
256,mod_inv,295,78.7
256,mod_inv,296,81.3
256,mod_inv,297,161.6
256,mod_inv,298,111.4
256,mod_inv,299,86.1
